# Resource object code (Python 3)
# Created by: object code
# Created by: The Resource Compiler for Qt version 6.11.2
# WARNING! All changes made in this file will be lost!

from PySide6 import QtCore

qt_resource_data = b"\
\x00\x00f\x9e\
\x00\
\x01j\xddx\xda\xe4\xbd\x09|\x1dU\xf5\x00|_\xf2\
\xb2o\xdd(\xa5\x942-\xa5MK\x9a.\x94\x02\xa5\
,\xd9\xda\xa6M\xd3\x90\xa4-\x94%L\xde\x9b$\xd3\
\xce\x9by\xcc\xccK\x1ab\xa1((\x22\xc8\x8e\x80\x88\
\x82\x82\xac\xb2\x08\x02\x22\x82\x08*\x82\xb2(\x08\xb2\x96\
\x1dYdW\x01\xe1;w\x99\x99{gy\xef\xa5-\
~\xff\xef\xf7\xfd\xfe\x7f\xb9M2\xf7\xdc\xed\xdc\xb3\x9f\
s\x97\xde\x91\x9c\xf4\xc7\x7f^z\xc1\x9f\xa6M\xb9\xe7\
\xb8\xcb\xef~\xee\xa7\x08\xa1\x22\xc5\xeai\xe9jDh\
J\x07\xfcp\x10Bc\xb6\xd2v\xde\xd9\xb4\xbdw\x90\
\xb6\x1f^\x08m\x13B7\x1d\x08\xed\x1a\x84\x8e,$\
ml\x9f\xe5\x08\x95\xdc\x82P\xfb\x0b\x08\xedw5B\
\xe3\xdbi\xbb\xd1@\xa8\xe5\xeb\x08\xed\xf5K\x84\x96\xff\
\x04\xa1\xcau\xb4\xed;\x85\xb6O|\x86P\xeb\x00B\
3L\x84V\xca\x00\xef!\xda\xbe\x0e\xe3\x1c\xfe B\
s\x7f\x88P\x17\xf4\x9f\xd7O\xdb\x1b\x1fAh\xdd\x17\
\x08\x1d\xfd{\xf8\xf6\xd7\x08\xed{\x10m\xffu\x1bB\
G\xfd\x1c\xa1S\x7f\x84P\xcfo\xe1w\x0bI\x1bk\
\x8f#4\x90F\xc8\x1a\x87\x90\x0a\xe3\x1c|\x1dB\x99\
+\x10Zu\x04\x8a/]\x04\xeb\x9aN\xdb\xf7/B\
\xf1o}\x1f\xa1\xa7\x1eB\xf13nD\xb1\xca\xebP\
\xfc\xbc\xfbPl\xac\x86\xe2\x17\xd5\xc1\xbe\xc8(~\xe9\
\x9d\x08}\xe3\x18\x14\xbf\xfa;\x08U\x17\xd2\xf6\x8c\xa5\
\xb4}\xf9d\x14\xbf\x06\xf6b\xe2\xee\xb4\xd5\xce\xa5\xed\
\xcb\x00\xe7\x8e!\x98\x1b\xc0\xbd\x0b\xe6\xf2\x8b\x1a\x14\x7f\
\x04\xda\x9eV\x14\x7fto\x84\xe6L\xa5\xed\x1b\x7fG\
\xf1\xb7\xe7#t\xa6\x8a\xe2\x9f\xdc\x07p\xbai\xab=\
D\xdb\x7f|\x8c\xe2\x9f\xc1wo5\xa3\xa28\xecA\
\xcf m\xcdY\xb4\xbd\xf3Y\xda>~\x17ic3\
\xe0\xbb\xf9\x0f \xf4\xf6-\xa8h]\x0b\x9c\xdb,\xd2\
\xc6\xf6QPQ\xf2\x02\x84v}\x80\xb6\xfa\xa9\xb4=\
\xf1-Tt\x11|\xbf\xafN\xdb\xdf|B\xdb\x7f\xf7\
\xa1\xa2\xeb\x8eCh\xf1m\xb4\xbd\xf5B\xda\xde\xfec\
\xda~\xf1\x1e*\xc6\xfbv\xf0I\xa8\xf8\xd1f\x84\x1a\
\xfbQ\xc92\xe8\xb72\x81\xca?\xf83\x9c\xc7\xbfP\
E\xfbw\x11\xfa\xa9\x84&\xdep&B\xd3\xfa\xd0\xae\
\xaf\x9d\x87`\x93i\xfb\xda\x11h\xd2\x91'#t\xe5\
\xcbh\xd2;\x1f\xa0\xd8\xae7\xa1i\xd7\x1d\x82\xd0\xc3\
\xfb\xa1\x99\x97%\x11Zf\xa3}\x92\xe7 t\xeew\
\xd0\xfc\xd8\xae\x08=\xfd\x1a:x\xf9\x95\x08}\xb7\x9d\
\xb6\x9f\xd7\xa0\x83?\xdd\x05\xa1\x9aA\xda\xfe\xfd'\xa8\
\x09\x01F\x7f\xff\xe7\xa8y\x16\x9e\xc7Yh\xf9\x85\xf7\
#t\xec\xbe\xb4\xfdv\x86\xb6Ot\xa3\x15u\xe7\xa3\
X\xd9\x1fP\xeb{\x0d(6\xe1\x12\xb4r\x1f\xc0\xaf\
\xa36\xd1\xf6\xf9'\xd0\xca\xc5\xb0/G]J\xdb;\
\x0f\xa4\xed\x0b_C+\xf1~57\xa2\x95[\xe1\x0e\
\xec\xf2\x17\xdaj+i\xbbe\x1cZy\xe7\xed0\xde\
\x9b\xb4\xbd\xe1\x0a\xda>v1m_~\x0c\xb5]\xdc\
\x0b\xe7\xb7;m\xed7h{\xcb\xe9\xa4\x8d\xedq;\
j\xbf\x07\xd6\xb5\xcfx\xda\xfe\xe3\xcfh\x8d\x06\xfb4\
\xf1L\xda\xa6\xe2\xb4}kw\xd4\xb1\x0c\xce\xf5\xdd\x16\
\xd4\xf9\xdf\x8f\x00\x1f\xf7\xa7\xed\x99\x0f\xd2\xf6\xedo\xa3\
n\x0d\xe6Y\x7f>Z\xb75\x0e\xf80\x88\xd6\x9d\x01\
?\x1f}\x11m\xcf=\x9a\xb6?\xff\x9c\xb6\xbf\xb8\x9d\
\xb6\x1f\xfd\x1e\xad\xfb\x19\xe0\xdb\xfcAt\xc4\xed\x80\xef\
'\xed\x85\x8e<\xe3V\xc0\x83\xdf\xa3#\xdf8\x15\xa1\
\x0d\x12m?\xff\x19\xdap\xfa^\x08\xf5\xae!m\x0c\
\xa9h\xc3\xd5\xe7#t\xde\xefi{k\x82\xb6\xb7[\
\xb4\xfd\xef?\xd0\x86G~\x8eb\xad\x12\xda\xf0\xf6~\
0\xdf\x8d\xe8h|\x8f\x8f\x99\x89\x8e\xfe\x06\xdc]\xf3\
*\xda\xfe\xf2\xfbH]\x08\xe3\x1d\xf6c\xb4q\x1e\xe0\
\xd5\xa1\xa7#+\x0e\xf7\xb8d?48\x084\xe5\x80\
\x18\x1a\xc4\xf3\x5c\xf5\x00:a\x9f{\x11Z}\x0b:\
\xe1E\x05\xe8N\x1f\xdarY\x0c\xa1K^E'\xd7\
\xaa\x08m\xfd\x12\x9dRx+\x8a\x1d\x98D\xa7\xee\xff\
:BG\xdc\x84\xce\xbc\xb4\x1a\xa1o\x1a\xe8\xec\x1f\xac\
B\xe8o\xf7\xa3\xef]\x08\xf7p\xcbY\xb4\xbd\xedQ\
\xda\xbe:\x11]{\xeb\xcb\x08\xbd\xb9\x0e\xddx\x1a\xdc\
\xdbB\x1b\xdd{\x07\xd0\xaa\xa6\x93\xd1\x9ff\x8e\x05J\
y\x14z{\xde\xa5(6\xe57\xe8\xcb/\x97\xa3\xd8\
\xe2\x8a\xd8\x98k\x8f\x85}\x88\xc7\xa6\xdd\x004j\xe8\
\x87\xb19\x8f~\x0f\xa1\xb1I\xda\x1e~\x1ck\x7fK\
\xdb_\xbcJ\xdb\x7f\xcd\x8d-(\x07|\xfeX\x8a-\
\x9eq<B\xd7\xcc\x88-}a?\x14[yc\xec\
\xd0\xff\x1c\x82b\x93zb\x87\xed\x014\xf5\x98\xef\x91\
6\x16\x7f8\xd6t\x9c\x8e\xd0\xa2%\xb1\xb6\x22\xd8\xf7\
\xdfM\xa4\xed\xa3O\xd1\xf6\xd9gb\x89k\xcb\x10\x9a\
\x5cA\xdb\xe3\xe7\xc5\x92W\x00\xed]\xf2y,\x15\x07\
|x\xe2\xd4\x98\xbd\xd7\x7f\x11\xba/\x11\xdbz\xc3t\
8\xff8mo\x9cM\xdb\xb7\xcc\xd8\xb5\xcf\xc3\xb83\
g\xc6\xee\x18\x0f\xf7x\xaf\x8e\xd8o\xde+Bh\xe4\
\x81\xd8\x1f[\xceB\xa8\xaa\x98\xb6w\xb5\xc4\x1e\x9a\x7f\
\x14B/}\x11\xfb\xeb\xban\x14\x9b\xfbi\xeco\x9b\
\xaeE\xb1\xc6\xf2\xd8K\x89+Ql\xc9\xcc\xd8\xeb\x1f\
w#\xf4\x9d\xf3b\x9f\xcd\xff+B?\x93h\xfb\xea\
\x19\x05E\xb7\xc3y,_YP\xbc\x0c\xce\xbf}z\
AE)\xd0\x85\xde\xbb\x0av{\x1eh\xb8\xd5\x5c\xb0\
`\x1b\xfc\xdcue\xc1\xa2\xcf\x80\x9e\xef\xf3\xf7\x82\x03\
\xac\xc7\x81\xae<Yp\xc0_;Ql\xf7\xcf\x0b\x96\
\x9c\xf2k\x14[\xd8Zp\xd0K\xdfB\xb1\xf2\xa3\x0b\
\x9a\xe2'\x22t`\x1bm\xbf\xfc\xac@\xbb\xb8\x10\xc5\
\x0e:\xb1\xe0\xf8\xc5\x19\x14\xab\xd2\x0b\x06\xef\x80}8\
u|\xc1i\xad@\x87\x9f\xdd\xbb\xe0{O\xee\x0b\xfb\
\xf6w\xda\xbe\x80\x0a.\x9ar$\x8a\xb5\xddWpy\
\xe5'\x08=t\x22m\xbfXUpC\xba\x13!\xe5\
/\x057=}\x14\x8a\x1d\xba{\xc1m\xf6G(\xb6\
\xa0\xba\xe0\xf7\xc5\x80\x17\x1f\x9fW\xf0\xf0g\x80\x7f\xcf\
<Q\xf0\xf4a\xff\x01z\xfaP\xc1\xb3\xd2\xe1(6\
-Y\xf0\xec\xed{\xa3X\xe9c\x05/\xbc}\x0a\x8a\
\xad\xd8Z\xb0-\xbd\x16\xa1\xf7V\x14\xbc.}\x0c\xfb\
w\x15m\xf7\xde\x8d\xb6\xbf\x1aC\xdb\x17\xc7\x16\xa2\xda\
\x09(\xd6r{a\xd9\x15\x97\x01~\xff\xadp\xc2\xf1\
\xbb\xa1\xd8nj\xe1.s2\x08\xcd~\xb4p\xef\xe7\
7!\xb4yAa\xed\x177 \xf4\xe0\x19\xb4}\xe3\
\xb0\xc2%sg\xa0\xd8a\x9d\x85Mm@w\xe6t\
\x14\xae\xfa\xe7\xab\x08\xb5]Y\xb8fW\xb8\x9fk\xee\
,\xec\xf8%\xc0\xeb\xb9\xb1\xb0\xeb&\xe0\xa9\x13X\xfb\
R}\xe1\xfa\x9b\x00\xef\xae\x9bJ\xdbw\xa6\x15\x1e1\
\x16\xc6\xf9\xce\xd2\xc2c^\x84\x9f\xe7>\x5c\x98\xbc\x1c\
\xe8\xf6Q_\xd2\xf6\xcd\xe2\xc2\xc1\x17\x17 t\xe9\xdc\
\xc2\xd3\x8e\x9f\x80P\xec\x22\xda\xfe\xed\xf8\xc23w\x85\
\xfd\xf8\xd9\x85\xb4}\xed\x8a\xc2\x1f\xfc\x17\xe8\xd1\xb7\xae\
(\xbc\xf9X\x90\x0fJ\x96\x936V<R\xf8\xdb\xa3\
\x1e\x87s\xff\xac\xf0\x81\x7f\x9e\x00|\xfe/\xb4}\xee\
\xd5\xc2\x87?\xfd1\xc8\x0e\xbf\xa4\xedG'\x17\xfe\x09\
\xd3\xf3\xe6\x13\x0a\xdf\xfd\xf0S\xe0C\xff\x88\x17\xde\x04\
\xfb\xbet\xff\xf8\x84.\xd8\xa7=f\xc7']w0\
\xac\x1f\xd1\xf6\xf5;\xe3\xbb\xbf\x97D\xb1yk\xe3S\
\x0f\xac\x00\xfcX\x1c\xdf\xb3\xb2\x0c\xf6\xe3\xf3x\xed\xda\
\xfbQlYg|\xd5>p\xee}w\xd0\xf6\xa9\xcd\
\xf1\xb6wV#\xf4\x97\xf7\xe3\xc9\xe3\x00\xffZ\xbf\x1b\
Wn\x04:\xb1k)m\xf5\x03i{\xe2\xbax\xff\
\x9f\x81N\xbc_\x15\xd72 \xfb\x0c\x5cL\xdb\x7f\x9a\
qs+\xe0\xf1\xf1\xaf\xd3\xf6\xce>\xda\xbe\xf0\xd3\xb8\
\xf9(\xc0\xef=\x89\xb41t~\xfc\xa4\xcb`\xde\x07\
\x14\xc6O\xb9\x0e\xce\xff\xc3{\xe3\xdfJ\xff\x01\xe8\xc7\
s\xf1\xb3J\x8e\x04\xf9\xe1\x89\xf8\xd9\xdf\x06y\xe3\xe4\
\x8f\xe3\xe7\x8c\x81s^57~\xfe\xd5@_~P\
\x11\xbf\xa8\xf5W \x1f}\x87\xb65\x0d\xb4\x1d\xfb\x1b\
\xdaN\x98G\xdb\xc9C\xb4\x9d\xf1\x03\xdav\xeeM\xdb\
\xae\x99\xb4\xed\x9fH\xdbM\x1d\xb4\xb5^\xa1\xed/\x7f\
G\xdb\xbb\xfeN\xdb\xa7\x0f&ml\xfc]\xf1\x8bu\
\xc0\xe7\xf5M\xf1\x1f\xdd2\x07\xf8|c\xfc\xf26\xc0\
\x9f\xfd\x9e\x8c_\xf1\xd0\xdf\x80_^G\xdb'7\xc6\
\xaf\xbe\x03\xceg\x82I\xdbmw\xc6\xaf\xaf\x83\xd6N\
\xd0vK\x17mo;\x92\xb6\xbf\x1a\xa0\xed\xcb_\xc4\
\xaf\xbf\xee\x18\xe0\x93Sh\xbb\xe9<\xda~\xed\xe1\xf8\
}g\x81\x1c\xf639~\xff0\xc85w\xdc\x15\x7f\
d\x10\xf8D\xed\xd7\xe2\x8f\xed\x09\xf7\xef\xc6\xad\xb4}\
\xa73\xfeD\x07\xc8\x89\xcb\x96\xc6\x9f\xd8\x00|{y\
A\xfc\x09\x1d\xb7\x99\xf8\x8b\x07\x02^\x14\xb7\xd1\xf6\xbf\
W\xc5_<\x0b\xe4\xcf#\xdf\xa7\xed?\xae\x88\xbf|\
\xc4\xd7Pl\xfaS\xf1\xd7\xde\x07\x99\xf4\x91\x0b\xe2\xef\
\x1c\x09\xfd\xa4K\xe2\x1fM\x02>\xb2\xff\xa4\xf8'\xe7\
<\x88b{\x15\xc4?\x1d\xf7c\x14\x9b=#\xfe\xc5\
\x9f\x86Q\xec\xe0\xdb\x8a&\x9c\x09\xf7I9\xbeh\xd7\
\xc5 \x8f\xd5\xff\xb6h\x8fG\x00\xaf\xc6\x1c^4\xfd\
\xd07A\xee\xb8\xafh\xafM \xaf\xdc\x9c,\xaa]\
\xf9\x17\xb8'\xd3h\xfb\xe4\x8c\xa2\x05c\x80n\xad\x9e\
S\xb4\xf8t\x803au\xd1\x01\xe7\x02\x7f\xfa\xf5\xe5\
\xb4}\xe7\xe5\xa2\xa5\xcb.F\xb1\xda\x7f\x17\x1dv4\
\xec\xcb\xc4\x07i\x9b:\x8c\xb6\xef\x0e\x175>w=\
\xd0\xff\xe3\x8bZNy\x17\xa1\xdf\x1fE\xdb\x97\x97\x16\
\xb5\xdc\xf84\xe0\xe1$\xda\xaa\x7f\xa1m\xea$\xda\x9e\
\xc8~\xff\xee\x95E\xab^\x04|\xbcac\xd1\x9au\
\x1f\x03];\xb2\xa8g\x1e\xec\xdf\xb2\xfb\x8b\xfa6\xfe\
\x14\xe8\xb3^4\xf0 \xf0\xd5\x8f>(RW\xbc\x02\
\xf4\xcc*2\xe6\xc1\xbd\xcd\xfc\xb3hpN+B\xc6\
P\xd1\xe0\xc7p\xdf?\xbd\xad\xe8k\x97\x01\xfd\xff\xac\
\xafh\xcbaX\xb6\xaf\xa3\xed?\xaf+\xda\xba\x1e\xf6\
\xef\xb4\x7f\x15}\xe7*\xc0\xd7\x05\xcb\x8b\xce\xc0r\xde\
\xc0s\xb4\xfd\xe4\xe6\xa23\xae\x87{u\xf4\x07\xb4\xbd\
u.mo?\x8c\xb6\xff:\xb5\xe8\x8c\xb7\xe1\xbb\xbf\
\x1f\x5c\xf4\xdd\xc4m(V\xfdj\xd1y\x7f\x04zs\
\xca\xaf\x8a.9\xdbFH\xbe\x8c\xb6\xff\xb9\xbb\xe8\xd2\
-\xf5\x08\xfd\xf6b\xda\xfe\xe7\xcd\xa2\xab\xde>\x02\xe4\
\xca\x1f\x14]\xfb\x1d\x90\xebO\xba\x98\xb6_\xdc_t\
\xfd\xb3\x87#T\xdeRt\xebE\xcf\x83\xbcre\xd1\
\x1d\x85\xb0\xff\x7f<\x87\xb6\xef\xbfVt\xf7\xbf\xba@\
\xf78\xb6\xe8wW\xc3\xfe&\xf7\xa5\xedC\x9f\x936\
Vpl\xd1_\xcf\x02\xb8\x87~T\xf4d\xe1\x97\x08\
\xadx\xac\xe8\x99\xfb\xe0\xdcw\xbb\x97\xb6\xe9Wh\xbb\
\xf5\xae\xa2\xe7\xfe\x03\xfb\xb1\xcfaE/\xfc\x12t\x98\
17\x16\xbd\xb8\x0a\xf8\xfc\xd2\xef\x14\xbd^\x09\xeb:\
\xf3_\xc5e\x7f\x02\xfe\xfa\xe3\xe1\xe2*\xfb\xbb\x00\xf7\
\xdc\xe2\xbd\xee\x05\xfe\xb8z[\xf1\xac\x0f\xf6\x01\xbe4\
\xa5\xb8\xee\xcf\xd7\x80\xferoq\xfd4\xa0\xcf\xed\x17\
\x14\xd7\x7fw6\xdc\xf7\xdf\x157\xed\xb9\x0b\xe0\xc3u\
\xc5\x87\xaf{\x13\xf0pN\xf1\xdab\xa0\x0fE\xa7\xd1\
\xf6\xc3\xf7\x8a\x95\x85 _\xaf>\xbeX\xf9\x11\xec\x83\
:\xa9x\xe4\x1d\xe0\x83\x07\x1c_\xbc\xf5:\xd8\xff}\
\xbeS|\xf2\xe2f\x14\x9b\xd3W|\xf2\x9aJ\xa0o\
\x93\x8b/\xd8\x0cr\xf3\xe9\xd7\xd0\xf6\xef\xef\x17\xff\xf0\
A\xd8\xa7\xb7\x9f/\xbeb2\xdc\xb7[\xffP|\xf5\
5\xc0\xa7W.(\xbe~}\x02\xf6E*\xfe\xd9O\
\xe0\xbb{\xda\x8ao\xfa\xf5\xcf\xe0\x1e\x15\x926\xd6\xf0\
\xbb\xe2\xdb\xe2 \x0f\xb4\xdc\x5c|\xc79\xb0\xaf\xfb\x8d\
\xd0\xf6\xd3\xe3\x8a\xef:\x06\xf4\xb2\x9f\xdc[L\xeek\
\xc3e\xc5\x0f\xde\x0c:\xe2\xca}\x8a\x1f\xfd%\xf0\xbf\
\x19w\x15\xbf<\x08\xf8w\xd8\xf3\xc5\xaf.\x00<9\
\xf2|\xda\x9aO\xd1\xf6\x0fe\xc5o\xfc\x16\xe4\x99K\
\xf6.)(\xfe\x06\xdc\x8f\xdf\x94\x14\xbd\x02\xf4{\xda\
\xe7%e\xeb\x81\x0e,\x7f\xab\xa4r\x05\xac{z\xa6\
\xa4\xb2\xfbo(\xb6\x7fM\xc9\xd8\xa3g\xc0}\xad*\
\xd9\xf3{\xb0\x9f3O\xa1\xed\xb6\x97K\xa6\x9d\x06\xfc\
\xef\x0f\x8d%\x8bf\x81N\xa7L+\xd9\x7f\xdfgP\
L\xda\xa5\xe4`\xd4\x0e\xf2\xfc\xf4\x92V\xe3D\xb8\xf7\
\xcbK:~~-\xf0\xc5\x07J\xd6\xf7\x95\x80>\xf7\
L\xc9\xb1\xb7\xda\xf0\xfb\x0bK\x06\xb6\x02\xdc)\xdf-\
1\xbba\x1d\xa5e\xa4\x8d\x95<Qr\xeay\x8f\x81\
<\xd5Sr\xf6\xf3\xb0\x0f\xcb/+\xb9\xe4B\xd0\xfb\
\xda\xac\x92\xabf\xef\x8bb\x8bN.\xb9\xaa\x07\xe8\xf5\
!\xbd%\xd7\xfc\x0a\xf6\xffk\x07\x94\x5cW<\x1e\xda\
\xb3h\xfb\xc4\x1fK\xae+\xbd\x08\xf8\xaeQr\xddd\
\xb8w\x1d5%\xb7\xee\x07r\xdd\xd55%\xb7\xbd\x04\
:\xee\xb8\xc5\xb4\xdd\xfb*\xda\xbe\x98(\xb9}\xed+\
\x08\x9d\x7ff\xc9}\xf3\x80\xde\xc6\xf6\xa3\xed\x93\xbf*\
y\xa1\xfaC\x84\xf6\xfcy\xc9\xcb\xff\x05\xf9w\xf0\x8f\
%\xaf\xce\xf8\x10\xc5&_YZ0u\x22\x8a\x15\xcd\
--\xfc'\xdc\x931/\x96\x96\x9d\x04\xfa\xd1\x98E\
\xa5\xe5\xbd\xa0;w\xfc\xa0\xb4\xc6\x86\xf57\xdeU:\
\xf1\xe1\x03A\x0e{\xabtR#\xack\xce\xb6\xd2\xfd\
/\xfe/\xdc7\xbb\xf4\xe0m\x16\xe0GAi\xe3\x87\
p^\x93\xf7)m9\x18\xf8\x5c\xec]\xd2\xc6\xc6\xce\
/]\xb6\xe9%\xd0\x97\xf7*]yA\x03B\x17\xb5\
\x95\xae\xba\x00\xe8\xc5\xf5Ri\xfb-@_\xcf\xbc\x90\
\xb6o\x17\x97\xaa\xfb\x01\x7fkm-U\xcf<\x03\xee\
\xc1=\xa5\x1b\xbf\x0d\xf2\xd8~{\x95\xa6\xb6~\x03\xd6\
uY\xa9\xfe4\xc8\xa9\xd7\x1d]\x9a9N\x83\xef\x9e\
.=\xe9\x0a\xc0\xaf?\x17\x95\x9e\x5c\x0b\xf2\xf3\x15\x99\
\xd2o\x1c\x07\xbay\xfci\xda\xfe\xa3\xb3\xf4\xdb\xb3\xff\
\x03\xf7\xf3\xa5\xd2\x0b\xa7\x02\xbc\xb3\x1f+\xbd\xa4\x05\xe8\
^\xcb\xdb\xa5W\x80.\x81\xfe\xf2\xd3\xd2[\xaf\x87y\
^PS\xfa\xcb\x01\xc0\xe7c>/\xbd\xfb\x0c\xe0\xa7\
\x9b\x7fA\xdb\xf3\x0e\xa7\xedMG\xd3\xf6\xe3cK\xef\
\xbb\x03\xe8\xccq\xef\xd2\xf6\xf1\x8fK\xef\xff>\xac\xab\
\xb6\xba\xf4a\x05\xe4\xee\x9b\xce\xa7\xed\xc7\xcf\x96\xfe9\
\x06\xf2\xd1\xaa\x09\xa5\x8f\x8d\x039\xf3\xa3=K\x9f\xb4\
\x01\x9fn\xfa\x0bm\xff\xa3\x95\xbe\x87\xe5\xd4w\xc7\x96\
\xfe\xf7i\x90\xaf\x13\x1f\x916V0\xa3\xac\xf86\x90\
\x13\xee\xbf\x9a\xb4\xb1\xe2\xfb\xca*Z\x1fDh\xd6\xb3\
e\xbb<\x04\xf2\xce\x81\xcf\x97M\xac\xbd\x19\xa1\x1f\xfe\
\xb6l\xc6\x9fA\x0e<\xe0\xc9\xb2\xbd\xdb\xb1\x1e\xf2\xd3\
\xb2\xd9/\xc1\xfe\x9c\xd3B\xdb\x9f=G\xdb\xd7W\x97\
\xeds\xdc\xe7\x08}\xdd(\x9b\x7f\x16\xe0\xe3c\x8f\x97\
-&z\x8eZv\xe8\xc0\xb7\x11\x1a\x7f\x0am7^\
Y\xb6r\x0e\xe8c\xa5'\x96\x1d\xfe\x14\xd0\xe9\xbb\xbf\
[\xb6\xe1$\xb8\x07\xbf=\xb8\xec\xe8k@\xffA\xa8\
\xec\xb8b\xd0\x9f&\x1dK[\xfd\xfe2\xf9Dh\xcf\
\xfbw\xd9\xc0O\x00\xdeC\x15\xb4\xfd\xe0\xa82\xf5\x13\
\x90\x1b\x0f\xbd\xb5l\xd3\xdf\x80.\x14<P\x96\xfa\x0f\
\xc8\xeb\xb5\xb7\x94\x1d\x1f{\x11\xc5\x9a\xb42\xf3\x87o\
\x03\xbf\xba\xacl\xe4\xac\x04\xe8\xe3\xb5e\xdf\xfa\x15\xec\
\xe3\xb1*m\xcf\x19G\xdb\xeb;i\xfbt\xaa\xec\xb4\
\xbbA~;cS\xd9\x19\x19\xa0\xa3\xf7\xd5\xd2\xf6\xdf\
\xe7\x96\x9d\xf3\xe2\xb9@W\xf7(\xbb4\x03\x7f\x9f^\
\x5cv\xed\xb5\xb0\x8e\xdf\xac\xa7\xed'\x93\xcanyo\
*\xc8a\xef\x94\xdd\xa9=\x0fr\xd0\xcbe\x0ft\x00\
?0\x93\xb4=\xe9\x08\xda\x9ew:m\x7f9\x8e\xb6\
\xffz\xa9\xec\x81;NG\xb1\x8aye\x8f\x9d\xf9>\
\xd0\xa3\x86\xb2'\xa6\xc2:\xa7\xecB[\xe3\x19\xda\x9e\
\xf4\x18m\xbf\xbc\xb5\xeco?\x81{r\xc8\xa9eO\
\x95\x9d\x01\xfa\xf5\xcc\xb2\xe7\x1f;\x13\xa1\x0bk\xcb\xde\
\xba\x07\xfe.\xf7\xd3\xf6\xdf\xef\x95\xfd\xf7\x18hwS\
h\x9b\xfe6m\xb7\xce m,\xf6ly\xfcX\xd8\
\xf7\xbf*\xe5c\x92sa=o\x95OU\xe0~\x9c\
p}\xf9\xb4\xab@\xcf\xda\xeb\xe5\xf2\xe9\x8f\x83\x9c\xbe\
\xea\xa3\xf2\xbd\xba\xe0\xfe\x17\x9cF\xdbW;\xcb\xe7_\
\x87\xe5\x9a\xff\x96/\xdd\x08\xfc`R\x9c\xb6\x9f\xedY\
~p5\x96\xbb\xbe^~\xe8^\xbb#\xb4\xfb\x00m\
g>A[{*m\xef\xfc!m_:\xad\xfc\xd0\
\x8d@\xfffM\xa4\xad\xfd\x03\xda\xdev\x06m_\xa9\
/o[\x0d\xe7\xf8\xc9\xb6\xf2\xee\xa2\x0f@n\xfe\xa4\
|\xc3\xc3\xd8\xfe\xf1dy\xcf\xaf\x01\xcf\x1a\xbf,\x97\
\xc7\x03\xbd\xbf\xe5\xce\xf2\xe4\xa3\x7f\x029\xf3\xf7\xb4\x1d\
\xfb)mw\x9fC\xdb\xce\x9f\xd0\xb6+I\xdb\xbeV\
\xda\xf6\xff\x9d\xb6w\xc5i\xfb\xc2\xf3\xa4\x8dM\xaa/\
W\xee\x9c\x02t\xed\xf8\xf2\x81O\x9e\x009\xf7\xe0r\
\xb5\xe1\xeb\xb0\xaeg\xcbS_\x07\xbc\xeex\xa2\xdc\xee\
\xdf\x0d\xe0\xff\x8c\xb6\xaf\x18\xe5v\x0a\xe8\xd4\xe4g\xcb\
\x07\xf7\xb8\x18\xe4\xab\xc2\xf2\xc1\x0d@\x076\xbcI\xdb\
\xff\x1e_>d\x82\xbcY\xfd\xfd\xf2\xe1\x9e\x12\xd0\xef\
\xee-?\xe5\xb3\xabA\x0f<\xa8\xfc\xdb\xd7\x81\x1e\xff\
\xc5\xae\xe5\x17\xa4\x80n6<Z~\xe1&\xc0\xfb]\
\xbb\xcb/\xb9v\x03\xe8\xe9\xcf\x95_\xf1\xe9\xfe(\xb6\
:Y\xfe\xd3\xc7`\x9d\xddj\xf9/\xe6\x80\xbex\xe0\
\xd8\xf2_\x0c\x82\xbc\xd3t}\xf9\x9d\x97\x02]]\xfc\
:m\x87\x7fH\xdb\xfb'\x96\xffZZ\x09\xf2\xf6\x1f\
\xca1=\x88\xedsV\xf9\xa3=\x80/\xf7/\xa7\xed\
\x97G\x96?~/\xf0\xed\xc3\x8e,\x7f\xea~\xa0_\
?\x5cV\xfeL\x19\xc0\x9b\xb5\xaa|\xdbM\xa7\x02\xdd\
|\xaf\xfc\xf5\xf3@\x1f:\xe7\xdc\xf27\x9e\x04|\xbe\
\xf7\xaa\xf2\xb7\xfa@\xef\x5c\xb7\xad\xfcK\x05\xe8\xd8\xaf\
\x9f\xa8(\xfc\x1d\x9c\xffnci\x9b\xde\x8f\xb4\xb1\xd8\
\xae\x15e\xc3\xa0/5\xec\x03-\xac\xe3\x8e\x91\x8a\xb2\
\xab0\xdf\xec\xa5\xed\xab\x7f\xac\xd8\xfbc\x18\xaf\xe2\xcb\
\x8a\xf9\x07\x00}\xdcs\xff\x8a\xc51\xc0\xaf\xcc\xd7+\
\x16\x97\x02\xfedv\xaf8x/\x90\xe3K\xce!m\
\xac\xe4\xb8\x8a\xe6G@\xae\xd9\xf7\xbb\x15\xcb\x1e\x04\xf8\
\x93\xee\xadX\xb1\x10\xe8\xee\x1f\xf7\xa1\xed{\xd7W\xac\
h\x049q\xdc;\xb4\xddX]q\xdc/\xe0\xbc:\
\x8e\xacH\xbc\x04\xf3\xba\xb8\xb9\x22\xf9\xdc\xdd\xa0o\xb6\
U\x18)\xe0\xe3\x1f<Xq\xda\xbe+@>ZS\
qz\xcb!\xa0O\xbd[q\xd6s\xe7\xc2\xbc\xaf\x81\
\x16\xe4\xeb5E\x15\xe7\xec\xf90BS\xdb+\xce\x9d\
 \x01\x1f\xf8\xb4\xe2\xe2\xfdA\x7f\xbfv\xd7\x8a\xcb.\
\x04>~\xd6\xf9\x15\xd7\x9d\x0ft\xfb\xfa\xc7h\xfb\xdc\
\x05\x157<\xa7\xa0\xd8\xd4\xd5\x157\xd7\x1c\x8bbS\
\x9a*~^\x07z\xe2\x9b\x17U\xdc\x9e\x06\xf9\xa2\xfe\
\xf3\x8a\xbb?\x00\xb9\xe4\xb1\xfd*\xee-\x82\xf3\xbd\xef\
\x1d\xda\xfegz\xc5}\xb8m\xdb\xaf\xe2\x812\xe0\xa7\
\x15WW<\x84`=\x8b>\xabxf:\xd0\xdb\xaa\
G*^\xfe\x07\xc8\xe3\x7f\x99S\xf1\xd6=\x00\xe7\xcf\
7W\xbc\x8b\xe0\xfb\x0d\xdd\xb4\xfd\xfc\x85\xca\xd8e\x8f\
\xa1X\xbdV\x19\xff\x11\xd0syze\xd17\xe0>\
L\xbb\x8f\xb6Gw\xd1\xf6\xc6\x8f+\xc7\xdc\x03r\xd6\
\xaf.\xab\x1c\xffo\xb8\xe7\xe3N\xa8\xdce\x0e\x9c\xdf\
\xf7N\xa8\x9cr8\xe0\xd1\x82\xc7+\xa7\x9c\xfc\x1e\xdc\
\xc3\xdfVN\xbb\xf8!X\xc7\x1f*\xe7\xccX\x0f\xf7\
\xe5(\xda\x1e\xff}\xda\xde0\x83\xb6w|D\xdb\xe7\
\xf7\xael\xdc\x15\xe8\xdf\x0d\x8f\xd3\xf6\x95\x87*\x9b\xee\
\x02~T\xfeL\xe5\xf2sAn\xdc\xf27\xda\xfeb\
)m_{\xadre\x1f\xec_\xdb\x07\x95\x9d\xeb`\
?\xb7n\xae\x5cw\x06\xe0\xdf\x9a%\x95\xebn\x07z\
\xbf\xf7\xeb\x95G\x94\xc1>\xce\xbf\xb6r\xc3#{\x80\
|\xf4v\xe5\xb1\xdd\x80\x1f\x93o\xa1\xed\xf3\x03\x95\xbd\
#u\xa0\x0f\x9f\x5ci\x8c\xfd\x0e\xecWge\xa6\x00\
\xe4\xe1\x81\xb5\xb4\xfd\xe7\x81\x95'\xfc\x16\xf8\xde\x1e\xef\
V\x9e\xf0\x0c\xdc\x97\xd9\x0fU\x8e\x9c\xfaC\x84\x96\xec\
U\xb9\xf5t\xd8\x87}\x7fTy\xca\x17\x16\x8a5_\
]y\xda\xa7p\xees'U\x9e\xfd\x14\xe0\xd7\xb8\xdf\
U\x9e\xfb\xab\xcb\x11\xba|\xff\xca\xef\x8d\xbb\x1e\xf8\xf4\
\xb9\x95\x97\xc4\xfe\x0e\xe7>\xb1\xf2\xf2k\xb0-\xff\x86\
\xca\x1fo\x05=\x22\xf9\xc3\xca\x9f\x9c\x03t\xb3\xf9\xf7\
\x95W\x0f|\x0b\xf0\xe0}\xd2\xc6\x0a?\xab\xbc\xa6\x07\
\xe4\xae\xce\xe7*\xef\x8a\x81\x1c\x22?B\xdb\xb3zh\
\xfb\xf9\x89\x95wc{\xc3\x9f\xe2\xa4\x8d\x15|Y\xf9\
\xe0\x8f\x00o\xce>\x96\xb6\x8f\xc8\xa4\x8d\xc5\x13\x95\x7f\
\xae\xd9\x13\xf4\x8f\xe1\xca\x17\xce\x04~_\xfd\x01m\x9f\
\xfa\xb0\xf2\xc5\xc9p\x9f?\xec\xaa|\xe5a\xf8n\x17\
\xa5\xf2\x1f7\xc3}\xdewJ\xe5\xbbO\x03}\x1c<\
\xaa\xf2\x93\xa3\xbf\x00}\xe9\xfb\xb4}/^\x15\xaf\xbb\
\x11\xe8\xf5\xc9UE\x9d0\xfe\x94\x17\xaa\xc6\xd4\x03\xff\
\x9b\xbb\xaaj\xd2\xd9\x1f tDw\xd5\x9e\xedp/\
6\x7fX\xb5\xa0\xe4\x01\xa0+wV-\xfa9\xe0\xc3\
\xe1\xe3\xab\x96'\xb0\x5ct\x0am\x9f\xbe\xb4\xaa\xed\x99\
\xf7\x81\xbe<S\xb5\xf6\xfc\x97`\x1f\x96Tm\xf8#\
\xd0\xa9\x15GU\x1d}\xcd.\xc0w\xb6U\x1d\xfd6\
\xd0\xb5\x15\x17V\xf5<\x09\xf8\xdep\x5c\xd5qgc\
\xb9|Q\xd5\xb71?[\xdaN\xdbu\x97V\x9d\xb7\
\x19\xf8\x7f|n\xd5E\x03 g.IT\xfd\xf8\xa1\
k`\xfeoU]\x7f\x02\xack\x8fs\xaan\xfa.\
\xdc\xcb\xd36U\xdd\xf9#\xd0\xef\x8aWT=p\x19\
\x9c\xe77?\xac\xfaK\xe1\x22\x14\xdb\xf3\xc7UO\xbc\
\x07r\x8aj\xd2\xf6\xb3;\xab\x9ezp6\x8a\xd5\xfc\
\xa6\xea\x93\xbb@\x1e\x8e\x1dQ\xf5\xd9\xc9p?\x1e\xb8\
\x99\xb6\xcf\x8eT}>~\x16\xf0\xdf\xb2\xea\xaaf\x90\
\xd7\xea.\xac\x1e{\xc9k(6\xfe\xd0\xeaqEp\
\xfeu]\xd5\xd3\xb6\x00\xfd\xbb\xfdq\xd2\xc6\x8a\xae\xa8\
\x9ew\x05\xc8\x9dS\x7fZ\xbd\xe0\xfa9 g\xbf_\
}\xd0\x9fN\x06:\xf8\xbb\xea\xe6?\x01=J\xddO\
\xdbw\xffV\xbd\xec~X_\xe3\x1e\xd5\xed\x98\xff\xfc\
\xfeJ\xda\xbe\xfa\x9f\xea\xde\xcbA\xae\x96\xbe\xa8V\x0e\
\x03\xfe\xff\xc04\xd2\xc6J\x97W\xf7\x9fr\x17\xccc\
e\xb5y\x05\x9c\xf3\xc2\xf5\xd5?\x9d\x02r\xf0\xb6\xb1\
\xd5\xd7\xcc.\x00\xbe\xbc{\xf5\x8d\x06\xc0\xfb\x85M\xdb\
\xb7~W}\xf3\xfe\xe7\x01\xfdn\xad\xfe\xe5#\xa07\
\xbc\xbe{\xf5=/,\x0198^\xfd\xd0\xde\xf0\xf3\
\xb1?\xa8\xfeK\xc1;\xc0\xdf\x1f\xaf\xdev\x22\xdc\xb7\
I7\xd3\xd6\xd8\xb5\xfa\x8d\xef\xdf\x02\xeb\xaa\xac\xfep\
,\xd0\x8d1o\xd5\x14\xfc\x09\xe8\xf8\xc2\x9f\xd7\x14\xde\
\x0ex\xfd\xf8\xda\x9a\x92~\x90\xeb\x86\xffZS\xfdm\
\xa0\x03\xfd\x87\xd7\xec6})B\xbb\xa8\xb4\xdd\xf4b\
\x8dd\x81\xbcQ\xf6\xbb\x9ai\xc6s\xa0/\x9dW3\
\xeb\xf2A\x84~g\xd2\xf6\xb9\x855\xb3\xde\x07\xb9\xbe\
\xec|\xda&\xb5\x9a}/\x81u\xdc=\x81\xb6o>\
_s\xe0ao\x80\xbe\xbaK\xcd*e?\x90C\x9e\
\xafi\xbb\xfc\xe7@\xf7\xdak\xd6\xdf\x01\xe3\x8et\xd5\
\x1c1\x19\xe65\xef\xa75\xfa\x82\xb5 \x0f~^s\
\xea?\xe1|\xf7\xbf\xa8\xe6\xf4}\xe1>\x9d\xbe\x86\xb6\
\x7f\x9bRs\x1e\x9e\xe7\x09\x07\xd7\x5c\xf8\xc14\x84z\
\xfe]sQ;\xd0\x8d_\xae&m\x0c=Ts\xf1\
>@\x1f\xc6\xbfYs\xd9\x0a\x90\xf3j\x0e\xa8\xb9\x9c\
\xd0\xf1;knh?\x06\xf8\xd5\xa55\xf7\x0eA\xbf\
\xf2\x07j\xee\xbf\xbe\x1e\xc5Z\x8e\xaey\xf0\x08\x90\x87\
\x8f9\x92\xb67\xcf\x22m,~n\xcd\xc3W\x03\x1f\
\x9auL\xcd_/\x83{}\xf7\xf35O\xac\x85\xf9\
\x9e\xbf\xa4\xe6\xa9g\xa7\x82<}H\xcd\xbbS\x81.\
\x15\xcc\xa3\xed3'\xd5\xfcs\x1e\xe0\xe7Ha\xcdG\
\xef\x1e\x0bx\x7fH\xcd\xc7\xc7\x80\xbc\xbc\xe74\x10\x92\
\xdb{\x0bA@\x9d\x8f\x1aP\x02\xd9(\x83d\xa4!\
\x15\x9d\x00m\x02\xda\x0f\x91\x8e$\x94D\x0a\xfcw\x10\
\xfek\x22\x8b\xfe\xb6\x14\x8b\xb5\xc5\xf0\xbf\xeau\x8ai\
\xa9\x86.\xadM'e[\x01\xb1\x00\x95\x1e\x96T\xfa\
\xe4\x8cf\xc70\xe83\xd0\x08\xda\x04]\x87\xd1\x16\x00\
\xa2#\x03\xfe\xab\x00\x18\x0cp\x1b\x19,\x09\xbf\xab\x83\
\x9f/\x87!\x0d\x94Bi\x18&\x03\xdf\xf4\xc2$$\
\xf8\x02\xff\x17\xffEG}\xf0u?\xfc\xcd\x0c\x99\x1e\
\xfe\x0eC\xb5\xe1\xa7\x84\xfb\x93\x09c\xa4\xc9\x18\xf8\xe7\
i\xee\xb4\x17\x8clR\x86\xb7H\xaa%\xa9\xfa\xa0\xac\
\xa9\xc9:)\xad)\xb2\xa5H\x89\x01%\xb1I\xb2\x07\
\x14i\xc0\xb0\xe1#)a\xe8}j\xff\xb4\xe0\xca\x96\
\xe6\xb1it\xf62\xcc\x01\x7f\x91\xf0\xbepgR\xde\
\x90NK\x19o\xf3\x1az\x8d\x8c\xdd-\xf7\x92!f\
\xc2\x10&l\x9fN\x16>\x00\x83Yh\x09\x00l\x81\
\xdf$\xc9v(\x008\xe9\x02\x1b\xdf`n\xd2\xd5\xfe\
\x01\xdbZ\x22\xb5\xe8\xc9>U\xd1\x92A\xa8\x93\xd0:\
\xfe,\x01^/\xfcl#\xd9\x85S\xd9\xa8\xd8\xb2\xc4\
\x8e6\x08\xa0\x165\xc1dd8\x13\xbc\xc7\x1b\x080\
|\xae\xed\xee4S\xf0W\x13).\xc0\x09M\x03\xb2\
aI\x1b\x14\xd3\x90\xda\xf1\x04S\xb2\x19\xb2\xde\x89\xb0\
\xdeA\x00b\x11p\x1a\x00\xee\xc7\x9b\xebmV\xb3j\
%4YM)f\xb0s/\xea\x84\x0e\x83\xbe\xa5a\
\xcc1\xf1\x5c\xc8Y\xe1\xd3\x18\x81\x8d3\x09\xa6\xf5p\
_c\xfc\xc2\x18:\x17\x1dB\xbe\xb1\xe17\x81\xbf\xbb\
\x13\x99\xdfl\x0c\xe9\xfd\xa6\x9cT$+\x93H(\x96\
%\x8d\xf4\x99F\xaag\x90\xee\xd9\x16i\xee!\xd2\x88\
m\xb8?\x07\xa7{\x08j&\x17!A\xb6\xaa\x9f\xfc\
W\x0aL\x9f\xa2\x11\xfeoZD|\xef\x06\xe2\xa9h\
\x86\x9c\x94\x9a\x95\xdeL\x7fp\xa0\x19\x80.&Y\xb1\
)\x00\xe4\x87^\xe2\x82\xabq\xc1\xb5\x98\xa6a.\x09\
\xc2[\x98\xd7\xc4\xf1\x17x\xbf{\xf11\xba\xd0\xc7\xb8\
\xd0;\x15r\xdf\x82\xe0%\x00\x9f!\xf8\xc8#\x94\x04\
\x98\xd1\x0bD\xc4B\x16\x07,\xa3\xd8\x14\x9d\xa4\x86\xde\
a\xcb\x0a[\xfbr\x00a\xc2\x1c,4\x0b\x80,#\
\xfb\xa0\x03@|\x1fu\xb2\x17\x0b]\x80\xe3\x96\xab\xa6\
f\xcd\x92\x96\x99\x86nk\xaa\xaeH\x0b\x83 \xe7\xc0\
\xac\x1c4\xd3\xc92)\xd91\xc8\xbd\x14~\xef\x02\xde\
\xa5]\x01D\xd01\x9a\xd8\x86\xd4\xc2\xfe\x1d\x84]\x8d\
\xd6@\xdf\x14\xac\xd3@\x1b\x91\xea\xf6/Y\xa3\xa7\x86\
\x8d\x8dj\xb0\xc7T\xe8a\x93E\xe1Y\xa4\xc9\xbf\x86\
\x19\xb2\x1b\xdc\x0c\xaa\xd7\x00I3\xa5\x0e\xd3\xd8\xa8$\
l+\x0c\xd0\xba\xbcN\xb0\xba\xcb\x96{5%\x9a8\
LA]\xa4\x1bF\x8aN\x02\x04o\xb8\x0c\xffK\xf8\
\xc0\x98\x80\x04\x96\xa1\xcbz\x22\x04\x0d6f\xa5\xae_\
\xcd\xad\x9eK\x99\xd8v_\xe9\xa9h=\xcc\xd7\x06\x84\
\xc5\xf01~\xf5\xc3\xa8\xeba~xD\xef0j\xd6\
g\xf0i\xa8z\xbf\xb4^\x1eTBNc\x19ZA\
`\xe0\x0b\x9f\x22d^g\xeb\xa4\xf7W&\xe3\x18\x84\
\xce\xda\x81\xdd1\x80e\xcc\x05d\x18\xf6\x10\xd0\xd84\
7=,5dl#%\xdb\x98_w\x1b\x86\x16\x1c\
\xb7\x11u\x10\x9e\xa5\x13\xa8\x1a\xe3_\xce\x98\x01.\xe6\
\x8e\x85\xa9\x01^q\x1a\xd9\xee\x98\x13aL+a\xaa\
i\xb8\x9d\xc0\xe3\xba\x95TZ\x0b\xe5r\xd7\xa3nX\
\x8e\x84Z\xe1\xe6;\x83m$4\xa0\x9f\x89\x06iT\
O\x10r#\xb4\xf8\xe7\x05 \xb1,D\x8b\xd1\xbe\xd0\
.\x86\x9f\x16\xc2\xbf\x16\xa1\xfd\xc8\xdf,&\xad\xa8\x04\
\xe32d\x09X\x0c\x90\xc8R\x1c\xa4\x96\xc8\xdf\xbcm\
\x1dv\x85\x13\xda?\x0d\xffN\xb2~\x09r\x08\xbd\x00\
\x11 \xb9\xcbk{\xe5\xee\x1f\xbd~\xc9)\xaf\xddq\
\xc7k\xa7\x9d\xf5\xfa\xaf.|\xf5\xac\xdb\xeb\xa4W\xaf\
\xfa\xfa\x82\xf9\x0b\x17\xef;\x7f\xf1\x82\x85\xfb.\xda\x0f\
~q\xd37_\xf9\xd5%\xaf\xdfu\xce\xab?\xbb\xe4\
\xb5\x1b~\xf2\xc6\xadW\xc1w\xaf\xdc}\xcf\xeb\xe7_\
\xfd\xda\xf7~\xf4\xda\xcf/x\xed\xfb\xb7\xbev\xfe\x9d\
xS\xca\x1a\x12\xf6zUO\x1aC\x8c\x16\xd0\x0b\xa0\
\xc2Z\xf8q\x8b_\xbbg\xebk\xb7\xde\x15\xd2\x03\xb3\
\xe5\x0fa\xd6*\xd97\xef\xd8<(~\xdeQFa\
\xbd\xfe\xa3\x93C\xc0U\x02.\xb8\x92\x987\xfc\x1b7\
^\x00\x93\x0f\xf9\xbe\x0d$\xb8\x0e\xc6e\xfa\x08\xce\xe3\
\x7f\xe3#Q\xc96\x9bdK3\x98\x0c\x90\x83\xd0\x84\
#\xd7\x84C\xf7$\xb5\x89o\xdcx\xfb\x1b\xbf>\xef\
\xd5S\xaf\xe4wzZ\xc8\xf8Go\xc7\xf8\x89\xfc6\
\x8c\x9b\xcfxo>\xce\xde\x85M\xa6N8=\xbfX\
\x88ib\x1f\xfcu\xc8'&U\xbeq\xf7\x8d\xaf\xdc\
\xf5\x8b\xc8\x13\xae\x83%\xaec\xc4\xa5/p\x15\xfb\x08\
\xa9\xd4\x98\xb8\xebM\xb9\xea\xcdk\xcfx\xe3\xc6\x93_\
\xfd\xc9\xcdo\xdcz\xe5\xb4Q\x83U\xd0f\xf87a\
'a`_;\xed\xecWO\xff\xe1\xb4P\x04j@\
\xefC\x17\xbc\xc1\x1e\xfe\x166$\x89L:\x16\xdan\
e\xb3\xbd\x1a(\xad\xdc\xaf4\x1a\x9bI\xa71\x80\xc4\
\x8cY\xd0\xab\xeba^\x13\xe6\x14Z\x96\xbe\xe3\xa0\xaf\
\xa3'\x98T\x06\xf5Xh\x13\x96\xe3\xcdT\x96\xee\xeb\
\xd0=\xc0\xc11}\xd8F\xb8\xa9E\x901\xc3\x84[\
zr\xc7\x13\x14\xa5\xadJ\xb6\x8c*3\x0a\xd9\xf7\x14\
A5\xca\xfbf\x01\xbb\xd9\x02\xff=\xd4\x9d\xc2\xde\x0d\
\xa6\x22\x0d\x1b\x19\xe0/\xec\x1fC\xb2nc\x89 \x09\
\xc2\x10\xf0\x9dY#[f\x1d\x8a'8\xa6A\xd7\x0d\
\x9b\x10jX\xf4\xa0l1\xc9#\xb0\xbc\xc0\xc8\x01\xe9\
\x90-\x1b\x84C<D4\xf0J\x10$,B\x14a\
\xb9n\xf7x\xb3ln\xc2\x9dj\x80\x84\x13P\xfd\xeb\
\xd5d\xbfB5\xa0r\x98\x10%\xaf^\x8f\xa26,\
\x8fEv)\x05Z\xaf\xe0\xb9{\x1d\xba\x07\x94\x94\x12\
\xd9a::\x92\x11\xee\xcdD1\xb0\xd9\xed\xd5\xbd-\
\xf6hE\x83f*rrXR6\xab\x96\x8du;\
\xb2\xa5\x18vy#\x9cr\xb3*kF?\x13\x0c\x9b\
\x88h\x91\xe4N\xd7\xd9G\x9b\xfc\xde\xe0\x90\xa7\xb2\xd1\
\xc8\xe8I\xcc\xaf\x01J\x18\xb8\xbc\xb0\xd6\xdfi&H\
\x92\x06\xe1,\xa6+\x94Snc32h\xa2w\xb8\
\x9d\xaaj\x02\xf6\xd9o\x98\xc3\x92.\xd3\x1d\xf3C\x9c\
@\xa6!\xf4\xe6D\xfb2\xa7\xff\x92\xb0\xbe\xe5p[\
5r\xcd\xbd\x1e%+\x14|\x9a\xa1\xdfK\xbe\xd9\xe3\
\xff\xd2\xdbaR\xa5\xde\x9bw;LW2\x95\xe33\
\xaa\xa9$\xc3`Q^\x87u\x1c[\xd8\xbc\x825\xab\
\xc2>\xc7\x84\x05\xef\xf5\x800\xd9b\xc0\x1a{ t\
\xae\xed<%b$>\xc1dS\x89\xfd\xd6\x91\x99%\
BE%X\x19F\xb2O\xddsQ\x89\x16\x8e\xef\x97\
\xb7\xb2]\x81\x90HX\x92\xb5\xa5\xd5\x8a\x9e\x91\xba\x06\
\x0c\xd3Nd\x08\xfa\x97STn\x92\xcd$S\x9b:\
E\x91\x9a\xcc\xc0\xccf\xdc\xf0\xf0\x0f\x04ePu(\
\xc40\xe0y\xe1\x1f\xd0\x82\xf4p\xb7lm\xe2v&\
_\x92\x19\xd6w\x12\xe9\x9b\xa6r\x11\xd1\x81\x087\xe3\
0\xb6\x0c\xf7\x92p\xb7(\x18K@[P\xd8n$\
\x98@\xee\x83\xc6$\xb7\x047V=\xfe?\xef\xdaw\
\x01mK\x00!\x05\xd0\x98\x9a&`\x98\xfa\xfa\xfa\xa8\
!g\x82\xa04\x1f\x00\x1e\xec\xea\xc1\x03\xe4HTB\
\x00\x9c\xcb?\xdb#\xa1\xb5\xf3\xa5\x83\xa5\xa4ja\xbd\
'9\x1b\x83\x9d\xd4\x04t\xc6V\xba\x12\x03J2\xa3\
)\xbe\x01\x8a\xe1\xac\x17\xa1\x01\x8f\xe3-\x5c4\x90\xbb\
\xd7q\xb0\x13T\xd51\x05\x01\x7f\x1b\x91\x22\xa8\x0cJ\
\xe5U\xc5\xc5\xd1>F\xf5\x1d\x05\xc9tMN\xfc\xee\
\xd5\x82\x80\xaep\x0b\x9a\x8a\xd5\x00L#mI\xee\xb3\
A+$\x1b\x974@\xdf\xad\x9d\xab\xe4\xb1\xc0\xbc\xb0\
-;\x08\xcc:\xe8\xfc\xf8\xce\xa4G\xee\xceu^g\
\xdfR\xa9\x02\xdc\xcf\xf4&|\x922g\x83\x220%\
\x07\xa8\x8b\x97\xd9\x07\x9b\x0cB%U\x17\x0da\xafy\
\x0aW\xdc\x94\xb1@\xb3\xca\x0d\xac\x1e$^z\x84&\
\x11\x0c5Bp\xd29\x07\xa8\xa1\x03H\xad:\x9c\xd7\
\xa0\x9c\xc7\x06O\x04\xc9\x9a^\x16\x95G\x1d\x8f\xed6\
\xcb\xaa6\x9c\x1bN)\xc0\xc1l\xc4\xe2e\x82a+\
\x9f\x8e+\x08\x0f\xf2\x0e \xbe\xc2\xc8\x98\xf9\xa0\x06\xeb\
\xc8\x8dY\x84\xbb\xe61h%ZM\xae\x04\xb9<\xde\
\xf1\xacV\xf5L>\x885\x09\xba\xe3\x8d\xb2\x98\xd9!\
\xb8m%\xab\x0d\xdd\x1e\xc8g\xe3\x16\x12\xfe(\x11\xe2\
2,\xa0\xa9\xc5x\x8eE\xb4L\xccU(?\xf0\x96\
;\xae\xdd \x97\xd2\x92\xe4A8&Lxr\x0fX\
\x8d\xd6\x12\xfc\xa1\xb6\xb8\x13\xbcm_\xc3\x0c,\xd9\xbb\
O\xcfM\x89]\x90\x15\x8c\xe2\xe6w\x83\xa6\xb8\x07\x9a\
\x8d\x97\x96S>\xda\xad\xa6\xf2\x98\xec\x0c\x90V\xd3\xee\
4\x15\xb6\xa5Q\xa0k\x08\xe8LZZ\x93\xc6Ro\
\x1ex$\x81\x98\xaa\x12A5\xcd\x09\xff\x0a92E\
@\xea\x12<a\x83\xb2\xfc\x5c\x1b\xdcM,$\xe1\x9a\
\xa6O\xe0\xec6\xd5\xfe~ \xcd\xdd\xc3\xe9\xbc\xf0\xb6\
\x8bJ\xd5\x8c\x80\x04\xf1\xb6x\xbd\xa2l\xca\x07m\xe7\
\x10\xa9\xcadh\xeaqJ5 \x1e{\x0ce\x97\x01\
|;%\xc2'3\xba\xa6\xa6T;/F\x99\x17\x1f\
\x19CA\x04\xe4\x86p\xd9\x99:~\x142uLP\
)\x81\xa5\xa68\x0d\xbd\x09\xbf\xf3\xa6\xbd[\x93&[\
\x96D\xa4\xd3\xda\x16\xbd_S\xad\x01\xc9\xd0\xb5\xe1\xd9\
\xd1\xe3\xe6+/\x85\xf7\x9e\x18\xce\xb8\xbc{\xc5X\x94\
s\xaf\xc2\xa1\xd4\xb9\x06xjr\xf3T\xf5Z\x22#\
y\xb7W\xe3V;\xb1Y\xa1\xd68l\xfd\xab\xa57\
A\xd6\xb2,uj\xe8\x16\x87\x08y\xb8\x1f\xd9\xc5h\
X\x95\xa8\x8d\x1c\x8d\xb8a\xf1&Y\xa3FH\xe2\xba\
p\xec\x81\xd3\x09Z\xa4\x89\xf1\xd7d{\x95fFI\
j\xe1\xf0\x06\x1f\xd7$\xa7m\xacNw%LE\xd1\
\xad\x01\xc3\x0e\x02\x9c\xea\x03\xe8\xb3ip\x5c\xd6\x01F\
\x0d\xc0AH\x8ba\x1d2S\xd2xx\xba{\xab\x07\
\x09\xd2\x0d\x92#\x91\xc8!\xf02\xc8.\xce\x08\xa6\x02\
\x8d\xae$\xa5v\x10\xbb\x82\xe3\xd434\xa3\x96j\xdb\
\x15\x0aM\xa2\xf5\xa8d\x14\x8b \xf6\x02t\x00\xa7(\
\x8c\x03\x14\x1cT\x80\x8c\xaa\x0b\x0e\xd0\xa5>USB\
\x161\x9f\xe0O\x9a\xdb\xdd>\xf8\xb7\x1e\xb0R\x05\x8f\
z<\x81C\xd0SZ\x96\xd1\x13\xb6\xe3\x01\x10\xe0/\
\xcca\xbc\xce\xe6\xcd*g#8\xd6i\x01\xf0\x06\xe2\
\x0e\xa5\xb4\xc9f;\xef\x98l\xfd\x8cK\x22K\x0a;\
\xab$3\xf0\x86#\xd4n\xcd\xa6\x91\x96\x0cSb,\
.\x1b^\x1d\x86\xd6\x91\xd3N\xb0m\x1c T\xd2`\
\x94\xb3\x81@\xdf\x88uT\xf8\xb9\x89\xccXC\xfb0\
5{\x1f8\x04\xefr\xee\xd9\x9cI\xa5\xa5\xee\x01l\
\xbe\xb0jW\x18\xf6*exI\x93mj\xfb4h\
\xf6>\xcd\xb3\x83c\xcfA\xcb\xc9\xc6*\xee!\xe6\xc6\
\x8e\xf1\xcb\x15]11\x81\xc9\x86\x1e\x1d>\xc1%\xb8\
\x7fA\xd1%\xfa\x1cx\xec\x07d\x97\x9c\x0b\xd0\xe0\x08\
6\xde^S\xdb\x808\x19\xcc\xe8\x9b@sv\xaeX\
PW\xe6\xc5\xe4\xb10\xc0\x9a\xa6N\xe6\xb3\xcf\x98a\
\x10\x9b\xd9\xf2\xfc\x06%\x8dl\xa1Mhj/\xd3\xbe\
\x960\xc7\x12\xbd\x1d=dA\x98\xb7z.\xa3\xdd`\
D+\x93\x18\x90d\xdb6\x97H#}p+z\xb0\
yfK\xd8\x919k\xe1\xc9\x8f3\x0a\xb5$f\x08\
rx\xf0w\xc1\xcba\xfe(\x00o*VF\xb3\xb7\
\x84\x91\xb8\x06B\xa8)\xa10\x89\x05He\xd7\x84\xf7\
\x03\x96\xadI+\xba\xd4f\xf4[a\xe8\x1c%\x01\x8a\
(`\xe5\xbcD\xe3\x02\x97'd\xb8C\x88\xb15\xc1\
6\x5c\xe1n\xac\x9f\x1c\x19\xaef\x97&\xe4\x04\x9b\xb7\
\xbd\xa0\x87\xdd\xb1\x8c$\xc9R\x1f#H\x18\xa1\xd2p\
\x89\x81\x0c\x0e\x87\x11'\x8f\x13%\x83\xbc \xebaL\
L\x00\xbf\xca\xe74\x0e\x00\x10X\x09I\x11\xe7\xa3J\
\xb4\xf8~v]\xad\xe8\x8b\xc2{\x8cG\xf4Lj\x8b\
\xa4\xa6\xe4~\xc5\x92\xac\xc8\xfbQ\x0c\xe7\xde\x8c\x1a9\
\xebzs#\xfe\xaa\xa2%\xa9\xda\x98N;\x1f\xb6q\
\xc6\xed\xec\xa6mj\x13Q\xd8\xde\xf8\xcd\xda\xd8\xe2\xea\
\x99\xb4\xf7\xcae\xd2\x1e\xd9rh\xe8tJ\x09K\xde\
\xc8\xe1L!3\xad\x06>\xcdKJ\x0c\xf4\x9a\x0c\xab\
\xd5\xd85\x10\xad\x04\x9e\xc5\xb0\xb2i\xc00,*n\
-\x09\x85\xb2\x93L\xee\x01\xb8\xd5\x0c.\xbd\x9e\x9a \
B\xda\xa6\x11\xbe\xa4\xd1\xda\xdb\x02\x00\x8ef\xa4\xcfq\
qf\x88\x1cO\xad\xe9\x09w>\xde\x1a\xfd<\x85\xde\
L\xcf\x08\x95&\x7f\xa7\xdew\xef\x96Lk22Z\
R\xd2\x0d\x1b8\x8c\x9e\x94,P\x0e\x12\x0a\xe16R\
\x1f\xdc\xcd\x91-\xa1\x93\x9b.\xc8\xc6:\x19hP\xb4\
eq\x82\x1a\x95\x93\xdb\x95\xa1\xe8\xd5\x8eV\xd8\x0e\x00\
\x98BPHD\xff\x100\xf4\x98\xa3\xc14\x87\xca\xd1\
4\xcc):vL#\xe7\x14\xf4\xaa\xef\xde\xacZi\
M\xa6>\x00\xb2\x9f8V\x8dJ\xf6\xa1\xc3w\x02U\
w\xf4 \x8d\xc4\xd5P\x1a^Gv\xf9S\xc2\xcf\x9c\
\xf8\x11\x87\xdd\x9bL5\xf5\xfc[|\xb0\x9eG\xa5\xea\
\x99\xd6T'\x01\xb5\xeaU@\x07\x94\xe1\xc0I@\x1d\
9o2\xc7\xc4\x80\x0c\x7f\xc0zU\xc4\xf5n\x01\x02\
\x9c&J\xa7h\xfd/n\xd9\x9c6\xcc\xf0UM\xf5\
\xf7\x829v\x85lW\x15\x85\x819Q\xd4\x06M\x17\
\xe2\xa3\xa8aU\x89\x98\x92\x03\xae\x0f\x84\x17J\x8e\x03\
\xe0\x96\x85\x80\xc3\xfb\xae\xe4y\xad\x96\xf8\xae\xd3\xd4e\
d,LS\xb1t\xc8_\xa7%QwI\x0a\x99C\
?A6\x93\xf0\x19oA\xd5\x1etK\x1e\x8c\x22V\
\x0d\xfc|=\xf5m\x99\xaa\x85\xf78D\xecA\xbc)\
\x06\x11\x1c\x1d\xf7r\xd2\x95\xc1l\x161\x15f\xa4\xdc\
\x15\x8f 5\x0d\xc8z?\xcc\xb1e\xb3\xad\x98\xa0\xb3\
F \xd2\x8c\xd0{&n\xb5G\xfb\xcb\x09h\xac\xb5\
.\x89`P\xcba\xc3x\xf7[\xd1\xf2\x8c\x9aT\x22\
\xb0\xb1\x95\x99\x8ar`ckj{\xb0Q\x15\x81\x07\
\xc0e\xc1\xc6\x81\x9cv\x12\x95\xa8\x99\xde\xed\xae's\
w(F85\xa0\xeeW\xde\xaa\xe2yc\x16\xb5\xd2\
\x88Z\xc9\xb3\xae\xd4K\xab3\x96-\xf5*\x92ce\
\xc14A\x06\x89\x86\x11\x86\xfa\xd0\xb9_\x96\xc7\x81:\
z\x81\x7f\x05k\xd9\xea\xac<i_\x1d\xbb!\xbcA\
\xb1\x97\xa9o\x0ee\x14\xff\xee\xadx\x95\xb3b\xc2\xe2\
t\xb2\xe0\xb5\x96\xb7X`\x0fx\xa5.\x91\xac\x932\
z\x12\xda\x84\x01\x02d\x9d40\x9c\x1e\x00!9\xcb\
F\x94\x13\xa7yB\x10\xb1\x0bAC\x8c\xa0\xa7\x9d\xa2\
\xf4\xef\x09\x17 \xf6\xf7\xabz\x7f\x04\xb3k$\xb11\
\x9a\x8b\x14}\xcc\x96\xca[\xd2k\xda\x0c\xd0\x8eU\x90\
ot\xd5V\x22.\xe2d\x01\xd4ff\x90N\x08\x16\
\xeeJ\x02h\xb3d\xab)\xaa\x83\x86,\xba\x93\xe8c\
\xbchU\xb4\xda\xc8X\xe1Wp\x1c \xad\xca\x82\x99\
\xd9\xe0\xde\xc2AI\xd3`\xbc\xd0\x8e\x07d\xb5\xd3{\
\x22\x8e\x8f%p\xe7?\xde\xb5\xd6\x13\xb7\x1a\xbe\x92\xe1\
\xe7XL\x15@\xef\x0cA\xb9\x8b\xa4\xb8Y\xfc\xe1\x81\
\xef5\x1f\xbd\xc53_\x83V\xf14\x88\x98$\xe6\xc0\
\xdd\xc0\x01{\x9c`\x81f\xa3\x83\xe0\xff\xba\x09}\xa6\
=\x1d\x13F\xd0\xa0\x80!xF\x8b9kVQB\
&aZjI\xb5s\xea\x8dMT\x12\x99}\xd0A\
\x0d\xa0*9\xbf\x9f\x1dq\xc2k\x02\xfai\x11\x89S\
\x0d\xfd\xfc\x88\x10\xf5T\xf1\xb9\xeb\xe94\x1d=R\xf4\
\x0c\xe6>\xc89\x1d4\x07\x80\xaa[\xa0\xd2K\xf8g\
[\xc2\x9eQ\xc7\xb9\x9c\xed|+\x81g\x98\xc4\x97,\
\x881\x9d\x0a\xdc\xf4p\xf2\xfcMfO\xecw\xfby\
R &]\xbd\x8c\xe4:Z\xb2\xcaB\x125\x96\x1b\
\xf1!\xb9\xe8\x09\xd7\xae\xe5\x93\x1a]\x1f\x03\x9531\
a\xbc\xc7\xd5<\xa8\x9f\x0c\xef\x80\xa7\xcf\x1d@\xe7*\
\x0d\xa9pz\xc6\xa0b\x9a\xc0\xf2\x88\x84\x99\xc8\x98\xa6\
\x02\xaa\x1d\x8b\xe8\xd4\x8c~5Q\x8f#\x12lU\xcf\
(\x87\x8ezu4\xd7\x03\x9f\xd9\x09n\x80f\x82\xcc\
Gg\xc2\x81\xe6\xfa\xb2\xa8\x89\x81\x9e)\x8e\xf9\x19@\
C\xe4+\xce C\xa2\xbbix\xc5\x9b>\xcf\x8aw\
\xbe\x87\xd0\xd5\xe18\x1e\xb2@\x8bx\x9c\x86\x80\xfa\xc2\
\xcf8lM\x9a520\xa4'\xa9\x01g\x160\xac\
\x84\x01\xe4I\x02N\xa5\x0e*\xf5\x91\xe2\xebF\x82\x93\
\x19\xdfe-\xec\xcc\xe8\x11\xb7{y\xa8,\x16\xef\x8a\
\x92\xc0\xa6\x8a=\x84\x98T\xfe\xf6Tb\x08L^\xb2\
\xf2\x16\x92\xfcH\xc3)\xc8\xec~G\x8bIi\x1f\x8d\
\x11/W\x92\xb3\xb49\x06\x161\x8a\xc1K\xf0\xc1\xeb\
J\xd3<\x14\x97\xd7\xfb\x13\x0dx\xae\xbb\x80\xcd\x8d^\
H\x10\x0f\x99]\xa6/\x03\x02\x22\xbe\xa9N\xaa\x81\x05\
Z\x92\x06\xfc6\xfc\xfcV\x10%\x8f\x8a\x11\xd9\xb7\xc5\
\xc9[2\x88\xcdS%\x13\xb2\xc9R\xf1!x\x13\x9b\
\xc4&F\x94\x1f\xd5r\x03\x9f\xc2\xc7\xaf%\xcc\xd2r\
m\xc8\xe9@\xfc\xb5\xe5\x0bw\x19\xdf\xa5\xc8fb@\
\xb2Y@\xb5\xc5b]\x02\xa0\xa3ck\xfc2\x94\x13\
\x95\x1a\x94X9K\x9eC\xe8C\xc7Z\x9aG\x1c\x8f\
\xe5\xc6`\x8b\x04\xd8\xc3\xb7]\xb9H\x1e\x8e\x9b.\x89\
\xb8F\xcd\x04]\x98\x15\x9c\xbbFv\x04\xab/G\x0f\
:\xa8\xe8\xc9\x06\x9c\xaf'\xd0ae$r\x84\xc5\xd9\
\xe4\x87\x1e\x13]wYn\xe4\x98\x0f|\xd9\x83\xefE\
@%\xb9\xa48\x09\x08\x9es\xbf\xbcQv#\xa3$\
\x8c\xb4\xea\xbb\x19\xe1\x03\xd5\xfb\x06\xa2\xff\xca=\xccd\
:\x0c1\xa4\xe43\xce\x22a\x1c\xd1\x8e\x96\xefh\xd4\
\xb2\x98\xcfhK\xd9\xf1\x85\xa3;\x7ft\xc3\x81\x18S\
\xffV\x12\xd9^\x16\xe2K\xa3n\x1d\xbfD\x1aWh\
\x90\x98\x12\x9b\x84\xd3\xaby/\xd4Tz3\xaaf\xe7\
\xb1\xd0\x85\x84\xa9\xab\xcch\x9ed\x06=Upw\xf9\
\xc8\x8a\xe73q\x123\xa4\xd5\xb2\x9d\x18\x88\xd2\x0fN\
`\xbc\x5c\x0c\xcb\xf3d\x0b\x89\x80V\x98L&\xb0'\
BZ\xa8l.\x18!\x98<\xd2\xcc\xd9\x9b\xc5\xbfS\
A\xd4\x93N\x0e\xed\xe6\x04\x11\x22\x90\x0d\xc8\x16(S\
\xd8r\x91\xc4:%f{\xf5@\xf8\x05K4\xfe+\
\x16aR\xe1B\xca\xb5\x11H\xd2\xc7\xcc\xe1\xa3\xb2\x5c\
\x84,)J\x8c\x93\x88\xf9\xcf\x0a\xd9,\xaa\xd1\xf2[\
\x91\xf4mD\x07\xde\x08\x82\x91C\xb0\x01)#\xa9\xf6\
\xe1{\xae\xb8\x06\x92\xc0&`Yn\xc8\x04\x9d\x0d\xff\
\xd6\xf4\xef\xd9\xa1\x11\xa2\x8d\x98\x12\xe6\xd1\xe9R\x96\xfd\
\xb5$\xc2\xf0\xda\x003v\x5c\xd7..z$w\xbd\
l\xeaQxVM\x06u%>>\xba\x17Kh\x11\
\xba\x1f\xde\xa2^\x90\x07-\x92{\xa5q\x16\xf529\
\xd9\xdbc\x0d(\x9a\x161W\xa7+\xbe\x99=$A\
$\x85\xd2\x9eu\x17w\xcf\xa8=\xc9L*\x1da\x94\
\xc7\x00\xb0,j3\xa4\xe8!\xa8\xb2\xd9\x13\xa2\xe4d\
\xb2\xc7\x86\xb3\xe9\xe9S7G\xd8\x9a\xa8l\xbc\xc9\xe3\
a\xbdrbS\xc4\xb7\x09\xbf\xe3\xa47\xc2q2\x1f\
\xc0\x1a0\xa5\x1er\xf9zX`\x0f66\x1b\xae\xd7\
\xae\x87\xe8\x99,$\xd1\x13a\x00d\x8f\xaa\xf7\x0c\x18\
\xa6z\x02\x88\xf8\xb2\xd6\x93Pp\xe8a\x84\xbe\xef\x8c\
\x83\xb3Zz\x18\x9ec\x8b\xa7\xa7\xb9Wa\x88F_\
\x8fE<\x82\x11\x92P$\x18\xf6\x93L\x04\x0c\xcf\xf3\
7A\x00\x0a\x8d\x1ce\x06[\xc4z;\x09ax\xb9\
=\x84\x04kdSzX\x5cW\xc2\xc5\xbd~\xce~\
0\x19\x00'2\x98F\xf6$\x0c\xcd0{\xd2\x8a\x89\
\xf7C\xee\x8f\xb2EP\xe3\x87L \x93Uy\xf8\x98\
\x00\x9d\xd2\xec\x89:\xb3r\xd2U\x15\x90\xa1(\xa1\xa9\
\x11\xd80\xce\xfb<l$\xe8\x169R}\xb0+\xc1\
\x94>N\xad\xeaa\x09\x86\x09.\x9ayW\x17l\x8f\
\xdaG4\xa5\x9e\x14f\x1c\x11V%~\x10\x93y\xf0\
\xa8f\xc6%\x83R\x90\xa6\x02[\xac\x0e*YW\x9a\
&S%\x84QXi\xba\xd7\x90#\x94\xec\xa9\xae@\
C\x8f\xddb7\xc1\xa6J\x9bg\xdc\xa2r\x0cP\x0b\
/\x8a?\x84>\xd1\xf8\x07\x7f^l\x09\x0b\x10\x0f\xed\
4\x81\xe4\x99\xc8\xa0\xb6:;\xcd\xdb\xc2\xca\x93\xa6<\
\x8474Bg\xab$H\xe9\x1f\xb0X\xd1#\xc7\x9b\
\xeaF\xb1\x9ad\xc5\xf4\xfe\xf79\xc9\xcf\xde\x8a\x15\x1d\
;n\xf1U\xef\xc39\xcf\x11g\xd8\xc76\xcf\x01\xe7\
\xc9I\x5c\x82q\x1f\xec\x1d\x86Ee\xa3\x883\x0cx\
\x1a=\x8a\x87}\x85\xa1\xbd\xea\x98%2I6\x8f\xea\
\xf8\x1cb\xba\xcb\x13\xb1\x7f\x22\x86\xd7\xd3\xabX6E\
O\xbc\xc6\xa8\xab0A\x18!p<\x14R\xe4\xf1L\
\xe2z\x0b;\xe5q\x00\x02\x81mP\x04\xed\x8b\x80\x01\
?\xcb\xec\xf7X\xa0\xf0\x8en\x02\x0f\xb3G\x86\x7f[\
\x8a\x1dq\xd1y\xd8*a\xe8\xf9\xec\xe0\xaet\x04\xd5\
\xccg\x0b\xc7p\x83\x10\xc3\x9c'+\x100,\xca-\
\x04S\xfb\x89\x12\xe7Q \x9c\xe5\xefR \x0fS\xfb\
\x15\x9b\xd0\x9c\xde\xe1\x1e'\xfb)\x00l\xa6\x0b\xcc\xbf\
\x87\xe1@\xc7c\xa0\xce\x16f\x03<\xc1\x05L\xf3w\
0`\x0eA0\x18\xcb\x060V\x84K\xc7\xe9m\x13\
-x\x93;!\xc7\x0f\xe3\xc1\x1a\x8baa\xd1\x16\xcf\
'\x81=(\x117\xa9\x9fd\xb2\xdb\xec\xbf@\x1c<\
j\xd8o\xf4\xd8\xf0\xffro\x84o\x10\x8bHN]\
\x85l<{\xcc\x00\xc9\xfe\xca\xc1\xb6\xc70g\x81A\
P5\xc9\x91\xe5RU\xef3z\xe4d2b\x1e\xbe\
~\xeer4J\x5c\xbcy8p\xf0\xb24\xa0.\x11\
g\xe4\xc1s\xd9\xafwF\x04\x06\xe1\xbd9W\xd1/\
\x5c4\xba\x8a\xfe\x88\xcb5\x8e\xebG\xf5/o\xcc2\
\xd2S\xd5\x13\xb9\x87\xb4B\x86\x8c\xba\xcft\xa1ib\
ot\xa5N~\xa1\xe9\x8cM\xe4\xcd\x08f\x827\x97\
n\xb9\x873\xc5\xaa\x05\x1b\xdc\x1b9\x9eEP\x16\xb3\
\x8f!2W~c\xad\x9e^\xd3\x18\xb2\x22\x84\xc3q\
D\xc2\xea'\xa2\xb5B|3\xfd\xde\x06iF\x7fO\
\xd2\xa9Z\x92\xa5\xab\xe2\xb8D\xc5\xae\x0a\xaeP\x12\xb1\
\xb7NW\xb6\xc7\xde\xde\xe2\x8ex\x7f#\xd4\x01\xa7\x1f\
M\xcd\xd6\xa9\x93\xd3S\x07p\xef\xa1,\xea\xcb$b\
\xce\xc0\xd8\xac1\x11\xd3/\xcdU\xa6\xd4dR\x03I\
2R\xa8\x9b\x13\x05#\x8b\x08\xb5\x0b\x0f5\xbb$5\
\x81\xa8\xb4\x19r\x8e=D\xb5\x1c\xe2\x03pS\xd8\xc5\
\xd6\x03\xaaV\xd4u\xe7{g8U\xa9\x94\xf6\xcc\xa4\
#\xf4\x16\xdc\x8f\x9fr<eD\xccp\xb2\xf3m\x96\
\x05W\xe1\xde\xb9\x16\xaas*\x99\xe9#\xfe\xe5:Q\
\xc9\xcc(\x9a?\x89\xe8\xe16\xa7\xf9\xdb\xd4\xae\xe9\x9d\
\xa4n\xd8\xa0x'd'\x0c:\xc4\xe1g\x08\x14\xa1\
\xd0\x88\xa0\x05\x93\xc8\x9ez\xe4\xd8t\x86\xf3\x0632\
\x84\x12\x9bx\xb4\x08\xd5!M\xd2\x06->\xcb+-\
G9L'\x12]\xd0\xe1\x02A<\xad0\x09\xf1\x8f\
F\xd3\x09\x82\x86F\x85j\x8e\x0eYB\xe0t\x08\x1d\
\xa2\xbd\x0dA[/\x86^F\x84\xaa>\x95\xef\x91\x05\
3j(\x8c\xec\xb81\x86 0\x95WHy2\x0f\
\x8d-\x05\xe4\x95MJ\x94o\xdb\xd7/\xe4\x0aU9\
\x10\xa2o\xd1\xc4\x100\xfc]\xaapAd\xa2L\xd9\
\x16\x8b*\xf2:\x15Y\x9a\xa2\xa4#\xc7c\x9f\x93\xc3\
\x1e fI\xee\xb0I\xd7\x1eR\xfc,\x02A-f\
\xfa\xb3\x19)\x1f$\xf8\xc2\x09\xb9\xc4\x9b\x06\xe4|P\
M(\x91s\x1e\x22*\x1c\x87\xa0\xd6\x90\x9aV\x22\xf4\
\x0e\xf7\xf3l\xba#\x01\x90\xfd\xb0\xe3X\xdb\xf0\x9c\xe8\
\xb6\x19\xa1\xd9\xd9\xecJ\xf4\x0b\x1c\xae\xc4\xa6\xb9X\x11\
\x9d2\x84\x19\xfb/^IF\x8f\xbezS\x08wQ\
\xc5\x8b\x17\x90\xbf\xab\x87d\x95\xdd\xbfH\xb1{F\x04\
\xa4p=d\x1c\x071\x9b6\x125?\x91\x98\xf1\xf3\
\x8b\xa6k\x1e\xa4\x08\xdd\x88@\xc96\x9b1\x1c\x0cq\
\x06\xa5\xa4o\xd4\xd8\x13\xb8~\x19\xc7\xf4\xed\xd1'\xd2\
7\xa3\xdbj\x14\xb5\x19\x22L\xd8&\xfaQ\xb4\x90\x5c\
3\x84\xab\x0e\xe4\x90\x91wj\xee\xff\x98\xe5\x9a\xd1+\
k_ey\x81\x1a~\x88\xd1\xc5a\xaf\x18\xd2\x934\
\xac\xda\xe4\x82h\xbd8\xec\xc1P\xebn\x15\x8b\xc4\xe6\
\x8c\xbc~@\xf9f\xde\x05:N%1\xebQA\xf7\
\x1e\x87\xad\x18\xd9\x22$\xa2\x04\x00\xe5\xb5\x01\xe3iL\
\x1e3qoG\xe6`$\x80>R\xf6\xd1\xf1\xb28\
1\x12\x06\xabs\xa9\x92\xd3\xef\xe7\xc2\xd5\xbc\x125F\
0\x86\xd0\x8d\x96\xf09~9'\xd4\xe2V\x16\xa7f\
\xe3\xa0^\x1c\x03b\xaa$%\x19~r\xdc\x0a*\x0d\
@\xb4\x07T\x8bE\x86\xd4g[C\xec8\xd4\xc0r\
\x0f>e.\x11>(\xd1\xd9\x1eg~\xba\x1b0\xab\
\x10\xab\x9b\xcd\xd50\xf4{\xe7\xeb\xb8\xdd\xe0\x7foq\
!\x82b\x85\xa3\xa4[4/C\xe0\xe3\xf1\xea\xd8\xb8\
6s\xf5\x1anq\xbd:\xb2\xcb\x06\x8d\xeda\xce\x1b\
\xb1\x88\xd8<\xe2\xaa\xa1a\x0e\xf3\xc8|u\xb6\xfbu\
nV\x85\xe3\x02\xe4\xdd?^/\x89y'eR\xac\
\xc4\x04(\x09>K\xc072\xad\x95\x9a\xf1\xca\xd5\x08\
\xb1.\xd7\xad\x967)4-\xc3\x1e\x90m\xe2\x0c\xb2\
M\x1c\x86\xe9\xc5\x8bK\xe9L/\x8ePTL\x1c\x92\
8\xa8\x98\xd4\x8d\xc4\xfe\x98\x90ur\xd68\x90\x9f\xe5\
\xf4\x12w\x9a\xad\xc8\x1a\xf5\x22\xc9\x89\x84\x01\x14t\x9e\
\x94\x94mYJ\x19\xba2\x5c'%\x15\xcb6\x8da\
\xfa\x05\xfeC\x9d4 \x9b\xa9y8)\x0b\xa76h\
8\xfc\x86\xfc1a\xa4@Ue\x81\x19\x91h?\x1a\
oR$\x90\xba\xed\x0ap\xab\x0a\xc4\xb0Mh\x93{\
\x15\xadAO\xe2\xdfRba\x98\x5c\x18\xbb\xec%\x0b\
x\xc4\xa1\x91\xa8\xc7\xd9\xbb\xcf\xcc/V#\x90\x81\xef\
\x04dDC\xce?\x0a\xc4\xf0\xc7\xe1x\xda%7\x1a\
N\xafZF\x02j\xb6wE\xe1cT9c\xe4\x01\
{\x06je+\xc8\x8b\xbd-70\xe2z\xec\xad\xda\
\x01L\xd9\x1c\x93\x11\xdb\xb9\xed-h7\x84\x19t\x0d\
\xa9vb\xa01c\xdb\x86\xce>\xefB\xefxz\xdd\
\x91\xd46\x1c\xfd}5)\xc7a\xb1\xc2\x95\x9e\x8d\xac\
\x04W\xb4e\xd1\x81\xa5m\xaa\xbe\xc9j\x94\x1d~\x17\
(\xb3\xea\x09>NlS\xb0[1Z\x06\x17\xe6p\
oj\xcb\x1a\x0e\x0f~UI\xea\xa2\xdah\x05l\x19\
g\x05Z\xae\xda+2\xbdasib\xe4Fv\xd2\
\x91=\x09\xbek\xc0\xa9\xe5+\xf4\xd9@\xd8\x95F\xce\
CL\x16J\xf8a\xf9b[\xbc\x1aL\x1e\xc3J\x93\
\xff)\xbe:\x19S\xc9\xd8\x12\x1e\xd7\x89u\xc1\xf5\x7f\
xo\x908\xa9\x09\xa8\x83%y\x1a\x04M\xc4\x9bZ\
\xd2\x956t\x8b\x9a\x94\xc4~\xd3C\xe9\x87Nu\x11\
\xdf\xa4\xca1\xd5hS\x06\x15\x8d\xe0DY\x9b\xd1/\
\x94ulc\xbcX,'Y\xd4\xe4\xd8&}\x1d*\
a\xef\x9dlj\xe1s\x83\xd2\x14\xdf\xe7\xe3\x029\xd2\
\x9c\x8f\xa5\xd9\x94\xfbC\xfa\xd4\x02\xce\xa8$\xd7\xd1\xc9\
\xfe\x0a$\x90\xfab\xd0\xaa\xe1J\xe2\xcaA@_\x9d\
\xf03\x1f\xcc\xedKH\x0d\xac\xbd\x83iV\xc2\xda;\
\x1c\xcd\xca\xf7y9Y\xc7F1\x0a\xb3C\xd5C>\
\xa5Q\xf22\x09\x81M\xfa\xc3u\xadLJ\x09\xedC\
od_`\x90\xa2\xb5z:t\x18\xa7\xd4v`\x07\
\xb8P\x0aU\x19\xc2\xeb\x0f\xe9]O26Y\xc5\x11\
W\xe6\x0bT\x5c\x85\xef\x88\xd5\xd2\x8bXZ\x0f\xba\x0d\
f\xb38=\xcc\xad\xc2Z\xaf\x85\x0e2.\xcb\xe1\x94\
\x98$`\xd6\x8a\xc0\xb3\x04\xf3\x99\xb30#o;H\
yWR\xa7l\xb5\xac\xea\x02\xf6\x0b\x95\x188\x01\x98\
\xa6\x85\x87\xf5\x91B\xeaW'B\xa1T9\xc9\xe5-\
\x8ea88\xbeP\xfa\x80\xab\x86\xe4X\xa1\xfd=\xca\
\xbd\xd1\xbd\xaf#\xe1\x97{E\xbc\xbc[\xd7\xb2Y\x0d\
\xdd\x8c\x89\xa4\x18T\x1fYX*\x84o\xc5[\x99\x99\
\xda\xdfq\x0aw-\xfc\xe1\xb5\xdc\x1d%\xd7\xc4\xa9e\
Q\x1f\x06\xe8\xd2\xc8\x92\xa9a\xa5\xf8q\x1cPTX\
v\xb0\x84\xab\xa3`l\xcb\x92\xef\x1c,\xe4\xecER\
y\x85F\x0f\xea\xe0K\xf3\x0f\x0d(\xa4\x945\x16c\
\xfbq\x14%\x0b\xddV\xbd4i\xe0\x05&`\xae\xad\
\x0dO\x0bG\x82\x96\xd0\xd2\xd6%\x5cMr\x7f\x9f\xa9\
\xfe0o\xb1x\xacw\x9d;3:H\x1a\xc9P \
cHE]\xae>\x99\xd7\xcd\xa9\x90\x13\xd6\xad24\
\x97\xac\xd8K\x22\x0b.\xb0\x81\x1c\x04\xd5\xef,n\x14\
\xc5\xc6t\xc1\x0a_a\xabW:)P\xa3\xa0^\xac\
\xdcmgE\xabJ.\x04\x92K\xed\xc0\x16\x91\xd0\xa1\
'\x84T\x9d\xe68\x84\x13\xa0\x18\xda\xf7^v\x98\x8a\
\x1b\x80\x9bq\xb3'\xb8\x12\xbbn\x16\x82M\xf4/\xdb\
MtS\x19?\xe7Q^\xf6\xd5\x19\xc57\x1ak\xac\
:\xf96\xc3j\xde\xd7\xb9\xe9et\xd3l\xb7\xea\x88\
\xc4\xacD)b\xd1\xd3X\x99I*\xd2\x0c2\xed]\
a:\x9b\xb7\xb1\x1b\xba\xb1\x16\x0d\xff/K}\xa6\x02\
:\x9a\xd1g\x0f\x81xS/\xb5\xf6\x11\xf5-\x9d1\
\x13\x03\x80\x9fI\xaao\xcb\xfa0\xdc\x05S\xa9#A\
\xc4\xa0uAGS\xe9\x03\x9d]\xc2u\xcb\xa9\x9e\xa7\
h\x1aS\xb0\xfc\x1b7\x89I\xa4\x8e\x5cF\xa7#\xa0\
\x0b+B\x15qf\xc1\xfa\xec\x1c\x13\xf5\x9e\x03\x09C\
\xce\x1cu\xad\x83S\x0d&b\xd7\x0a\xf5S\xcaY\x12\
v--\x95R\xb9Z67\xadM\x0b\xb4\xb6\x99\xd5\
\xf5\xd8\xe8\x02\xe8\xe4\x00\x94\x82h4$\xd5vFt\
\xc7Y\x99~\x0b\x84\xc4\xea\x01$|v\xa4*\xdc;\
\x93\x96\xb0\x11\x90r\x89 \xbc:\xb4\xda\x17VJ\xa7\
\x94d\xe1\xe3N\x92&\xfe\x1bWgk5\x8e\xf4\x1c\
\x86U\x1a\x19\x5c9\xa5\x09\xdb^#f\xbc\x94\xd4\xe6\
\xc5\xfd\xe9l)\x89\x1d`\xb54xQ\xdc+(\xe0\
\xc6\xc3y\x92D'y]\x81\x18y\x9d\xd2\x9a\x12\x89\
\x81\x0b\x1f5_#W\x15+\xbd\x9cw\xb5\xe81t\
\xe9m\xaaesj}mh\x19\xb8l\x95\xf5\xc6z\
ug\xb8bp\xe1\xd0\xf3+O\x16\xdau%hV\
2\xdc\x09\xef\x14\x1dZ\xe2\xe4\xa6\x19B\xe1.\xefD\
d\xaeP\xad&\xf0\xf3\xc9\xe4\xb8\xe1\xdaK\x06-\xe2\
\x05\xe7!'\x93\x92Jmn\xe1\x13\xc9\xbb^YD\
\xef\x00\x9arE\x15I\x8f\xe8\xce\x13I\xe7A&\xff\
\xcaN:\xadG\xd7W\x1b\x83\x0a\xc9\xd2\x89\x861\xc9\
\x07\xc3d\x01\xd42_\x90\x11\xa0\xacMg;F\x1f\
\xf5\xe0E}\xc7\x07\x1d\xdeu\x86/9\xc7\xf0a\x9b\
\xa8\x14\x8de\x899\xf4x\x1c\xbd(\x1cr]\x08\xe6\
\xe6\xae\x0a3\xc6\xb1O\xe7F\xde<\x8f\xae\xda\xeb\xdc\
j+\xa9\x9dV \x97\x82\x1dm\x81\xdc\xac\xbd\xfeo\
\x15\xc8\xcd:\xd5\xfc\x0a\xe4f\x051\xda\xb2\xb3Y\x81\
\xed\xd4\xb2\xb3YG\x1aE\xd9\xd9\xacp\xb2\x95\x9d\xcd\
\xd11\xba\xecl\xd6\x8e9\xca\xcef\xed\x9b\xbb\xecl\
\xd6\xeey\xde\xd5\xec@\x16\x85\x8a\x14y\x17Gf\xa2\
E\xb08r\xd6AGY07+\xac\xdc\xf5k\xb3\
v\xdf\xbe*\xb3YA\xee\x84*\xb3Y\xe1\xd7\xa2?\
\x11]@e&\xd2`^\x1a\xa6L6G\x99jH\
bX\xab\x9eT6\x03)\xb2g\xe7\xb3\x86\xf6\xdc\xc9\
\x8b\x11\xb5<\xb3C\xde\xce\x1a\xb9Ya\xeeX\x8d\xdc\
\x1c\xa8:\x9a\x1a\xb9YA\xed\xe4\x1a\xb99\xd0z\xfb\
\xfc\xe7\xd5kt\x05o\xbb\x18\x11\xe1\x98\xf15\x96h\
\xcd\x13\xfb\xb2&\x03\xf4l\x85y\xbf\xc3\xfa\xe7m\xb0\
\x0a\xeb<\x89\xf8\x03\xe8+N\xd4\x8e\xe2\xef^\xd2\x99\
\xd1\x1dO^\x18\x84r\xb4\x8e\xf1.\xce\x14\xb7N\xd6\
2JT\x8f\xbc}(\x15\xeca47\x9c\x22\xcc\xec\
W(\xa7\xa9\x98yx\x93a*\x0d\xe9\xb4\xc6b\xff\
Xy\x8a\x9dS`\xcf/\x9exY\x7f3r\x15\xdb\
\xb3\x19\xcd\xae\xe1qiT\xe1\x1b\xa1=G[H-\
b\xf8H)\xdc\xab\x93\x17\xdas\xfb\xca\xb0\x85\x82\xca\
n\xcc\x0d\xedR\x1fR\x8f)\xc1mG\x14%\xdd\xc5\
+\xacE\xd3\x8a\xb2\x9f\xce\xa2\xd0\x22d9p#l\
\xb0|PaQ\xe8\x9a\xf8\xd7\x1c\xbd\xd7T\x83v\xbc\
\x09\xde`\xe4%G\xdb1\xeb\x85\x8e\xb58d\xacT\
\x88\xa0\x92\xc7\xd2RTD\xc9\xba\xb4S\xb6o8R\
uM\xf7\x15GT\x5c\x96\x96\xeb\x8eJ\xae\xf1\x92d\
\xedz\x0f\x0a\x86N~\x09\x0e\xad\xc0Q\x15\xec\xac\x0c\
-\x99}Q\x9d!\x8b\x929\xef\x1a5\xbd\xe3%n\
c\xf1\xeb\x06g\xa3\x12\x17\xef'\xbaS\xbc)\x1a\xd8\
\x13\xc7\xe6\x99$\x1c(rFm\x11\x18\xe4>\x93\xc7\
E\xeeX\x5c)\x90\xec\xd2\x07w\xd6\xb6\xd1\xdf\xaf\xe5\
@\xe3q\xc4\x87\xd7\xe7\xe6V\x0b\xb6\x8dN\xa5\xcfT\
\xac\x81\xc8\xce3BV`F\x82\xabf\xe0\xb8Rk\
\x11P\xbb}\xe5\xa3\x02\x227\x9f3'H\xdbV\x16\
\xb2\x95\xbdnEh\xa7\xba\xd1\x94t\xf0\xd7\x8d\x08)\
\xe8\x109\xd0\xc2\xd1\xd7t\xf0\x0d\x17V\xd1!r\xb8\
\x99\xc2pQ\xf6\x09N4\xa2C0\xebD$XI\
\x00\x9b\x0d`%\x01H\xb3/\x93Yh,\x0f/X\
D \xfb\xbe\xd0\x02\x10nb\x7f^\x1bs\x800\xa2\
\x1eZ\xd9\xd5\xa9x\xac\xb3\xfb\x8a-\xc2oz\x19\x7f\
dTR\xb8\x15\xbfw\x86\xdfOK\xc80R\xde\xe8\
\xee\xbf@\x22\xba\x13\xe5\x05\x97<!W)\xcb\xde\x8d\
!.\x02N\xef\xf2\xb0\xbe!\xe1\xeaVc}]5\
e{\x0c'\x11P\xf2\xb7cD\x00\xc8K\xde\x89\x5c\
Bs\x94\xd9\x8d\x13_9\x8c\x8e\x803\x81X\xa1\xa3\
 \x94\xb4\xe8\xb9\x00\xe4i\x98\x88\xe8=:\xe3@\x04\
\x90\xe9\xc4g\xfa!\xb9!)\x86\xbdQ\x0aDi\xbb\
\xb2\xd9\x96X\xd9\xad\x08x9\xad\x0c\x11\xfd\xcaI\xdc\
\x8e%\xdc\xd2\xa2N\x5c\x0d&\xeb\x01\x88^c]<\
\x00N\xdf\x89\x00P\xe9\xba\xaa\x05\xf4\xedr\x93M#\
\xfa\xed\x88\xd6\x1fy\x10;\xa0\x9ag\xb9e\x0a\x8b\x8a\
\xd3YH\x96\xb0Ck\xf5M:s\x10D\x22\xd9(\
\xd4\xfa\x08\x18g\xd0\x22\xeaD\x97\xef\x22F~'\xec\
\xccS\xe4\x9c\xe8\x1b\xa7\x90\x8e\xc1\x22\x8e\xe9h\xf4'\
\x99\xc4P\x89!n6+\xf8\xe2<\xcb\x9a\xf4}\xe9\
T\xa3p\x0a\xf6x\x16\x83\xc3\x1a\x9a\x1bk\xbb2i\
\x1c\xd1jI\x8drbS\xbf\x89\xc9r\x9d\xd4\xa5\x19\
Cu\xd2\x0a\xb5\x7f@\xc2:;\xe8\xa0\xbd\xaa\xa6\xda\
\xc3\xecwm\xc0\xbb\xf5\x04}\xc5\x86En\xb2\xc0\x18\
l\xe6\xc7\xf1F\xccG\xd5H\xa8B#\x99\x0b~#\
[\x82\x0b\xbb\x8d\x11\xf2m\xc4/\x98d+\xe3\xab+\
\xfa\xd7&\x14%hT\xedF\xcd\xce1r\xa70r\
\x0f\x11\xe3t\xe6\xa5\x5cF*thl>m\xc2\xfe\
\xa6\xd8\xec\xb2\xcd`,\x9dAO\xa7\x82c\xd7\x97e\
h2Y\x96\xc9\xd4\x06\x1e\x87\xa1\xd8\xad\xb3g\xbb\xfb\
\x03\xd8]C\x03zM\x89\x0bZ\xca\xba\xcf\xcd\xe8\x08\
\xb4\x1c\xb5\xfa\xf6X\xc4\x1d\x1a\xcd\x93\xe4\x22\x11\x0c\xc6\
P\xa9\x8b^\x13.F\xbc\xf9\x88\xe5\xad9\xc6\xfd\xa6\
XI\x87\x0b\xd2\xc1\xf7\x85\xd6AI2\xf9w\xb4x\
\xef\xc7\x0f\xea\xdb\xcb\x8e\xcf\xfb\xb7\xa4p\x0d\x15\xc3d\
V\xaap\xdc^&[v\x9d\xd4f\x0c\xe5\x8b\xc6\xd3\
#\x97\xe9\xc6\x22yF\x82\xe58`\xc83\x92e\x01\
\xdb\x08\xe7\xd5\x01\xa8\x81\xf7f5\x00\xc2\xff\xa3Q*\
\xc3\x04O\xf1\xa3\xe3\x12\xf7\x92<\xf5\xe3\x1eB\xec\x80\
\x8bP=\x9a\xcf\xad|Zk:!\xd5\xae\xce\xac\xce\
th\xf2\xb0b.X(\xb1G\xe4\xa5C\x0e\x96\x16\
\xd5\xcf\xcf\xb5\xc69h= P\x13C <\xc8z\
\x22V\xe0w\xd0\xf1\xf6wz\xc7\xe1Y\xab\xd6/o\
\xca\x01v)\xa3{\x9es\xc8!\xe9T.\x9dK\x22\
d\x22\xf0\xc0\xd3b\x80N\x11\x07\x91\xec\xbe\x07\xb4\x1b\
\x1d\x93\xfb\xad0.\x1e\x93\xcb%\xdf\xc1\xf1\xc7\xb1\xeb\
8\xba9\x9c\xc0\xde\xcf\xb1H\x00|\xce\xd1\xdch\x1f\
\xe7\x8e(>\xaf\xbd\xc6\xfaQ\x1a\xe9\x85\xc1y>\x83\
\xb5\xac\x9a\xb2\x97jZ\xb2\x1c'\xc8\xaa\xf9L\xf7l\
\x12\xa7\x87E\x81\xd5\x84$X\xb4DQ^\xd3\xd6\x98\
\x0a\x82Q\xd7y\x15\xd8\xe3\xe1i\x16\xa0 \xfb\x1c\x1d\
\xc3\xd9\x97\xe5\xdd\xa9\x0e\xc3r^\xd2\xcec!\xeb`\
!\xc3D\xb8v\x82\xfe\xe8\x12:\x88\xa8\x9db\x9e~\
?\xb5\x11\xa8\xa0;y\x0c\x89UB\xf0d\xc0\x8e\xe1\
f\x15\x07\xff\xe51\x97\x95<\x84<\xe6\x91\x0f\xff)\
\xee\x18\xc6\x05\x18\xf2\x18=\xcf\x08Z\x16\xb3\xe7\x7f\x19\
,$\xe1\xc1'\xe7\xe1\xa3MsQ\xe9\xe94\xff\x80\
\xb0\x0f\xect1d0+\xa8J\x0cJ\x08%\xf4\x01\
\x9b\xe3<\xf2\x1d\x02F\x8b\xb0C\x8d\xe5\xec\xe9\x92\xfb\
$\xb8\x1fr\x1ba\xd6\xbc\x95\xc9\x83,\xb3,8\x7f\
\xe9C\x9b\xe4Ke\x1b\xbb\x96V\xcc%\x11sr:\
\xad\xc8&6\x88KF\x9f\xf3\x1b\x8dK\xf2\xf7O\xa9\
\xce\x17#\x22\x07\xc2\xe2\xc2\x14\xd9\xca&\x12\xcc\x9a\xf1\
\xc2\xe4|`{\xdd\x97\xe6\xa2O\xdb\x0a\x5caZG\
9\xc9\xeeK\x86\x94\xe6w\xf6\xc1$e_\x1c\xbf%\
\xaf\xca\xd56\xb1\xf7\xb2\xe8\xee\xdb\xf2&\xc5\x92\x94\xbe\
>R\x04\x9b\x04@\x80\xc2\x8e\x9d\x9ba\x13\xcd\xf1p\
\xbc\xff\xf3K\x5c\x91?\xe3j'\xdec/\x96\xf0\xfa\
\x93\x9f\x18\xa5\xc9\xf7\xba\x90/h\x11}\x90\x92\xa7O\
Y\xfc\xa8\x13Nc\xb8#\xe0{~8\xfcu.\xc8\
\x97\x9a\x9b\xb37\x97\xb0\xd1$+\xcf\xe3\x1dN\x0bI\
\xca\x01\x16-\xe9\xca\x90\xc4r\x93i\xe2#N\xd2\xd0\
\xa5\x8c\xa5\xf4e4\xc9V\xd3\xf0[|S\xa5\x8e\xe1\
\xc3\xed\xb9\xcb\xb4\x8c\xa2\xdbs\xe9\xeb\xf5\xa17\x03?\
\xb2>LS\x0e\xb8\xf8\x04EK\x87\xefl+\xd1\xbd\
\x0d1T\xb8\x0dp5\xc3\x88m\x10~\x13\xcb\x13\xe4\
\xb4\xd46\x1c\xc3\x17~O\xf9\x1c\x8d4y\xa4J\xe5\
\x84(\x89\xb0\x0cq\xb6\xd5$_c\x00\xa6,\xa5#\
&\xb1D\x8c\xaff\xcemz\x0dUoE\xcc<\xaa\
\x90\xc4p\xff\x9b\xf1\xbb\x03L\x9a%\x986\x95>\xc5\
4\x15\xd8\xfb,\x0b?z\xfb\xc7\x14\x189%'\xaa\
+\x90\xe0\xa8x\xcfH0=\xcb\xacH\xb2\xc5\xda\xd6\
\xb0\xc9\xe5\x17\x8f\x1dr8~J\x92\xe4\xde\xc0\x0b3\
\x1bN\xa0a\xb7A\x83\xa1\x1f\xf8R\xf2@\x86\x9c=\
?\x5c\xc8\xb4u\xea\xe2\xf2\xa88\x0e\xbfra\x0d[\
\xb6\x92\x92,:@\xf8\xf2\x85:\xa2\x9e\xf8\xc3\xaa\x88\
\x86\xf5\x99\xc8g\xfe\x90\x934Dg5Mnh`\
\xb5BH\xe8\x05\x97n7\x89\x0bf\x8f\x00@\x03A\
\xa2\x00\xe4\x93\xa8BA\xb8.\xe3\x19!O\x12E\xa7\
\xd6T\xb0\x97\x84\xdc\xcc'\x11\xd8\xd2\xdcZ\x8dK\xe8\
\x13\x8cP&\x02\xa6\xeaI\x9c\xbe#\x11\xa2\xa6\xebn\
~\xbbo\xc4:\xb2\xe2`\x0dv\x95\xd5.\x96Y.\
\x9f\xef\xb1\xb3V\x1d8\x03N\x93u\xd36}ps\
\xe6p\x89\x9fo\xe5>O\xb2\xc7\x11/g\xbcp0\
\xcf-\x91\x98\xe6F+N)\x9c\x17\xca\xcb+OG\
\xc8y^\xdaI-\x99br\x89\xd4\xd1$\xf1\xfbH\
\xde\xb2iT\xb0u|\x19.\x9a8-d\x15\xd9\xa3\
\xe3y\xe7\x94\xaf\xe3\xe8\xa2$|\x9d\xabE\xac\xe7R\
4\x1d\xe6\xed\xeb09pM\x82:3\x8b\x98Z\xce\
\xac\x83>\x08\xb5>\x0f\x80\xf3\xc2k \xb3\x80\xf3\xc7\
8\xb6A\xc7\xe7\xe5\x03\xb9,4\xebM\xe6\x02(,\
\x9f\xf9Q\x09{\xf3\xc3\x8b\xe6\xe4\xb3\xe1\x9cg<z\
\x15\xde\x83\xe3\x9b\xc1/\xbe\x82\x14\xa8\x14\x93\xbdR.\
)\x97]\xdd&\xc90Q'\xf0\xf9\xf4(\xaf\x10\xb5\
\x19\x90\xa6}\x8for\x81\xc8\x87\xd6\xb1\x5c)\xb5\x8f\
O\x91\x22\xc9%)UWS\xea\x09J\x12\xa7\x8dX\
\xf8\x1f8\xa1\x1b\x8b0 \xee\xd2\x12&\xf5%n4\
\x1b{\x8ePS\x9c\x9c^O\x9f\xa4J\x99A\xc4)\
\x8fa\xa4@\xbb\xd4]S=^\x06\x0d\x87R]\xd7\
\x93E\xde7K\xb1\x92\x93\x16\xd9\x0e\xfeE\xd5\xba:\
\x9a\xb9B\x8dC0=\x981\x9e\xaa\xa1e\x88t\x0a\
k\x18\x81_\xf5\xe0\xb9o\xc9k\xa6\xce\xd3\xa1\x06Q\
\xb5\x9c\x99F\xcf\x0d\xfb+\xd2\x9c\xa2\x9f\xe4\x0brq\
3\x9d\xe3\x9f)\x91\x9f\xc9\x04\xdd\xdf\xd1z]\xd1\xf3\
\xdc\xca\xaa\x8f\xaf\x00\xb1\xb834\xacYD#\xbf\xcd\
\xbd\xce\xcd\x92\xf6g\xf0Q\xde@\xbf\x7fG\x88\xfa\xf5\
\x08\x1f\x9f\xd7UO\x82\x9eW4w\xe2\x05\xb0\xbbQ\
'\xa5i\xea\x1d~\xacZR1\x8e\xf4I\xa4\x22h\
4\x8e\xfch'\xac\xe8\xf2\xb0\x00\x14\xb6\xd2$\xb3`\
\xe8\xae\x93ST\x18<\xa1&W^\xe1\xa2\xd0\x15\xd3\
\xb7'R$\xef\x05\xbbB\x87\x0cs\x93/\xa10t\
\xddg\x04\x1e\xd7T\x02\xc1\xa2|`\x84G&\xa8C\
\xc0+\x8b\x223\xf3\x92\x185\x96\x8d\xb8\x88<\x9a\x17\
s\x164\xc9\xfa,\x9b\xbdt\x83iA\x9d\x94\xe2\x0a\
\x83\xb0\x14J\x9cwF\xf9\xb8\xe3\x95\x0dY\xa0\x1d0\
\x94\xf71\xda\xa3\xba\xd4,\x9dw2i\x9e4\x94\xd3\
QYn/\x8d\xc0p1\x93\x12:\x8e\xcaE\xce\x7f\
\x90!f\xd0\xfa\xad\xfb\xb6\xd3/P9H\xc9\x1f\xa4\
\x14iK\x17/\x18\x87n\xae\xfd\x1b\xb6\x1bc\x96+\
\x8d\xd5\xb1\xf3\xc1\xe7\xa18\x1f\x91k\x16\x8dn\xcd\xe1\
eQ\xb8=\xf4\xd7\x8eI\x0a\xb9k\xcbAFZ\xeb\
I\xf2\xcb;\xd6J\xcd\xa6\x8au^\xae\x9eJ\xe8\xc8\
\xce\xabN&sj\x86s>=\xf0\xc86\xdd\xc3p\
\x0c\x91]M=\x08)\xc5\xd2\xf4\x05\xef\x1e\xbf\xafD\
8K\xcb\xf6\x80\x944\x14\xba\xb5\xa4\x08u\x9d\xc4\x12\
\x87I`\x13A\x91\x94\xacg\xf0\xfb\x08\xd1\xfb\xba\xd1\
]]\x18{\x0b[\xe9\x88\xf0\xadc\xbd\xde\x22\xe0U\
v\x9b\xe1\x5c\xb2\x02\x8e\xc7\x8dx\xff\xde\xe2`\x8b\xcb\
R\xa2\xa6\x1e\xc3\xa2\x13\xbd\x90\x1f\xfa\xdeU\xea\x17\x8e\
\xc9d\x92\xa5\xc9\x12S\x1d*\x95b6e=\xcbU\
v4c\x9d\x1d\xbdHyL\xce{FM:4\xcd\
\xb6\x96\xd1F\x9a\x95\xd7\xcf\xa8y\xa4Q\xd0\x15\xd2G\
\xf76\x94\xe7p9\xba\x15\xbf\x9bMv\x94<\x96J\
\xe2\x14}\x84\xc36\x87\x1d\xa2'\xc9\xfd\xb2\xaa\xd7\xd7\
6\x1b\x98V\xa63\xb6c\xf7\xc32\xbe\xff\x19\xa9\xd9\
\x91\xa8\xb3\x02\xd0\x9b\xe7\x01\x03\xae#-\xa4\xec\x18+\
\x1f\xa2\xbb\x89\xc5\x1eJM\x13\xde\xb3'x\xebd\xb6\
G\xe3\xed\xe7\x9c\x8e\xc4{\xa4x}\x08\x1f\xbcW\x15\
Lqi\xd5 \xb3\x9a\xf5\xbbO\x908\xd6\x9f\xa4+\
\xb7Zn\x04\x91\x83\x0aQw\xd9og\xf4\xb4\xaf\xa8\
\xc3v\x0c\x1a\xdb;\x1bo\xc3\xbaAWs\x5ck\xec\
i%K\x92\x93X\x84L\x03u\x03\x04\xe8\xc7On\
2\xba\xc0\xac\x9a,\x9d\x1a\x8e{H\x05\x22\xe2\xff<\
z\xcf\x1f\xe5l\xb4)&f\xf6F\xda\xe3\xc3)J\
4\xf5\xe8s/3\xddm\xcf\x19\xf3\xd5\x8bF+;\
#\x88\x11e\xb7\xceU\xb2\x8c\x94\xb2\xdd\x02\x13.>\
\xd1\xc2\x02t\xdft\xec3\xe1\x15>r\x5c\xa3\xacT\
\x96\xc3\xaf \xed6\x5c#\xa1`\xe1\xe2v\xa2\xd9M\
\xb9L0\x01$\xa5\xd8\x03F2@\x96\xa5\xdeaO\
\xa0\x02\xfeM\xcc\x84\xd48\x16\xbd\x07'\x84\xbe\xf6\x9b\
[\x5c\x8c&\xce~\xf9\x84_\xad \x99xjL\x97\
+\x1c\xfai\xa4\xc5\xfd\x05\x8b#YI_X6\x90\
*\x94\x94\x08\xe3\x9e2i\x1d9k\x1a\xf7\xca\x9d7\
\xb6M\xd3\x87\xa2\xb7\xf1\xd6\x08\x03Qv\xf5{t\xea\
5\xbd\x84\xd8\x11\xd1\x8e\xd6\xb0\x80\x0d\xc5}#\x96\xff\
\xd2CC\xcd\xe5YX\x10J\x90+n1]\xc7[\
\xea\xaa\xf5n\x05\x13W;\x0f(\xe5u\xc4\xfd\x904\
\xa4\xf65\xdd\xd8\xff a\xdb\xee\x5c\xfa7\x10w\x12\
Z\xc6\x02\xe9-z\x8b\xfe\xf8?\xdd\x22z'\xbd-\
R\xb8@|\x83{\x94l\xc76n\xcdh6\x0e\xb3\
\xf6\xc8}\xc3\xa1\xb6Y6\xef\x5c\xb6yx\x1a'\xb0\
\xe5%\x18q\xe2\xdd%\xeb\xd9\x1b\x184\xb4!Z\xcb\
\x95G\xa9\xb7\xcbY\xf4\xf6\x03\xd73\xe3\x8eN(\xb0\
F\xfe\xbbc*\xfc-_\xc9r\xff7J\xfd\xa1\xb9\
\xb6c{\xd9\xd5\x85\xb0\x80.N\xae\xf3\xdb-0+\
\x1ftK\xb3\x9a\x84\x85\x8f\xf8\x1e\x22\xd9\xc2\x5c\x99\xbc\
u !\xf89\x1c\xa6\xcf\x0b>\xfe\xadH17\xb7\
-\x10\xcc\x03G\x06\x15X\xb9\xb9E\x1aa\x1e\xcb-\
\xdc\xba\xc9%H\xc9\xc3\xc0\xc5\xf0%H\xc9Z_F\
\xa7\xb1\xd4\xd1K\xbe\x89U\xce\xcd\xa5\x1fgC\xe70\
\xbe=\x1a\x0b\xea0G=rI\x09\xde\xa5\xd8wd\
K\x88\x96\x9d\x16\x9ew\xf6\x15\x90\x8a\xbe\x0ec\x98g\
\xa4?\x18\xc1\xdb\x06\x8a\x01\xd3\x95\xc7\x91\xae\xec\x17\x5c\
\x02\xa7.\xd8\xd8u\xd7\x9c`gO\x9euu\xa0\x11\
\xb2\x85t\xcb\x93\xe4!\x0e\x8d\xf8/m\xb7\xa8\xb1\x17\
\xf9\xc3\xbf\x8f;\x8f\xcc\x07\xe6R\xe7\xf0O\xe6\xcb\x1f\
\xb1\x14\xd8\x93\xa4\xd5\xa3)}\xf6\x16\x89\xfdT\x9fm\
\x0d\xd8\x81\xa9\x93K\x8a_\x99\xe4\xaaW6\xe8I\xd3\
Pi\xa1E\xd2\xd7\xf3\xf9\xe5\xf6\x9f\x89=\xa6\xa3\xd5\
\xb9\x0e\xd8\xf3:9\xc6\xa0\xd5D\x16\x0b\x02\x9b\xe1\xcb\
\x9aU\x85\x083\xbfKe\x1c\xcb\x9e\xf5E\x90\x89 \
\xb77\x11W\x84\xe2\xd4c\xe1\x8cK|\x02.\xe7\x9e\
\xf3\xefg\xae\xc2u\xfe\x0dh\xe6\xf8\x08\xab\xb5\xe4>\
\xb1\x9d\xf49#\xabX2\x81\xd4\xe8\xbcr%B\x9b\
$\xc4i\x87\xcd\xbd\xd2\xef]\x14\x01\xe0l\x08\xc1N\
\xe6\xf9\xc0\x1d\xabX\xb0\xd3T\xb1RT\xe4\xec+i\
\x22C\xd4\xe4w\xcc/+\xc2\xdaiNR\x11lm\
\x04\xd8\xe8i\x96\xc3\xfc\x22\xc1\x15\x83\x80\xda\x84:\xbd\
P\xd05M\x9d\xe1\xdb;\xfa\x0a\x9d\x22\x8c8\xb6,\
xUs;\x9a\x82\x9f\xe4\xef\x0a\xf5\xe3\x5c\xb0\x9fH\
}\xcbY_F\x80\xc5\xee3#\xb6T\xe4\x18\x5ca\
\xa8.\xf7\xbd\x92\xc8}\x1de5O\xb1\xf3\x1f\x89\xba\
\xeb/dI\x9f'RX`\x93\x18\xb8F\x99d;\
6\xd4\xb2\xc2\xe4\x8e\xb8dq\xca\xad\xe3\x1f\xd0Y\xd4\
\x8bE|ZJh$\x9a\xa7Nf7\x0e\xf3#;\
\xbfs\x82t5N\xe6hj\xefX+\xa9:\x8e\x84\
\xc1\x0eV\x92I]G2\xd3\x99|\xa5\xd0lN\x1a\
\xe6F8.\xa6\xb1\x9a\x84\xfb%\x89\xb9\x99H\x1fq\
\xec\x0b\xce#C\xbb\x02\x7fG\xa34,\xf2\xf9_G\
\x11\x19\xf0\xff=)f\xcdr\xb1\xbe\xe5h\xc4\x19\x22\
\xf0\x89&\x8b\xfa\xd0-\xcc\x15\x9f\x11\xe8\x90W\xe9\xdc\
@\xaf\xdc\xb1\x09!]r=\xf0\xee\xef\xd1\xc9\xd5`\
\xb0rTa\xe0\x0d\xa1Vh\x967\x16~\xbd\xea\x0b\
\xd3sU_\x18!^\xdeR<'7\x92 \xaf,\
@\xb1\xcb\xf6\x95;\x10a\x8c:\x81P\xec^\xe9V\
;\x14\xaaG\xe3\x82\x86\xc1\x8f\xf3O2\xf4\xcf\xb1\x95\
{\x15=<\xdd\xb3\x123N3\xe3\xe5|\xfa\xe7\x99\
\x1du\xc5\xafw\xea\x0b)\xfec\xce\xe3J\x88]r\
\xdf\x07\xff\xf79.\x83\xf8\xf9qy\x06\xd1\x88\x06\x17\
%\xb4\xb6\xc1\x08\xf7n\xa5\xf320\x17\xaf\xc1\x87\xd7\
\x8c\x90\xa7+\xf1;\x9a[\xf8P\x9b\x04_YF\x9c\
\xe8\xa4\x08T5\x85\x12\xf9\xceK\xb7$\xf7zM\x9a\
\x0b\xd4\x1b\x17@?n\xf3[\xf4\xe8\x8e\xdb+\xcf\x97\
\x88\xaf\x98e/\xce^\xb2\xbd\xe5wJv\xa4\x00K\
\xc9v\x15\xed)\xd9\xfej=%\xfe\x04}^\xb5\xb5\
\x19\x0a:A\xe2\xfeP\xdfJ\x5c\xb5Gj\xd1\xe4\xb4\
\x15\xb2\xf6\xecE\x7fJF]\xe1f\xbcSM\xb8\x15\
\xa7il\xcf\xfb<Q\x00:vR\x01\xa0Y\x84\xf1\
\xcc\xe2X\xcf\xde\xb9X\xcf\xac\x91-\xb3\x0e\xa5\x1c\x91\
Mnt\x8f6\xf9{\xcd\x09\xeeE`\xaa\x01%\x87\
\xed\x91\xe41\xb6\x90\xd9\xe4\xc1\x0e\x03\xbd\x0e\x89(6\
\xe2\x89L\x9e\x5c\xdbG\x9c\x09|\xc9\x0dO\x9c\x9a\xc4\
\x95\xe4q\x82I\xf0\xf3\x8f\xf5\xa1\xa36\xb2\x041\xc5\
\x1d\xc1\xff^\x8aB\xe8}\x8a\xb3\xde`]\x95\x1e\xb2\
-(\x17\x93\x96+\xbab\xe2+\xaa\xe1\x07B$E\
\xcf\xa4\xa4>\xf6tK`\xe4\xe9pc=_|X\
I\x0d\xae\x1a7\xf5t\xb3\x0a\x1a\xe1+\xd1\x81;9\
\xa1\x1a\xe23z2\xf78\xd267\x90\xa7\x9e\x94\xdc\
\xdf\xc8\xae\xb0\xc6\x82p\x0dB\xff\x1dN\x80\x9f8j\
#\x84\x17\xc3ka;Q\x0f\xdf{\xe9m\xfb\xb5\xea\
\x83\xb2\xa6&%\xe7q>\x12\xa4Q/\xb5l\x961\
\xa5[\x22\x19\x9b\xc8S\xc7\xd6<\xf2lJ\x0blJ\
}z8t\x09\xd5huh\xad\xe5bZk9\xb4\
\xcfa\xcc\x19?@\xb2\x18$\x16\xdfk\x07\x12\xdd\xbc\
\xe0\x7fR\xbc\x07?\xcfB\xfe\xebm\xf2\xae\xed\x86D\
*\xf6\x90\xfc\x18\x8b\xbc\x82$\x0fF\xe0\xcd\x89\xbea\
\xf3qn\x86\xd5,\xaeg:\x17\x15\x11\x14!\x1a\x82\
\xef\x1b\xe5\x178\xa0\xdd\xf0\xbb,e\xa7\xf6q\xbd\xe3\
\x01\xa7\x0e>\xf76\xb8n\x81\xc0\xaaf\x90R\xe9:\
\x17*\xcd\x95j'\x9b\xfb)\xffr4\x8cm;U\
\xdb\xa5a\xf6\x90q\xf0Pi\x02\x5c\xda\xc7\xb6\x0b\xd6\
\xac\x0a\xfd~c \xf0Hq\xab\x8e\x888-sN\
w\x19\xbdC\x9c\x18I\xae Q\xdaE\x02/I\xcc\
\xf4J\x14s\xbb8\xab\x03\xc7\x15\xa9\x96\x87\xc3\xb88\
\x11\xa8Z\xd8m`\xa5\xe5\x84\x22\x99\x86\x11\xb1i\xeb\
\xb2\x5c<\xaak\xd63\x16[\xbf]\x17lv'\x7f\
\xb1\xea$\xa5\xbe\xbf~T\x97j9\x8f\xf0\x9cH)\
\x0f\x86S\xa6\x09b\x0fJ\x03\xb9\x92D\xd0O\xea6\
B\xbb\xae\x10\xba&\x85\x8a\xfb\x9c8\x14\x96\xde\xc2H\
\xed\x12\xaa\x92q\xc98x8W\xb4\x14r^\xe0\x94\
\x960\x85,0\x93\x99\x11\x09\xff>o$\x17\x00/\
\xbed\xeb\x87\x17, \xd0/\xacT\x0e\xcc|\x02g\
k\xc2\x84$\x199\xd7\xc3|\xc9\x85i.b\xd1\xab\
\xee\xe1<\xdce3{\x03\xf5\xa5\x89\xc5\xa9\xf7`\xc5\
\xa9{\x87%\x9dE($`\xa0~\xc3\x1cf\x85\xaa\
\x03\x83\xe7*;\x15\xe8\xb0\x90\xbc\x92\x94\xe2\x9e\xf9\xca\
\x7f\x97k\xbaqXj\x8e\xadn$\x97\xc3\xa2\xe9z\
$\xae,<\xa0HeI\x82i\xe6\x8fS]G\xa1\
\x17#\xb6\xabl\x81JgI\xb5\xe4}C\x90\xe2t\
\x12\xf25;t\xe0\x8e\x90\xdb\xe9\x9f\x8a\xff\xd5\xc1\xc8\
\xf2\xcaB\xa8\x9aw_\x9d\xf9$h\xcde\xfah\x8f\
\x15>\x9fE>\xbc\xf0\xa2\xbe\xfc\x95j\xb9\xa8[\xde\
\xdf\x81\xa3x\xba\xf1\x9b\x11|\x0e\x16\xcd\x1e\xe32\x82\
\xb6'\xb3u,\x05\x8e\xb5Aj\xf6\xb3\xc2`/\xe4\
`{\xdai\x16\xf8\xd2L\xef\xe4\xc8\x08\x8e\xca\xc9\x06\
yi\xebUa\xe3\xac\x08)\xc4\xef1\xfc\xde\xedX\
\x1f+\xc3\x8f\x85\xc8|\x16:EL~\x13\x87\xe1\x0b\
m\x9b\xa6\x022\xfd`\xf4q,\x0d\xe4>\xcb\x5c\xde\
\xcb``\x14\xc7\xe3\xa5\x0a\xbaS\x19\x8eg\xec7e\
\xf6B\x8do\x8c\xbc\x0b\xa6\xfa;\x0e\x06\xa2\xdf\x93\xee\
\xe3\xa3N\xb11\x8d(\x80\x9a\xaf\xc4\xa4#\x94Y\xbe\
\xbaB\xfes\xf8\xd0e\x01\x8a\xab\x0dx$u6/\
\xdbk\x09\xecRR\x1c\xb33\x08n\x8a\x05$V\xc1\
f\xe4-a\xb3o\x0b\x99\xbd\x11R\xd2P\x0b\xd9\xea\
\xe89M\xe3\xe6D\x13\xcc\xd9\xe9f\x9d\xcb\xd19v\
r\x148\x9ben3\xf8\xb9\xf9\xd08\xeb\xf4\x16\xfb\
\xc4\xdb\xe0\xf1\x85mR\xbd\x10\xd2j\xd2w\x96\xe8\xc1\
\xd4\x87\x8d\xb2, \xbbg[f\xc4\xa3\x1f\xdc\xa8\xbb\
\xb4;N\x08\x8b\x93\x82\xc3F^\xe2\x1b9\x9c\xb2f\
\x1fm2\x8c\xc6\x8e\x1a\x86\x03\xc1:\xfb\x90\x87\x85D\
\x08x~\x1a\x07\x03\x1d\xfb\xdd\x88oJ[8\xca\xb8\
\xa7\xe3\xf3w\x10\x0e\x8ew\x84\xcddK\x04\x85\xcc\xff\
!\x9f\xc0\x95oq\xe3z\xa3\xa2\x8e\x87\x01x\x9a\x94\
\xa6\xe9\xe3\xe2\xc2(gL\xb9\x8e\xaa\xd1\xa0\xb4\xb7\xcb\
K\xe8|(\xfe\xe25\x87Gd\xc2o;\x86\x1b\xd2\
i\x5c\xd5\x94mE\xe8)\x5c\xcd\xa2{dW'\xf1\
\xa2\xe8\xc5g\x9e\xf0\x8d\xccM\xab\xeaI\xf9\xaa\xe8\xa0\
g+\xbc(\x031\x1e\xf1\x85e\xf8\xe2\x0eb\x9a\x9f\
\xb3\x01\xee\xf3O \x99\xa5\xb1\x15\x00\xd7\xcf`\xf1\xcc\
\x9a\xe6E9\x1b\xa4\x94\xc5\xb0\xf3`\x8c\x7f\x03\x92\x02\
\xe1\xf1\xd2\xe3\x14\x0e\x19\xb7\xb9D\xdc\xe0B\xfd\xf3'\
\xe0\xde\xe4g\xd3\xd1\xe7b\x1a\xe0\x92l\x96\xdf'\x9c\
b\xe8\x5c\x8f\xddi\xb8\x17\xe6$\xe5\xe2\x88\xc8\xb8;\
\x8e\x5cy\xa5\xc0\x07\xee\xd7\xf6;\xb3\xc2]\xbf\xa1\xe4\
\x83\x19\xf8\x87\xc9\xce\xf0\x0e\xafE\x91VG\xc7\x9d\xcb\
\x11\x17i\xc4\x1eN+[\xa8\x11\x92-\xca]I\xa3\
\xcf\xf5MMx\xa3\xb9\xf5\xd3|\xc2\x1f\xc7\xae$\xc2\
\xab\xa6\x85\x0e\xbc3%\xd8\x00\xf0\xf9\xa3\x15a=\xfd\
/L\x80\x0d\x1dc\x82\x10\xf6\xe37\xb9z\xc1?!\
[\xee\x17\xe4t7J\xd1+JL+Ima\xbf\
\xa5\xa5\x88\xa8\xa6\xb4\x05\xed\xed\xc91\x8e\xe0\x87g<\
\x926\x8d~ )\x16\x1cyZ1\x13 \xb4n\xd9\
;t\x0a\x8bH:\x8cS\xd9%xO\xc3j\xd3z\
\xe7<n\x19)A\x8b\x0b\xb00\x1c\x0b?\xe2\xbc\xdd\
\x1b\x81\x9e\xf9<\x03\x19\x81\xca\x96`\x7f\xd2B\x97\x97\
rK)*\xcc\x82\xe7\x0fU\xdd\xddy\xf0\x0f\xdb\x93\
`\xa1\x98\x86g]\xab\x14\xc6\xaa\x09\xd6\x0d\xf8\xde\xbc\
a\xb4Dj\xa7>\xab\x00\xa4%\x91\x90rR\x08O\
\xcaY\x1bI\x06B\xc7\xbc\x90T@\x93\x5c\x143\x05\
\x83(\x1f\x8eB_dL\xb8\x8f@;\xcc\x90\x8f\x1b\
\xae\x0b+@\xcaU\x0bR\x5c\x87\x1e\x1fJ\x1bpg\
\xf1Y\xf3\x0d\x92f\x00'\xc2&\xa5\x14\x89\x9ePp\
<\xa0[6\xc0\xaa\x93l\xf6 \x22\x8d)73:\
\x8e\xac\x94\x94A\xf8\x90\xca\xb1E\xeb\x95\xde\xb5\xad\xa3\
(\xef\xc5u\x98\xea\x8a\x0b\x09NLp\xb3\x80\xb8W\
\xe9\x89?\x9c+E\xce\x01\xc9\xaft2\xd7!\xfb\xb3\
{\xdc\x87;\xf0\x046\x07e'\x95/\xe3 .\x0d\
A\xe5h\x88Q%\xc0\x08|\xaf\x1a\x17\x07\x7f\xe7\x15\
3\xe3\x80\xce$\xafto\x22\xdb\xd7\x0f\xb7\xd7f\xca\
Z\x0b!\xd3}\x84\x5ch\x5c\xa0\xed\xf8\x06s\x13\x09\
h\x07\xe5\xacEO\xf6\xa9\x8a\xe6?\x9fZ\x00\x99a\
\xe6\xd2\x16f\xb7\xc3\x04\xa3\x8f\x99\x01h\x81s\x0bm\
\xf2\xd8\x10\xc9\x7f\xc7\xaf\x13K\x0d$2\xd8\xf1\x1fs\
P\x17\xb2\xf3\xf2\xae\xa6#\xe29Y\xfd\xd4\xa4}B\
\xc8.\x8c\xc3\xf0St\x13\x124\xa4:0\xe7\x9d\xf3\
~#\x07\x12W\xd8\xb2\x89\x18\xcd=\x1d\x86\x0b\x8c\xfa\
\xbe\x9b\x01\x0b\xf3\x82I\x1d\xf7\x80\xf8z\x0fW\xd0\xb8\
\x11s#\xcc\xff\x1a\x8d\xcd\x81+\x97\x87\x8b\x95\xfb>\
\x9f\xd0h\xe1\xde\xedP\x5c\xb4p\xf7\xd6\xb1\x90E\xaf\
\x0e\xd6\xa0\x10q\x18\x0e\xb5\xc6\x81\xdaa*\x83\xaa2\
\xe4\x03\xbb\x04\xb4u\xbf\xd35<\x0aN\xb4\x08\xf3~\
\xbc\xf1l\x88$K63\xe5\x90+\x13V\xd2:`\
\xf6\xe6\x1f\x03\xa7\xe6mb\xef\xf6\x01\xfb?PGP\
\xb8\x06M\xc4\xde@I\xea\x06f\xec\xc1\x01\x98\x0eu\
\xa06u\x85\x97 e\xc3\x926(\xa6!\xb5c\xba\
\x90\x92\x03\x88\x83\xa1\xba\x0fTs'\x22\xda\xa57r\
P\xab\x01*\x8e\x7f\xc7\xa5\x8d\xd9\x13\xd6\x02!\x0c+\
\x11\x99\x1d\xe28\x0f\x22_\xeb\x8c\x83\xfa\x95X\xb29\
\xf8;S\x05\x10\xe8\xe2Wc\xbf\x16(\xd4N\xc8a\
\xe0\xe0M\xf6\xc1\xe3\x1e\xbf\xe1\xcbR\x12(\x98\x13,\
\xf1\xf5\xdf\xde\x80)\x81T\x84\xdfa\x8d\xd5?\xa1n\
\x14\x83\x99\x17hv\xbcF\x8aXz\x0e\x93\xdd\x9a4\
\xd9\xb2H\xb5z\xa9\xb6E\xef\xd7Tk@2t\x8d\
\x16\x8a\x16$\x9bF\x96/\xe6\x8b\xcd\x82{\xe9\xfb\xf4\
\x7f\xee%\x10\xa6\x99=\x84\x8c\xfbt4\x01d\x82$\
\x9a_d\x93p\xd7wJ\x00\x10\x07q\x12\x81\x98\xe6\
\xea\xf1\x05^!h\xc2\x8fK\x87\xc8 \xcb\xf2\xf0-\
\xf0OW\x19\xae\xde\x15\x9e\xd00\xbe\xc9\xc8hIb\
\xce!\x85!4#@\x95\x06\x22\x1d\x02|\xcc\xb8\x19\
\xc8-w4\x0e\x93Y\x9b\xf2\x17\x96fz\x932\x15\
91@Y\x86'@1e# \xed\xb8\x91\x81\x9c\
\xd4A\xa2\x01\x03b\x04\x1fC\xa8szy\xf0$j\
X<a;(\xdf!\xe7Q\x17\x1e\x8e\x98\xeb\x85Q\
\x064\xf0\xc2(\x07y\xb4\x81\x8e\xbe\xae\x19\x96\x1d\xaa\
3\xd1\x97W *\x1c\x0f[\x03}\xc4O@\xcdn\
\xe1%\xaf\xa0{\xae\xd2\xe9l\x07\x07\xde~\x07\x9f@\
\x04\xb2\x16\xd1\xe5\xbe\xcc\xf20\xae c\xe6J\x17\x13\
\x04\xd8<\xa2\xf2\x02\x8c`\xb4\x11\xea\x02\x029\xc6)\
\xea/\xf7\xd4\xb5Z\xe1\x89mLb=\xc2?\xb1Y\
\xa1>q|\x1dj\xa9\xf4/k\xb3\x03\x5cs\xc7\x12\
\xdf\x04\x869\xca(z\x01\x1d\x1b\x88lM+\xech\
\xec\x1d\x09\x0f\x1f\xcaq\xbe\x9c&\xc3\x8d6\x03\xd88\
\xea\x5c;\xdf\xc1\xab\xac\xb7\xc9gj\x92>f2\xa0\
<\xef|\x9f2\x07\x1eW\xe9\xa1\xd1\x90\xbc0+\x91\
\xc4\xb3al{\xf4\x22\xc6\x9a3\x8aMEY\xa9\xa1\
w\xd8\xb2\x02\xc6\x91\xed\xcc\x05\x14\xd8g\xbe\x99\x0a\xbe\
\xcb\xe1=\xe1#f.nV\x12\x19\x96\xb9\xe8\x93\xdb\
\xb6?\xdf\x90\x03T\x0c\x9c\xaf\x01\x1d\xee\x19e\x965\
\x1c\x1e\xd0c\xfe\xdfs\x5cs\xd3\xf8?\xe6\xb3\x16\xee\
C\x03\x1f\xb5\xeb\x11\xcde,\xfaVP\x98\x96\x11\xdc\
\xb0\xdd\x88\xdf\xc0\xb1\xf9\x82\xaa\xaa\x01\x0a\xd6m\xb0\x04\
\xc1\xa2\xa8\x04:\xe9\x87\x17\xf6\x9cf%\x83\xe1>\xa3\
)\xdc\x9f\x06\xd2g#g\xc4\x0c/\x8fWIR\xc5\
V\x18\xf6&%\xc0\x0c\xfeg\x91\xcc\xc2%XND\
G\x0d\xe6=\x0b .c\xb8`\x933\xd7\xc9(\x0b\
\xb9\xf2s\xaa\xa9Y\xb3h=]M\xd5\x15ia\x80\
A.'wv\x05.\x1b\xef\xf1\xa7\xe5\xaa\xbd\x22\xd3\
\x1b`\x918\xd4\x90\xb7\x05\x14-\xcf\xa8\x01\xe2\x94\xe5\
\xa5xA\xc2\xca\xf6,\xbc@(Z\x99Xl\xfbq\
\xad5\x19\xd8\x9f\x9d\x96H,\xf0\xab\xed\xc8\xa8\x12\xf6\
8g\xbdy\xe1\xb6\xfc\x9d\xe0\xb6J\xca\xba`\xec\xc4\
\xaf\xd1\xccw\x1f\x8b\xb2\xa8)\x80\x97\xbb\xf1\x8b>\xa0\
\xa8/\x98?_J\xd1\x07C\xac\x10y6\xba~\xbd\
p\xafi~\xca\xa0\x7f\xaf\xdb\xd4A%\xc0;Z|\
\xce\x00%\xb4o\x05\xee\xcb\xac\xf9\xa16\xbe\x5c% \
|\xc6\x97\x1d\xca\xe8\x16D\xf7v\xd7\xca\x1e\x01\xc7c\
\xc5\x18\x8a\x86-\xef\x81\x0d\xcb\x19A/\xa8\x8c\xf8\xeb\
\xcd\x5c5 \x8e\xef\xad\x967\x93Z;!}\xc4\x0a\
B|\x1fV\x9f'\x80r\xb4OF\x082-\x86\xaf\
3v\x18\xfc<\x1e#\x14lK\xabC\x9e\xfe\xcd[\
a\xa10s(,x\x84Af`w\x03\xc8\xbd\xe3\
Xm\x00J5\xb3'\xec\x04)O\xecH\xd3\xa2x\
\xd3V\x09\xe9\xba6\x1d\xd0\xcc\xdb\x99o\xcbd\x0c\xd3\
b\xd5\xed%\x86\xe6\xee\xef\xb9\xe8'@\x08S\x87+\
\x87yg\x0b\xfbw\x00\xcb\xb6\xf3\xa1E\x0e\x86?8\
\xcc\x18\xa5u\x7fB;~\x85\x98&Y\xb81S9\
\xc6\xd89\x01h\xdc\x00\xdd\xbe\x01\xc4jEN\xc4E\
\x82\x94B\xd1\xd9\x93\x85\xb2P\xc7\xf0:\x10`\x8eg\
5\xb3\x86\xd1\x16t\x17\x1f\x87\x8dS#h\x09\x22\xd9\
\x065\xff\xa5\xad\x97\x8e\x1c\x9fQ\xcc\xe1-/m\xfd\
A}\x80\x8b\xeep\xd6E\x88\x1d\xe5\xab\x0f\xaa\x0b\x98\
\xfc\xbe\xd2x:\xe1\xc6\xf3\x82\xa8?\xc2\xc0\x11G\xc5\
\x8c}K\xd8@\xa7T:y\x017@C\xdb\x99Q\
2#\xd8<\xe3\xed\x86\x1eT\x92\xdb\x09b\x8a/o\
\xfb\xd9qU\xbba\xab}\xcc+`\x85\xc8\xaeY\xf2\
c\x84/\xc3\x1f5-]\xa3+sC\xccF\xd5h\
\x0d|\x9f\x22\xef\x81mD\xaaGs\xd6\xe8\xa9ac\
\xa3\x1a0v\xf3\x95B\x12\xa3\xaa\xab1\x91T\x0f\x09\
-\xae!\xb0\xe85\xae\x88\xedP\xe5a\xa6\xfc\xf2L\
\xb2z\x8d=\x00\xb2r\x87il\x04\xed7(\xc0d\
\xcf\x07\x17v@xf\x82{\xbe\x8b<\xfa\x10\xa0\xd6\
\x9dn\x0d&G#\x17\xc5\x80\xcaN\x85\xa9\xe4AY\
 \xff\x0a(\x029\x0e\x8f\xd0\x08S!\xaa\x9c\xd7\xc9\
\xc3t\x88Q\xd7Q\xe1\xfa\xfe\xdfJ`\xca\xcfd\xd5\
\xa9\xa4\x8c\xc1\xa0:\xd2\x16\x19\xc8\x19\x8c\xb0\xa8\xeed\
\x11\x95\xa1!\x16;\xb5\x8e\x80\xb0\xa6<\x8a\x08DZ\
&\xf8\xef\x0b\x83\x9cyt\xf9\xdc>k\x86\xbfhM\
4\x90\xaaN'&\xc6)\xd9\x22\xdc\xb9\x1c\xf9f\xc2\
\x9d\xc97\xd3L\xd0\x1e\xba\xd8\xa3\xadI\xae\x9e\x02N\
\xb0\x0al]\x87(\xf8qO21i/\xe0}\xde\
\xa1\xa4\xb1\x00\xa4\x1d-L$P\xbd./\xf3\x88{\
#\x9a\xd8J}\xdf\xfe/\xf3\xc9\x04m\xc8?lP\
\x9a\x11\xc1\x8fg\xe0]y&\x08t\x89\x0f(.\x97\
i\xbb\xb1\xc9\x86\x80\xa7\xde]\x15\x87\x99\xe8\x0c\xa3\xda\
\x1aY\x83\xb2Y\x09\x8e4\x9d\x84\x86\xfb\xeb\xffD\x98\
\xbdi\xbd\xe00ea&\x07\xc6f\x9d1\xa5\x94\xdc\
$GRt\x85\xdf\x03Z\xd9\x87\x15\xd2PX\xfd\x15\
\xc1\x8c\x10\x0c\xa0\x09\xaf\x94,\xc89nM\xe3\xf0\x18\
\x9a\xff\xc5\x03n>9'\xe7\xf3h\x01\x7ff\x8ay\
hm!p\xad\xa8k \x18\x09\xb1\x81\x10?\x8d\x85\
\xf6\xf3\xae\xdd\x84\x1f\x10\xfb\x1d\xf5S:n}\xcd\xbd\
)6\x8b\x10I\x07B\xde\xa6\x92\x81\xa56U\xc7\xd5\
D\xd3*\xb3Sjj\xba\xd7\x90\x03v\xf7\x09D\xfc\
\xa0\x12O\x22\xc0\xc3J\xba\xd2p(\x01\xfa9\x05\xf0\
\xc71(w\xb2\xa2\xe1\xba\x13z\xe41/\x9c\x03\x22\
\xe1\xfa\xdd\xba\xcc\x9e\xb4\x17\xf6:W\xd9\x19a\xa3\x03\
\x89)\xdc\xe1\xb0T\x93\x00\x85\xf9_&\xb3\x08d\xd0\
AZA\x9e\x03 v&\xdc=\x96\xa5\x98N\xc0\x0b\
\xe4~\x1b\xee\xba\xc6\xfd\xc2\x9c\x83;;#V`\xcc\
a\xb1\x14Z\x84K\xb7\x0c\xd3#\x124\x11\xb8\xeb\xbc\
\xf3\xd3t\xc5\x5c\xc7\x8c\xe8<\x8e\x14\xcc\xca\xe6\xf43\
\x02\xdcTz3\xaaf\x0by\xd8\xf5\x81C\xea\x0e\x91\
_\x8b\xbaC\xe4\xd6\x09\xec\xb9m\x81Kp\xebq\x18\
C\x80\xc8\xee`\xf5\x19\xc1\xfc\xde\x9d\xbdH\xabwc\
\xbbi\x89\xd5\x900O\x8d\xb9\xcct\xd7\xf5\xee\xbd+\
\x1f\x88\x1b\xed6\xfa\xfb\x81\x11\xe9\xf2\xa0\xda\x1f\x16)\
6Np\x83\x891\x8a%\xeca\xb5\x90\xb8]UX\
\x80\x1c\x09\xa2\xd2}\x9bm8\xad\x84\xf8%\x03\xaf\xba\
\x89\xf4\x9a\xf5\xb6F\xa5\xffp\x19f\x82\xcfb\x053\
\x188\xceH9k\x94oH\xfd\x0coWY\xa0z\
\xa4\xd5\xe0\xffw\xa9_\x82\x07\xf8+|\x09T \xb9\
\xb93\xa0\x04l\x1bU\xa9M!\xca5\xac\xf2\x19\xd6\
M\xe7\x0a)\xfa\xf5DP\xec\xf7\xe2\xca\xf8:f\xc6\
\xa6\xb94\xd6\xa0^\x0b\x0cpH\xe8\x00y\xe6\x1bp\
\xfcm\x0f~@1\x97 \xc8\xdd\xfe\x0f\xd7s\x13\xc8\
S\x17{Q\x0f\xcfn\x08\x07kz\x07\x0d\x9fY\xaa\
\x1dt\xce\xac'\xf2\xf9\x00\x93!\xb1u\x0dW\x96\xa7\
D\xd2#.5\xeb3\xd8\xf4\x83'\xb6\x1e4\xba\xa0\
\x8f\xf3\x7fS\x19B\xe0e\x1ay\xec\xd0\xc7\xcb\xb0\xfb\
\xd2\x0aX^W\xb81~^\xf5v9\x9f\x001\x17\
wy\xbb\xc9.\x80\x9f\xe9a\x89\x8b\xaf\xef6\x02\xc1\
\xf5\x8d!\x0c\xd4\x1b0ls\x02\x97\xc4\xd3\x93\xdc\x0b\
\x81\xe3\xa7$\x87\xf9\xfaF\xfc\x7f\xb9J\x86\xc0xG\
\xc8U\xc8\xb0d\xb6\x9ci\x05#\x09\x03n\xe0\x96H\
\xafC/\xc9\x90\xa35\xb9\xb68\x96\xf7\x90\xa2\xb2a\
\xc3\x88\xafY\xf9\xde\x96v\xee\x09G\xdc\xe7\x8c\xe0\x97\
\xb5\xdd\x02\xf6\xee\x94\xf0kT\xa4\xf4\x90\xd2+\xadm\
\xc5\x06\xfe\xfa\x90d\x1e\x8d=\x09\xc7y\xbf\x1b4\x85\
\xca\xf6\x85\x80\xc6\xe4\xc3\x03\xd0\x91\x11L\xd5#,\xa1\
1#\x9e~\xd7\xa0\x99\x8a\x9c\x1cf\x1e\x00\xa2\xed8\
Q\x22\xc2P\xcdl(\xcf'd3\x06\xe7\xf9\xbau\
\xee\xd1\x9a\xecV\xaa\xbd\x1a`K\xb0\x09\x98<\xdd\x85\
\xa3\xeb\xf1\xd3Ml*\xa6g\xc1r\x87\x9fO8\xb1\
\xee\xae\xcd\x8c\xbc\x03\x01W9\xc6\xf469\xa3'\x06\
\xa8P\xe5\xc2\xfc\x22\xa2\x90\xb3\xea+*\x15\xfd\xc0Y\
=\xc9P\x0e\x7f\x09\x8ffc)9\x9e?\x0b\x0d\x14\
\x10NN\xe3\x92=z\x19%Hdy\xbd\xa3\x99i\
\xf2\x94@\x9a,\x8f\xce\x91R\xbc\xb1<\x1c\xe8\xc3;\
D$\x8cL\x9aZ\xfc\xdc\xc2br2Ip\x95\xbd\
\xb0F\x89\x14}@\xcd\xa9\xa0\xe5<\xd4\xd1\xac\xf4)\
:\xfe\xfd\xd0\x00\xb0\x07M\xc5\xe2\x0c\xce\xaeSX_\
\x11\x9d&\xb8iN\xdc\x83\xa2\x9e\x02\x87I\xa2\xf0}\
\x92\xa8\xcaa/\xec\x9a\xa1\x8f\x93\xf2\xaf\x8a\x8c\xfe\x95\
\xca]IJU'yX\x97\x7f4Z\x98\xd2\x92\xe8\
W\x97sM\xc9c\x87d \xf1ifw\x00=0\
@\xd8\xbbK\xd9WN\xad\x1e2\xe7\xf7\xc9\x9d\xf6\xb6\
\xa7oR\xd2\xfa\x01E'\x0c\x83\xfc\xce\xf2\xd1\x05\xff\
$Gh\xce\x1f/\x95\xe4\xbd\x1f\xbbpC\x8f\xc0\x10\
Tf\xf1Q\x82l\x89\x82!\xc3x6=\x02\xdc\xd3\
S\x5c\x90\xdd\xa8\x89\xc5\xb9\x99>>\xce\xbfuKM\
G\xd1\xef\xb8:\x92\x1b\x85\xe3\xb9!\xf6 \xc3*8\
?\xafW\xa1\xef\xb6\x90\xec(\xfc\x1b*z\xb9\x13\xd9\
0\xda\xb5\x11^\xec\x8f\xefL3'\x0f\x1f\xda\xeb\xf1\
\xe0\xa9\x8e\xb8\x91`[!\xd5v\x98\xca\x5c\xe6K\x9f\
\xed\xbbu\xdb3\x1f/\xf5#\xccK,\xfa\x5c\xacl\
3\xabe)\xdc\xd2\x1a'/\xc4\x9d\x99\x14b1\xed\
%\xa9\xdat\x1e\x9cW\xadQ\xb6\x00\x22g\x22u\x81\
L\x0a\xc4|7R\xf2\xcc%\x0c*\xb6\xcc\xa7$q\
\x04\xac\x99\x95\x7f\xa5i\xeb\x04/\xb8TE-#2\
\x9bz\xc2\xd3\xa9\x19^%\xa9`\x1e\x831X1\x0e\
;,V\x0cC\x92\x1a\xb4~\xc3T\xed\x81\x94\x00\xf3\
\x22\xdf\x1c\x12\xdc\x83qk\xe1^6g)cop\
\x8eZj\x04M\x09\x8a\x8f\xa7\xc0\xa6Y\xce\xa8\xf3\xe6\
'\x1f\x88\xea\x98\x95\x9cQ\xd6\x00\x9bnA\xcd^:\
\x04\x99=!\x22k[\x9b%\xc5N\x10\x0b\xb8>@\
x\xfe\x9a\xb6\x96fIS\xfb\xfc\xb7\xb1\xd5\x95\xad\xbc\
\xf7\xae\x93\x82^\xc4?\xd1h\x08\x8a-\xbf\x97\xdc\x0b\
K\x1c:\xe0\x19\x91\xf4\xaaAY\x13\x06n\x8f|\xfa\
9\x18\x81\xe0l3\xe5)\x83\x9c\x15p\x98hA\x06\
w\x84\x13\xe9\xe3\xcd}\xc0B\xa4\xf4\xb0=\x00,\x14\
\xd4\xc3Aa\xec\xbc\xb2O9\xd6C\x93\x80e\xeeq\
)\x7f\xee\xa6\x95#\x1dt\x9c\x93\x0e\xba\x0cgiJ\
\x9d~\xa28\x93H\x5cvH\x06e\x8e\xf4R\x1c\x1e\
\xa8'\x86\x05`\xe5$5R\x15\xc2-\x8a\x9a\x06T\
]\xf6\xd1\x1b\xea\x0f\xeeg\xe3|\xc8\xae\x89(\xb9H\
\x5c\xe0L\xf6\xd0\x17\x85U!\x10$G>\xcf\x93\xe4\
\xb8\x0d\x18CD\x92\xd1\x98\x90\xe8H;\x16\x9f\xea\xe5\
\xcc1&\x09sL\x12\xc2\x91\xe4Tw\xa7*\x82\xc2\
\xa2\x0c\xfd%\xd2B#I\x88$\xd9\xe5Z)MW\
\xb2\x95\x99-W\x09<\xa7\x1b&\x8f\x1e\xe43\x0bz\
iT\xf4\xca`lU\x84\x1a\x0b\xb4b\x00\x9f\xa9\xa1\
p\xa1\x95N\xef`}\x1aY(\x8a\xd1\xcb\x82\x84e\
!\xde\xe7;l\x7f\x87`OI\x90\x96\x17\x22C\xc2\
\x7f\x92 %\x82\xae\x81\xcd]\xed\xe2\x1f\xb5!y\xd8\
b\xb9\xb7\x8e\xba\x04?\x1d\xc4\x9eA\x03\xc1r\x18\x8b\
\xa6*\xcd\x1d\x91\xd2\xa61\xa8\x82\xe8i\x09\xe5mL\
%\xa1\x90J\xaf\x03J\xaa^@\xb3\x8e\x90\xea\x05f\
\x96M\xe2\x0b$e\x0f\x04b!\x01\x19\xdfz\xbd\x19\
\x0a\xf3h\x8b\x98G(\xda\xe6\xad\xf0L\xf6\xe6\xe0\xbc\
\x7f\xac\x85\xa9?\xf9\xe6\x13\xba\x1d\x16\x87>LM\xcd\
QA\x0b\xa3C\x199g0K\xfb\xc2\xc4\x8f\xc5d\
\x88\xe7\xa21~f3\xb1\xc5fI\xdc\x06\x11*f\
\xbb\xa2M\x92Y\xc5L\xae\x9a\xb6\xf3\x8d\xf3\xcc\x0bo\
\xdf\xb68\x17y\x82\xd9g\xbc\xfd\xda\x1b4\x179\xa3\
\xe1\x84\xbd\x84\x9aV\x15\xdd\xae\xb5f\xd7\xd1\xf2!s\
-%-\xe38yQN\xdbJ\x8c\xe8\xa6\xeb\x9d\xe5\
\x8bTx\xaf\x1b\x1a\xbe\xc7\xba\x9djU\x8el\x9em\
1X\x8eJ\xb0\xb0\x9b\x84\xfb\x94\x1c\x0d\xbfOq2\
\xd3\x1cg\xf2\x16U\xbe\x94\x14\xec+\xbe\x1b\xb8\xb6\x8f\
T\xbb\xcc4R\xd2\x00h\xd5\xec\xc1kw\x05\xcb\xd0\
\xe5,\xb7\xcc\xd1\x14\x1d*o\x85\x96*\xb7B}G\
^\x11\x9c),M,\xa9\xa4\xf1D\xf4\x84\xaaX\x8e\
\x0bi\x9a0\xf2D\xb2w\xd8\x04\xa3\xc3\xbeY\x01\xdd\
\xaf\xacY\x95\xfbu\xc3R-\x9f\xfc\x14\x16\x88\xc7o\
|x\xc6\xd4\x04\x961%\x90\x18\x01\xf2\x0cP\xa1\xb1\
\xe5\x063m\x83\xf8\xf1\xb3\xc1\xabq\xe0\xadWz\x81\
\xbcm\x12@\xad\x00\xb1\xab\x13\xae\xb5w\xeeC!\xa0\
\x1d\x1f\xaa\xce\xb4\xb3l\xc3\xed\xee\x0c\x87\x9d\xa7\xba\xa2\
a\xab\x11\x1eVZ\xdb\xd9\xe6[\x85?\xb3*\x99E\
>\xadp\xf2\xab\xfcb\xeaa9\xb7y(t\xb3\xf0\
\x16\x12w\xbe'\xfa\xb5`\x19+m\xaa8\x8b\x5ci\
\x1a\x90mg\xcb\xa2\x8fb~^\xfb\x176\xda\x1e\xd1\
\xa3\xf9w\xaa3\xefC\xea%[\xe1\x0c\xdaO\x1c\xa9\
\xbc\x07.8\x8dY\xc1i\xf4\x9bF&-\xf5\xe2'\
J#&\x94\xfd\xb1,\xf7\xb3CH*\xac\xe1:*\
63Vo\x08he0\x13\x07\xff\x17\x09\x1d\xce\xe5\
\x9f\xed\xd6\xb2YN\xd8\xd2\xe1\x87\x93j.\xf8\x9f\xba\
\x9a\xd8\xa4\xfb\xad\x0f\xcbv`8\xba1\xd8Ths\
'D\x86e\xbb\x92u\xe8\x85$\x00Lc\x06\x8b$\
s\xd5fH\x05\x81\x5c\x1e\xf2\x9a\x90B8\xdc\xd1\xfb\
\x01\x0be\x8a\xdctD1\xde!L\xc9w\xcd\x05^\
J\x15\x1d\x18\xfb\xec\xb0\xb9\x84\xe8<\xf8W\x22\x19k\
tg\xa0\xb8\xa3l\xafa\x81\x8e\x98\xcb\xa6pn`\
\xcda\xea`.Kg\xd41\x88\xb1Yf\xa8\xa3*\
\xc07\xbcZ]d\x05XJ!\xdb\x85\xed\x85\xf8\x07\
\xbc\x89\xf4\x91\xd3.\xbe\x18<M\xd4\xc4\xae#\xfcQ\
\xe0p\x97p\x0b\xed\xf1M\x97\xfe\xdcC&\xd7\x93\xc5\
.=\x01O\xa8\x87`O\x0f\x1b\xceG\xa2\x8e\x0b-\
\x82\x88\xb5Q>\xb6$h\xba\xa5\xdb\x15f\x10\xa1\xa2\
\x81\x93\xfd\xe0\xb1Ti\x99\x823\x0bL%e\xd8n\
\xea\xa6D\x0c\xab^\xadDw^\xb5n\x85'\x85\xbb\
\x88!j\xa1\xc7\x03\xa8\xe2\xd7\x84=&>PNX\
\x92\xc6UX\xcbf/\xad!\xc7\x87\x83\x95\xb4\xe0\x8e\
a\xc5\x86\xfaQ\x92\xe1\xcf\xc7{\xd1\x96\x04L\x97\x13\
\xb2\xefB\xc0Y\x83\x1a\xd3\xf85.kP3z}\
*|\xb9\x97i\xe9}\xb7\xc2\xb0W)\xa2>z\x07\
1?\xa7\x5c\x83\xb0'u\x9bD\x1c\xa3\x0a\x8e!\xa8\
s\xfe\x14\x92$S\x00\x83\xd1\x14\xbc\xf5\x84\x8axt\
\x1b\xbdQ2\x0c:\x85\xd1D^h\x9c\x07\xab\xa4/\
5\xd6\x12\xd1\x8bb\x8f\xf8.\xb0'\xf8\xadl\xd5\x13\
&1\x8e\x81\xe4%\x0f\x03\x19\xb0\x87\xf0[\xe8n\xe8\
\x07IN!V\xecd&\x01\xc7\xdc\xb1v\xde\xf2\x8e\
\xb5\xd2Z\x9c\xafW\xbbZ\xd5\x00\x91\xe8\x93\xc1\xb3}\
\xe2Y\x9e\x85\x189CA'Y\x95F\xf6\xca\xe0|\
c\x8e\x9a,\xdaxKZ\xf5\xb4\xac\xfap\xee\x13\xb8\
VA\xed\x22\xca;\x92tC\xa5\xc2\xe4\xd7:n\x0a\
\x8e\x836<\x93\xba\x8f\xa0\xa0#\x8f\xe7\x8a\x07\x91\x98\
M3C\x966\xc8\xbev(\xa3\xbf|IX\xe6\xbd\
\xff\xa5\x0c\xef\xb2\x1f\xe3\xa4\x84\x0a\x024U\x92p\xc1\
\xc2a\x1a=\xe7\x10?V3\xd522fB\xa9\xc3\
\x11\xaf\xa627\xc9\xea{\x92/0\xc9\x14\xcaP\xba\
[\xfdp\xe0\xfd\x95\xec\xae(\xea1\xc5F\xad-\xec\
\xdb^\xa1\xd8\xa3G\xf5<\xc3o\x82\xe1\x7f\x82\xa96\
\xbcQ\x81\xaf\x07\x14\xfdTg\x8aPn\x9a-\xe9\xb8\
2=\x9f\xa33wO\xb9lp7P5\xa5\x11\x9c\
\x87\xb0EJe,\xcc\x1f\x81\xafHN\x85!\x9a\xa0\
\x80S\x0bH4\x0d\xf3B\x92\x07\x8d\x84MZ\xc9\x97\
\xf3\xc9\xa1\x92\x07\xb9\xa2\x1a\x1a\x9c\xb9\xdb*\x1c\xcc\xe3\
\xb8\x22\x99\x8c\xe2\x06lr\xf4\xd2\xefQq\x18h3\
:\x02-@\x0b\xbc\x00`\x0aK\x1aR\xed\x01\xa9\xf9\
\x88\x05\x0b|&\xc5\xb6\x08\xc3Wi\xa8;ti\x0e\
\xd1_s\xeb*\xf1\x8e5V\xe0\xd3[d\x1b)\xbe\
\xd9\xa4aE:Z\xd2\xaf\xcd\xeaYH\xb1\xfc\x09\x1e\
p\xd5jY\xcf\x00\xe4\x10\xff\x0dN\x8a\xa5<\x14[\
\x0bd.\x9d\x14x\xa7)R\xfe\x01_\x1d\xbe\x0c\x0b\
\xab\xe0\xdd\xe6\x1e\xf5\xe6\xad\xc9\xfck\x07\xdb8>\x10\
\x0c\xb7\x12\xc3\xb4g\xd1*~\x12NH\xc2Hg\xf4\
Z\x09l\x9cI8f\x9a$\xb6\x86\xc9\xa2\x9cxD\
0\x0bW\xf0\x0a\xf72)\x15\x8b2rT\x5c\x17\xf7\
\xccZ\xb04\xd5>N./\xf3m\xe2\xa9u\xd1\xd0\
\xafn\x13\x18\x0a\x91bq\xf9*\xbf+~\x191T\
j\x1c\xc9\x0dwM*n\x90\x9c\xc7\xc1\xbc\x9c\x01\x8f\
?\xef\xb1:c3\x01ph@\xa5\xf1\x11\xb8\xd2#\
V\x9c|\x82\xc0\xe2\xac\x95\x88G\xa2\x22D<\x89\x19\
\x97Bb\xde\x1cid\x8b\xd4\xc0\x87\x89\xb8\xa3\xc4\xf1\
E\xf0\xd2\xf4\xda\x0d\x1f\xb2\xf1\xd9\x83F0{\x90s\
/E\x5c(\xcf\xbd\x14y?\xa6FZ\xdf\xc57\xc1\
+\xd64u\x86Z\xdc\xa7\x0b\xc9~\xd9\x0d\xe1U\xf4\
i\xf00\xa2\xf0M\x06F\xd9^\xb3\xa4\xefe6\xc7\
\xbc\xe7\xf9\xee\xf3\xb2\xe5{\x97\x89L\xd5o\xd7\xc4\xb8\
\x9b\x92u\xfc\x84^\x88\xc9\x1e\x8d#\xceB%4\x95\
\x0b?\x8bn\x06\xf7?\xcd\x15L\xa5E\xed\xdeg\x04\
\x81\xa6ylr-\xf24\x9c/\x81\xdea\xa7l\xe4\
\xa5My{\xd2\x057\xbd\x1bu\xf0O\x95Y\xd6\x10\
6\xf9\x00W\x87\xe9\xcc\xb5\xd2J\x02#\x09,r\x93\
\xa2\x93x\xbe\xae\xd5\xdd\x1d>\xb3\x8d\x90\x07\xb9\x03J\
\xe5d\x9a9\x99S\xad\xbc\x08\x04\xb6\xecc\xe6\xff\xac\
\xb6\x17w\x95\xf2\x11\xbd\xa4\xbb\xe9},\x11\xdb_\xbf\
\xd7\x17v\xcf\x89T\x07\x86\xad\xc4{\x85;\xc5\xc8\x1f\
\xd9g#c\xe3\xfa\x9e\x16\x89\xd2\x17\xc5\xa59$\xc9\
\x8cU\xac\x14\x0a7\xe8,\x1e%\xe8d\x1c\xd3\xa1\x98\
pN)\xe2\xe5\xc4U-\x05\x88WG\xc4\x0c%\x03\
\x15\xaf$R6V\xf6\x89Y\x5cq\x92\xdcd\x16 \
\xf8\xbd9rH\xfdO\x09\xc6\xc9\x90\xff\xd1h\xc3a\
!\xa1\xa2\x89\x85\x03\xd9\x19S\x87}\xeas\xfc0\xbd\
.\x99\x966)\x0a(\xed\xd8\xa1\x83\xe9\xf7\xea\xcc\xea\
L\x07\xa8%p5-.\xfbg\xd4\x0e\xcc4K\xad\
Q\x5c,\xf3H\xc1\xb8\x0e\xd3\xc0\xc6\x81(\x07\xe6R\
\xce\x03\x9e\xcd\xa8\x11\xb4\xf4\xf1\xd6\xb2\xb1\x87\x1f.5\
\x1a\xb6\xd4\xd0\xd1J\xec\x12\xad\xcd>S\x15?\x88\xdf\
\xaa\x9b\x1d\xf4.\x1c\xe8&f\xde\xf5\x81_\x91\xd3\x1c\
KoA\x03\x1c[k^\x83\xee\xca\x0d\x1a\xc9}\x1a\
I\xbe\x8bC\xe3vl\x03\xc7p\x03vc\x0a\xf6\x15\
\x1c\x92\xb3\x93\x5cm^\xffN\xee\xcc%M\x0a\x19\xce\
\x0e,m\xa1`@u\xa1\x08\x09(\x09\x16\x0dB%\
W\xae\x902\x8c\xd0\xacX\x9bp>R{\x98\x89\xf4\
\x88\x9c\x88\x91c(bfhg\xa4Uu\xe3q<\
\x03\xc3L~\x0a\xbc/\xb3\x16~\x92:\x15M\xc5$\
\xc0\x1f/$\x06\x9d\x04\xbd\x1ctV\x0e\x8b\x10\xfd\xc7\
\xdb\xf2\xf3\x95\x0b3L\xb8\xf7\x86w\xf9\xea\xfer\x0c\
\xee\x0c/$\xc6\x0a\xfe\x9d\x15)O\x86\x15\xa9\xfa\xf8\
\xd6F\x99\xd9\x9b,\xeaNu\xc2x\xdd\xf7\x0c\xb2\x07\
\xc6.\xc19\xeb\xaa\xa9\xd0\xd7$\xe8C\x06x\x99T\
\x9d\x1ar%u\xd0j\x0d,\x09\xb1\x07\x0c\x02\xf1\xb2\
W\x7f\xe5\xeb4D;\xff\x0e\xaf\xbc9|\xe5\xc0\x9c\
\x1d\x97\xc1h\xf7\xe0\xb2\xafp\x0fv\xe6\xca\x0f\x09Y\
\xf9\xf6\xae\xf9\xb0H\x17\xba+if\xf7<s9\xd5\
 dJ\x8e{\xb9\xd3\xf1\x8d\xfb\xd8xg\x88_{\
t\xe3\x8c\x17\xc6\xe9\x22nla\x90\xc9$\xad\xcbd\
\xd1fTp\xf2\x0b\xcde\x04\xc8\x0a\xc3'i\xcd\xc9\
B%\xd3\x11\xa0\xc6\x12PY\x14\xb3p\xc5\xc0\x0f\xa6\
\x8a\x80qdy\x9f\x89\xb5\x83\x09\xb36\x7f.\xbe\xc5\
t\x18>\xbb\xd0\x0c.\xc5\xab\x1b\xd4\xc3\xae\xacjD\
%\x01\x82\xf3\xb9\xba\xdb\xba|j)\x86\x93\x09\x22\x86\
o\xee\xd0\xd7\x0c\xf0\x9d\x95\xd1\x87A8\x8aXJ\xc4\
\x82\x13\xb7\xc9\xef\xfa\x89H\x87\xcd\x06\xf5\xcc\x0a\xcaq\
\x1a2\x1c\x8c6\x08\xe2\xe2\x00\x9c\xa1TK*\x88X\
);]\xdf\x8f\x03\x1a\xea\x13Fj\xb6\x8f\xff\x89{\
\xe8\xd9?\xb2\xcdn?t\x00\xda\xdf\xb7m\xdd\xc0\xa6\
;\xe1\xbftK\xbdY\xed\xc5\xcf\x8a\xd4\xf6\xac\xdd\xef\
\x80\xfd\xa9\xfa\xd5\xdd\xd0\xd9\x0d\xdb*Ni3\xd9\x1a\
\xdeZ/z\x0fr\xd7iR\xb8t\xc5\x0c\xd3X\xd3\
\x04\x92\xcaE:\xfaeb\xcf\xde5\xbb\x8bZ\xf4]\
g@\x9aJ\xc8X\xc7\x81U`7A\x98z\xac\x93\
\xbc\xfaA\xd7\x94\x93-N\x8d\x96\x05L\xb2\xacpz\
\xdf3\xac8\xe8h\x9d\xe5\x07\xe2\xcb\xee\x8b\x0b\xb3\x07\
@\x9d\xe8\x1f\xa0&\xdbHW\xbao\xdfG3}\xd9\
M&\x1e\x14L\xb6\x19W\x8d\x12\xd1',\xa8\xc7\x7f\
_\xe6e_\x08A$\x1a\x98C\xd1I\x98~\xdf\x0e\
\xee\xfeh\x15\x80l\x93\xc5\xfc\x07x\xee\xf2\x8c\xaa%\
\x1d\xa1]\x98\xac\xb9\xd3'\xebL\xd5;\x89n\x16\x8f\
\xcc4\xc1\xbc'\xde\xadhJ?\xa8\x82\xa1\x13\xdf0\
j$\xa1\x0814\x8a\xd0\xa0Ya\x134$Yr\
bx\x86BB\x86\x8e\xdd\xce\x89\x05C/B\x055\
/\xd85jr\x9e\x8cIC2v\x009G7\xbb\
\xb0 \x91\xba\xec\xb3\x14\x83G\x84\x99~\x9dTb\xb4\
\xb8\x00\xed\xed\xc3\xcd|\x0d\xeb!\xc9W\xee*\xe6w\
\xe1\x90bq\x15\x19\xcb\xf1\xdd9\x09S,\xcf\xda6\
\xe5a\x9f\x84\xe1\xcfJ\x08\x7f\xe0\x0eW\x08\xc1F\x98\
\xb0\xec\x84\x03H\xf1j\x9a\x06\xcf'lh~\xe7\x94\
/\x00f\x09\xf7\xb8=I\xc2\xc1&\x8f\x96\xcd8+\
=\x90\x118#\xb4D\x88\xcf\x19\xca\x89U\x04^\xd2\
{\x83\xd0\xe7\x96\xe1\x81\xe5\xcek\x8a\xb2E\x87/\xd1\
\x22\x93\x12\xa5\xee\x05tBB\xe0\xb7\xf3P\x03\xe0\x9a\
\xc6< \xe4\xe5L\xb5_\x97T\xbf\x1c(z\xe9\xe6\
E\xd4\x22)'\xc3\xccs*\x92p\xde9\xef{\xb1\
\x94E\x09\xfe6\xed3\xb7\x9e\x82.\x17*|\x88q\
7Q\xb5=h0\xac?\xdeh{c\x80\xa6q{\
\x17\x8c\xcb\x01!\x03\xc7\x1c\xd4\x91\xa0'\x8c\xebnH\
\x0f\xe0\xd04_\x9c\xaf\xbf\x5c=/'\xd1B\xaf\x8a\
\xfb\x04\x84s_=\xaf]DjC\xce[9\xa4\xe2\
\x80\x1aG8J\xaa}}\x0ay\xcc\xc1\xb9\x91\x09\x96\
\xc1\x90\x22\x0e;\xcb\x17\x9a\x98\xdb;\x1a^Ta<\
\xf3\xaaE\xaa\x14G\x93\x0b\xef\xd7C\x9d\xabD59\
\xc3\x17\xd9\x8f\xcb\xab/'\x8b\xee\x15\xa6b\x0a\xb5\xe7\
x\xe1pV\xb7l\xf6+\xae.\x89\xdf\x16\x1aT\x96\
`\xc5\x0eX\x13>/\x93T\xa7Kn\xd7\xd4T\xa1\
fv\xf4\xf4\xd2\x9c\xc7\xc0\x9bZ\xad85U\x0fN\
.\xed\xd6s\xe4\xeck~\x8b^P\xf0\x89\x92%\xc6\
\x09\xc2B\xd0,Y\xe73\xeb:\x8a~v\xa8c\x5c\
\xa8\x84M\xf9,\x90\xf3s\x9a\xec\xa2\xe0\xee\xe2\xc2\x8d\
\xc4\xa1\xb6\xd1o\x86\xfb\xfbF\xf2\xd52\x16\xe4\xc1\x13\
\xafi\xee\xc08~\x95\xf9\x9fpH9\xec\xda2\xd9\
\xf6;\x0b\x8f\xcb\xbak\x19A\xeb\xac\xf3)\x09F\xa8\
\xb90jGj\xdd\x89\x01Z\x98uT3 q0\
\x8eA0\x11r\x02\x95\x04\xdef_1\xd2\xa2ne\
\xb3/J\xb3\x93\x85\xc8\x0cF?\x09\xc3\xf9\x9b\x9d\x80\
\x18K\xf0\xcf\x88\xd9\xf8\x1e\xb2\xcf\xc4\xa5]\x12\xe23\
2\xd8\x17\xed\x04\xab\xb0D|\x1f\xeaD\xa5\xc4i\xe1\
!h\x1cJ\xb2x\xb0\xd0\x8c7)\x22\x0a\xc3}\xc4\
\xc1\x0b\x19Y\xcb\x1eh\xf0\x99f<\x93\x84\x97\x11a\
\x83(\xd6\xf6\xff\x0c1\x10\x01\x1a\x83p\xc9,JM\
.\xf1\xf5\xc1X-\x0f\xd3\x0d[\xfa\x86\xe8\x99\xe7\x82\
\xeb\xb8|\xb4\x158\xf8\xe7\xdd\xe4@v\x81V\xb9\x01\
\xdb\x8c\x9e\xb9\xa0M7\xa9\x0aHSqh\x95\x10\xf2\
\x899\xa0LY\x04\x9f\xc8D\x1f\x15\x00\x8d\x1d\xc0\xce\
\xd4\xca\x85\xba\x00s\xb1\x08\xec\x16=\xe4q\x09\xc8\x88\
\x03bT\xc1\x08\xe4B\xd8\xf8\x81Bj^rQ%\
\xf4&\x1c`\x00\xe5\xe7\xe6\x82\x86\xbfR\xc0\x83\x0c\xe0\
!\x07S\x0bsM\xb4E\xe0\xe8\x837\xc8'\x0d\x95\
\xc2\xc7\xe1\xd0\x0b\x18\xf4.+|t\x07>\x9f\x0cj\
\xfc\x00\x1b<%\xd8J\x17+,S\x19\xa8#\xa0\x84\
\xa74\xc4\xa1\x8dw\xbc\xd3\x1a\x09\x04\xcbH\x22\xad%\
8\xbd\xa1\x85\xee\x1c\x22\xa78\x0c\x88\xb8\xf9\x16\xc7\x95\
z\xd0u6\x88Sc\x91\x9a\xd2\xce$4d\xf8a\
\xed\x15\xa4\x9bF\x91\x16\xaf\x043\xbcE\x1c!\x1b\x89\
6\xd6#\x83\xf3\x1c\x8dj\xa4\xc3\x83\xb8\x81\xe5\x11\xc6\
r\x90\x0e\xd0b\x18FF\x00^0=\xf6\
\x00\x00\xfb\xdc\
<\
\xb8d\x18\xca\xef\x9c\x95\xcd!\x1c\xbf`\xa1\xbd\xdd\xa7\
\x00\x00\x00\x05zh_TWB\x00\x00\x1cH\x00\x00\
\x05;\x00\x00\x0b\x0e\x00\x00\x05;\x00\x00!0\x00\x00\
\x05;\x00\x00\x84\x94\x00\x00\x05;\x00\x00\xa6P\x00\x00\
\x05C\x00\x00y\xaf\x00\x00\x05O\x00\x00?C\x00\x00\
\x05O\x00\x00\xc9)\x00\x00\x07\xb2\x00\x008/\x00\x00\
5\xa8\x00\x00\x0d\x06\x00\x005\xa8\x00\x00K\xfb\x00\x00\
E\x82\x00\x00\x18\xf4\x00\x00G\xa4\x00\x00\x07\xf2\x00\x00\
G\xa4\x00\x00I(\x00\x00G\xa4\x00\x00\x92\x95\x00\x00\
Ih\x00\x00\x19v\x00\x00Ja\x00\x00?\xf9\x00\x00\
Ja\x00\x00\x9eJ\x00\x00Q\xc9\x00\x00\x1f\xab\x00\x00\
S\x82\x00\x00!\x07\x00\x00V\xfe\x00\x00B+\x00\x00\
Y\xbe\x00\x00#\xb7\x00\x00Y\xbe\x00\x00\xa9S\x00\x00\
[\xb3\x00\x00_N\x00\x00_\xc3\x00\x00?p\x00\x00\
_\xc3\x00\x00\xdf$\x00\x00hp\x00\x00R\x80\x00\x00\
ih\x00\x00*\xa5\x00\x00u\xa2\x00\x005X\x00\x04\
<4\x00\x00\x84\x5c\x00\x04<4\x00\x00\xa5 \x00\x04\
\x87\x9b\x00\x00\x94q\x00\x04\x8c\xaf\x00\x00\xb7M\x00\x04\
\x93\xc2\x00\x00\xb9\xdc\x00\x04\x98,\x00\x00\x13\xd9\x00\x04\
\x9c\xb9\x00\x00]\xbf\x00\x04\xa8\x8b\x00\x00\x09!\x00\x04\
\xa8\x8b\x00\x00c\xac\x00\x04\xa8\x8b\x00\x00\x9bm\x00\x04\
\xa9\x03\x00\x00\x0f\x15\x00\x04\xa9\x03\x00\x00M\x86\x00\x04\
\xa9\x03\x00\x00\x9b\x8f\x00\x04\xb8w\x00\x00Au\x00\x04\
\xbb\x04\x00\x00}m\x00\x04\xcf\x04\x00\x00D-\x00\x04\
\xd0%\x00\x00\x1d`\x00\x04\xd0%\x00\x00\x9f\x1e\x00\x04\
\xec0\x00\x00d\x7f\x00\x04\xf6\xc2\x00\x00\x0fH\x00\x04\
\xf6\xc2\x00\x00M\xb9\x00\x04\xf6\xc2\x00\x00\xa0\x97\x00\x04\
\xfb%\x00\x00\xa0\xdc\x00\x05\x04\xcf\x00\x00DT\x00\x05\
\x04\xcf\x00\x00Q\xcf\x00\x05\x04\xcf\x00\x00\x80,\x00\x05\
\x04\xcf\x00\x00\x90]\x00\x05\x04\xcf\x00\x00\xc5(\x00\x05\
0\xc5\x00\x00\xa1\xe6\x00\x05VE\x00\x00\xa6\x05\x00\x05\
VE\x00\x00\xc9E\x00\x05d\x95\x00\x00\x10m\x00\x05\
d\x95\x00\x00O\x17\x00\x05d\x95\x00\x00Z\x85\x00\x05\
\x98\xc5\x00\x00#\xde\x00\x05\x98\xc5\x00\x00\x85\x9c\x00\x05\
\x98\xc5\x00\x00\xa9\xce\x00\x05\xab`\x00\x00%\xef\x00\x05\
\xab`\x00\x00|l\x00\x05\xab`\x00\x00~\x91\x00\x05\
\xab`\x00\x00\xaef\x00\x06\x87\x9b\x00\x00*}\x00\x06\
\xd0D\x00\x00.?\x00\x07F\xc5\x00\x004\x93\x00\x0a\
\xf2\xce\x00\x00_\x99\x00\x0bN\x8e\x00\x00s\xc0\x00\x16\
\xad\x8d\x00\x00\x17D\x00\x17\xe6\x93\x00\x00\x02\xf0\x00\x17\
\xe6\x93\x00\x00\x9dl\x00\x18Y\x81\x00\x00s\x19\x00\x18\
\xed\xf2\x00\x00\xbdX\x00!\xab>\x00\x00\x8c+\x00&\
\x9ed\x00\x001\x5c\x00+d\x91\x00\x00g\xf7\x000\
\x01\x17\x00\x00\x95<\x00=G\xa5\x00\x00e2\x00=\
G\xa5\x00\x00\xacg\x00=\xfa\x15\x00\x00\x0aH\x00=\
\xfa\x15\x00\x00\x95\xa8\x00C\x00\xa7\x00\x00m\x7f\x00D\
'\xc5\x00\x004\xbf\x00G\x96\xc4\x00\x00CO\x00G\
\x96\xc4\x00\x00a\xff\x00G\x96\xc4\x00\x00\x92\x1e\x00H\
,\x94\x00\x00\xb5|\x00I\xf0A\x00\x00\xbb\xa2\x00J\
+\x82\x00\x00A'\x00J+\x82\x00\x00\x98Q\x00J\
6\x95\x00\x00AN\x00J6\x95\x00\x00\x7f\xad\x00J\
6\x95\x00\x00\x98\xb8\x00Jd\x95\x00\x00/\xa2\x00J\
\x809\x00\x00\x0e\xdf\x00J\x809\x00\x00MP\x00J\
\x809\x00\x00Y(\x00J\xb9\xb7\x00\x00C\xd9\x00J\
\xb9\xb7\x00\x00x\x04\x00J\xb9\xb7\x00\x00\x8f\x81\x00J\
\xb9\xb7\x00\x00\x9b\xaf\x00L\x99b\x00\x00D\x05\x00L\
\x99b\x00\x00S\xd2\x00L\x99b\x00\x00{.\x00L\
\x99b\x00\x00\xc1U\x00N\xbf\xa5\x00\x00\x1e\x03\x00N\
\xbf\xa5\x00\x00\xa0t\x00Ol\x93\x00\x00\x0f}\x00O\
l\x93\x00\x00M\xee\x00Ol\x93\x00\x00\xa0\xb9\x00P\
FE\x00\x00\xa2\xff\x00R\xfd\xf4\x00\x00\x09M\x00R\
\xfd\xf4\x00\x00d\xd1\x00R\xfd\xf4\x00\x00\xa1\xc3\x00T\
l\x95\x00\x00 l\x00V\x80\x04\x00\x00\xc5H\x00V\
\x8c\x95\x00\x00B\x04\x00V\x8c\x95\x00\x00g\xd0\x00V\
\x8c\x95\x00\x00{\xf0\x00V\x8c\x95\x00\x00}\xed\x00V\
\x8c\x95\x00\x00\xa7)\x00V\xae\xc2\x00\x00!\xe4\x00X\
\xb7\xb9\x00\x00Z\xb3\x00Y\x8c\xb4\x00\x00\xaa\x17\x00Y\
\xe8\x85\x00\x00@P\x00Y\xe8\x85\x00\x00\xac\xce\x00Z\
\x8a#\x00\x00F?\x00Z\x8a#\x00\x00\xafQ\x00Z\
\xa8\x94\x00\x00h\xbb\x00Z\xa8\x94\x00\x00|C\x00Z\
\xa8\x94\x00\x00~k\x00Z\xa8\x94\x00\x00\xad\x9c\x00Z\
\xcf\xb3\x00\x00\xdb\xd4\x00Z\xec5\x00\x00\x09z\x00\x5c\
V\xfe\x00\x00Bx\x00\x5c\x83\xb5\x00\x00R*\x00\x5c\
\x83\xb5\x00\x00\x80\xab\x00i2\xb4\x00\x00,\xd5\x00j\
/\x9b\x00\x00+\xfc\x00s\x04\xc3\x00\x00\xb3\xb1\x00v\
vN\x00\x00&\xd1\x00v\x8c\x95\x00\x005\xbd\x00z\
+\xc0\x00\x007@\x00z\xe0e\x00\x007\xd0\x00}\
\x9e\x01\x00\x00m\x0f\x00\x81(i\x00\x00\x5c\x1b\x00\x84\
\x03\xb4\x00\x00\xd1\xa2\x00\x857\xe7\x00\x00?\x0c\x00\x8d\
\x9c\x0e\x00\x00_\xfb\x00\x90\x9dK\x00\x00\x93\xb2\x00\x97\
\x96\x04\x00\x00Y\x87\x00\x97\x96\x04\x00\x00}B\x00\x97\
\x96\x04\x00\x00\x9c\x96\x00\xaa\xb4\xe3\x00\x00\x9fv\x00\xaf\
\x88w\x00\x00\x02N\x00\xc0\xb8\x84\x00\x00/\x17\x00\xcd\
&\x11\x00\x00\x003\x00\xec/\x9c\x00\x00\xc0\x9b\x00\xff\
\xffG\x00\x00\xcf\xb1\x01\x10\xaa^\x00\x00F\x08\x01!\
\xadg\x00\x00U\x7f\x01*\xd0\x97\x00\x00\x0b\xa8\x01*\
\xd0\x97\x00\x00::\x01*\xd0\x97\x00\x00:s\x01*\
\xd0\x97\x00\x00~\x13\x01*\xd0\x97\x00\x00\xa9\x01\x011\
\x0a\x17\x00\x00\xa7r\x016$q\x00\x00u\x0c\x01<\
\xdf5\x00\x00\xdc\xe9\x01?\xf9>\x00\x00\xbd\xbf\x01@\
\x1dG\x00\x00B\xd1\x01@\x1dG\x00\x00\xb2\x08\x01C\
`n\x00\x00$p\x01L\x05#\x00\x00\x88h\x01L\
\x05#\x00\x00\x8f\x06\x01L\x05#\x00\x00\x96\xff\x01c\
\xaa\x09\x00\x00\x12\x15\x01c\xaa\x09\x00\x00Q\x0b\x01d\
\xa2o\x00\x00(\xb0\x01m\x04\xf4\x00\x00\x92A\x01t\
#\xfd\x00\x00\x85\xf1\x01\x80\xad\x22\x00\x00g\x9c\x01\x80\
\xad\x22\x00\x00y\x1f\x01\x80\xad\x22\x00\x00\xa0\xfe\x01\xaa\
\xde>\x00\x00\xc6\x1c\x01\xb8\x13D\x00\x00\x18\xa8\x01\xc1\
\xf0\x05\x00\x00X=\x01\xcaE\x8f\x00\x00\x08\x80\x01\xca\
E\x8f\x00\x00\x813\x01\xcb0[\x00\x00\x9b\x0e\x01\xd4\
VT\x00\x00\xca\xc8\x01\xd7k\xaa\x00\x00\xd7>\x01\xe2\
c\xa5\x00\x00\xd2@\x01\xe7\xf5T\x00\x00cS\x01\xfb\
0\xd4\x00\x00xb\x01\xfb0\xd4\x00\x00\x9c\xea\x02\x05\
\xb7\xb4\x00\x00\xdah\x02\x06F5\x00\x007\x9c\x02\x0b\
\x08\x8e\x00\x00F\x93\x02\x19\xde;\x00\x00R\xac\x021\
\xe1\x8e\x00\x00;\xd1\x024\xfb\xbe\x00\x00\x1e\x96\x028\
s\xd2\x00\x00*\xce\x028\xd4R\x00\x00\xc0\x10\x02:\
\x84\xbe\x00\x00\xcd}\x02;\xe2\x87\x00\x00\xb5\xde\x02C\
\x04~\x00\x00'\xaa\x02C\x04~\x00\x00\xaf\x0f\x02l\
\x99\x03\x00\x00\xd3d\x02q6u\x00\x00\xb7\xae\x02v\
\xb8\x09\x00\x00^\xcb\x02\x88I\x03\x00\x00\x96\x93\x02\x97\
\xd63\x00\x00\x88\xe4\x02\x97\xd63\x00\x00\x98t\x02\x98\
\x1cY\x00\x00\xde`\x02\xa1\x0c\xf6\x00\x00\x8b\xa4\x02\xa1\
\x0c\xf6\x00\x00\xad\xe9\x02\xadpR\x00\x00H\xb1\x02\xb0\
\xd9[\x00\x00\xd5\x7f\x02\xb5t\xf4\x00\x00\xcc\x9a\x02\xc7\
\x06\xe3\x00\x00\xa7\xcd\x02\xcc\xfb\x95\x00\x00\x96c\x02\xd9\
@\xf9\x00\x00\xc9\x8b\x02\xdc Q\x00\x00\xc3\x80\x02\xdc\
\xb7%\x00\x00\xb4\xc5\x02\xdf\xec\x84\x00\x00\xdbd\x02\xe1\
pU\x00\x00\xa4R\x02\xe7 \xf5\x00\x00\x08\xe6\x02\xe7\
 \xf5\x00\x00\x19\xfd\x02\xe7 \xf5\x00\x00\x81\xbc\x02\xe7\
 \xf5\x00\x00\x99)\x03\x00(\x14\x00\x00\xd9u\x03\x09\
\xa2\x9e\x00\x00'a\x03\x14q\x19\x00\x00\xbeW\x03\x15\
*u\x00\x00\x1d*\x03%\xdek\x00\x00U\xd1\x03(\
\xfe\xad\x00\x00\x8a~\x03(\xfe\xad\x00\x00\x9e\xc4\x03:\
-$\x00\x00\xd6H\x03CL9\x00\x00\x1d\x88\x03K\
\xef\xe5\x00\x006q\x03O\x17\x85\x00\x008\xe5\x03P\
\xba\x9e\x00\x00D{\x03S\xb0\xcb\x00\x00\x0e\x13\x03S\
\xb0\xcb\x00\x00\x9al\x03W\xb0\x17\x00\x00v\x1e\x03W\
\xb0\x17\x00\x00\xa25\x03X\x11u\x00\x00c \x03]\
\xe0\x17\x00\x00\x1f\xd2\x03d\xa1\xce\x00\x00A\x9b\x03d\
\xa1\xce\x00\x00\x9f@\x03v\xe01\x00\x00m\xc5\x03\x88\
q\x14\x00\x00\x00\xe2\x03\x88q\x14\x00\x00\x93u\x03\x8d\
\x17\xe3\x00\x00x\xbc\x03\x8d\x17\xe3\x00\x00\x9d\x9e\x03\x9d\
\xfdE\x00\x00`\xd2\x03\xb1^C\x00\x00\x04\xe1\x03\xb1\
^C\x00\x00\xb39\x03\xc3[\xd2\x00\x00\xda\xef\x03\xc5\
\xefz\x00\x00\x19\xc7\x03\xc5\xefz\x00\x00\x97\xa9\x03\xcc\
\xfa\xa3\x00\x00\x03\xba\x03\xcc\xfa\xa3\x00\x00\xa6\xf9\x03\xcd\
G\xa5\x00\x00/\xd2\x03\xee\xf3\xfa\x00\x00$:\x04\x03\
\xb0\xf4\x00\x00\xd3\xc1\x04\x14S\xf5\x00\x00\x14e\x04\x18\
\xab=\x00\x00\x8a\x22\x04\x18\xab=\x00\x00\x9em\x04\x1b\
\xf0d\x00\x00\xcb\x8b\x04\x1e9\x0b\x00\x00\xbfl\x04\x1f\
\x0c\x09\x00\x00\xd6\xa6\x04(U\xc4\x00\x00\xd9\xca\x04K\
+\x03\x00\x00IT\x04K+\x03\x00\x00\x94>\x04L\
\xedM\x00\x00\x911\x04d`5\x00\x003\xf0\x04e\
\xafi\x00\x00\x0f\xea\x04e\xafi\x00\x00N\xdf\x04e\
\xafi\x00\x00Z\x1e\x04g\xce\x0e\x00\x00\xa4\xc5\x04l\
u\x90\x00\x00J\xa1\x04lu\x90\x00\x00\xa3\xd0\x04r\
\x80\xd4\x00\x00Q\x9d\x04r\x80\xd4\x00\x00\x7f\xd2\x04r\
\x80\xd4\x00\x00\x98\xdb\x04r\xd0\x03\x00\x00Fg\x04r\
\xd0\x03\x00\x00\xaft\x04\x7f\x9e\xf4\x00\x00\xd0\xb5\x04\x84\
\xabU\x00\x00\xa6p\x04\x87p\xc8\x00\x00/Y\x04\x8f\
\x07Y\x00\x00^\x05\x04\x90\x894\x00\x00\x5c\xb9\x04\x91\
\x10\x19\x00\x00\xddS\x04\x94\xa8\x84\x00\x00n9\x04\x98\
I\xbc\x00\x00\x08\x1f\x04\x98I\xbc\x00\x00\x0a\x1f\x04\x98\
I\xbc\x00\x00\x0b\xdb\x04\x98I\xbc\x00\x00\x0d\xa5\x04\x98\
I\xbc\x00\x00\x12o\x04\x98I\xbc\x00\x00\x19\x9d\x04\x98\
I\xbc\x00\x00:\xab\x04\x98I\xbc\x00\x00;l\x04\x98\
I\xbc\x00\x00I\x92\x04\x98I\xbc\x00\x00L\x9a\x04\x98\
I\xbc\x00\x00S\x08\x04\x98I\xbc\x00\x00\x80\xce\x04\x98\
I\xbc\x00\x00\x81\x92\x04\x98I\xbc\x00\x00\x94\xbf\x04\x98\
I\xbc\x00\x00\xbb\x1d\x04\x99n\x95\x00\x00>\x0f\x04\xa0\
\xb2*\x00\x00%\xa6\x04\xa1L\x85\x00\x00%h\x04\xa2\
\xcb\xd7\x00\x00b'\x04\xa2\xcb\xd7\x00\x00\x92\xe2\x04\xa8\
\xb8\xa5\x00\x00\x0d\xdc\x04\xa8\xb8\xa5\x00\x00\x9a\x15\x04\xac\
,\xa5\x00\x00Sm\x04\xac,\xa5\x00\x00YW\x04\xac\
,\xa5\x00\x00|\xeb\x04\xac,\xa5\x00\x00\x81\xf2\x04\xac\
,\xa5\x00\x00\x9b\xd6\x04\xac\xab]\x00\x00\x0e`\x04\xac\
\xab]\x00\x00L\xd1\x04\xac\xab]\x00\x00X\xf6\x04\xc2\
\x8f\xa2\x00\x00x\x91\x04\xc4y%\x00\x00\x7fQ\x04\xcf\
v\x94\x00\x00\x1c@\x04\xd1\x1fR\x00\x00yR\x04\xd1\
\x1fR\x00\x00\xa2\x5c\x04\xd5P\xa4\x00\x001,\x04\xd5\
Z\xc4\x00\x001\xcc\x04\xd5n\xc4\x00\x002-\x04\xe0\
9\xf5\x00\x00\x04\x1e\x04\xe09\xf5\x00\x00\xadl\x04\xe0\
\x8f\xb2\x00\x00@!\x04\xe0\x8f\xb2\x00\x00\xa0H\x04\xe3\
X|\x00\x00\xc4P\x04\xe6\xf1\xdf\x00\x00\x8e3\x04\xed\
Y\xc4\x00\x00\x16\xaa\x04\xf4\x18N\x00\x00&B\x04\xf6\
\x91\xc9\x00\x00\xc4r\x04\xfa\x12\xa3\x00\x00\xc7\xe2\x04\xfe\
\xcdy\x00\x00\xd4\x99\x05\x14\x8d9\x00\x00Hm\x05\x17\
60\x00\x00 \x95\x05\x1d\xcf\x09\x00\x00\xb9;\x05\x22\
?\xe9\x00\x00ex\x05#k\x81\x00\x00z\x98\x05(\
J\xd3\x00\x00@\xf7\x05(J\xd3\x00\x00\x92\xb6\x051\
\x10\xbe\x00\x006\xd8\x056\x8ay\x00\x00\xbbs\x058\
\x92\xc0\x00\x00\x83s\x058\x92\xc0\x00\x00\xa2\xb3\x05<\
F\x99\x00\x00\xc7\xbe\x05@\x5c\xa5\x00\x00\x0f\xb3\x05@\
\x5c\xa5\x00\x00N$\x05@\x5c\xa5\x00\x00\xa3'\x05B\
\xdd\xac\x00\x00\xdc\xaf\x05E\x84\xee\x00\x00\x89-\x05E\
\x84\xee\x00\x00\x9b<\x05E\xaf\xd9\x00\x00J@\x05E\
\xaf\xd9\x00\x00K\x81\x05E\xaf\xd9\x00\x00N[\x05E\
\xaf\xd9\x00\x00Y\xee\x05E\xaf\xd9\x00\x00\xa3K\x05K\
\xe0\xd4\x00\x00w\xd8\x05OV\xf5\x00\x00\xde%\x05_\
/R\x00\x001\x9a\x05fj\xa7\x00\x00\xd7x\x05h\
\xc9\xb4\x00\x00\xa7L\x05iH\xe4\x00\x00\xcc\xe7\x05o\
/\xe3\x00\x00T\x89\x05v*I\x00\x00O\xcf\x05v\
\xf5\xce\x00\x00\xabq\x05|\x9eD\x00\x00\xab\xe2\x05}\
@\x03\x00\x00\x03Z\x05}@\x03\x00\x00\xa3\xf5\x05\x80\
W\xc4\x00\x00a\xa9\x05\x8b\xa6\x84\x00\x00\x22s\x05\x8c\
F\xc5\x00\x00J\xd1\x05\x8cF\xc5\x00\x00\xa8\xad\x05\x8c\
\xac5\x00\x00BP\x05\x8c\xac5\x00\x00|\x19\x05\x8c\
\xac5\x00\x00~D\x05\x8c\xac5\x00\x00\xa9/\x05\x8c\
\xec\xc5\x00\x00\x95m\x05\x8ec\xb5\x00\x00\xb8}\x05\x93\
\xca\x17\x00\x00^\x8e\x05\x9a\x90t\x00\x00E\xb4\x05\x9a\
\x90t\x00\x00\xaa\xc5\x05\x9c}.\x00\x00\x86\xb9\x05\x9c\
}.\x00\x00\xaa\xe9\x05\xa6\xecX\x00\x00.g\x05\xaa\
\x8b\xc3\x00\x00[\x19\x05\xaa\x8b\xc3\x00\x00\xaeB\x05\xac\
\xdcQ\x00\x00\x06\xd3\x05\xb4\x98\xde\x00\x00\x22\x0d\x05\xb8\
\x03\xbe\x00\x00\x8b\x1b\x05\xb8\x03\xbe\x00\x00\xa5R\x05\xbd\
\xf7S\x00\x000\x80\x05\xc6\xa8\xa5\x00\x00Gs\x05\xc6\
\xa8\xa5\x00\x00\x8c\x02\x05\xc6\xa8\xa5\x00\x00\xb0\xa4\x05\xd4\
\x8fX\x00\x00,T\x05\xd6\x03\xff\x00\x003Y\x05\xdb\
\xc29\x00\x00\x11\xde\x05\xdb\xc29\x00\x00P\xd4\x05\xdb\
\xc29\x00\x00[\xeb\x05\xdd\xf9D\x00\x00\x1e,\x05\xdf\
\xba\xba\x00\x00\x0b3\x05\xe0Kg\x00\x00)\xa3\x05\xe7\
\x0c5\x00\x00d\xf9\x06\x09\xcd\xf4\x00\x00q\xc3\x06\x0d\
t\x8e\x00\x00\xb0\xc8\x06#\xc0[\x00\x007i\x06'\
\xf2+\x00\x00\xae\x88\x06,\xce\xa9\x00\x00!V\x06.\
!\xe5\x00\x007\xf9\x06.\x8e)\x00\x00n\xb4\x06C\
\x1f\x15\x00\x00\xc7\x91\x06QV\xe9\x00\x00\xc4\x96\x06U\
\x06Y\x00\x00\x03\x90\x06U\x06Y\x00\x00\xa6\x96\x06e\
2`\x00\x007\x0d\x06e\xa0.\x00\x00K\x00\x06{\
\xedR\x00\x00\xd0\xf7\x06\x80\xab\x84\x00\x00\x1ea\x06\x81\
6D\x00\x00\xc8\x9a\x06\x81O\x0c\x00\x00\x94\x08\x06\x95\
x>\x00\x00b\xc7\x06\x95x>\x00\x00\x95\xd7\x06\x9f\
\xc9\xc3\x00\x00\xa2\x08\x06\xa2\x1a]\x00\x00|\x94\x06\xa8\
\xa9\xaa\x00\x00\xdc\x85\x06\xacWc\x00\x000N\x06\xae\
\xa4>\x00\x00\x83\xe6\x06\xb0\xbe\xae\x00\x00\x03\xed\x06\xb0\
\xbe\xae\x00\x00\xd7\x12\x06\xb5\x04\x22\x00\x000\xc1\x06\xb8\
\x91\xde\x00\x00%'\x06\xb8\x91\xde\x00\x00\xab6\x06\xbb\
]a\x00\x00rr\x06\xc4y%\x00\x00-\x9e\x06\xc9\
\xb1\x80\x00\x004c\x06\xd0\xbaQ\x00\x00\xc5o\x06\xe3\
v\xd4\x00\x00-\x04\x06\xe51\xc4\x00\x00?\xd0\x06\xe5\
1\xc4\x00\x00RT\x06\xe51\xc4\x00\x00\x89\x8f\x06\xe8\
\xc3G\x00\x00l\xab\x07\x02\x06\x83\x00\x00\xbb\xc3\x07\x05\
\xe4d\x00\x00\xc3\xca\x07\x09W\xa2\x00\x002\x8f\x07\x0c\
HY\x00\x00\x18\x03\x07\x0cT\xd7\x00\x00\xd0;\x07\x11\
\x5c$\x00\x00\x16W\x07\x1f\x97[\x00\x00\x1a\xe8\x07\x1f\
\x97[\x00\x00\x9a9\x07!\x88\xad\x00\x00\x89\xba\x074\
'\x12\x00\x00H5\x0773\xdb\x00\x00\xc2\xd3\x07=\
\x00N\x00\x00\xb5\x06\x07Io~\x00\x00\xc3\xf5\x07P\
\xb3\xaa\x00\x00\x1d\xcf\x07Wf\x07\x00\x00\xb7m\x07^\
\xb4t\x00\x00\xc4&\x07h\x80$\x00\x00\x13\xfe\x07r\
T%\x00\x00\x05U\x07rT%\x00\x00\xb4\x13\x07\x85\
\x93\xd1\x00\x00\x8e\xbb\x07\x90\xde\xae\x00\x00\xda\xac\x07\x9a\
\x96,\x00\x006G\x07\xa6)3\x00\x00\xce\xdd\x07\xa6\
_\x19\x00\x00\xd5\x08\x07\xa9\xbc\x84\x00\x00X\x88\x07\xab\
\x06\x13\x00\x00X\xc5\x07\xab\x06\x13\x00\x00\x92p\x07\xab\
\x08\x98\x00\x008\xab\x07\xab\x1aR\x00\x009%\x07\xb4\
5q\x00\x00t]\x07\xb5\xe2\xfb\x00\x00\x0c6\x07\xb5\
\xe2\xfb\x00\x00\x1a^\x07\xb5\xe2\xfb\x00\x00\x99Y\x07\xb7\
U\xe4\x00\x00iI\x07\xc2/\x85\x00\x00\x00\xaf\x07\xc2\
/\x85\x00\x00\x93\x0e\x07\xdf\x0e\xf3\x00\x00\x16\x13\x07\xe3\
\xfd\x9b\x00\x00U\x12\x07\xe5$\xf3\x00\x00\xbf\x07\x08\x02\
\x1e\x16\x00\x00\xb2[\x08\x03\xeft\x00\x00\x0b^\x08\x09\
\x7fd\x00\x00\x0a\xd6\x08\x0abr\x00\x009\x9b\x08\x0f\
tN\x00\x00\xd7\xb1\x08\x16\xcc9\x00\x00\xd2\xf1\x08\x18\
B%\x00\x00\xc8\xdf\x087\x99\xfd\x00\x00\xb82\x08=\
\xe1s\x00\x00bX\x08B\xf3Q\x00\x00\xbe\xc1\x08E\
=\x0e\x00\x00\x01\x22\x08E=\x0e\x00\x00\xb9\xb2\x08F\
k\xe2\x00\x00\xdfA\x08J\x95A\x00\x00k\xa6\x08K\
\x95\xb4\x00\x00v\xda\x08N\xb2\xf5\x00\x00d\xa6\x08N\
\xb2\xf5\x00\x00\xa1\x5c\x08i5\xf4\x00\x00\xdb\xfd\x08i\
\x8d\x8c\x00\x00)\xcd\x08j\x89\x87\x00\x00\xcf7\x08m\
\x80\x83\x00\x00\x99\x84\x08n\xd9n\x00\x00vR\x08u\
`l\x00\x00\xdcS\x08\x7f\xa2\xae\x00\x00\x8d5\x08\x81\
(\x11\x00\x00q3\x08\x83`2\x00\x00\x03%\x08\x83\
`2\x00\x00\xa0\x16\x08\x89)\xf9\x00\x00H\x00\x08\x96\
\x1e\x8c\x00\x00f\xcd\x08\x9aE\xee\x00\x000\xf4\x08\xa2\
\x93\xc7\x00\x00\x90\xff\x08\xb4\xac\x0e\x00\x00i\x97\x08\xba\
h\xc3\x00\x00C(\x08\xbd\x8c\xc8\x00\x00V\x1a\x08\xbd\
\x8c\xc8\x00\x00hc\x08\xbd\x8c\xc8\x00\x00y\xd6\x08\xbd\
\x8c\xc8\x00\x00\xa7\xa4\x08\xc2\xb8\xc5\x00\x00E(\x08\xc2\
\xb8\xc5\x00\x00\x90\x85\x08\xc4\x9b\xe2\x00\x00\xc7,\x08\xcc\
e\x97\x00\x00z\x02\x08\xcce\x97\x00\x00\xa8\x00\x08\xce\
\x01\x9e\x00\x005(\x08\xd1\x12\xd2\x00\x00\xa6\xbd\x08\xd6\
t\x12\x00\x00z5\x08\xd6t\x12\x00\x00\xaa\x92\x08\xf0\
F5\x00\x00\xa2\xd7\x08\xfd\xd9#\x00\x00GD\x08\xfd\
\xd9#\x00\x00\xb0z\x09\x06\xb5i\x00\x00\x87n\x09\x06\
\xb5i\x00\x00\xb3f\x09\x0bI\xc9\x00\x00\x1b\xd0\x09\x15\
\xcbC\x00\x00\xd2\x06\x09\x16(\xb1\x00\x00o\xcd\x09$\
\xce\x84\x00\x00\xd16\x09%N\xb4\x00\x00\xd1\xd5\x09)\
\xe2\x83\x00\x00g'\x09)\xe2\x83\x00\x00x\xef\x09)\
\xe2\x83\x00\x00\x9e\x1d\x09+`\xfc\x00\x00]\x0b\x090\
\x8f%\x00\x00\x8f\xac\x096vN\x00\x00'\x19\x09?\
h\x89\x00\x00\x0d>\x09?h\x89\x00\x00L3\x09J\
*\xb9\x00\x00\x05\xa4\x09Q\xd8\xce\x00\x00\x82\xa6\x09Z\
\x7f\xad\x00\x00\x86s\x09\x5c\xa9e\x00\x00\x00\x00\x09`\
\x06\xb5\x00\x00\x10\xe2\x09`\x06\xb5\x00\x00OL\x09a\
~\xb5\x00\x00h\xe2\x09h\xa4N\x00\x00\x8b]\x09h\
\xa4N\x00\x00\xa5\x8f\x09i\xf6$\x00\x00\xd5\xea\x09k\
\xd7]\x00\x00\x01\xbb\x09m\xf9T\x00\x00\x1cj\x09q\
\x01\xe0\x00\x00\xd8\x16\x09r\x9f\xec\x00\x00\xa2\x88\x09{\
\x8fc\x00\x00\xbd\x0e\x09\x87\xbc\xc5\x00\x00Cw\x09\x87\
\xbc\xc5\x00\x00f\xfe\x09\x87\xbc\xc5\x00\x00w\x10\x09\x87\
\xbc\xc5\x00\x00\x94\xe3\x09\x88\xbd\xa3\x00\x00c\xd3\x09\x8c\
u\xff\x00\x00\x85\xc4\x09\x8cu\xff\x00\x00\xa9\xf0\x09\x91\
\xe0\x92\x00\x002\xc1\x09\x9cu\xa3\x00\x00\x17\xcc\x09\xaa\
\xaa\x89\x00\x00\x85\x19\x09\xaa\xaa\x89\x00\x00\xa80\x09\xb2\
\xf0\x1e\x00\x0041\x09\xb9l\xde\x00\x00\xdd\xd5\x09\xc5\
P\x17\x00\x00Q\xfa\x09\xc5P\x17\x00\x00Z\xe6\x09\xc5\
P\x17\x00\x00h\x90\x09\xc5P\x17\x00\x00\x80P\x09\xc5\
P\x17\x00\x00\xa9t\x09\xc5\xb8\x8a\x00\x00\xb6s\x09\xd1\
\x8d\xf1\x00\x00r1\x09\xd5\x1e\xb5\x00\x00\x13\xa3\x09\xd5\
\x1e\xb5\x00\x00P\x1d\x09\xd5\x1e\xb5\x00\x00[I\x09\xd5\
\x1e\xb5\x00\x00\xae\xe4\x09\xd7\xa4d\x00\x00+C\x09\xd8\
\x09\x8c\x00\x00\xc0\xee\x09\xde\xd1\x8d\x00\x00j*\x09\xeb\
\xbf\xb5\x00\x00E\x85\x09\xeb\xbf\xb5\x00\x00\xaa@\x09\xfd\
]\xb5\x00\x00\x11\x9d\x09\xfd]\xb5\x00\x00P\x93\x09\xfd\
]\xb5\x00\x00[\x80\x09\xfd]\xb5\x00\x00\xb0L\x0a\x04\
^\xce\x00\x00\x91\x93\x0a\x10d-\x00\x00\x18I\x0a\x1e\
e\xb4\x00\x00W~\x0a!\xa6o\x00\x00\x19\x1d\x0a\x22\
\xd2k\x00\x005\xe6\x0a#SR\x00\x00\x01\x8c\x0a#\
SR\x00\x00\x9c\xbe\x0a0\xab\x94\x00\x00\x1c\x9f\x0a<\
j+\x00\x00\x10\xa2\x0a<j+\x00\x00\xab\xb5\x0a=\
\x0e\x95\x00\x00>B\x0a?#\x1b\x00\x00\x13\x22\x0a?\
#\x1b\x00\x00\x1b!\x0a?#\x1b\x00\x00S6\x0a?\
#\x1b\x00\x00\x7f\xfd\x0a?#\x1b\x00\x00\x9a\xa6\x0a?\
j[\x00\x00\x1bT\x0a?j[\x00\x00S\x9b\x0a?\
j[\x00\x00}\x12\x0a?j[\x00\x00\x9b\xfa\x0aL\
MT\x00\x00\xa8\xd1\x0aT\x05\xf2\x00\x00\xd40\x0aZ\
\xcc\xc5\x00\x004\xf8\x0a_\xbe\x83\x00\x00.\xaf\x0aa\
\x13>\x00\x00{W\x0ad\xd0\xcd\x00\x00\x08O\x0ad\
\xd0\xcd\x00\x00\x0c\x08\x0ad\xd0\xcd\x00\x00\x12\xf2\x0ad\
\xd0\xcd\x00\x00;\x0a\x0ad\xd0\xcd\x00\x00;\x9e\x0ad\
\xd0\xcd\x00\x00H\xfb\x0ad\xd0\xcd\x00\x00J\x10\x0ad\
\xd0\xcd\x00\x00\x81\x00\x0ad\xd0\xcd\x00\x00\x99\x04\x0ad\
\xd0\xcd\x00\x00\xbd\x9c\x0ae\xb9\x1c\x00\x00\x1a3\x0ah\
\xf6\xd5\x00\x00.\xe3\x0aiA\x82\x00\x00>~\x0am\
\x82\xfc\x00\x009\xd1\x0atg\x19\x00\x00\x13Z\x0at\
g\x19\x00\x00\x9c'\x0atmN\x00\x00\xbf,\x0av\
\x1d\x99\x00\x00\x1f\xfd\x0avZ2\x00\x00@\xcf\x0av\
Z2\x00\x00\xadG\x0awr\xd7\x00\x00\x09\xa7\x0ay\
_\x07\x00\x00'\xf2\x0a\x84\xfb\xa8\x00\x00*E\x0a\x89\
\xab\xe7\x00\x00\xad\xbf\x0a\x95m\xe4\x00\x00-\xcc\x0a\x96\
ke\x00\x00\x10\x22\x0a\x9a\xaaZ\x00\x00\x02\x83\x0a\xa2\
\xfa7\x00\x00\xde\xb8\x0a\xa7\xd1>\x00\x00<K\x0a\xb6\
*\xbe\x00\x00\xd1g\x0a\xb6v\xe4\x00\x00\xd8B\x0a\xb9\
\x9c\xf3\x00\x00&\x17\x0a\xb9\x9c\xf3\x00\x00V\xbd\x0a\xb9\
\x9c\xf3\x00\x00\x87\x0c\x0a\xbe J\x00\x00\x0a|\x0a\xce\
\x01\x9e\x00\x00\xc9c\x0a\xd0_d\x00\x00\x877\x0a\xd0\
_d\x00\x00\xae\xb3\x0a\xd2\xc0\xe5\x00\x00,\x9f\x0a\xd8\
\xc4\x11\x00\x00o\x88\x0a\xdb\x09\xe4\x00\x00\xc6\xaf\x0a\xe1\
\xb0\x85\x00\x00\xba,\x0a\xe7\x93\x14\x00\x00gX\x0a\xe8\
\xd6\x1e\x00\x00\x84\xba\x0a\xebf\x09\x00\x00=\xc9\x0a\xff\
e\xee\x00\x00\x83\x9d\x0b\x03\xc6\x94\x00\x00\x11e\x0b\x03\
\xc6\x94\x00\x00P[\x0b\x03\xc6\x94\x00\x00\xaf\xcb\x0b\x09\
yE\x00\x00-?\x0b\x09ye\x00\x00\x7f%\x0b\x09\
\xa6\xc4\x00\x00?\x9e\x0b\x09\xa6\xc4\x00\x00\x9d\x16\x0b%\
\xf5\x11\x00\x00\x07\xbd\x0b08\xf9\x00\x00\x15\x9d\x0b6\
\x01k\x00\x00TD\x0b6\x08+\x00\x00S\xff\x0b=\
#\xbc\x00\x00\x05\x11\x0b=#\xbc\x00\x00\xb3\xd2\x0bD\
\xcf\xa5\x00\x00\xceN\x0bF\xc9\x94\x00\x00\xbe\x00\x0bH\
2\xae\x00\x00\x8a\xdd\x0bH2\xae\x00\x00\xa4\x8c\x0bH\
B\xd9\x00\x00\x0c\xb9\x0bHB\xd9\x00\x00K\xae\x0b`\
\xb6\xd5\x00\x009g\x0bc\xe2\x94\x00\x00l6\x0bd\
\xdd\xbd\x00\x00\x1c\xd4\x0bom\xd4\x00\x00\xa5\xd1\x0b\x88\
3H\x00\x00+\xcd\x0b\x8aE>\x00\x00\xda\x22\x0b\x8f\
\xdd\x92\x00\x00\xb0%\x0b\x8f\xdd\xb2\x00\x008U\x0b\x91\
\x1f\xcc\x00\x00\x15*\x0b\x92\x14 \x00\x00*\x08\x0b\x99\
7\x8e\x00\x00u\xa9\x0b\x9e\x96Y\x00\x00e\xfa\x0b\xab\
\x94\x0e\x00\x00wk\x0b\xab\x94\x0e\x00\x00\x97q\x0b\xad\
\xdde\x00\x00\xc1\xbd\x0b\xb1\x0f^\x00\x00\xc0?\x0b\xb3\
,C\x00\x00\x9f\xa4\x0b\xb7p\xde\x00\x00 \xc2\x0b\xbd\
\xf2c\x00\x00\x8fA\x0b\xc0\x05\xe4\x00\x00\x86E\x0b\xc0\
\x05\xe4\x00\x00\xaaj\x0b\xc2\x05\xe4\x00\x006\x19\x0b\xc5\
\x09q\x00\x00\x07\x88\x0b\xcb\x00\xae\x00\x00$\xdd\x0b\xdb\
\x22C\x00\x00\xb7\xe1\x0b\xe3\xea\x81\x00\x00\x90\xb2\x0b\xeb\
\xbf\xde\x00\x00\x8d\x91\x0b\xee\x00\xe4\x00\x00@~\x0b\xee\
\x00\xe4\x00\x00\xac\xf9\x0c\x01\x9e\xd1\x00\x00\xcb\x0e\x0c\x04\
\xa05\x00\x00ET\x0c\x05\x83\x83\x00\x00\x17\x98\x0c\x05\
\x83\x83\x00\x00A\xd5\x0c\x05\x83\x83\x00\x00y\x81\x0c\x10\
\xbf.\x00\x00\x82\x1c\x0c\x13\xf8\xce\x00\x00\x0cj\x0c\x15\
*\xee\x00\x00k(\x0c\x1cQ\xbe\x00\x00\xcd4\x0c\x1c\
\x81\xf0\x00\x00\x9a\xd3\x0c!\x99\xcb\x00\x00\xc2\x06\x0c*\
$W\x00\x00:\xd5\x0c*$W\x00\x00Qe\x0c*\
$W\x00\x00w\xa6\x0c*$W\x00\x00\x7f|\x0c*\
$W\x00\x00\x97\xd9\x0cB\x17\xa3\x00\x00x.\x0cB\
\x17\xa3\x00\x00\x9ce\x0cC\xbb\xe2\x00\x00\xb6A\x0cG\
\x92\xf4\x00\x00Y\xbb\x0cG\x92\xf4\x00\x00}\x92\x0cG\
\x92\xf4\x00\x00\x9d\xce\x0cJfY\x00\x006\xa8\x0cR\
V\x8e\x00\x00[\xba\x0cV\x8c\xe5\x00\x008\x80\x0cV\
\xb7\xad\x00\x00\x1a\x8f\x0cX\x09e\x00\x00\xccf\x0cZ\
\xcf\x1d\x00\x00\x16\xe6\x0c^T\xf9\x00\x00\x12\x9e\x0c^\
T\xf9\x00\x00\x98\x08\x0cb{,\x00\x00\xbf\xb1\x0co\
\x11\x8b\x00\x00\x07V\x0cu\x02\xbe\x00\x00Jo\x0cu\
\x02\xbe\x00\x00\xa3\xa9\x0cz\xc3\x9e\x00\x00\x14\xe6\x0cz\
\xdb7\x00\x00\xc8;\x0c{\x85\x9f\x00\x00(+\x0c\x80\
\x8a\x83\x00\x00$\x06\x0c\x84\xfes\x00\x00\xd8\xd6\x0c\x88\
\xfa>\x00\x00\xcaD\x0c\x90\xd8\xbc\x00\x00\xba\xa0\x0c\x92\
\xbc\xa1\x00\x00p\x7f\x0c\x97\x12\xac\x00\x00f\x9c\x0c\x9a\
\x01\xda\x00\x00)J\x0c\xa1\xa9\x84\x00\x002]\x0c\xa3\
\x80I\x00\x00G\xc9\x0c\xa4\x91\xb5\x00\x000\x0d\x0c\xa8\
h\x87\x00\x00f5\x0c\xa8h\x87\x00\x00\xb1\x81\x0c\xa9\
_$\x00\x00;5\x0c\xbb\x01s\x00\x00E\xdd\x0c\xbb\
\x01s\x00\x00e\xcf\x0c\xbb\x01s\x00\x00\xac\xa8\x0c\xbd\
\xa1\xce\x00\x00\x8c\xae\x0c\xbd\xa1\xce\x00\x00\xb0\xff\x0c\xc9\
\xa0\x0e\x00\x00fr\x0c\xc9\xa0\x0e\x00\x00\x8e\x09\x0c\xc9\
\xa0\x0e\x00\x00\xb1\xb9\x0c\xce\x0f\x1f\x00\x00\x22\x9d\x0c\xdf\
\x8d\xc8\x00\x00\x09\xee\x0c\xdf\x8d\xc8\x00\x00\x94\x93\x0c\xe0\
\x1a\xf3\x00\x00\xa6%\x0c\xe4\xcc\x0e\x00\x00\xbc\x1b\x0c\xea\
\xb1\x9e\x00\x00\xce\x06\x0c\xee\xd9[\x00\x00T\xcd\x0c\xf6\
\x5c\xfe\x00\x00ZO\x0c\xf6\x5c\xfe\x00\x00\xa4(\x0d\x04\
,\xaf\x00\x005\x89\x0d\x05Rs\x00\x00\x141\x0d\x10\
.\xe0\x00\x00\xcai\x0d\x18\x90\xf2\x00\x00>\xcc\x0d\x1f\
N\x94\x00\x00VI\x0d1\x07\xc5\x00\x00\xde\xe5\x0d4\
\xb3\xee\x00\x00:\x03\x0dGc\xb4\x00\x00w8\x0dG\
c\xb4\x00\x00\x95\x0c\x0dL\xdb\xf1\x00\x00\xd8g\x0dU\
\x94\xe2\x00\x001\xfc\x0dZ\xca\xe7\x00\x002\xf7\x0d\x5c\
\xa9\x15\x00\x00+\x85\x0d\x5c\xec2\x00\x003(\x0d_\
\xd6C\x00\x00-n\x0d`\x90\xc3\x00\x00\xa1\x82\x0d\x89\
P\x17\x00\x00)x\x0d\x89P\x17\x00\x00=\x96\x0d\x93\
x%\x00\x00\x02\xb9\x0d\x98h\x19\x00\x00\xd2y\x0d\xa3\
\xcb\xa9\x00\x00\xce\x87\x0d\xacz\xf3\x00\x00\x14\xa3\x0d\xb0\
\x8e\xd4\x00\x00aE\x0d\xb9\xa0\xf5\x00\x00\xb3\x14\x0d\xc5\
\x9e\xbe\x00\x00`i\x0d\xd3\x034\x00\x00\xc2\x81\x0d\xd5\
\xf0#\x00\x00KD\x0d\xd5\xf0#\x00\x00\xac5\x0d\xd8\
\xc9)\x00\x00\xb8\xf1\x0d\xf6\xbb~\x00\x00\xaf\xf0\x0d\xfb\
\x81\xde\x00\x00\x88+\x0d\xfb\x81\xde\x00\x00\x96\xc7\x0d\xfc\
\x13'\x00\x003\x89\x0e\x0dDn\x00\x00\x1f\x0a\x0e\x11\
\x9a\xe6\x00\x00\xba\xd1\x0e\x12\x05s\x00\x00\xc9\xe9\x0e!\
}d\x00\x00~\xb6\x0e!}d\x00\x00\xb2\xa8\x0e/\
\xa2t\x00\x00\x15Y\x0e1\xac*\x00\x00\xb5\x9d\x0e;\
\xcd\x81\x00\x00\xc6\xf0\x0eD\xcd+\x00\x00N\x92\x0eD\
\xcd+\x00\x00\xa3o\x0eF\xc4\xc3\x00\x00.\x05\x0eN\
\xcc\xc5\x00\x00\x89c\x0eN\xcc\xc5\x00\x00\x9dE\x0eb\
\xa1\xae\x00\x00\xc3F\x0ee@\x89\x00\x00\x87\xbf\x0ee\
@\x89\x00\x00\xb4_\x0eg\x84\xbb\x00\x003\xbc\x0er\
\xa2\x0e\x00\x00#\x19\x0e\xa7\x1c\x85\x00\x00\x99\xbd\x0e\xa9\
)\x02\x00\x00\xa9\x9b\x0e\xafo\xc3\x00\x00}\xbc\x0e\xaf\
o\xc3\x00\x00\xa1.\x0e\xb17\x93\x00\x00V\x83\x0e\xba\
\xcf\xa2\x00\x00\x9d\xf5\x0e\xbf\xdf:\x00\x00\x0a\xaa\x0e\xcb\
%\xa2\x00\x00C\xa5\x0e\xd3\x02\xed\x00\x00j\xa4\x0e\xe1\
~\xa3\x00\x00\x11!\x0e\xe1~\xa3\x00\x00O\x8b\x0e\xe8\
\x9b\xb2\x00\x00\xc9\xba\x0e\xf3\x11C\x00\x00\xb9\x85\x0f\x02\
\xcd\xe4\x00\x00\xcd\xbf\x0f\x03\xb7\xa1\x00\x00\x90\x1f\x0f\x07\
gi\x00\x00V\xec\x0f\x0e\x89.\x00\x00I\xc1\x0f\x19\
\x22<\x00\x00\x0e\x99\x0f\x19\x22<\x00\x00M\x0a\x0f \
s\xf1\x00\x00\x06~\x0f!o\xdd\x00\x00\x04Q\x0f'\
\xa1v\x00\x00\x88\xa0\x0f'\xa1v\x00\x00\x972\x0f'\
\xf1\xfb\x00\x00\x06V\x0f'\xf1\xfb\x00\x00G\xa0\x0f3\
\x9a\x85\x00\x00\x82^\x0f3\x9a\x85\x00\x00\x9f\xd4\x0f9\
@\xe8\x00\x00\x06\xab\x0fKe5\x00\x00\xc1v\x0fL\
\xa1\xb3\x00\x00 4\x0fW\xb8i\x00\x00W\xf3\x0fX\
\x1aC\x00\x00\xcb\xbb\x0fn1U\x00\x00]|\x0f\x85\
\xef\xbe\x00\x00&\x8a\x0f\x8a3\xb5\x00\x00b\x8b\x0f\x8a\
3\xb5\x00\x00\x93>\x0f\x93gi\x00\x00W5\x0f\x96\
\xf2!\x00\x00D\xb0\x0f\x98N\xf4\x00\x00\x80y\x0f\x98\
N\xf4\x00\x00\xaf\x9b\x0f\x99+e\x00\x00\xbb?\x0f\x9e\
H$\x00\x00\xb8\xa8\x0f\xa13H\x00\x00,%\x0f\xad\
N]\x00\x00\xb9\xfc\x0f\xc0w!\x00\x00\x07\x17\x0f\xc4\
\xac.\x00\x00\xd9B\x0f\xc9X\x97\x00\x00B\xa3\x0f\xc9\
X\x97\x00\x00zk\x0f\xc9X\x97\x00\x00\xb1\xde\x0f\xcc\
\xa8\xc4\x00\x00\x1b\x87\x0f\xd4\x9eI\x00\x00\x82\xe0\x0f\xd5\
U\xb3\x00\x00i\x12\x0f\xd8\xdc\x1e\x00\x00\xc7R\x0f\xee\
\x1e\xe5\x00\x00\x01Q\x0f\xee\x1e\xe5\x00\x00\x96+\x0f\xef\
/\xd4\x00\x00W\xb9\x0f\xf4\xee^\x00\x00+\x10\x0f\xf5\
]#\x00\x00\xc27i\x00\x00\xdfp\x03\x00\x00\x00\x08\
rHg,f\xf4e\xb0\x08\x00\x00\x00\x00\x06\x00\x00\
\x00\x0eVersion Update\
\x07\x00\x00\x00\x08@default\x01\x03\x00\
\x00\x00.\x00{\x00k\x00e\x00y\x00}\x00 \x90\
\x19z.c\x09\x93uf/q!eHv\x84\xff\
\x0c\x8a\xcbj\xa2g\xe5q\xb1\x93u\x8a-[\x9a\xff\
\x01\x08\x00\x00\x00\x00\x06\x00\x00\x001{key}\
 is invalid, ple\
ase check the ho\
tkey config!\x07\x00\x00\x00\
\x08@default\x01\x03\x00\x00\x00\x0ca\
\xc9u(z\x0b_\x0ff\xf4e\xb0\x08\x00\x00\x00\x00\
\x06\x00\x00\x00\x0aApp update\x07\
\x00\x00\x00\x08AboutTab\x01\x03\x00\x00\
\x00\x10f\x0ee\xe5e\xb9\x82\x1f\xff\x1a}Bg+\
W0\x08\x00\x00\x00\x00\x06\x00\x00\x00\x13Arkn\
ights: Endfield\x07\
\x00\x00\x00\x08AboutTab\x01\x03\x00\x00\
\x00\x06n,\x8afrH\x08\x00\x00\x00\x00\x06\x00\x00\
\x00\x0cBeta Version\x07\x00\
\x00\x00\x08AboutTab\x01\x03\x00\x00\x00\
\x0aSaS\x84`\x1dY\x22X\x83\x08\x00\x00\x00\x00\
\x06\x00\x00\x00\x14Chaos Zero \
Nightmare\x07\x00\x00\x00\x08Ab\
outTab\x01\x03\x00\x00\x00\x08QM\x8c\xac\
\x80rf\x0e\x08\x00\x00\x00\x00\x06\x00\x00\x00\x0aDi\
sclaimer\x07\x00\x00\x00\x08Abo\
utTab\x01\x03\x00\x00\x00F\x96M}\x1ab\
\x10R\x9f\x00 \x00{\x00f\x00r\x00o\x00m\x00\
_\x00v\x00e\x00r\x00s\x00i\x00o\x00n\x00\
}\x00 \x00-\x00>\x00 \x00{\x00t\x00o\x00\
_\x00v\x00e\x00r\x00s\x00i\x00o\x00n\x00\
}\x08\x00\x00\x00\x00\x06\x00\x00\x000Downg\
rade success {fr\
om_version} -> {\
to_version}\x07\x00\x00\x00\x08\
AboutTab\x01\x03\x00\x00\x00\x0aN\x0b\
\x8f\x09\x95\x8bv|rH\x08\x00\x00\x00\x00\x06\x00\x00\
\x00\x0eDownload Debug\
\x07\x00\x00\x00\x08AboutTab\x01\x03\x00\
\x00\x00\x0aN\x0b\x8f\x09\x93/\x8a\xa4\xff\x1a\x08\x00\x00\
\x00\x00\x06\x00\x00\x00\x0fDownload \
Error:\x07\x00\x00\x00\x08About\
Tab\x01\x03\x00\x00\x00\x0aN\x0b\x8f\x09kc_\
\x0frH\x08\x00\x00\x00\x00\x06\x00\x00\x00\x10Dow\
nload Release\x07\x00\x00\
\x00\x08AboutTab\x01\x03\x00\x00\x00\x08\
N\x8c\x91\xcd\x87\xbae\xcb\x08\x00\x00\x00\x00\x06\x00\x00\
\x00\x10Duet Night Aby\
ss\x07\x00\x00\x00\x08AboutTab\x01\
\x03\x00\x00\x00\x06\x5c\x11RM\x002\x08\x00\x00\x00\x00\
\x06\x00\x00\x00\x12Girls' Fron\
tline 2\x07\x00\x00\x00\x08Abou\
tTab\x01\x03\x00\x00\x00\x04upt\xb0\x08\x00\
\x00\x00\x00\x06\x00\x00\x00\x15Nevernes\
s to Everness\x07\x00\x00\
\x00\x08AboutTab\x01\x03\x00\x00\x00\x06\
\x96p\x96}^+\x08\x00\x00\x00\x00\x06\x00\x00\x00\x07\
Onmyoji\x07\x00\x00\x00\x08Abou\
tTab\x01\x03\x00\x00\x00\x08v\xf8\x95\xdc\x98\x05\
v\xee\x08\x00\x00\x00\x00\x06\x00\x00\x00\x0eOthe\
r Projects\x07\x00\x00\x00\x08A\
boutTab\x01\x03\x00\x00\x00\x06kc_\
\x0frH\x08\x00\x00\x00\x00\x06\x00\x00\x00\x0eSta\
ble Version\x07\x00\x00\x00\x08\
AboutTab\x01\x03\x00\x00\x00\x08f\x1f\
u\xd5Qq\x9c\xf4\x08\x00\x00\x00\x00\x06\x00\x00\x00\x0e\
Star Resonance\x07\x00\
\x00\x00\x08AboutTab\x01\x03\x00\x00\x00\
Ff\xf4e\xb0b\x10R\x9f\x00 \x00{\x00f\x00\
r\x00o\x00m\x00_\x00v\x00e\x00r\x00s\x00\
i\x00o\x00n\x00}\x00 \x00-\x00>\x00 \x00\
{\x00t\x00o\x00_\x00v\x00e\x00r\x00s\x00\
i\x00o\x00n\x00}\x08\x00\x00\x00\x00\x06\x00\x00\x00\
-Update success \
{from_version} -\
> {to_version}\x07\x00\
\x00\x00\x08AboutTab\x01\x03\x00\x00\x00\
\x04\x9c\xf4on\x08\x00\x00\x00\x00\x06\x00\x00\x00\x0fW\
uthering Waves\x07\x00\
\x00\x00\x08AboutTab\x01\x03\x00\x00\x00\
\x12\x00o\x00k\x00-\x00p\x00yc\x09\x93u|\
\xbe\x97H\x08\x00\x00\x00\x00\x06\x00\x00\x00\x15ok-\
py Automation To\
ol\x07\x00\x00\x00\x08AboutTab\x01\
\x03\x00\x00\x00\x1c\x00o\x00k\x00-\x00s\x00c\x00\
r\x00i\x00p\x00t\x00 a\xc9u({\xc4g\
,\x08\x00\x00\x00\x00\x06\x00\x00\x00\x16ok-sc\
ript App Templat\
e\x07\x00\x00\x00\x08AboutTab\x01\x03\
\x00\x00\x00H`\xa8v\x84\x90Jb2}\xe8\x86_\
\xff\x0cY\x82\x00 \x001\x000\x002\x006\x003\
\x000\x006\x001\x002\x003\x004\x005\xff\x0c\
\x5c\x07g\x03}\x81[\x9akd^3\x86_O\x7f\
u(N\x14q!l\xd5f\xf4e9\x08\x00\x00\x00\
\x00\x06\x00\x00\x00L\xe4\xbd\xa0\xe7\x9a\x84\xe6\xb8\xb8\xe6\
\x88\x8f\xe7\xbc\x96\xe5\x8f\xb7, \xe5\xa6\x82102\
630612345, \xe5\xb0\x86\xe4\xbc\
\x9a\xe7\xbb\x91\xe5\xae\x9a\xe6\xad\xa4\xe8\xb4\xa6\xe5\x8f\xb7\
\xe4\xbd\xbf\xe7\x94\xa8\xe6\x97\xa0\xe6\xb3\x95\xe6\x9b\xb4\xe6\
\x94\xb9\x07\x00\x00\x00\x09ActWindow\
\x01\x03\x00\x00\x00\x04U_u(\x08\x00\x00\x00\x00\x06\
\x00\x00\x00\x06\xe6\xbf\x80\xe6\xb4\xbb\x07\x00\x00\x00\x09A\
ctWindow\x01\x03\x00\x00\x00\x06U_\
u(x\xbc\x08\x00\x00\x00\x00\x06\x00\x00\x00\x09\xe6\xbf\
\x80\xe6\xb4\xbb\xe7\xa0\x81\x07\x00\x00\x00\x09ActW\
indow\x01\x03\x00\x00\x00\x04\x8afu(\x08\
\x00\x00\x00\x00\x06\x00\x00\x00\x06\xe8\xaf\x95\xe7\x94\xa8\x07\
\x00\x00\x00\x09ActWindow\x01\x03\x00\
\x00\x00\x10\x8a\xcb\x8f8Qe\x90Jb2}\xe8\x86\
_\xff\x01\x08\x00\x00\x00\x00\x06\x00\x00\x00\x16\xe8\xaf\xb7\
\xe8\xbe\x93\xe5\x85\xa5\xe6\xb8\xb8\xe6\x88\x8f\xe7\xbc\x96\xe5\
\x8f\xb7!\x07\x00\x00\x00\x09ActWindo\
w\x01\x03\x00\x00\x00\x0e\x8a\xcb\x8f8QeU_u\
(x\xbc\xff\x01\x08\x00\x00\x00\x00\x06\x00\x00\x00\x13\xe8\
\xaf\xb7\xe8\xbe\x93\xe5\x85\xa5\xe6\xbf\x80\xe6\xb4\xbb\xe7\xa0\
\x81!\x07\x00\x00\x00\x09ActWindow\
\x01\x03\x00\x00\x00\x08\x8e\xdf\x9a\xd4U_u(\x08\x00\
\x00\x00\x00\x06\x00\x00\x00\x0c\xe8\xbd\xaf\xe4\xbb\xb6\xe6\xbf\
\x80\xe6\xb4\xbb\x07\x00\x00\x00\x09ActWind\
ow\x01\x03\x00\x00\x00\x0a\x9aW\x8bIY1eW\
\xff\x01\x08\x00\x00\x00\x00\x06\x00\x00\x00\x0d\xe9\xaa\x8c\xe8\
\xaf\x81\xe5\xa4\xb1\xe8\xb4\xa5!\x07\x00\x00\x00\x09Ac\
tWindow\x01\x03\x00\x00\x00\x0a\x9aW\x8b\
Ib\x10R\x9f\xff\x01\x08\x00\x00\x00\x00\x06\x00\x00\x00\
\x0d\xe9\xaa\x8c\xe8\xaf\x81\xe6\x88\x90\xe5\x8a\x9f!\x07\x00\
\x00\x00\x09ActWindow\x01\x03\x00\x00\
\x00\x04e\xb0X\x9e\x08\x00\x00\x00\x00\x06\x00\x00\x00\x03\
Add\x07\x00\x00\x00\x11AddTextM\
essageBox\x01\x03\x00\x00\x00\x04S\
\xd6m\x88\x08\x00\x00\x00\x00\x06\x00\x00\x00\x06Can\
cel\x07\x00\x00\x00\x11AddTextM\
essageBox\x01\x03\x00\x00\x00\x04x\
\xba\x8a\x8d\x08\x00\x00\x00\x00\x06\x00\x00\x00\x07Con\
firm\x07\x00\x00\x00\x11AddText\
MessageBox\x01\x03\x00\x00\x00\x1c\
`\xa8x\xba[\x9a\x89\x81R*\x96d\x00 \x00'\
\x00{\x00}\x00'\x00 U\xce\xff\x1f\x08\x00\x00\x00\
\x00\x06\x00\x00\x00%Are you su\
re you want to d\
elete '{}'?\x07\x00\x00\x00\x10\
AnnotationCanvas\
\x01\x03\x00\x00\x00\x08x\xba\x8a\x8dR*\x96d\x08\x00\
\x00\x00\x00\x06\x00\x00\x00\x0eConfirm \
Delete\x07\x00\x00\x00\x10Annot\
ationCanvas\x01\x03\x00\x00\x00\
\x04m\xf1\x82r\x08\x00\x00\x00\x00\x06\x00\x00\x00\x04D\
ark\x07\x00\x00\x00\x0fAppConfi\
gWidget\x01\x03\x00\x00\x00\x04m\xfa\x82\
r\x08\x00\x00\x00\x00\x06\x00\x00\x00\x05Light\
\x07\x00\x00\x00\x0fAppConfigWi\
dget\x01\x03\x00\x00\x00\x04N;\x98L\x08\x00\
\x00\x00\x00\x06\x00\x00\x00\x05Theme\x07\x00\x00\
\x00\x0fAppConfigWidge\
t\x01\x03\x00\x00\x00\x12]\xf2[XW(e\xbc\x00\
 \x00'\x00{\x00}\x00'\x08\x00\x00\x00\x00\x06\x00\
\x00\x00\x16Already exist\
s in '{}'\x07\x00\x00\x00\x0aBB\
oxDialog\x01\x03\x00\x00\x00\x06\x90\x8a\
uLhF\x08\x00\x00\x00\x00\x06\x00\x00\x00\x0cBo\
unding Box\x07\x00\x00\x00\x0aB\
BoxDialog\x01\x03\x00\x00\x00\x04S\
\xd6m\x88\x08\x00\x00\x00\x00\x06\x00\x00\x00\x06Can\
cel\x07\x00\x00\x00\x0aBBoxDial\
og\x01\x03\x00\x00\x00\x08R\x06\x98^T\x0dz1\
\x08\x00\x00\x00\x00\x06\x00\x00\x00\x0dCatego\
ry name\x07\x00\x00\x00\x0aBBox\
Dialog\x01\x03\x00\x00\x00\x06R\x06\x98^\
\x00:\x08\x00\x00\x00\x00\x06\x00\x00\x00\x09Cate\
gory:\x07\x00\x00\x00\x0aBBoxDi\
alog\x01\x03\x00\x00\x00\x06\x9a\xd8^\xa6\x00:\
\x08\x00\x00\x00\x00\x06\x00\x00\x00\x07Height\
:\x07\x00\x00\x00\x0aBBoxDialog\
\x01\x03\x00\x00\x00\x0cT\x0dz1N\x0d\x80\xfdp\xba\
zz\x08\x00\x00\x00\x00\x06\x00\x00\x00\x0dName\
 required\x07\x00\x00\x00\x0aBB\
oxDialog\x01\x03\x00\x00\x00\x04x\xba\
[\x9a\x08\x00\x00\x00\x00\x06\x00\x00\x00\x02OK\x07\x00\
\x00\x00\x0aBBoxDialog\x01\x03\x00\
\x00\x00\x06[\xec^\xa6\x00:\x08\x00\x00\x00\x00\x06\x00\
\x00\x00\x06Width:\x07\x00\x00\x00\x0aBB\
oxDialog\x01\x03\x00\x00\x00\x14e\xb0\
X\x9e\x81\xf3\x95\x8bY\xcbR\x9f\x80\xfd\x88hcw\
_\x91\x08\x00\x00\x00\x00\x06\x00\x00\x00\x17Add \
Start Menu Short\
cut\x07\x00\x00\x00\x0aConfigCa\
rd\x01\x03\x00\x00\x00\x08\x91\xcd\x8a-\x8a-[\x9a\
\x08\x00\x00\x00\x00\x06\x00\x00\x00\x0cReset \
Config\x07\x00\x00\x00\x0aConfi\
gCard\x01\x03\x00\x00\x00\x04S\xd6m\x88\x08\
\x00\x00\x00\x00\x06\x00\x00\x00\x06Cancel\x07\
\x00\x00\x00\x0eCopyTaskDial\
og\x01\x03\x00\x00\x00\x04x\xba\x8a\x8d\x08\x00\x00\x00\
\x00\x06\x00\x00\x00\x07Confirm\x07\x00\x00\
\x00\x0eCopyTaskDialog\
\x01\x03\x00\x00\x00\x08\x89\x07\x88\xfdN\xfbR\xd9\x08\x00\
\x00\x00\x00\x06\x00\x00\x00\x09Copy Tas\
k\x07\x00\x00\x00\x0eCopyTaskDi\
alog\x01\x03\x00\x00\x00\x16\x90xd\xc7\x89\x81\
\x89\x07\x88\xfdv\x84N\xfbR\xd9\x00.\x00.\x00.\
\x08\x00\x00\x00\x00\x06\x00\x00\x00\x16Select\
 task to copy...\
\x07\x00\x00\x00\x0eCopyTaskDia\
log\x01\x03\x00\x00\x00\x12\x00(\x000\x00 \x00\
=\x00 ]\xf2y\x81u(\x00)\x08\x00\x00\x00\x00\
\x06\x00\x00\x00\x0e(0 = disabl\
ed)\x07\x00\x00\x00\x18CreateSc\
heduleTaskDialog\
\x01\x03\x00\x00\x00\x08\x002\x004\x5c\x0ffB\x08\x00\
\x00\x00\x00\x06\x00\x00\x00\x0324h\x07\x00\x00\x00\x18\
CreateScheduleTa\
skDialog\x01\x03\x00\x00\x00\x1cN\xfb\
R\xd9[\x8cb\x10_\x8c\x81\xeaR\xd5\x90\x00Q\xfa\
\x00 \x00(\x00-\x00e\x00)\x08\x00\x00\x00\x00\x06\
\x00\x00\x00\x1eAuto exit af\
ter task done (-\
e)\x07\x00\x00\x00\x18CreateSch\
eduleTaskDialog\x01\
\x03\x00\x00\x00\x04S\xd6m\x88\x08\x00\x00\x00\x00\x06\x00\
\x00\x00\x06Cancel\x07\x00\x00\x00\x18Cr\
eateScheduleTask\
Dialog\x01\x03\x00\x00\x00\x04Ru^\xfa\
\x08\x00\x00\x00\x00\x06\x00\x00\x00\x06Create\
\x07\x00\x00\x00\x18CreateSched\
uleTaskDialog\x01\x03\x00\
\x00\x00\x0cRu^\xfa\x8a\x08R\x83N\xfbR\xd9\x08\
\x00\x00\x00\x00\x06\x00\x00\x00\x14Create \
Schedule Task\x07\x00\x00\
\x00\x18CreateSchedule\
TaskDialog\x01\x03\x00\x00\x00\x06\
\x81\xea[\x9a\x7f\xa9\x08\x00\x00\x00\x00\x06\x00\x00\x00\x06\
Custom\x07\x00\x00\x00\x18Creat\
eScheduleTaskDia\
log\x01\x03\x00\x00\x00\x0a\x81\xea[\x9a\x7f\xa9\x95\
\x93\x96\x94\x08\x00\x00\x00\x00\x06\x00\x00\x00\x0fCus\
tom Interval\x07\x00\x00\x00\
\x18CreateScheduleT\
askDialog\x01\x03\x00\x00\x00\x04k\
\xcfY)\x08\x00\x00\x00\x00\x06\x00\x00\x00\x05Dai\
ly\x07\x00\x00\x00\x18CreateSch\
eduleTaskDialog\x01\
\x03\x00\x00\x00\x02Y)\x08\x00\x00\x00\x00\x06\x00\x00\x00\
\x04Days\x07\x00\x00\x00\x18Create\
ScheduleTaskDial\
og\x01\x03\x00\x00\x00\x04\x5c\x0ffB\x08\x00\x00\x00\
\x00\x06\x00\x00\x00\x04Hour\x07\x00\x00\x00\x18C\
reateScheduleTas\
kDialog\x01\x03\x00\x00\x00\x04\x5c\x0ff\
B\x08\x00\x00\x00\x00\x06\x00\x00\x00\x05Hours\
\x07\x00\x00\x00\x18CreateSched\
uleTaskDialog\x01\x03\x00\
\x00\x00\x04R\x06\x94\x18\x08\x00\x00\x00\x00\x06\x00\x00\x00\
\x06Minute\x07\x00\x00\x00\x18Crea\
teScheduleTaskDi\
alog\x01\x03\x00\x00\x00\x04k\xcfg\x08\x08\x00\
\x00\x00\x00\x06\x00\x00\x00\x07Monthly\x07\
\x00\x00\x00\x18CreateSchedu\
leTaskDialog\x01\x03\x00\x00\
\x00\x0cl\x92g\x09S\xefu(N\xfbR\xd9\x08\x00\
\x00\x00\x00\x06\x00\x00\x00\x12No tasks\
 available\x07\x00\x00\x00\x18C\
reateScheduleTas\
kDialog\x01\x03\x00\x00\x00\x04N\x00k\
!\x08\x00\x00\x00\x00\x06\x00\x00\x00\x04Once\x07\
\x00\x00\x00\x18CreateSchedu\
leTaskDialog\x01\x03\x00\x00\
\x00\x08\x90xd\xc7N\xfbR\xd9\x08\x00\x00\x00\x00\x06\
\x00\x00\x00\x0bSelect Task\x07\
\x00\x00\x00\x18CreateSchedu\
leTaskDialog\x01\x03\x00\x00\
\x00\x08\x95\x8bY\xcbfB\x95\x93\x08\x00\x00\x00\x00\x06\
\x00\x00\x00\x0aStart Time\x07\x00\
\x00\x00\x18CreateSchedul\
eTaskDialog\x01\x03\x00\x00\x00\
\x08U_R\xd5\x90x\x98\x05\x08\x00\x00\x00\x00\x06\x00\
\x00\x00\x0fStartup Optio\
ns\x07\x00\x00\x00\x18CreateSch\
eduleTaskDialog\x01\
\x03\x00\x00\x00\x04\x8d\x85fB\x08\x00\x00\x00\x00\x06\x00\
\x00\x00\x07Timeout\x07\x00\x00\x00\x18C\
reateScheduleTas\
kDialog\x01\x03\x00\x00\x00\x08\x89\xf8v\
|\x98^W\x8b\x08\x00\x00\x00\x00\x06\x00\x00\x00\x0cT\
rigger Type\x07\x00\x00\x00\x18\
CreateScheduleTa\
skDialog\x01\x03\x00\x00\x00\x04k\xcf\
Th\x08\x00\x00\x00\x00\x06\x00\x00\x00\x06Week\
ly\x07\x00\x00\x00\x18CreateSch\
eduleTaskDialog\x01\
\x03\x00\x00\x00\x18\x5c\x0ffB\x00 \x00(\x000\x00\
 \x00=\x00 q!\x96PR6\x00)\x08\x00\x00\
\x00\x00\x06\x00\x00\x00\x15hours (0 \
= unlimited)\x07\x00\x00\x00\
\x18CreateScheduleT\
askDialog\x01\x03\x00\x00\x00\x04S\
\xd6m\x88\x08\x00\x00\x00\x00\x06\x00\x00\x00\x06Can\
cel\x07\x00\x00\x00\x10CreateTa\
skDialog\x01\x03\x00\x00\x00\x16\x98^\
R%T\x0dz1\x00 \x00(P\xc5\x96P\x82\xf1\
e\x87\x00)\x08\x00\x00\x00\x00\x06\x00\x00\x00\x19Cl\
ass Name (Englis\
h only)\x07\x00\x00\x00\x10Crea\
teTaskDialog\x01\x03\x00\x00\
\x00\x04x\xba\x8a\x8d\x08\x00\x00\x00\x00\x06\x00\x00\x00\x07\
Confirm\x07\x00\x00\x00\x10Crea\
teTaskDialog\x01\x03\x00\x00\
\x00\x08^\xfaz\xcbN\xfbR\xd9\x08\x00\x00\x00\x00\x06\
\x00\x00\x00\x0bCreate Task\x07\
\x00\x00\x00\x10CreateTaskDi\
alog\x01\x03\x00\x00\x00\x0ec\xcf\x8f\xf0\x00 \
\x00(\x90xXk\x00)\x08\x00\x00\x00\x00\x06\x00\x00\
\x00\x16Description (O\
ptional)\x07\x00\x00\x00\x10Cre\
ateTaskDialog\x01\x03\x00\
\x00\x00\x08N\xfbR\xd9T\x0dz1\x08\x00\x00\x00\x00\
\x06\x00\x00\x00\x09Task Name\x07\x00\
\x00\x00\x10CreateTaskDia\
log\x01\x03\x00\x00\x00\x04T|S\xeb\x08\x00\x00\
\x00\x00\x06\x00\x00\x00\x04Call\x07\x00\x00\x00\x08\
DebugTab\x01\x03\x00\x00\x00\x04b*\
W\x16\x08\x00\x00\x00\x00\x06\x00\x00\x00\x12Capt\
ure Screenshot\x07\x00\
\x00\x00\x08DebugTab\x01\x03\x00\x00\x00\
\x08b*W\x16b\x10R\x9f\x08\x00\x00\x00\x00\x06\x00\
\x00\x00\x0fCapture Succe\
ss\x07\x00\x00\x00\x08DebugTab\x01\
\x03\x00\x00\x00\x0cb*W\x16P\xb3V\xdezzP\
<\x08\x00\x00\x00\x00\x06\x00\x00\x00\x15Captu\
re returned None\
\x07\x00\x00\x00\x08DebugTab\x01\x03\x00\
\x00\x00\x14}\xe8\x8bo\x00 \x00i\x001\x008\x00\
n\x00 j\x94hH\x08\x00\x00\x00\x00\x06\x00\x00\x00\
\x12Convert i18n fi\
les\x07\x00\x00\x00\x08DebugTab\
\x01\x03\x00\x00\x00\x14T|S\xeb\x00 \x00T\x00a\
\x00s\x00k\x00 e\xb9l\xd5\x08\x00\x00\x00\x00\x06\
\x00\x00\x00\x13Debug Task F\
unction\x07\x00\x00\x00\x08Debu\
gTab\x01\x03\x00\x00\x00\x08\x96d\x93/]\xe5\
Qw\x08\x00\x00\x00\x00\x06\x00\x00\x00\x0aDebu\
g Tool\x07\x00\x00\x00\x08Debug\
Tab\x01\x03\x00\x00\x00\x0eb\xd6f\xf3b\x16\x90\
xS\xd6b*W\x16\x08\x00\x00\x00\x00\x06\x00\x00\x00\
\x19Drop or Select \
Screenshot\x07\x00\x00\x00\x08D\
ebugTab\x01\x03\x00\x00\x00:\x00D\x00\
u\x00m\x00p\x00 \x00T\x00h\x00r\x00e\x00\
a\x00d\x00s\x00 \x00(_\xebcw\x93u\xff\
\x1a\x00C\x00t\x00r\x00l\x00+\x00A\x00l\x00\
t\x00+\x00D\x00)\x08\x00\x00\x00\x00\x06\x00\x00\x00\
\x1fDump Threads(Ho\
tKey:Ctrl+Alt+D)\
\x07\x00\x00\x00\x08DebugTab\x01\x03\x00\
\x00\x00\x14u\x22u\x1f\x00 \x00i\x001\x008\x00\
n\x00 j\x94hH\x08\x00\x00\x00\x00\x06\x00\x00\x00\
\x13Generate i18n f\
iles\x07\x00\x00\x00\x08DebugTa\
b\x01\x03\x00\x00\x00\x16b*W\x16e\xb9_\x0fN\
\x0dS\xefu(b\x16g*\x90xS\xd6\x08\x00\x00\
\x00\x00\x06\x00\x00\x00 No Captur\
e Available or S\
elected\x07\x00\x00\x00\x08Debu\
gTab\x01\x03\x00\x00\x00\x0eg*\x8a-[\x9a\
\x00 \x00O\x00C\x00R\x08\x00\x00\x00\x00\x06\x00\x00\
\x00\x11No OCR configu\
red\x07\x00\x00\x00\x08DebugTab\
\x01\x03\x00\x00\x00(l\x92g\x09\x8ar\x5cl`'\
b\x16e\xb9l\xd5\xff\x1a\x00{\x00f\x00u\x00n\
\x00c\x00_\x00n\x00a\x00m\x00e\x00}\x08\x00\
\x00\x00\x00\x06\x00\x00\x00\x19No such \
attr: {func_name\
}\x07\x00\x00\x00\x08DebugTab\x01\x03\
\x00\x00\x00\x22\x00O\x00C\x00R\x00 T|S\xeb\
b\x10R\x9f\xff\x1a\x00{\x00r\x00e\x00s\x00u\
\x00l\x00t\x00}\x08\x00\x00\x00\x00\x06\x00\x00\x00\x15\
OCR success: {re\
sult}\x07\x00\x00\x00\x08DebugT\
ab\x01\x03\x00\x00\x00\x0e\x95\x8bU_e\xe5\x8a\x8c\
\x8c\xc7e\x99Y>\x08\x00\x00\x00\x00\x06\x00\x00\x00\x09\
Open Logs\x07\x00\x00\x00\x08De\
bugTab\x01\x03\x00\x00\x00\x08\x90xS\xd6\
b*W\x16\x08\x00\x00\x00\x00\x06\x00\x00\x00\x12Se\
lect Screenshots\
\x07\x00\x00\x00\x08DebugTab\x01\x03\x00\
\x00\x00\x0e\x8f8Qee\xb9l\xd5b\x16\x5cl`\
'\x08\x00\x00\x00\x00\x06\x00\x00\x00\x1bType \
a function or pr\
operty\x07\x00\x00\x00\x08Debug\
Tab\x01\x03\x00\x00\x00,T|S\xebb\x10R\
\x9f\x00 \x00s\x00u\x00c\x00c\x00e\x00s\x00\
s\x00:\x00 \x00{\x00r\x00e\x00s\x00u\x00\
l\x00t\x00}\x08\x00\x00\x00\x00\x06\x00\x00\x00\x16c\
all success: {re\
sult}\x07\x00\x00\x00\x08DebugT\
ab\x01\x03\x00\x00\x00\x1a]\xf2\x90xS\xd6\x00 \
\x00{\x00n\x00u\x00m\x00}\x00 _5W\x16\
rG\x08\x00\x00\x00\x00\x06\x00\x00\x00\x15{num\
} images selecte\
d\x07\x00\x00\x00\x08DebugTab\x01\x03\
\x00\x00\x00\x06\x00A\x00D\x00B\x08\x00\x00\x00\x00\x06\
\x00\x00\x00\x03ADB\x07\x00\x00\x00\x0bEdit\
TaskTab\x01\x03\x00\x00\x00\x16x\xba[\
\x9a\x89\x81R*\x96d\x00 \x00{\x00}\x00 U\
\xce\xff\x1f\x08\x00\x00\x00\x00\x06\x00\x00\x00#Are\
 you sure you wa\
nt to delete {}?\
\x07\x00\x00\x00\x0bEditTaskTab\
\x01\x03\x00\x00\x00\x04S@W\xdf\x08\x00\x00\x00\x00\x06\
\x00\x00\x00\x03Box\x07\x00\x00\x00\x0bEdit\
TaskTab\x01\x03\x00\x00\x00\x04S\xd6m\
\x88\x08\x00\x00\x00\x00\x06\x00\x00\x00\x06Cance\
l\x07\x00\x00\x00\x0bEditTaskTa\
b\x01\x03\x00\x00\x00\x0a\x90xd\xc7N\xfbR\xd9\x00\
:\x08\x00\x00\x00\x00\x06\x00\x00\x00\x0cChoos\
e Task:\x07\x00\x00\x00\x0bEdit\
TaskTab\x01\x03\x00\x00\x00\x08x\xba\x8a\
\x8dR*\x96d\x08\x00\x00\x00\x00\x06\x00\x00\x00\x0eC\
onfirm Delete\x07\x00\x00\
\x00\x0bEditTaskTab\x01\x03\x00\
\x00\x00\x04c\xa7R6\x08\x00\x00\x00\x00\x06\x00\x00\x00\
\x07Control\x07\x00\x00\x00\x0bEdi\
tTaskTab\x01\x03\x00\x00\x00\x08\x89\x07\
\x88\xfdN\xfbR\xd9\x08\x00\x00\x00\x00\x06\x00\x00\x00\x09\
Copy Task\x07\x00\x00\x00\x0bEd\
itTaskTab\x01\x03\x00\x00\x00\x18b\
~N\x0dR0\x00 \x00{\x00}\x00 v\x84S\
\x9fY\xcbj\x94hH\x08\x00\x00\x00\x00\x06\x00\x00\x00\
!Could not find \
source file for \
{}\x07\x00\x00\x00\x0bEditTaskT\
ab\x01\x03\x00\x00\x00\x0a^\xfaz\xcbe\xb0N\xfb\
R\xd9\x08\x00\x00\x00\x00\x06\x00\x00\x00\x0fCrea\
te New Task\x07\x00\x00\x00\x0b\
EditTaskTab\x01\x03\x00\x00\x00\
\x08^\xfaz\xcbN\xfbR\xd9\x08\x00\x00\x00\x00\x06\x00\
\x00\x00\x0bCreate Task\x07\x00\
\x00\x00\x0bEditTaskTab\x01\x03\
\x00\x00\x00\x08R*\x96dN\xfbR\xd9\x08\x00\x00\x00\
\x00\x06\x00\x00\x00\x0bDelete Tas\
k\x07\x00\x00\x00\x0bEditTaskTa\
b\x01\x03\x00\x00\x00\x0e\x81sg,v\x84\x98oy\
:T\x0dz1\x08\x00\x00\x00\x00\x06\x00\x00\x00\x1bD\
isplay name for \
the script\x07\x00\x00\x00\x0bE\
ditTaskTab\x01\x03\x00\x00\x00\x22\
P\xc5\x96P\x82\xf1e\x870\x01ex[WT\x8c\
g\x09eHv\x84j\x94hHT\x0dz1[W\
QC\x08\x00\x00\x00\x00\x06\x00\x00\x00.Engl\
ish, numbers and\
 valid filename \
chars only\x07\x00\x00\x00\x0bE\
ditTaskTab\x01\x03\x00\x00\x00\x04\
S/Q\xfa\x08\x00\x00\x00\x00\x06\x00\x00\x00\x06Ex\
port\x07\x00\x00\x00\x0bEditTas\
kTab\x01\x03\x00\x00\x00\x08S/Q\xfa\x81s\
g,\x08\x00\x00\x00\x00\x06\x00\x00\x00\x0dExpo\
rt Script\x07\x00\x00\x00\x0bEd\
itTaskTab\x01\x03\x00\x00\x00\x08S\
/Q\xfaY1eW\x08\x00\x00\x00\x00\x06\x00\x00\x00\
\x0dExport failed\x07\x00\
\x00\x00\x0bEditTaskTab\x01\x03\
\x00\x00\x00\x18\x8b\x80S\xd6S\x9fY\xcbj\x94hH\
Y1eW\x00:\x00 \x00{\x00}\x08\x00\x00\x00\
\x00\x06\x00\x00\x00\x1eFailed to \
read source file\
: {}\x07\x00\x00\x00\x0bEditTas\
kTab\x01\x03\x00\x00\x00\x08Q2[XY1\
eW\x08\x00\x00\x00\x00\x06\x00\x00\x00\x0eFail\
ed to save\x07\x00\x00\x00\x0bE\
ditTaskTab\x01\x03\x00\x00\x00\x04\
j\x94hH\x08\x00\x00\x00\x00\x06\x00\x00\x00\x04Fi\
le\x07\x00\x00\x00\x0bEditTaskT\
ab\x01\x03\x00\x00\x00\x10j\x94hH]\xf2\x88\xab\
Y\x16\x90\xe8O\xeee9\x08\x00\x00\x00\x00\x06\x00\x00\
\x00\x17File Changed E\
xternally\x07\x00\x00\x00\x0bEd\
itTaskTab\x01\x03\x00\x00\x00\x0aj\
\x94hHT\x0dz1\xff\x1a\x08\x00\x00\x00\x00\x06\x00\
\x00\x00\x0aFile Name:\x07\x00\x00\
\x00\x0bEditTaskTab\x01\x03\x00\
\x00\x00\x04c\x07SW\x08\x00\x00\x00\x00\x06\x00\x00\x00\
\x05Guide\x07\x00\x00\x00\x0bEditT\
askTab\x01\x03\x00\x00\x00\x08S/Qe\
\x81sg,\x08\x00\x00\x00\x00\x06\x00\x00\x00\x0dIm\
port Script\x07\x00\x00\x00\x0b\
EditTaskTab\x01\x03\x00\x00\x00\
\x08S/QeY1eW\x08\x00\x00\x00\x00\x06\x00\
\x00\x00\x0dImport failed\
\x07\x00\x00\x00\x0bEditTaskTab\
\x01\x03\x00\x00\x00 \x98^R%T\x0dz1q!\
eH0\x02S\xea\x80\xfdO\x7fu(\x82\xf1e\x87\
[WQC0\x02\x08\x00\x00\x00\x00\x06\x00\x00\x004\
Invalid Class Na\
me. Must be Engl\
ish characters o\
nly.\x07\x00\x00\x00\x0bEditTas\
kTab\x01\x03\x00\x00\x006q!eHv\x84\
j\x94hHT\x0dz10\x02S\xea\x80\xfdO\x7f\
u(\x82\xf1e\x87[Wk\xcd0\x01ex[W\
0\x01^\x95}\xdaT\x8c\x90#[W\x86_0\x02\
\x08\x00\x00\x00\x00\x06\x00\x00\x00KInvali\
d file name. Use\
 English letters\
, numbers, under\
scores, hyphens \
only.\x07\x00\x00\x00\x0bEditTa\
skTab\x01\x03\x00\x00\x00\x04c\x09\x93u\x08\
\x00\x00\x00\x00\x06\x00\x00\x00\x03Key\x07\x00\x00\x00\
\x0bEditTaskTab\x01\x03\x00\x00\
\x00\x04e\xe5\x8a\x8c\x08\x00\x00\x00\x00\x06\x00\x00\x00\x07\
Logging\x07\x00\x00\x00\x0bEdit\
TaskTab\x01\x03\x00\x00\x00\x08q!\x96\
P_\xaat\xb0\x08\x00\x00\x00\x00\x06\x00\x00\x00\x0fL\
oop infinitely\x07\x00\
\x00\x00\x0bEditTaskTab\x01\x03\
\x00\x00\x00\x0c_\xaat\xb0c\x07[\x9ak!ex\
\x08\x00\x00\x00\x00\x06\x00\x00\x00\x0cLoop x\
 times\x07\x00\x00\x00\x0bEditT\
askTab\x01\x03\x00\x00\x00\x04n\xd1\x9f \
\x08\x00\x00\x00\x00\x06\x00\x00\x00\x05Mouse\x07\
\x00\x00\x00\x0bEditTaskTab\x01\
\x03\x00\x00\x00\x06N\x0d_\xaat\xb0\x08\x00\x00\x00\x00\
\x06\x00\x00\x00\x07No loop\x07\x00\x00\x00\
\x0bEditTaskTab\x01\x03\x00\x00\
\x00\x12l\x92g\x09S\xefS/Q\xfav\x84N\xfb\
R\xd90\x02\x08\x00\x00\x00\x00\x06\x00\x00\x00\x13No\
 tasks to export\
.\x07\x00\x00\x00\x0bEditTaskTa\
b\x01\x03\x00\x00\x00\x06\x00O\x00C\x00R\x08\x00\x00\
\x00\x00\x06\x00\x00\x00\x03OCR\x07\x00\x00\x00\x0bE\
ditTaskTab\x01\x03\x00\x00\x00\x04\
x\xba[\x9a\x08\x00\x00\x00\x00\x06\x00\x00\x00\x02OK\
\x07\x00\x00\x00\x0bEditTaskTab\
\x01\x03\x00\x00\x00D\x00O\x00K\x00S\x00c\x00r\
\x00i\x00p\x00t\x00 j\x94hH\x00 \x00(\
\x00*\x00.\x00o\x00k\x00s\x00c\x00r\x00i\
\x00p\x00t\x00)\x00;\x00;b@g\x09j\x94\
hH\x00 \x00(\x00*\x00)\x08\x00\x00\x00\x00\x06\
\x00\x00\x00*OKScript Fil\
es (*.okscript);\
;All Files (*)\x07\x00\
\x00\x00\x0bEditTaskTab\x01\x03\
\x00\x00\x00\x04QvN\xd6\x08\x00\x00\x00\x00\x06\x00\x00\
\x00\x05Other\x07\x00\x00\x00\x0bEdit\
TaskTab\x01\x03\x00\x00\x00\x1c\x8a\xcb\x81\
\xf3\x5c\x11\x90xd\xc7N\x00P\x0bN\xfbR\xd9\x90\
2\x88LS/Q\xfa0\x02\x08\x00\x00\x00\x00\x06\x00\
\x00\x00*Please select\
 at least one ta\
sk to export.\x07\x00\x00\
\x00\x0bEditTaskTab\x01\x03\x00\
\x00\x00\x04\x93\x04\x88\xfd\x08\x00\x00\x00\x00\x06\x00\x00\x00\
\x06Record\x07\x00\x00\x00\x0bEdit\
TaskTab\x01\x03\x00\x00\x00$\x93\x04\x88\
\xfd\x5c\x07\x89\x86\x84\xcbv\xeeRMv\x84\x81sg\
,\x90\x8f\x8f/0\x02f/T&~|~\x8c\xff\
\x1f\x08\x00\x00\x00\x00\x06\x00\x00\x008Recor\
d will override \
the current scri\
pt logic. Contin\
ue?\x07\x00\x00\x00\x0bEditTask\
Tab\x01\x03\x00\x00\x00@W(\x89\x96z\x97\x00\
 \x00'\x00{\x00h\x00w\x00n\x00d\x00_\x00\
n\x00a\x00m\x00e\x00}\x00'\x00 \x86Ue\
\xbcm;R\xd5r\xc0aKfB\xff\x0c\x5c\x07\x95\
\x8bY\xcb\x93\x04\x88\xfd0\x02\x08\x00\x00\x00\x00\x06\x00\
\x00\x00>Recording wil\
l start when win\
dow '{hwnd_name}\
' becomes active\
.\x07\x00\x00\x00\x0bEditTaskTa\
b\x01\x03\x00\x00\x00\x04W\xf7\x88L\x08\x00\x00\x00\x00\
\x06\x00\x00\x00\x03Run\x07\x00\x00\x00\x0bEdi\
tTaskTab\x01\x03\x00\x00\x00\x04Q2\
[X\x08\x00\x00\x00\x00\x06\x00\x00\x00\x04Save\
\x07\x00\x00\x00\x0bEditTaskTab\
\x01\x03\x00\x00\x00\x08Q2[X\x8b\x8af\xf4\x08\x00\
\x00\x00\x00\x06\x00\x00\x00\x0cSave Cha\
nges\x07\x00\x00\x00\x0bEditTas\
kTab\x01\x03\x00\x00\x00\x0a\x81sg,T\x0d\
z1\xff\x1a\x08\x00\x00\x00\x00\x06\x00\x00\x00\x0cSc\
ript Name:\x07\x00\x00\x00\x0bE\
ditTaskTab\x01\x03\x00\x00\x00\x1c\
\x81sg,]\xf2b\x10R\x9fS/Q\xfaR0\
N\x0b\x8f\x09\x8c\xc7e\x99Y>0\x02\x08\x00\x00\x00\
\x00\x06\x00\x00\x001Script exp\
orted successful\
ly to Downloads \
folder.\x07\x00\x00\x00\x0bEdit\
TaskTab\x01\x03\x00\x00\x00\x12\x81sg\
,T\x0dz1p\xba_\xc5Xk\x98\x050\x02\x08\
\x00\x00\x00\x00\x06\x00\x00\x00\x18Script \
name is required\
.\x07\x00\x00\x00\x0bEditTaskTa\
b\x01\x03\x00\x00\x00\x0ed\x1c\x5c\x0b{\xc4g,\x00\
.\x00.\x00.\x08\x00\x00\x00\x00\x06\x00\x00\x00\x13S\
earch templates.\
..\x07\x00\x00\x00\x0bEditTaskT\
ab\x01\x03\x00\x00\x00\x0c\x90xd\xc7\x81sg,\
j\x94hH\x08\x00\x00\x00\x00\x06\x00\x00\x00\x12Se\
lect Script File\
\x07\x00\x00\x00\x0bEditTaskTab\
\x01\x03\x00\x00\x00\x12\x90xd\xc7\x89\x81S/Q\xfa\
v\x84N\xfbR\xd9\xff\x1a\x08\x00\x00\x00\x00\x06\x00\x00\
\x00\x17Select tasks t\
o export:\x07\x00\x00\x00\x0bEd\
itTaskTab\x01\x03\x00\x00\x00\x04P\
\x5ckb\x08\x00\x00\x00\x00\x06\x00\x00\x00\x04Sto\
p\x07\x00\x00\x00\x0bEditTaskTa\
b\x01\x03\x00\x00\x00\x04b\x10R\x9f\x08\x00\x00\x00\x00\
\x06\x00\x00\x00\x07Success\x07\x00\x00\x00\
\x0bEditTaskTab\x01\x03\x00\x00\
\x00\x12N\xfbR\xd9T\x0dz1N\x0d\x80\xfdp\xba\
zz0\x02\x08\x00\x00\x00\x00\x06\x00\x00\x00\x16Ta\
sk Name is requi\
red.\x07\x00\x00\x00\x0bEditTas\
kTab\x01\x03\x00\x00\x00\x0eN\xfbR\xd9\x89\x07\
\x88\xfdb\x10R\x9f0\x02\x08\x00\x00\x00\x00\x06\x00\x00\
\x00\x19Task copied su\
ccessfully.\x07\x00\x00\x00\x0b\
EditTaskTab\x01\x03\x00\x00\x00\
\x0eN\xfbR\xd9^\xfaz\xcbb\x10R\x9f0\x02\x08\
\x00\x00\x00\x00\x06\x00\x00\x00\x1aTask cr\
eated successful\
ly.\x07\x00\x00\x00\x0bEditTask\
Tab\x01\x03\x00\x00\x00\x0eN\xfbR\xd9R*\x96\
db\x10R\x9f0\x02\x08\x00\x00\x00\x00\x06\x00\x00\x00\
\x1aTask deleted su\
ccessfully.\x07\x00\x00\x00\x0b\
EditTaskTab\x01\x03\x00\x00\x00\
\x10N\xfbR\xd9j\x94hH]\xf2[XW(0\
\x02\x08\x00\x00\x00\x00\x06\x00\x00\x00\x19Task \
file already exi\
sts.\x07\x00\x00\x00\x0bEditTas\
kTab\x01\x03\x00\x00\x00\x0eN\xfbR\xd9\x91\xcd\
^\xfab\x10R\x9f0\x02\x08\x00\x00\x00\x00\x06\x00\x00\
\x00\x1aTask rebuilt s\
uccessfully.\x07\x00\x00\x00\
\x0bEditTaskTab\x01\x03\x00\x00\
\x00\x08j!g\x7fS9\x91M\x08\x00\x00\x00\x00\x06\
\x00\x00\x00\x11Template Mat\
ching\x07\x00\x00\x00\x0bEditTa\
skTab\x01\x03\x00\x00\x00&v\xeeRMv\
\x84N\xfbR\xd9g\x09g*Q2[Xv\x84\x8b\
\x8af\xf40\x02f/T&\x89\x81Q2[X\xff\
\x1f\x08\x00\x00\x00\x00\x06\x00\x00\x00?The c\
urrent task has \
unsaved changes.\
 Do you want to \
save them?\x07\x00\x00\x00\x0bE\
ditTaskTab\x01\x03\x00\x00\x00*\
j\x94hH]\xf2\x88\xabY\x16\x90\xe8O\xeee9\
0\x02f/T&\x89\x81\x89\x86\x84\xcbg*Q2\
[Xv\x84\x8b\x8af\xf4\xff\x1f\x08\x00\x00\x00\x00\x06\
\x00\x00\x00PThe file was\
 modified extern\
ally. Do you wan\
t to overwrite y\
our unsaved chan\
ges?\x07\x00\x00\x00\x0bEditTas\
kTab\x01\x03\x00\x00\x00\x06rHg,\xff\x1a\
\x08\x00\x00\x00\x00\x06\x00\x00\x00\x08Versio\
n:\x07\x00\x00\x00\x0bEditTaskT\
ab\x01\x03\x00\x00\x00\x04\x8bfTJ\x08\x00\x00\x00\
\x00\x06\x00\x00\x00\x07Warning\x07\x00\x00\
\x00\x0bEditTaskTab\x01\x03\x00\
\x00\x00\x04\x89\x96z\x97\x08\x00\x00\x00\x00\x06\x00\x00\x00\
\x06Window\x07\x00\x00\x00\x0bEdit\
TaskTab\x01\x03\x00\x00\x00\x12\x00A\x00\
D\x00B\x00 \x00S\x00h\x00e\x00l\x00l\x08\
\x00\x00\x00\x00\x06\x00\x00\x00\x09adb_she\
ll\x07\x00\x00\x00\x0bEditTaskT\
ab\x01\x03\x00\x00\x00\x12\x00A\x00D\x00B\x00 \
\x00U\x00I\x00 [\xfcQ\xfa\x08\x00\x00\x00\x00\x06\
\x00\x00\x00\x0badb_ui_dump\x07\
\x00\x00\x00\x0bEditTaskTab\x01\
\x03\x00\x00\x00\x0cm\xfbR\xa0e\x87g,O\xeek\
c\x08\x00\x00\x00\x00\x06\x00\x00\x00\x0cadd_t\
ext_fix\x07\x00\x00\x00\x0bEdit\
TaskTab\x01\x03\x00\x00\x00\x04\x8f\xd4V\
\xde\x08\x00\x00\x00\x00\x06\x00\x00\x00\x04back\x07\
\x00\x00\x00\x0bEditTaskTab\x01\
\x03\x00\x00\x00\x06w\xe9_bhF\x08\x00\x00\x00\x00\
\x06\x00\x00\x00\x03box\x07\x00\x00\x00\x0bEdi\
tTaskTab\x01\x03\x00\x00\x00\x0al4\
^s\x5cEN-hF\x08\x00\x00\x00\x00\x06\x00\x00\
\x00\x18box_in_horizon\
tal_center\x07\x00\x00\x00\x0bE\
ditTaskTab\x01\x03\x00\x00\x00\x06\
\x5cO^UhF\x08\x00\x00\x00\x00\x06\x00\x00\x00\x0d\
box_of_screen\x07\x00\x00\
\x00\x0bEditTaskTab\x01\x03\x00\
\x00\x00\x0e\x7f)e>T\x0ev\x84\x5cO^Uh\
F\x08\x00\x00\x00\x00\x06\x00\x00\x00\x14box_o\
f_screen_scaled\x07\
\x00\x00\x00\x0bEditTaskTab\x01\
\x03\x00\x00\x00\x0e\x8b\xa1{\x97\x98\x9c\x82rv~R\
\x06k\xd4\x08\x00\x00\x00\x00\x06\x00\x00\x00\x1acal\
culate_color_per\
centage\x07\x00\x00\x00\x0bEdit\
TaskTab\x01\x03\x00\x00\x00\x06n\x05\x96\
dhF\x08\x00\x00\x00\x00\x06\x00\x00\x00\x09cle\
ar_box\x07\x00\x00\x00\x0bEditT\
askTab\x01\x03\x00\x00\x00\x04p\xb9Q\xfb\
\x08\x00\x00\x00\x00\x06\x00\x00\x00\x05click\x07\
\x00\x00\x00\x0bEditTaskTab\x01\
\x03\x00\x00\x00\x06p\xb9Q\xfbhF\x08\x00\x00\x00\x00\
\x06\x00\x00\x00\x09click_box\x07\x00\
\x00\x00\x0bEditTaskTab\x01\x03\
\x00\x00\x00\x14Y\x82g\x9cT\x0dy\xf0S9\x91M\
R\x19p\xb9Q\xfbhF\x08\x00\x00\x00\x00\x06\x00\x00\
\x00\x17click_box_if_n\
ame_match\x07\x00\x00\x00\x0bEd\
itTaskTab\x01\x03\x00\x00\x00\x08v\
\xf8[\xf9p\xb9Q\xfb\x08\x00\x00\x00\x00\x06\x00\x00\x00\
\x0eclick_relative\x07\
\x00\x00\x00\x0bEditTaskTab\x01\
\x03\x00\x00\x00\x06Rj\x8d4g\x7f\x08\x00\x00\x00\x00\
\x06\x00\x00\x00\x09clipboard\x07\x00\
\x00\x00\x0bEditTaskTab\x01\x03\
\x00\x00\x00\x0cR\x1b^\xfa_\xebcwe\xb9_\x0f\
\x08\x00\x00\x00\x00\x06\x00\x00\x00\x0fcreate\
_shortcut\x07\x00\x00\x00\x0bEd\
itTaskTab\x01\x03\x00\x00\x00\x08y\
\x81u(N\xfbR\xa1\x08\x00\x00\x00\x00\x06\x00\x00\x00\
\x07disable\x07\x00\x00\x00\x0bEdi\
tTaskTab\x01\x03\x00\x00\x00\x06~\xd8\
R6hF\x08\x00\x00\x00\x00\x06\x00\x00\x00\x0adr\
aw_boxes\x07\x00\x00\x00\x0bEdi\
tTaskTab\x01\x03\x00\x00\x00\x08T/\
u(N\xfbR\xa1\x08\x00\x00\x00\x00\x06\x00\x00\x00\x06\
enable\x07\x00\x00\x00\x0bEditT\
askTab\x01\x03\x00\x00\x00\x0axnO\xdd\
W(g\x00RM\x08\x00\x00\x00\x00\x06\x00\x00\x00\x0f\
ensure_in_front\x07\
\x00\x00\x00\x0bEditTaskTab\x01\
\x03\x00\x00\x00\x0cry_\x81f/T&[XW\
(\x08\x00\x00\x00\x00\x06\x00\x00\x00\x0efeatu\
re_exists\x07\x00\x00\x00\x0bEd\
itTaskTab\x01\x03\x00\x00\x00\x04g\
\xe5b~\x08\x00\x00\x00\x00\x06\x00\x00\x00\x04fin\
d\x07\x00\x00\x00\x0bEditTaskTa\
b\x01\x03\x00\x00\x00\x12W(hFQ\x85g\xe5b\
~g\x00OsS9\x91M\x08\x00\x00\x00\x00\x06\x00\
\x00\x00\x16find_best_mat\
ch_in_box\x07\x00\x00\x00\x0bEd\
itTaskTab\x01\x03\x00\x00\x00\x0ag\
\xe5b~Y\x1aN*hF\x08\x00\x00\x00\x00\x06\x00\
\x00\x00\x0afind_boxes\x07\x00\x00\
\x00\x0bEditTaskTab\x01\x03\x00\
\x00\x00\x08g\xe5b~ry_\x81\x08\x00\x00\x00\x00\
\x06\x00\x00\x00\x0cfind_featur\
e\x07\x00\x00\x00\x0bEditTaskTa\
b\x01\x03\x00\x00\x00\x0eg\xe5b~ry_\x81^\
v\x8b\xbe\x7fn\x08\x00\x00\x00\x00\x06\x00\x00\x00\x14f\
ind_feature_and_\
set\x07\x00\x00\x00\x0bEditTask\
Tab\x01\x03\x00\x00\x00\x12W(hFQ\x85g\
\xe5b~\x99\x96N*S9\x91M\x08\x00\x00\x00\x00\
\x06\x00\x00\x00\x17find_first_\
match_in_box\x07\x00\x00\x00\
\x0bEditTaskTab\x01\x03\x00\x00\
\x00\x08g\xe5b~N\x00N*\x08\x00\x00\x00\x00\x06\
\x00\x00\x00\x08find_one\x07\x00\x00\x00\
\x0bEditTaskTab\x01\x03\x00\x00\
\x00\x0cc\x09T\x0dy\xf0\x83\xb7S\xd6hF\x08\x00\
\x00\x00\x00\x06\x00\x00\x00\x0fget_box_\
by_name\x07\x00\x00\x00\x0bEdit\
TaskTab\x01\x03\x00\x00\x00\x0ec\x09T\
\x0dy\xf0\x83\xb7S\xd6ry_\x81\x08\x00\x00\x00\x00\
\x06\x00\x00\x00\x13get_feature\
_by_name\x07\x00\x00\x00\x0bEdi\
tTaskTab\x01\x03\x00\x00\x00\x08\x83\xb7\
S\xd6r\xb6`\x01\x08\x00\x00\x00\x00\x06\x00\x00\x00\x0a\
get_status\x07\x00\x00\x00\x0bE\
ditTaskTab\x01\x03\x00\x00\x00\x10\
\x90\x1a\x8f\xc7|{T\x0d\x83\xb7S\xd6N\xfbR\xa1\
\x08\x00\x00\x00\x00\x06\x00\x00\x00\x11get_ta\
sk_by_class\x07\x00\x00\x00\x0b\
EditTaskTab\x01\x03\x00\x00\x00\
\x0a\x8flR0h\x07{~\x98u\x08\x00\x00\x00\x00\
\x06\x00\x00\x00\x09go_to_tab\x07\x00\
\x00\x00\x0bEditTaskTab\x01\x03\
\x00\x00\x00\x08\x5cO^U\x9a\xd8^\xa6\x08\x00\x00\x00\
\x00\x06\x00\x00\x00\x10height_of_\
screen\x07\x00\x00\x00\x0bEditT\
askTab\x01\x03\x00\x00\x00\x08O\xe1`o\
X\x9eR\xa0\x08\x00\x00\x00\x00\x06\x00\x00\x00\x08in\
fo_add\x07\x00\x00\x00\x0bEditT\
askTab\x01\x03\x00\x00\x00\x0eO\xe1`o\
m\xfbR\xa0R0R\x17\x88h\x08\x00\x00\x00\x00\x06\
\x00\x00\x00\x10info_add_to_\
list\x07\x00\x00\x00\x0bEditTas\
kTab\x01\x03\x00\x00\x00\x08O\xe1`on\x05\
\x96d\x08\x00\x00\x00\x00\x06\x00\x00\x00\x0ainfo\
_clear\x07\x00\x00\x00\x0bEditT\
askTab\x01\x03\x00\x00\x00\x08O\xe1`o\
\x83\xb7S\xd6\x08\x00\x00\x00\x00\x06\x00\x00\x00\x08in\
fo_get\x07\x00\x00\x00\x0bEditT\
askTab\x01\x03\x00\x00\x00\x08O\xe1`o\
\x90\x12X\x9e\x08\x00\x00\x00\x00\x06\x00\x00\x00\x09in\
fo_incr\x07\x00\x00\x00\x0bEdit\
TaskTab\x01\x03\x00\x00\x00\x08O\xe1`\
o\x8b\xbe\x7fn\x08\x00\x00\x00\x00\x06\x00\x00\x00\x08i\
nfo_set\x07\x00\x00\x00\x0bEdit\
TaskTab\x01\x03\x00\x00\x00\x08\x8f\x93Q\
ee\x87g,\x08\x00\x00\x00\x00\x06\x00\x00\x00\x0ai\
nput_text\x07\x00\x00\x00\x0bEd\
itTaskTab\x01\x03\x00\x00\x00\x0cf\
/T&N:\x00A\x00D\x00B\x08\x00\x00\x00\x00\
\x06\x00\x00\x00\x06is_adb\x07\x00\x00\x00\x0b\
EditTaskTab\x01\x03\x00\x00\x00\
\x0cf/T&N:mO\x89\xc8Vh\x08\x00\x00\
\x00\x00\x06\x00\x00\x00\x0ais_browse\
r\x07\x00\x00\x00\x0bEditTaskTa\
b\x01\x03\x00\x00\x00\x08\x8b\xb0_U\x8c\x03\x8b\xd5\x08\
\x00\x00\x00\x00\x06\x00\x00\x00\x09log_deb\
ug\x07\x00\x00\x00\x0bEditTaskT\
ab\x01\x03\x00\x00\x00\x08\x8b\xb0_U\x95\x19\x8b\xef\
\x08\x00\x00\x00\x00\x06\x00\x00\x00\x09log_er\
ror\x07\x00\x00\x00\x0bEditTask\
Tab\x01\x03\x00\x00\x00\x08\x8b\xb0_UO\xe1`\
o\x08\x00\x00\x00\x00\x06\x00\x00\x00\x08log_i\
nfo\x07\x00\x00\x00\x0bEditTask\
Tab\x01\x03\x00\x00\x00\x08\x8b\xb0_U\x8bfT\
J\x08\x00\x00\x00\x00\x06\x00\x00\x00\x0blog_w\
arning\x07\x00\x00\x00\x0bEditT\
askTab\x01\x03\x00\x00\x00\x08N-\x95.\
p\xb9Q\xfb\x08\x00\x00\x00\x00\x06\x00\x00\x00\x0cmi\
ddle_click\x07\x00\x00\x00\x0bE\
ditTaskTab\x01\x03\x00\x00\x00\x0c\
v\xf8[\xf9N-\x95.p\xb9Q\xfb\x08\x00\x00\x00\
\x00\x06\x00\x00\x00\x15middle_cli\
ck_relative\x07\x00\x00\x00\x0b\
EditTaskTab\x01\x03\x00\x00\x00\
\x08\x9f h\x07c\x09N\x0b\x08\x00\x00\x00\x00\x06\x00\
\x00\x00\x0amouse_down\x07\x00\x00\
\x00\x0bEditTaskTab\x01\x03\x00\
\x00\x00\x08\x9f h\x07g~_\x00\x08\x00\x00\x00\x00\
\x06\x00\x00\x00\x08mouse_up\x07\x00\x00\
\x00\x0bEditTaskTab\x01\x03\x00\
\x00\x00\x08y\xfbR\xa8\x9f h\x07\x08\x00\x00\x00\x00\
\x06\x00\x00\x00\x04move\x07\x00\x00\x00\x0bEd\
itTaskTab\x01\x03\x00\x00\x00\x0cv\
\xf8[\xf9y\xfbR\xa8\x9f h\x07\x08\x00\x00\x00\x00\
\x06\x00\x00\x00\x0dmove_relati\
ve\x07\x00\x00\x00\x0bEditTaskT\
ab\x01\x03\x00\x00\x00\x06N\x0bN\x00^'\x08\x00\
\x00\x00\x00\x06\x00\x00\x00\x0anext_fra\
me\x07\x00\x00\x00\x0bEditTaskT\
ab\x01\x03\x00\x00\x00\x04\x90\x1aw\xe5\x08\x00\x00\x00\
\x00\x06\x00\x00\x00\x0cnotificati\
on\x07\x00\x00\x00\x0bEditTaskT\
ab\x01\x03\x00\x00\x00\x0e\x00O\x00C\x00Re\x87\
[W\x8b\xc6R+\x08\x00\x00\x00\x00\x06\x00\x00\x00\x03\
ocr\x07\x00\x00\x00\x0bEditTask\
Tab\x01\x03\x00\x00\x00\x08\x8d\x85Q\xfak\xd4O\
\x8b\x08\x00\x00\x00\x00\x06\x00\x00\x00\x0cout_o\
f_ratio\x07\x00\x00\x00\x0bEdit\
TaskTab\x01\x03\x00\x00\x00\x04f\x82P\
\x5c\x08\x00\x00\x00\x00\x06\x00\x00\x00\x05pause\
\x07\x00\x00\x00\x0bEditTaskTab\
\x01\x03\x00\x00\x00\x08S\xf3\x95.p\xb9Q\xfb\x08\x00\
\x00\x00\x00\x06\x00\x00\x00\x0bright_cl\
ick\x07\x00\x00\x00\x0bEditTask\
Tab\x01\x03\x00\x00\x00\x04b*V\xfe\x08\x00\x00\
\x00\x00\x06\x00\x00\x00\x0ascreensho\
t\x07\x00\x00\x00\x0bEditTaskTa\
b\x01\x03\x00\x00\x00\x04n\xdaR\xa8\x08\x00\x00\x00\x00\
\x06\x00\x00\x00\x06scroll\x07\x00\x00\x00\x0b\
EditTaskTab\x01\x03\x00\x00\x00\
\x08v\xf8[\xf9n\xdaR\xa8\x08\x00\x00\x00\x00\x06\x00\
\x00\x00\x0fscroll_relati\
ve\x07\x00\x00\x00\x0bEditTaskT\
ab\x01\x03\x00\x00\x00\x08S\xd1\x90\x01c\x09\x95.\
\x08\x00\x00\x00\x00\x06\x00\x00\x00\x08send_k\
ey\x07\x00\x00\x00\x0bEditTaskT\
ab\x01\x03\x00\x00\x00\x08c\x09N\x0bc\x09\x95.\
\x08\x00\x00\x00\x00\x06\x00\x00\x00\x0dsend_k\
ey_down\x07\x00\x00\x00\x0bEdit\
TaskTab\x01\x03\x00\x00\x00\x08g~_\
\x00c\x09\x95.\x08\x00\x00\x00\x00\x06\x00\x00\x00\x0bs\
end_key_up\x07\x00\x00\x00\x0bE\
ditTaskTab\x01\x03\x00\x00\x00\x04\
O\x11w \x08\x00\x00\x00\x00\x06\x00\x00\x00\x05sl\
eep\x07\x00\x00\x00\x0bEditTask\
Tab\x01\x03\x00\x00\x00\x08O\x11w h\xc0g\
\xe5\x08\x00\x00\x00\x00\x06\x00\x00\x00\x0bsleep\
_check\x07\x00\x00\x00\x0bEditT\
askTab\x01\x03\x00\x00\x00\x08T/R\xa8\
\x8b\xbeY\x07\x08\x00\x00\x00\x00\x06\x00\x00\x00\x0cst\
art_device\x07\x00\x00\x00\x0bE\
ditTaskTab\x01\x03\x00\x00\x00\x04\
n\xd1R\xa8\x08\x00\x00\x00\x00\x06\x00\x00\x00\x05sw\
ipe\x07\x00\x00\x00\x0bEditTask\
Tab\x01\x03\x00\x00\x00\x08v\xf8[\xf9n\xd1R\
\xa8\x08\x00\x00\x00\x00\x06\x00\x00\x00\x0eswipe\
_relative\x07\x00\x00\x00\x0bEd\
itTaskTab\x01\x03\x00\x00\x00\x04\x7f\
\xfb\x8b\xd1\x08\x00\x00\x00\x00\x06\x00\x00\x00\x02tr\x07\
\x00\x00\x00\x0bEditTaskTab\x01\
\x03\x00\x00\x00\x04\x89\xe6S\xd1\x08\x00\x00\x00\x00\x06\x00\
\x00\x00\x07trigger\x07\x00\x00\x00\x0bE\
ditTaskTab\x01\x03\x00\x00\x00\x04\
`bY\x0d\x08\x00\x00\x00\x00\x06\x00\x00\x00\x07un\
pause\x07\x00\x00\x00\x0bEditTa\
skTab\x01\x03\x00\x00\x00\x0c{I_\x85^\
vp\xb9Q\xfbhF\x08\x00\x00\x00\x00\x06\x00\x00\x00\
\x0ewait_click_box\x07\
\x00\x00\x00\x0bEditTaskTab\x01\
\x03\x00\x00\x00\x0e{I_\x85^vp\xb9Q\xfbr\
y_\x81\x08\x00\x00\x00\x00\x06\x00\x00\x00\x12wai\
t_click_feature\x07\
\x00\x00\x00\x0bEditTaskTab\x01\
\x03\x00\x00\x00\x14{I_\x85^vp\xb9Q\xfb\x00\
O\x00C\x00Re\x87[W\x08\x00\x00\x00\x00\x06\x00\
\x00\x00\x0ewait_click_oc\
r\x07\x00\x00\x00\x0bEditTaskTa\
b\x01\x03\x00\x00\x00\x08{I_\x85ry_\x81\x08\
\x00\x00\x00\x00\x06\x00\x00\x00\x0cwait_fe\
ature\x07\x00\x00\x00\x0bEditTa\
skTab\x01\x03\x00\x00\x00\x0e{I_\x85\x00\
O\x00C\x00Re\x87[W\x08\x00\x00\x00\x00\x06\x00\
\x00\x00\x08wait_ocr\x07\x00\x00\x00\x0b\
EditTaskTab\x01\x03\x00\x00\x00\
\x08{I_\x85v\xf4R0\x08\x00\x00\x00\x00\x06\x00\
\x00\x00\x0await_until\x07\x00\x00\
\x00\x0bEditTaskTab\x01\x03\x00\
\x00\x00\x08\x5cO^U[\xbd^\xa6\x08\x00\x00\x00\x00\
\x06\x00\x00\x00\x0fwidth_of_sc\
reen\x07\x00\x00\x00\x0bEditTas\
kTab\x01\x03\x00\x00\x00\x08\x91\xcd\x8a-\x8a-\
[\x9a\x08\x00\x00\x00\x00\x06\x00\x00\x00\x0cRese\
t Config\x07\x00\x00\x00\x10Glo\
balConfigCard\x01\x03\x00\
\x00\x00\x08\x91\xcd\x8a-\x8a-[\x9a\x08\x00\x00\x00\x00\
\x06\x00\x00\x00\x0cReset Confi\
g\x07\x00\x00\x00\x0fGlobalConf\
igTab\x01\x03\x00\x00\x00\x04S\xd6m\x88\x08\
\x00\x00\x00\x00\x06\x00\x00\x00\x06Cancel\x07\
\x00\x00\x00\x0bHwndChooser\x01\
\x03\x00\x00\x00\x08\x90xS\xd6\x89\x96z\x97\x08\x00\x00\
\x00\x00\x06\x00\x00\x00\x0dChoose Wi\
ndow\x07\x00\x00\x00\x0bHwndCho\
oser\x01\x03\x00\x00\x00\x04x\xba\x8a\x8d\x08\x00\
\x00\x00\x00\x06\x00\x00\x00\x07Confirm\x07\
\x00\x00\x00\x0bHwndChooser\x01\
\x03\x00\x00\x00\x0c\x00{\x00}\x00 ]\xf2\x90xS\
\xd6\x08\x00\x00\x00\x00\x06\x00\x00\x00\x0b{} Se\
lected\x07\x00\x00\x00\x0bHwndC\
hooser\x01\x03\x00\x00\x00\x04S\xd6m\x88\
\x08\x00\x00\x00\x00\x06\x00\x00\x00\x06Cancel\
\x07\x00\x00\x00\x13ImportWarni\
ngDialog\x01\x03\x00\x00\x00\x04x\xba\
\x8a\x8d\x08\x00\x00\x00\x00\x06\x00\x00\x00\x07Conf\
irm\x07\x00\x00\x00\x13ImportWa\
rningDialog\x01\x03\x00\x00\x00\
\x1cb\x11N\x86\x89\xe3\x98\xa8\x96\xaaN&^\x0cg\
\x1b\x5c\x0eQekd\x81sg,0\x02\x08\x00\x00\
\x00\x00\x06\x00\x00\x006I underst\
and the risks an\
d want to import\
 this script.\x07\x00\x00\
\x00\x13ImportWarningD\
ialog\x01\x03\x00\x00\x00x\x8a\xcbx\xbaO\
\xdd`\xa8O\xe1N\xfb\x81sg,v|^\x03\x80\
\x05\xff\x0cg*}\x93\x9aW\x8bIv\x84\x81sg\
,S\xef\x80\xfdg\x03\xff\x08OFN\x0d\x96Pe\
\xbc\xff\x09z\xcaS\xd6`\xa8v\x84^3b6\x00\
/exd\xda\x00/\x91\xd1\x93\x22\xff\x0cx4X\
\xde`\xa8v\x84exd\xda\xff\x0cb\x16d\x0dX\
\xde\x00/c\xa7R6`\xa8v\x84\x8a\x08{\x97j\
_0\x02\x08\x00\x00\x00\x00\x06\x00\x00\x00\xabMak\
e sure that you \
trust the script\
 publisher, unve\
rified script ca\
n and not limite\
d to steal your \
account/ data mo\
ney, destroy you\
r data, harm/ co\
ntrolling your c\
omputer.\x07\x00\x00\x00\x13Imp\
ortWarningDialog\
\x01\x03\x00\x00\x00\x04\x8bfTJ\x08\x00\x00\x00\x00\x06\
\x00\x00\x00\x07Warning\x07\x00\x00\x00\x13\
ImportWarningDia\
log\x01\x03\x00\x00\x00\x10b@g\x09j\x94h\
H\x00 \x00(\x00*\x00)\x08\x00\x00\x00\x00\x06\x00\
\x00\x00\x0dAll Files (*)\
\x07\x00\x00\x00\x14LabelAndFil\
eSelector\x01\x03\x00\x00\x00\x04p\
\x0f\x89\xbd\x08\x00\x00\x00\x00\x06\x00\x00\x00\x06Bro\
wse\x07\x00\x00\x00\x14LabelAnd\
FileSelector\x01\x03\x00\x00\
\x00\x08\x90xd\xc7j\x94hH\x08\x00\x00\x00\x00\x06\
\x00\x00\x00\x0bSelect File\x07\
\x00\x00\x00\x14LabelAndFile\
Selector\x01\x03\x00\x00\x00\x10\x90x\
d\xc7j\x94hHb\x16\x8c\xc7e\x99Y>\x08\x00\
\x00\x00\x00\x06\x00\x00\x00\x15Select F\
ile or Folder\x07\x00\x00\
\x00\x14LabelAndFileSe\
lector\x01\x03\x00\x00\x00\x0a\x90xd\xc7\
\x8c\xc7e\x99Y>\x08\x00\x00\x00\x00\x06\x00\x00\x00\x0d\
Select Folder\x07\x00\x00\
\x00\x14LabelAndFileSe\
lector\x01\x03\x00\x00\x00\x08RM_\x80\
\x8a-[\x9a\x08\x00\x00\x00\x00\x06\x00\x00\x00\x0cGo\
 to Config\x07\x00\x00\x00\x0eL\
abelAndGlobal\x01\x03\x00\
\x00\x00\x02T&\x08\x00\x00\x00\x00\x06\x00\x00\x00\x02N\
o\x07\x00\x00\x00\x14LabelAndSw\
itchButton\x01\x03\x00\x00\x00\x02\
f/\x08\x00\x00\x00\x00\x06\x00\x00\x00\x03Yes\x07\
\x00\x00\x00\x14LabelAndSwit\
chButton\x01\x03\x00\x00\x00\x0e\x00D\
\x00i\x00s\x00c\x00o\x00r\x00d\x08\x00\x00\x00\
\x00\x06\x00\x00\x00\x07Discord\x07\x00\x00\
\x00\x08LinksBar\x01\x03\x00\x00\x00\x04\
N\x0b\x8f\x09\x08\x00\x00\x00\x00\x06\x00\x00\x00\x08Do\
wnload\x07\x00\x00\x00\x08Links\
Bar\x01\x03\x00\x00\x00\x08^8\x89\x8bUO\x98\
L\x08\x00\x00\x00\x00\x06\x00\x00\x00\x03FAQ\x07\x00\
\x00\x00\x08LinksBar\x01\x03\x00\x00\x00\
\x0c\x00G\x00i\x00t\x00H\x00u\x00b\x08\x00\x00\
\x00\x00\x06\x00\x00\x00\x06GitHub\x07\x00\x00\
\x00\x08LinksBar\x01\x03\x00\x00\x00\x0c\
R\x06N\xabN\x0b\x8f\x09\x90#}P\x08\x00\x00\x00\
\x00\x06\x00\x00\x00\x05Share\x07\x00\x00\x00\x08\
LinksBar\x01\x03\x00\x00\x00\x16R\x06\
N\xab\x90#}P]\xf2\x89\x07\x88\xfdR0Rj\
\x8c\xbc|?\x08\x00\x00\x00\x00\x06\x00\x00\x00\x1eSh\
are Link copied \
to clipboard\x07\x00\x00\x00\
\x08LinksBar\x01\x03\x00\x00\x00\x04\x8d\
\x0aR\xa9\x08\x00\x00\x00\x00\x06\x00\x00\x00\x07Spo\
nsor\x07\x00\x00\x00\x08LinksBa\
r\x01\x03\x00\x00\x00\x08Qh\x90\xe8}\x1aR%\x08\
\x00\x00\x00\x00\x06\x00\x00\x00\x0aAll Lev\
els\x07\x00\x00\x00\x09LogWindo\
w\x01\x03\x00\x00\x00\x04n\x05\x96d\x08\x00\x00\x00\x00\
\x06\x00\x00\x00\x05Clear\x07\x00\x00\x00\x09L\
ogWindow\x01\x03\x00\x00\x00\x04\x95\xdc\
\x95\x89\x08\x00\x00\x00\x00\x06\x00\x00\x00\x05Clos\
e\x07\x00\x00\x00\x09LogWindow\x01\
\x03\x00\x00\x00\x04b\xd6f\xf3\x08\x00\x00\x00\x00\x06\x00\
\x00\x00\x04Drag\x07\x00\x00\x00\x09LogW\
indow\x01\x03\x00\x00\x00\x0e{\xe9\x90xe\
\xe5\x8a\x8c\x00.\x00.\x00.\x08\x00\x00\x00\x00\x06\x00\
\x00\x00\x0eFilter logs..\
.\x07\x00\x00\x00\x09LogWindow\x01\
\x03\x00\x00\x00\x08\x95\x8bU_e\xe5\x8a\x8c\x08\x00\x00\
\x00\x00\x06\x00\x00\x00\x09Open Logs\
\x07\x00\x00\x00\x09LogWindow\x01\x03\
\x00\x00\x00\x04f\xabP\x5c\x08\x00\x00\x00\x00\x06\x00\x00\
\x00\x05Pause\x07\x00\x00\x00\x09LogW\
indow\x01\x03\x00\x00\x00\x04\x7fn\x98\x02\x08\
\x00\x00\x00\x00\x06\x00\x00\x00\x03Pin\x07\x00\x00\x00\
\x09LogWindow\x01\x03\x00\x00\x00\x04\
~|~\x8c\x08\x00\x00\x00\x00\x06\x00\x00\x00\x06Re\
sume\x07\x00\x00\x00\x09LogWind\
ow\x01\x03\x00\x00\x00\x08S\xd6m\x88\x7fn\x98\x02\
\x08\x00\x00\x00\x00\x06\x00\x00\x00\x05Unpin\x07\
\x00\x00\x00\x09LogWindow\x01\x03\x00\
\x00\x00\x08g\xe5w\x0be\xe5\x8a\x8c\x08\x00\x00\x00\x00\
\x06\x00\x00\x00\x08View Log\x07\x00\x00\
\x00\x09LogWindow\x01\x03\x00\x00\x00\
 {I_\x85\x00 \x00o\x00k\x00-\x00s\x00\
c\x00r\x00i\x00p\x00t\x00.\x00l\x00o\x00\
g\x08\x00\x00\x00\x00\x06\x00\x00\x00\x19Waiti\
ng for ok-script\
.log\x07\x00\x00\x00\x09LogWind\
ow\x01\x03\x00\x00\x00\x02{F\x08\x00\x00\x00\x00\x06\
\x00\x00\x00\x07records\x07\x00\x00\x00\x09\
LogWindow\x01\x03\x00\x00\x00\x04\x95\
\xdce\xbc\x08\x00\x00\x00\x00\x06\x00\x00\x00\x05Abo\
ut\x07\x00\x00\x00\x0aMainWindo\
w\x01\x03\x00\x00\x00\x08b*W\x16e\xb9_\x0f\x08\
\x00\x00\x00\x00\x06\x00\x00\x00\x07Capture\
\x07\x00\x00\x00\x0aMainWindow\x01\
\x03\x00\x00\x00\x08b*W\x16\x93/\x8a\xa4\x08\x00\x00\
\x00\x00\x06\x00\x00\x00\x0dCapture E\
rror\x07\x00\x00\x00\x0aMainWin\
dow\x01\x03\x00\x00\x00\x08\x95\x8bv|]\xe5Q\
w\x08\x00\x00\x00\x00\x06\x00\x00\x00\x05Debug\
\x07\x00\x00\x00\x0aMainWindow\x01\
\x03\x00\x00\x00\x04\x93/\x8a\xa4\x08\x00\x00\x00\x00\x06\x00\
\x00\x00\x05Error\x07\x00\x00\x00\x0aMai\
nWindow\x01\x03\x00\x00\x00\x04\x90\x00Q\
\xfa\x08\x00\x00\x00\x00\x06\x00\x00\x00\x04Exit\x07\
\x00\x00\x00\x0aMainWindow\x01\x03\
\x00\x00\x00\x04c\xd0y:\x08\x00\x00\x00\x00\x06\x00\x00\
\x00\x04Info\x07\x00\x00\x00\x0aMainW\
indow\x01\x03\x00\x00\x00\x08]\xf2f\xabP\
\x5c0\x02\x08\x00\x00\x00\x00\x06\x00\x00\x00\x0ePau\
se Success.\x07\x00\x00\x00\x0a\
MainWindow\x01\x03\x00\x00\x00\x1e\
\x8a\xcbj\xa2g\xe5\x90Jb2\x89\x96z\x97f/\
T&]\xf2kcx\xba\x90xS\xd6\xff\x01\x08\x00\
\x00\x00\x00\x06\x00\x00\x00;Please c\
heck whether the\
 game window is \
selected correct\
ly!\x07\x00\x00\x00\x0aMainWind\
ow\x01\x03\x00\x00\x00\x06kc_\x0frH\x08\x00\
\x00\x00\x00\x06\x00\x00\x00\x07Release\x07\
\x00\x00\x00\x0aMainWindow\x01\x03\
\x00\x00\x00\x0aW\xf7\x88Lz\x0b_\x0fx\xbc\x08\x00\
\x00\x00\x00\x06\x00\x00\x00\x08Run Code\
\x07\x00\x00\x00\x0aMainWindow\x01\
\x03\x00\x00\x00\x08\x8a\x08R\x83N\xfbR\xd9\x08\x00\x00\
\x00\x00\x06\x00\x00\x00\x08Schedule\x07\
\x00\x00\x00\x0aMainWindow\x01\x03\
\x00\x00\x00\x04\x81sg,\x08\x00\x00\x00\x00\x06\x00\x00\
\x00\x06Script\x07\x00\x00\x00\x0aMai\
nWindow\x01\x03\x00\x00\x00\x04\x8a-[\
\x9a\x08\x00\x00\x00\x00\x06\x00\x00\x00\x08Setti\
ngs\x07\x00\x00\x00\x0aMainWind\
ow\x01\x03\x00\x00\x00\x0aU_R\xd5b\x10R\x9f\
0\x02\x08\x00\x00\x00\x00\x06\x00\x00\x00\x0eStar\
t Success.\x07\x00\x00\x00\x0aM\
ainWindow\x01\x03\x00\x00\x00\x04N\
\xfbR\xd9\x08\x00\x00\x00\x00\x06\x00\x00\x00\x05Tas\
ks\x07\x00\x00\x00\x0aMainWindo\
w\x01\x03\x00\x00\x00\x04j!g\x7f\x08\x00\x00\x00\x00\
\x06\x00\x00\x00\x09Templates\x07\x00\
\x00\x00\x0aMainWindow\x01\x03\x00\
\x00\x008\x90\x19f/N\x00k>QM\x8c\xbb\x8e\
\xdf\x9a\xd4\xff\x0cY\x82g\x9c`\xa8f/N\xd8\x8c\
\xbb\x8c\xfc\x8c\xb7v\x84\xff\x0c\x8a\xcbT\x11\x8c\xe3[\
\xb6u3\x8a\xcb\x90\x00k>\xff\x01\x08\x00\x00\x00\x00\
\x06\x00\x00\x00ZThis is a f\
ree software. If\
 you purchased t\
his anywhere, re\
quest a refund f\
rom the seller.\x07\
\x00\x00\x00\x0aMainWindow\x01\x03\
\x00\x00\x00\x08SsfB\x89\xf8v|\x08\x00\x00\x00\
\x00\x06\x00\x00\x00\x08Triggers\x07\x00\
\x00\x00\x0aMainWindow\x01\x03\x00\
\x00\x00\x08rHg,f\xf4e\xb0\x08\x00\x00\x00\x00\
\x06\x00\x00\x00\x06Update\x07\x00\x00\x00\x0a\
MainWindow\x01\x03\x00\x00\x00\x04\
U_u(\x08\x00\x00\x00\x00\x06\x00\x00\x00\x06\xe6\xbf\
\x80\xe6\xb4\xbb\x07\x00\x00\x00\x0aMainWin\
dow\x01\x03\x00\x00\x00\x0cR*\x96d\x00 \x00\
(\x00D\x00)\x08\x00\x00\x00\x00\x06\x00\x00\x00\x0aD\
elete (D)\x07\x00\x00\x00\x0cMa\
rkUpWindow\x01\x03\x00\x00\x00\x0c\
~j\x88\xfd\x00 \x00(\x00R\x00)\x08\x00\x00\x00\
\x00\x06\x00\x00\x00\x08Draw (R)\x07\x00\
\x00\x00\x0cMarkUpWindow\x01\
\x03\x00\x00\x00\x0aj\x19l\xe8}\xe8\x8f/Vh\x08\
\x00\x00\x00\x00\x06\x00\x00\x00\x0dMarkup \
Editor\x07\x00\x00\x00\x0cMarkU\
pWindow\x01\x03\x00\x00\x00\x0eO\xeee\
9\x00 \x00(\x96\xd9d\xca\x00)\x08\x00\x00\x00\x00\
\x06\x00\x00\x00\x15Modify (Dou\
ble Click)\x07\x00\x00\x00\x0cM\
arkUpWindow\x01\x03\x00\x00\x00\
\x10S\xf3\x93u\x9e\xded\xca\x89\x07\x88\xfd\x98O\x82\
r\x08\x00\x00\x00\x00\x06\x00\x00\x00\x19Right\
 click to copy c\
olor\x07\x00\x00\x00\x0cMarkUpW\
indow\x01\x03\x00\x00\x00\x04x\xba\x8a\x8d\x08\
\x00\x00\x00\x00\x06\x00\x00\x00\x07Confirm\
\x07\x00\x00\x00\x0dMessageWind\
ow\x01\x03\x00\x00\x00\x04e\xb0X\x9e\x08\x00\x00\x00\
\x00\x06\x00\x00\x00\x03Add\x07\x00\x00\x00\x10Mo\
difyListDialog\x01\x03\
\x00\x00\x00\x08S\xefu(\x90x\x98\x05\x08\x00\x00\x00\
\x00\x06\x00\x00\x00\x11Available \
Options\x07\x00\x00\x00\x10Modi\
fyListDialog\x01\x03\x00\x00\
\x00\x04S\xd6m\x88\x08\x00\x00\x00\x00\x06\x00\x00\x00\x06\
Cancel\x07\x00\x00\x00\x10Modif\
yListDialog\x01\x03\x00\x00\x00\
\x10\x9e\xded\xca\x90x\x98\x05N\xe5e\xb0X\x9e0\
\x02\x08\x00\x00\x00\x00\x06\x00\x00\x00\x1aClick\
 an option to ad\
d it.\x07\x00\x00\x00\x10Modify\
ListDialog\x01\x03\x00\x00\x00\x04\
x\xba\x8a\x8d\x08\x00\x00\x00\x00\x06\x00\x00\x00\x07Co\
nfirm\x07\x00\x00\x00\x10Modify\
ListDialog\x01\x03\x00\x00\x00\x04\
O\xeee9\x08\x00\x00\x00\x00\x06\x00\x00\x00\x06Mo\
dify\x07\x00\x00\x00\x10ModifyL\
istDialog\x01\x03\x00\x00\x00\x04N\
\x0by\xfb\x08\x00\x00\x00\x00\x06\x00\x00\x00\x09Mov\
e Down\x07\x00\x00\x00\x10Modif\
yListDialog\x01\x03\x00\x00\x00\
\x04N\x0ay\xfb\x08\x00\x00\x00\x00\x06\x00\x00\x00\x07M\
ove Up\x07\x00\x00\x00\x10Modif\
yListDialog\x01\x03\x00\x00\x00\
\x04y\xfb\x96d\x08\x00\x00\x00\x00\x06\x00\x00\x00\x06R\
emove\x07\x00\x00\x00\x10Modify\
ListDialog\x01\x03\x00\x00\x00\x0e\
d\x1c\x5c\x0b\x90x\x98\x05\x00.\x00.\x00.\x08\x00\
\x00\x00\x00\x06\x00\x00\x00\x11Search o\
ptions...\x07\x00\x00\x00\x10Mo\
difyListDialog\x01\x03\
\x00\x00\x00\x08]\xf2\x90x\x90x\x98\x05\x08\x00\x00\x00\
\x00\x06\x00\x00\x00\x10Selected O\
ptions\x07\x00\x00\x00\x10Modif\
yListDialog\x01\x03\x00\x00\x00\
\x04O\xeee9\x08\x00\x00\x00\x00\x06\x00\x00\x00\x06M\
odify\x07\x00\x00\x00\x0eModify\
ListItem\x01\x03\x00\x00\x00\x12\x00(\
\x000\x00 \x00=\x00 ]\xf2y\x81u(\x00)\
\x08\x00\x00\x00\x00\x06\x00\x00\x00\x0e(0 = d\
isabled)\x07\x00\x00\x00\x18Mod\
ifyScheduleTaskD\
ialog\x01\x03\x00\x00\x00\x08\x002\x004\x5c\
\x0ffB\x08\x00\x00\x00\x00\x06\x00\x00\x00\x0324h\
\x07\x00\x00\x00\x18ModifySched\
uleTaskDialog\x01\x03\x00\
\x00\x00\x1cN\xfbR\xd9[\x8cb\x10_\x8c\x81\xeaR\
\xd5\x90\x00Q\xfa\x00 \x00(\x00-\x00e\x00)\x08\
\x00\x00\x00\x00\x06\x00\x00\x00\x1eAuto ex\
it after task do\
ne (-e)\x07\x00\x00\x00\x18Modi\
fyScheduleTaskDi\
alog\x01\x03\x00\x00\x00\x04S\xd6m\x88\x08\x00\
\x00\x00\x00\x06\x00\x00\x00\x06Cancel\x07\x00\
\x00\x00\x18ModifySchedul\
eTaskDialog\x01\x03\x00\x00\x00\
\x06\x81\xea[\x9a\x7f\xa9\x08\x00\x00\x00\x00\x06\x00\x00\x00\
\x06Custom\x07\x00\x00\x00\x18Modi\
fyScheduleTaskDi\
alog\x01\x03\x00\x00\x00\x0a\x81\xea[\x9a\x7f\xa9\
\x95\x93\x96\x94\x08\x00\x00\x00\x00\x06\x00\x00\x00\x0fCu\
stom Interval\x07\x00\x00\
\x00\x18ModifySchedule\
TaskDialog\x01\x03\x00\x00\x00\x04\
k\xcfY)\x08\x00\x00\x00\x00\x06\x00\x00\x00\x05Da\
ily\x07\x00\x00\x00\x18ModifySc\
heduleTaskDialog\
\x01\x03\x00\x00\x00\x02Y)\x08\x00\x00\x00\x00\x06\x00\x00\
\x00\x04Days\x07\x00\x00\x00\x18Modif\
yScheduleTaskDia\
log\x01\x03\x00\x00\x00\x04\x5c\x0ffB\x08\x00\x00\
\x00\x00\x06\x00\x00\x00\x04Hour\x07\x00\x00\x00\x18\
ModifyScheduleTa\
skDialog\x01\x03\x00\x00\x00\x04\x5c\x0f\
fB\x08\x00\x00\x00\x00\x06\x00\x00\x00\x05Hour\
s\x07\x00\x00\x00\x18ModifySche\
duleTaskDialog\x01\x03\
\x00\x00\x00\x04R\x06\x94\x18\x08\x00\x00\x00\x00\x06\x00\x00\
\x00\x06Minute\x07\x00\x00\x00\x18Mod\
ifyScheduleTaskD\
ialog\x01\x03\x00\x00\x00\x04O\xeee9\x08\
\x00\x00\x00\x00\x06\x00\x00\x00\x06Modify\x07\
\x00\x00\x00\x18ModifySchedu\
leTaskDialog\x01\x03\x00\x00\
\x00\x0cO\xeee9\x8a\x08R\x83N\xfbR\xd9\x08\x00\
\x00\x00\x00\x06\x00\x00\x00\x14Modify S\
chedule Task\x07\x00\x00\x00\
\x18ModifyScheduleT\
askDialog\x01\x03\x00\x00\x00\x04k\
\xcfg\x08\x08\x00\x00\x00\x00\x06\x00\x00\x00\x07Mon\
thly\x07\x00\x00\x00\x18ModifyS\
cheduleTaskDialo\
g\x01\x03\x00\x00\x00\x04N\x00k!\x08\x00\x00\x00\x00\
\x06\x00\x00\x00\x04Once\x07\x00\x00\x00\x18Mo\
difyScheduleTask\
Dialog\x01\x03\x00\x00\x00\x08\x95\x8bY\xcb\
fB\x95\x93\x08\x00\x00\x00\x00\x06\x00\x00\x00\x0aSt\
art Time\x07\x00\x00\x00\x18Mod\
ifyScheduleTaskD\
ialog\x01\x03\x00\x00\x00\x08U_R\xd5\x90\
x\x98\x05\x08\x00\x00\x00\x00\x06\x00\x00\x00\x0fSta\
rtup Options\x07\x00\x00\x00\
\x18ModifyScheduleT\
askDialog\x01\x03\x00\x00\x00\x12N\
\xfbR\xd9}\x22_\x15\x00 \x00(\x00-\x00t\x00\
)\x08\x00\x00\x00\x00\x06\x00\x00\x00\x0fTask \
Index (-t)\x07\x00\x00\x00\x18M\
odifyScheduleTas\
kDialog\x01\x03\x00\x00\x00\x08N\xfbR\
\xd9T\x0dz1\x08\x00\x00\x00\x00\x06\x00\x00\x00\x09T\
ask Name\x07\x00\x00\x00\x18Mod\
ifyScheduleTaskD\
ialog\x01\x03\x00\x00\x00\x04\x8d\x85fB\x08\
\x00\x00\x00\x00\x06\x00\x00\x00\x07Timeout\
\x07\x00\x00\x00\x18ModifySched\
uleTaskDialog\x01\x03\x00\
\x00\x00\x08\x89\xf8v|\x98^W\x8b\x08\x00\x00\x00\x00\
\x06\x00\x00\x00\x0cTrigger Typ\
e\x07\x00\x00\x00\x18ModifySche\
duleTaskDialog\x01\x03\
\x00\x00\x00\x04k\xcfTh\x08\x00\x00\x00\x00\x06\x00\x00\
\x00\x06Weekly\x07\x00\x00\x00\x18Mod\
ifyScheduleTaskD\
ialog\x01\x03\x00\x00\x00\x18\x5c\x0ffB\x00\
 \x00(\x000\x00 \x00=\x00 q!\x96PR\
6\x00)\x08\x00\x00\x00\x00\x06\x00\x00\x00\x15hou\
rs (0 = unlimite\
d)\x07\x00\x00\x00\x18ModifySch\
eduleTaskDialog\x01\
\x03\x00\x00\x00\x08\x90xS\xd6\x89\x96z\x97\x08\x00\x00\
\x00\x00\x06\x00\x00\x00\x0dChoose Wi\
ndow\x07\x00\x00\x00\x0eOneTime\
TaskTab\x01\x03\x00\x00\x00\x06]\xf2[\
\x8cb\x10\x08\x00\x00\x00\x00\x06\x00\x00\x00\x09Com\
pleted\x07\x00\x00\x00\x0eOneTi\
meTaskTab\x01\x03\x00\x00\x00\x04\x8c\
\xc7\x8a\x0a\x08\x00\x00\x00\x00\x06\x00\x00\x00\x04Inf\
o\x07\x00\x00\x00\x0eOneTimeTas\
kTab\x01\x03\x00\x00\x00\x06W\xf7\x88LN-\
\x08\x00\x00\x00\x00\x06\x00\x00\x00\x07Runnin\
g\x07\x00\x00\x00\x0eOneTimeTas\
kTab\x01\x03\x00\x00\x00\x02P<\x08\x00\x00\x00\
\x00\x06\x00\x00\x00\x05Value\x07\x00\x00\x00\x0e\
OneTimeTaskTab\x01\x03\
\x00\x00\x00\x04N\x0b\x8f\x09\x08\x00\x00\x00\x00\x06\x00\x00\
\x00\x08Download\x07\x00\x00\x00\x0bP\
rojectCard\x01\x03\x00\x00\x00\x04\
\x93/\x8a\xa4\x08\x00\x00\x00\x00\x06\x00\x00\x00\x03ap\
p\x07\x00\x00\x00\x10QCoreAppli\
cation\x01\x03\x00\x00\x00\x14O`x\xba\
[\x9a\x89\x81R*\x96dN\xfbR\xd9U\xce\xff\x1f\
\x08\x00\x00\x00\x00\x06\x00\x00\x00$Are yo\
u sure you want \
to delete task\x07\x00\
\x00\x00\x0fScheduleTaskT\
ab\x01\x03\x00\x00\x00\x04S\xd6m\x88\x08\x00\x00\x00\
\x00\x06\x00\x00\x00\x06Cancel\x07\x00\x00\x00\
\x0fScheduleTaskTab\
\x01\x03\x00\x00\x00\x08Ru^\xfaN\xfbR\xd9\x08\x00\
\x00\x00\x00\x06\x00\x00\x00\x0bCreate T\
ask\x07\x00\x00\x00\x0fSchedule\
TaskTab\x01\x03\x00\x00\x00\x04R*\x96\
d\x08\x00\x00\x00\x00\x06\x00\x00\x00\x06Delet\
e\x07\x00\x00\x00\x0fScheduleTa\
skTab\x01\x03\x00\x00\x00\x08R*\x96dN\
\xfbR\xd9\x08\x00\x00\x00\x00\x06\x00\x00\x00\x0bDel\
ete Task\x07\x00\x00\x00\x0fSch\
eduleTaskTab\x01\x03\x00\x00\
\x00\x04\x93/\x8a\xa4\x08\x00\x00\x00\x00\x06\x00\x00\x00\x05\
Error\x07\x00\x00\x00\x0fSchedu\
leTaskTab\x01\x03\x00\x00\x00\x0cR\
u^\xfaN\xfbR\xd9Y1eW\x08\x00\x00\x00\x00\
\x06\x00\x00\x00\x15Failed to c\
reate task\x07\x00\x00\x00\x0fS\
cheduleTaskTab\x01\x03\
\x00\x00\x00\x0cR*\x96dN\xfbR\xd9Y1eW\
\x08\x00\x00\x00\x00\x06\x00\x00\x00\x15Failed\
 to delete task\x07\
\x00\x00\x00\x0fScheduleTask\
Tab\x01\x03\x00\x00\x00\x0cR\xa0\x8f\x09N\xfbR\
\xd9Y1eW\x08\x00\x00\x00\x00\x06\x00\x00\x00\x14F\
ailed to load ta\
sks\x07\x00\x00\x00\x0fSchedule\
TaskTab\x01\x03\x00\x00\x00\x0cO\xeee\
9N\xfbR\xd9Y1eW\x08\x00\x00\x00\x00\x06\x00\
\x00\x00\x15Failed to mod\
ify task\x07\x00\x00\x00\x0fSch\
eduleTaskTab\x01\x03\x00\x00\
\x00\x1cO\xeee9N\xfbR\xd9Y1eW\xff\x1a\
q!l\xd5R*\x96d\x82\x0aN\xfbR\xd9\x08\x00\
\x00\x00\x00\x06\x00\x00\x00-Failed t\
o modify task: c\
annot delete old\
 task\x07\x00\x00\x00\x0fSchedu\
leTaskTab\x01\x03\x00\x00\x00\x12b\
S\x95\x8bO\xeee9\x5c\x0d\x8aqhFY1e\
W\x08\x00\x00\x00\x00\x06\x00\x00\x00\x1cFaile\
d to open modify\
 dialog\x07\x00\x00\x00\x0fSche\
duleTaskTab\x01\x03\x00\x00\x00\
\x10R\x07c\xdbN\xfbR\xd9r\xc0aKY1e\
W\x08\x00\x00\x00\x00\x06\x00\x00\x00\x15Faile\
d to toggle task\
\x07\x00\x00\x00\x0fScheduleTas\
kTab\x01\x03\x00\x00\x00\x04R7e\xb0\x08\x00\
\x00\x00\x00\x06\x00\x00\x00\x07Refresh\x07\
\x00\x00\x00\x0fScheduleTask\
Tab\x01\x03\x00\x00\x00\x08R7e\xb0Y1e\
W\x08\x00\x00\x00\x00\x06\x00\x00\x00\x0eRefre\
sh failed\x07\x00\x00\x00\x0fSc\
heduleTaskTab\x01\x03\x00\
\x00\x00\x08\x8a\x08R\x83N\xfbR\xd9\x08\x00\x00\x00\x00\
\x06\x00\x00\x00\x0eSchedule Ta\
sks\x07\x00\x00\x00\x0fSchedule\
TaskTab\x01\x03\x00\x00\x00\x04b\x10R\
\x9f\x08\x00\x00\x00\x00\x06\x00\x00\x00\x07Succe\
ss\x07\x00\x00\x00\x0fScheduleT\
askTab\x01\x03\x00\x00\x00\x0cN\xfbR\xd9\
Ru^\xfab\x10R\x9f\x08\x00\x00\x00\x00\x06\x00\x00\
\x00\x19Task created s\
uccessfully\x07\x00\x00\x00\x0f\
ScheduleTaskTab\x01\
\x03\x00\x00\x00\x0cN\xfbR\xd9R*\x96db\x10R\
\x9f\x08\x00\x00\x00\x00\x06\x00\x00\x00\x19Task \
deleted successf\
ully\x07\x00\x00\x00\x0fSchedul\
eTaskTab\x01\x03\x00\x00\x00\x0aN\xfb\
R\xd9]\xf2y\x81u(\x08\x00\x00\x00\x00\x06\x00\x00\
\x00\x0dTask disabled\x07\
\x00\x00\x00\x0fScheduleTask\
Tab\x01\x03\x00\x00\x00\x0aN\xfbR\xd9]\xf2U\
_u(\x08\x00\x00\x00\x00\x06\x00\x00\x00\x0cTas\
k enabled\x07\x00\x00\x00\x0fSc\
heduleTaskTab\x01\x03\x00\
\x00\x00\x0cN\xfbR\xd9O\xeee9b\x10R\x9f\x08\
\x00\x00\x00\x00\x06\x00\x00\x00\x1aTask mo\
dified successfu\
lly\x07\x00\x00\x00\x0fSchedule\
TaskTab\x01\x03\x00\x00\x00\x10}\xe9[\
XN-g*b~R0N\xfbR\xd9\x08\x00\x00\
\x00\x00\x06\x00\x00\x00\x17Task not \
found in cache\x07\x00\
\x00\x00\x0fScheduleTaskT\
ab\x01\x03\x00\x00\x00\x0aN\xfbR\xd9]\xf2R7\
e\xb0\x08\x00\x00\x00\x00\x06\x00\x00\x00\x0fTask\
s refreshed\x07\x00\x00\x00\x0f\
ScheduleTaskTab\x01\
\x03\x00\x00\x00\x04d\xcdO\x5c\x08\x00\x00\x00\x00\x06\x00\
\x00\x00\x07Actions\x07\x00\x00\x00\x11S\
cheduleTaskTable\
\x01\x03\x00\x00\x00\x06\x81\xea[\x9a\x7f\xa9\x08\x00\x00\x00\
\x00\x06\x00\x00\x00\x06Custom\x07\x00\x00\x00\
\x11ScheduleTaskTab\
le\x01\x03\x00\x00\x00\x04k\xcfY)\x08\x00\x00\x00\
\x00\x06\x00\x00\x00\x05Daily\x07\x00\x00\x00\x11\
ScheduleTaskTabl\
e\x01\x03\x00\x00\x00\x04R*\x96d\x08\x00\x00\x00\x00\
\x06\x00\x00\x00\x06Delete\x07\x00\x00\x00\x11\
ScheduleTaskTabl\
e\x01\x03\x00\x00\x00\x06]\xf2y\x81u(\x08\x00\x00\
\x00\x00\x06\x00\x00\x00\x08Disabled\x07\
\x00\x00\x00\x11ScheduleTask\
Table\x01\x03\x00\x00\x00\x06]\xf2U_u\
(\x08\x00\x00\x00\x00\x06\x00\x00\x00\x07Enabl\
ed\x07\x00\x00\x00\x11ScheduleT\
askTable\x01\x03\x00\x00\x00\x04O\xee\
e9\x08\x00\x00\x00\x00\x06\x00\x00\x00\x06Modi\
fy\x07\x00\x00\x00\x11ScheduleT\
askTable\x01\x03\x00\x00\x00\x04k\xcf\
g\x08\x08\x00\x00\x00\x00\x06\x00\x00\x00\x07Mont\
hly\x07\x00\x00\x00\x11Schedule\
TaskTable\x01\x03\x00\x00\x00\x08N\
\x0bk!\x90K\x88L\x08\x00\x00\x00\x00\x06\x00\x00\x00\
\x08Next Run\x07\x00\x00\x00\x11Sc\
heduleTaskTable\x01\
\x03\x00\x00\x00\x04N\x00k!\x08\x00\x00\x00\x00\x06\x00\
\x00\x00\x04Once\x07\x00\x00\x00\x11Sche\
duleTaskTable\x01\x03\x00\
\x00\x00\x08n\x96P\x99\x5c1}\xd2\x08\x00\x00\x00\x00\
\x06\x00\x00\x00\x05Ready\x07\x00\x00\x00\x11S\
cheduleTaskTable\
\x01\x03\x00\x00\x00\x06\x90K\x88LN-\x08\x00\x00\x00\
\x00\x06\x00\x00\x00\x07Running\x07\x00\x00\
\x00\x11ScheduleTaskTa\
ble\x01\x03\x00\x00\x00\x04r\xc0aK\x08\x00\x00\
\x00\x00\x06\x00\x00\x00\x06Status\x07\x00\x00\
\x00\x11ScheduleTaskTa\
ble\x01\x03\x00\x00\x00\x08N\xfbR\xd9T\x0dz\
1\x08\x00\x00\x00\x00\x06\x00\x00\x00\x09Task \
Name\x07\x00\x00\x00\x11Schedul\
eTaskTable\x01\x03\x00\x00\x00\x08\
\x89\xf8v|\x98^W\x8b\x08\x00\x00\x00\x00\x06\x00\x00\
\x00\x0cTrigger Type\x07\x00\
\x00\x00\x11ScheduleTaskT\
able\x01\x03\x00\x00\x00\x04g*w\xe5\x08\x00\
\x00\x00\x00\x06\x00\x00\x00\x07Unknown\x07\
\x00\x00\x00\x11ScheduleTask\
Table\x01\x03\x00\x00\x00\x04k\xcfTh\x08\
\x00\x00\x00\x00\x06\x00\x00\x00\x06Weekly\x07\
\x00\x00\x00\x11ScheduleTask\
Table\x01\x03\x00\x00\x004\x00A\x00D\x00\
B\x00 b*W\x16\x00 \x00(e/c\xf4\x80\
\xccfo0\x01v\xf8[\xb9`'\x9a\xd80\x01\x90\
\x1f^\xa6ab0\x01\x9a\xd8^\xf6\x90r\x00)\x08\
\x00\x00\x00\x00\x06\x00\x00\x00@ADB(Sup\
ports Background\
, Slow, High Com\
patibility, High\
 Latency)\x07\x00\x00\x00\x15Se\
lectCaptureListV\
iew\x01\x03\x00\x00\x00\x22\x00B\x00i\x00t\x00\
B\x00l\x00t\x00 \x00-\x00 g\x00_\xeb\xff\
\x0cQ|[\xb9`'g\x00]\xee\x08\x00\x00\x00\x00\
\x06\x00\x00\x00\x06BitBlt\x07\x00\x00\x00\x15\
SelectCaptureLis\
tView\x01\x03\x00\x00\x006\x00B\x00i\x00\
t\x00B\x00l\x00t\x00_\x00R\x00e\x00n\x00\
d\x00e\x00r\x00F\x00u\x00l\x00l\x00 \x00\
-\x00 ab\xff\x0cQ|[\xb9`'g\x00Y\
}\x08\x00\x00\x00\x00\x06\x00\x00\x00\x11BitBl\
t_RenderFull\x07\x00\x00\x00\
\x15SelectCaptureLi\
stView\x01\x03\x00\x00\x00\x0ap\x0f\x89\xbd\
Vhb*W\x16\x08\x00\x00\x00\x00\x06\x00\x00\x00\x0f\
Browser Capture\x07\
\x00\x00\x00\x15SelectCaptur\
eListView\x01\x03\x00\x00\x00\x18\x00\
D\x00X\x00G\x00I\x00 \x00-\x00 g\x00a\
b\xff\x0cY\x07u(\x08\x00\x00\x00\x00\x06\x00\x00\x00\
\x04DXGI\x07\x00\x00\x00\x15Select\
CaptureListView\x01\
\x03\x00\x00\x00(j!d\xecVh\x89\x96z\x97\x00\
 \x00(e/c\xf4\x80\xccfo0\x01\x90\x1f^\
\xa6_\xeb0\x01ON^\xf6\x90r\x00)\x08\x00\x00\
\x00\x00\x06\x00\x00\x007Emulator \
Window(Supports \
Background, Fast\
, Low Latency)\x07\x00\
\x00\x00\x15SelectCapture\
ListView\x01\x03\x00\x00\x00\x08\x90J\
b2\x89\x96z\x97\x08\x00\x00\x00\x00\x06\x00\x00\x00\x0b\
Game Window\x07\x00\x00\x00\x15\
SelectCaptureLis\
tView\x01\x03\x00\x00\x008S\x9fu\x1f\x00\
 \x00(\x00M\x00u\x00M\x00u\x00P\x00l\x00\
a\x00y\x00e\x00r\x00 \x001\x002\x00 r\
Hg,\x00 \x00>\x00=\x00 \x004\x00.\x00\
0\x00)\x08\x00\x00\x00\x00\x06\x00\x00\x00!Ipc\
 (MuMuPlayer12 v\
ersion >= 4.0)\x07\x00\
\x00\x00\x15SelectCapture\
ListView\x01\x03\x00\x00\x00\x1e\x00W\
\x00G\x00C\x00 \x00-\x00 \x00>\x00=\x00W\
\x00i\x00n\x001\x000\xff\x0c_\xeb\x08\x00\x00\x00\
\x00\x06\x00\x00\x00\x03WGC\x07\x00\x00\x00\x15Se\
lectCaptureListV\
iew\x01\x03\x00\x00\x00&\x00A\x00D\x00B\x00\
I\x00n\x00t\x00e\x00r\x00a\x00c\x00t\x00\
i\x00o\x00n\x00 \x00-\x00 T\x0eS\xf0\x08\
\x00\x00\x00\x00\x06\x00\x00\x00\x0eADBInte\
raction\x07\x00\x00\x00\x19Sele\
ctInteractionLis\
tView\x01\x03\x00\x00\x00.\x00B\x00r\x00\
o\x00w\x00s\x00e\x00r\x00I\x00n\x00t\x00\
e\x00r\x00a\x00c\x00t\x00i\x00o\x00n\x00\
 \x00-\x00 T\x0eS\xf0\x08\x00\x00\x00\x00\x06\x00\
\x00\x00\x12BrowserIntera\
ction\x07\x00\x00\x00\x19Select\
InteractionListV\
iew\x01\x03\x00\x00\x004\x00G\x00e\x00n\x00\
s\x00h\x00i\x00n\x00 \x00-\x00 T\x0eS\
\xf0\xff\x0ce/c\x01\x90\xe8R\x06\x00 \x00U\x00\
n\x00i\x00t\x00y\x00 n8b\x0f\x08\x00\x00\
\x00\x00\x06\x00\x00\x00\x07Genshin\x07\x00\
\x00\x00\x19SelectInterac\
tionListView\x01\x03\x00\x00\
\x00:\x00P\x00o\x00s\x00t\x00M\x00e\x00s\
\x00s\x00a\x00g\x00e\x00 \x00-\x00 T\x0e\
S\xf0\xff\x0cQ|[\xb9Y'Y\x1aep^\x94\
u(T\x8c\x5c\x11epn8b\x0f\x08\x00\x00\x00\
\x00\x06\x00\x00\x00\x0bPostMessag\
e\x07\x00\x00\x00\x19SelectInte\
ractionListView\x01\
\x03\x00\x00\x00.\x00P\x00y\x00D\x00i\x00r\x00\
e\x00c\x00t\x00 \x00-\x00 RMS\xf0\xff\
\x0c\x00P\x00y\x00n\x00p\x00u\x00t\x00 Y\
\x07u(\x08\x00\x00\x00\x00\x06\x00\x00\x00\x08PyD\
irect\x07\x00\x00\x00\x19Select\
InteractionListV\
iew\x01\x03\x00\x00\x00\x22\x00P\x00y\x00n\x00\
p\x00u\x00t\x00 \x00-\x00 RMS\xf0\xff\
\x0cQ|[\xb9`'g\x00Y}\x08\x00\x00\x00\x00\
\x06\x00\x00\x00\x06Pynput\x07\x00\x00\x00\x19\
SelectInteractio\
nListView\x01\x03\x00\x00\x00\x04\x95\
\xdce\xbc\x08\x00\x00\x00\x00\x06\x00\x00\x00\x05Abo\
ut\x07\x00\x00\x00\x0aSettingTa\
b\x01\x03\x00\x00\x00\x08\x8e\xdf\x9a\xd4\x8a-[\x9a\x08\
\x00\x00\x00\x00\x06\x00\x00\x00\x0aApp Con\
fig\x07\x00\x00\x00\x0aSettingT\
ab\x01\x03\x00\x00\x00\x08\x8e\xdf\x9a\xd4\x8a-[\x9a\
\x08\x00\x00\x00\x00\x06\x00\x00\x00\x0cApp Se\
ttings\x07\x00\x00\x00\x0aSetti\
ngTab\x01\x03\x00\x00\x00\x0ca\xc9u(z\
\x0b_\x0fN;\x98L\x08\x00\x00\x00\x00\x06\x00\x00\x00\
\x11Application The\
me\x07\x00\x00\x00\x0aSettingTa\
b\x01\x03\x00\x00\x00\x12\x8b\x8af\xf4a\xc9u(z\
\x0b_\x0fv\x84Y\x16\x89\xc0\x08\x00\x00\x00\x00\x06\x00\
\x00\x00(Change the ap\
pearance of the \
application\x07\x00\x00\x00\x0a\
SettingTab\x01\x03\x00\x00\x00\x08\
j\xa2g\xe5f\xf4e\xb0\x08\x00\x00\x00\x00\x06\x00\x00\
\x00\x0cCheck update\x07\x00\
\x00\x00\x0aSettingTab\x01\x03\x00\
\x00\x00\x12\x8a-[\x9a\x5c\x07W(\x91\xcdU__\
\x8cu\x1feH\x08\x00\x00\x00\x00\x06\x00\x00\x00(C\
onfiguration tak\
es effect after \
restart\x07\x00\x00\x00\x0aSett\
ingTab\x01\x03\x00\x00\x00\x04m\xf1\x82r\
\x08\x00\x00\x00\x00\x06\x00\x00\x00\x04Dark\x07\x00\
\x00\x00\x0aSettingTab\x01\x03\x00\
\x00\x00Hc\xa2}\x22e\xb0R\x9f\x80\xfdN&[\
x\x7f\xd2g\x09\x95\xdc\x00 \x00P\x00y\x00Q\x00\
t\x00-\x00F\x00l\x00u\x00e\x00n\x00t\x00\
-\x00W\x00i\x00d\x00g\x00e\x00t\x00s\x00\
 v\x84[\xe6u(b\x80]\xe7\x08\x00\x00\x00\x00\
\x06\x00\x00\x00EDiscover ne\
w features and l\
earn useful tips\
 about PyQt-Flue\
nt-Widgets\x07\x00\x00\x00\x0aS\
ettingTab\x01\x03\x00\x00\x00\x04\x8a\
\xaaf\x0e\x08\x00\x00\x00\x00\x06\x00\x00\x00\x04Hel\
p\x07\x00\x00\x00\x0aSettingTab\
\x01\x03\x00\x00\x00\x04\x8a\x9e\x8a\x00\x08\x00\x00\x00\x00\x06\
\x00\x00\x00\x08Language\x07\x00\x00\x00\
\x0aSettingTab\x01\x03\x00\x00\x00\
\x04m\xfa\x82r\x08\x00\x00\x00\x00\x06\x00\x00\x00\x05L\
ight\x07\x00\x00\x00\x0aSetting\
Tab\x01\x03\x00\x00\x00\x0c\x95\x8bU_\x8a\xaaf\
\x0e\x98\x01\x97b\x08\x00\x00\x00\x00\x06\x00\x00\x00\x0eO\
pen help page\x07\x00\x00\
\x00\x0aSettingTab\x01\x03\x00\x00\
\x00\x0c\x90xd\xc7`\xa8v\x84\x8a\x9e\x8a\x00\x08\x00\
\x00\x00\x00\x06\x00\x00\x00\x1bSet your\
 preferred langu\
age\x07\x00\x00\x00\x0aSettingT\
ab\x01\x03\x00\x00\x00\x16\x8a-[\x9a\x00 \x00U\
\x00I\x00 v\x84POY}\x8a\x9e\x8a\x00\x08\x00\
\x00\x00\x00\x06\x00\x00\x00\x22Set your\
 preferred langu\
age for UI\x07\x00\x00\x00\x0aS\
ettingTab\x01\x03\x00\x00\x00\x04\x8a\
-[\x9a\x08\x00\x00\x00\x00\x06\x00\x00\x00\x08Set\
tings\x07\x00\x00\x00\x0aSettin\
gTab\x01\x03\x00\x00\x00\x08f\xf4e\xb0b\x10\
R\x9f\x08\x00\x00\x00\x00\x06\x00\x00\x00\x14Upda\
ted successfully\
\x07\x00\x00\x00\x0aSettingTab\x01\
\x03\x00\x00\x00\x0cO\x7fu(|\xfb}q\x8a-[\
\x9a\x08\x00\x00\x00\x00\x06\x00\x00\x00\x12Use s\
ystem setting\x07\x00\x00\
\x00\x0aSettingTab\x01\x03\x00\x00\
\x00\x04rHg,\x08\x00\x00\x00\x00\x06\x00\x00\x00\x07\
Version\x07\x00\x00\x00\x0aSett\
ingTab\x01\x03\x00\x00\x00\x08Qh\x90\xe8\
f\xabP\x5c\x08\x00\x00\x00\x00\x06\x00\x00\x00\x09Pa\
use All\x07\x00\x00\x00\x0bStar\
tButton\x01\x03\x00\x00\x00\x08Qh\x90\
\xe8\x95\x8bY\xcb\x08\x00\x00\x00\x00\x06\x00\x00\x00\x09S\
tart All\x07\x00\x00\x00\x0bSta\
rtButton\x01\x03\x00\x00\x00\x04b*\
W\x16\x08\x00\x00\x00\x00\x06\x00\x00\x00\x07Capt\
ure\x07\x00\x00\x00\x09StartCar\
d\x01\x03\x00\x00\x00\x08S/Q\xfae\xe5\x8a\x8c\x08\
\x00\x00\x00\x00\x06\x00\x00\x00\x0bExport \
Logs\x07\x00\x00\x00\x09StartCa\
rd\x01\x03\x00\x00\x00\x0e\x90Jb2\x89\x96z\x97\
]\xf2\x96\xe2}\xda\x08\x00\x00\x00\x00\x06\x00\x00\x00\x18\
Game Window Disc\
onnected\x07\x00\x00\x00\x09Sta\
rtCard\x01\x03\x00\x00\x00\x08[\x89\x88\xdd\
v\xee\x93\x04\x08\x00\x00\x00\x00\x06\x00\x00\x00\x0eIn\
stall Folder\x07\x00\x00\x00\
\x09StartCard\x01\x03\x00\x00\x00\x04\
f\xabP\x5c\x08\x00\x00\x00\x00\x06\x00\x00\x00\x05Pa\
use\x07\x00\x00\x00\x09StartCar\
d\x01\x03\x00\x00\x00&]\xf2f\xabP\x5c\xff\x1a\x00\
P\x00C\x00 rH\x90Jb2\x89\x96z\x97_\
\xc5\x98\x08W(g\x00RM\x5cd\xff\x01\x08\x00\x00\
\x00\x00\x06\x00\x00\x00(Paused: P\
C Game Window Mu\
st Be in Front!\x07\
\x00\x00\x00\x09StartCard\x01\x03\x00\
\x00\x00\x08\x91\xcde\xb0ett\x06\x08\x00\x00\x00\x00\
\x06\x00\x00\x00\x07Refresh\x07\x00\x00\x00\
\x09StartCard\x01\x03\x00\x00\x00\x06\
W\xf7\x88LN-\x08\x00\x00\x00\x00\x06\x00\x00\x00\x07\
Running\x07\x00\x00\x00\x09Star\
tCard\x01\x03\x00\x00\x00\x04\x95\x8bY\xcb\x08\
\x00\x00\x00\x00\x06\x00\x00\x00\x05Start\x07\x00\
\x00\x00\x09StartCard\x01\x03\x00\x00\
\x00\x08U_R\xd5\x90Jb2\x08\x00\x00\x00\x00\x06\
\x00\x00\x00\x0aStart Game\x07\x00\
\x00\x00\x09StartCard\x01\x03\x00\x00\
\x00\x0cSsfB\x89\xf8v|N\xfbR\xd9\x08\x00\
\x00\x00\x00\x06\x00\x00\x00\x0dTrigger \
Tasks\x07\x00\x00\x00\x09StartC\
ard\x01\x03\x00\x00\x00\x12\x9e\xded\xca\x90xS\
\xd6N\xfbR\xd9N\xe5\x95\x8bY\xcb\x08\x00\x00\x00\x00\
\x06\x00\x00\x00\x1eWaiting for\
 task to be enab\
led\x07\x00\x00\x00\x09StartCar\
d\x01\x03\x00\x00\x000\xff\x0c\x8a\xcbx\xba\x8a\x8d\x90\
Jb2\x89\x96z\x97f/T&\x88\xab~.e\
>0\x01\x96\xb1\x85\xcfb\x16\x8d\x85Q\xfa\x87\xa2^\
U{\xc4W\x0d0\x02\x08\x00\x00\x00\x00\x06\x00\x00\x00\
?, check if game\
 windows is mini\
mized, resized o\
r out of screen.\
\x07\x00\x00\x00\x0fStartContro\
ller\x01\x03\x00\x00\x00*\xff\x0ce/c\xf4\
v\x84g\x00ON\x89\xe3g\x90^\xa6p\xba\x00 \
\x00{\x00m\x00i\x00n\x00_\x00s\x00i\x00z\
\x00e\x00}\x08\x00\x00\x00\x00\x06\x00\x00\x00,, \
the supported mi\
n resolution is \
{min_size}\x07\x00\x00\x00\x0fS\
tartController\x01\x03\
\x00\x00\x006\xff\x0ce/c\xf4v\x84\x89\x96z\x97\
k\xd4O\x8bp\xba\x00 \x00{\x00s\x00u\x00p\
\x00p\x00o\x00r\x00t\x00e\x00d\x00_\x00r\
\x00a\x00t\x00i\x00o\x00}\x08\x00\x00\x00\x00\x06\
\x00\x00\x00*, the suppor\
ted ratio is {su\
pported_ratio}\x07\x00\
\x00\x00\x0fStartControll\
er\x01\x03\x00\x00\x00,\x98oy:\x8a-[\x9a\
N-v\x84\x81\xeaR\xd5\x00 \x00H\x00D\x00R\
\x00 ]\xf2\x95\x8bU_\xff\x0c\x8a\xcbQH\x95\xdc\
\x95\x890\x02\x08\x00\x00\x00\x00\x06\x00\x00\x00.Au\
to HDR is enable\
d, please turn i\
t off first.\x07\x00\x00\x00\
\x0fStartController\
\x01\x03\x00\x00\x008\x98oy:\x8a-[\x9aN-\
v\x84\x81\xeaR\xd5\x00 \x00H\x00D\x00R\x00 \
]\xf2\x95\x8bU_\xff\x0cS\xef\x80\xfd\x5c\x0e\x81\xf4\
N\xfbR\xd9W\xf7\x88Lup^8\xff\x01\x08\x00\
\x00\x00\x00\x06\x00\x00\x004Auto HDR\
 is enabled, tas\
ks might not wor\
k correctly!\x07\x00\x00\x00\
\x0fStartController\
\x01\x03\x00\x00\x00 q!l\xd5U_R\xd5\x90J\
b2\xff\x0c\x8a\xcbx\xba\x8a\x8d\x90Jb2]\xf2\
[\x89\x88\xdd\xff\x01\x08\x00\x00\x00\x00\x06\x00\x00\x001\
Can't start game\
, make sure the \
game is installe\
d\x07\x00\x00\x00\x0fStartContr\
oller\x01\x03\x00\x00\x00\x18b*W\x16Y\
1eW\xff\x0c\x8a\xcbj\xa2g\xe5\x90Jb2\x89\
\x96z\x97\x08\x00\x00\x00\x00\x06\x00\x00\x00(Cap\
ture failed, ple\
ase check game w\
indow\x07\x00\x00\x00\x0fStartC\
ontroller\x01\x03\x00\x00\x00\x18j\
!d\xecVhg*\x90#}\xda\xff\x0c\x8a\xcbQ\
HU_R\xd5\xff\x01\x08\x00\x00\x00\x00\x06\x00\x00\x00\
4Emulator is not\
 connected, star\
t the emulator f\
irst!\x07\x00\x00\x00\x0fStartC\
ontroller\x01\x03\x00\x00\x00\x10\x00\
G\x00P\x00U\x00 \x9aER\xd5\x8bfTJ\x08\
\x00\x00\x00\x00\x06\x00\x00\x00\x12GPU Dri\
ver Warning\x07\x00\x00\x00\x0f\
StartController\x01\
\x03\x00\x00\x00\x1cq!l\xd5U_R\xd5\x90Jb\
2\xff\x0c\x8a\xcbbKR\xd5\x95\x8bU_\x90Jb\
2\x08\x00\x00\x00\x00\x06\x00\x00\x004Game \
path does not ex\
ist, Please open\
 game manually!\x07\
\x00\x00\x00\x0fStartControl\
ler\x01\x03\x00\x00\x00*N\x0de/c\xf4v\
\xeeRM\x89\xe3g\x90^\xa6\x00 \x00{\x00r\x00\
e\x00s\x00o\x00l\x00u\x00t\x00i\x00o\x00\
n\x00}\x08\x00\x00\x00\x00\x06\x00\x00\x00-Gam\
e resolution {re\
solution} is not\
 supported\x07\x00\x00\x00\x0fS\
tartController\x01\x03\
\x00\x00\x00T{\xc4g,W\x16rG\x8f\x09Qe\
Y1eW\xff\x0c\x8a\xcb\x91\xcde\xb0[\x89\x88\xdd\
0\x02\x00(\x8a\xcbR\xffe>\x7fne\xbc0\x0c\
N\x0b\x8f\x090\x0d{IS\xef\x80\xfdg\x03\x81\xea\
R\xd5R*\x96dW\x16rGv\x84\x8c\xc7e\x99\
Y>Qg0\x02\x00)\x08\x00\x00\x00\x00\x06\x00\x00\
\x00\x5cImage resource\
 load failed, pl\
ease try install\
 again.(Don't pu\
t the app in Dow\
nloads folder)\x07\x00\
\x00\x00\x0fStartControll\
er\x01\x03\x00\x00\x00\x10g*\x90xS\xd6\x90J\
b2\x89\x96z\x97\xff\x01\x08\x00\x00\x00\x00\x06\x00\x00\
\x00\x11No game select\
ed!\x07\x00\x00\x00\x0fStartCon\
troller\x01\x03\x00\x00\x00:\x00P\x00\
C\x00 rH\x97\x00\x89\x81{\xa1t\x06T\xe1k\
\x0a\x96P\xff\x0c\x8a\xcbN\xe5{\xa1t\x06T\xe1k\
\x0a\x96P\x91\xcde\xb0U_R\xd5kda\xc9u\
(z\x0b_\x0f\xff\x01\x08\x00\x00\x00\x00\x06\x00\x00\x00\
TPC version requ\
ires admin privi\
leges, Please re\
start this app w\
ith admin privil\
eges!\x07\x00\x00\x00\x0fStartC\
ontroller\x01\x03\x00\x00\x00F\x89\
\xe3g\x90^\xa6\x00 \x00{\x00r\x00e\x00s\x00\
o\x00l\x00u\x00t\x00i\x00o\x00n\x00}\x00\
 j\xa2g\xe5Y1eW\xff\x0c\x90\xe8R\x06N\
\xfbR\xd9S\xef\x80\xfdq!l\xd5kc^8\x90\
KO\x5c\xff\x01\x08\x00\x00\x00\x00\x06\x00\x00\x00JR\
esolution {resol\
ution} check fai\
led, some tasks \
might not work c\
orrectly!\x07\x00\x00\x00\x0fSt\
artController\x01\x03\x00\
\x00\x00(v\xeeRMv\x84\x90Jb2b\x16j\
!d\xecVhN\x0de/c\xf4b@\x90xv\
\x84b*W\x16e\xb9_\x0f\xff\x01\x08\x00\x00\x00\x00\
\x06\x00\x00\x00DSelected ca\
pture method is \
not supported by\
 the game or you\
r system!\x07\x00\x00\x00\x0fSt\
artController\x01\x03\x00\
\x00\x00 U_R\xd5\x90Jb2Y1eW\xff\
\x0c\x8a\xcbQHbKR\xd5U_R\xd5\x90Jb\
2\xff\x01\x08\x00\x00\x00\x00\x06\x00\x00\x00*Sta\
rt game failed, \
please start gam\
e first\x07\x00\x00\x00\x0fStar\
tController\x01\x03\x00\x00\x00\
\x0aU_R\xd5\x90>fB\xff\x01\x08\x00\x00\x00\x00\
\x06\x00\x00\x00\x13Start game \
timeout!\x07\x00\x00\x00\x0fSta\
rtController\x01\x03\x00\x00\
\x008\x90Jb2\x89\x96z\x97]\xf2g\x00\x5c\x0f\
S\x16b\x16\x90\xe8R\x06\x8d\x85Q\xfa\x87\xa2^U\
{\xc4W\x0d\xff\x0c\x8a\xcbR\xffO\x7fu(sh\
OTQh\x87\xa2^U\xff\x01\x08\x00\x00\x00\x00\x06\
\x00\x00\x00KWindow is mi\
nimized or out o\
f screen, and do\
 NOT use full-sc\
reen exclusive!\x07\
\x00\x00\x00\x0fStartControl\
ler\x01\x03\x00\x00\x004\x89\x96z\x97]\xf2g\
\x00\x5c\x0fS\x16b\x16\x8d\x85Q\xfa\x87\xa2^U{\
\xc4W\x0d\xff\x0c\x8a\xcbR\xffO\x7fu(shO\
TQh\x87\xa2^Uj!_\x0f\xff\x01\x08\x00\x00\
\x00\x00\x06\x00\x00\x00OWindow is\
 minimized or ou\
t of screen, and\
 don't use full-\
screen exclusive\
 mode!\x07\x00\x00\x00\x0fStart\
Controller\x01\x03\x00\x00\x00@\
\x00W\x00i\x00n\x00d\x00o\x00w\x00s\x00 \
\x98oy:\x8a-[\x9aN-v\x84Y\x1c\x95\x93\
QI}\xda\x00/\x8bww<j!_\x0f]\xf2\
\x95\x8bU_\xff\x0c\x8a\xcbQH\x95\xdc\x95\x890\x02\
\x08\x00\x00\x00\x00\x06\x00\x00\x009Window\
s night light is\
 enabled, please\
 turn it off fir\
st.\x07\x00\x00\x00\x0fStartCon\
troller\x01\x03\x00\x00\x00L\x00W\x00\
i\x00n\x00d\x00o\x00w\x00s\x00 \x98oy\
:\x8a-[\x9aN-v\x84Y\x1c\x95\x93QI}\
\xda\x00/\x8bww<j!_\x0f]\xf2\x95\x8bU\
_\xff\x0cN\xfbR\xd9S\xef\x80\xfdq!l\xd5k\
c^8\x90KO\x5c\xff\x01\x08\x00\x00\x00\x00\x06\x00\
\x00\x00?Windows night\
 light is enable\
d, tasks might n\
ot work correctl\
y!\x07\x00\x00\x00\x0fStartCont\
roller\x01\x03\x00\x00\x00@\x00{\x00v\
\x00e\x00n\x00d\x00o\x00r\x00}\x00 \x00{\
\x00f\x00e\x00a\x00t\x00u\x00r\x00e\x00}\
\x00 ]\xf2U_u(\xff\x0cS\xef\x80\xfd\x5c\x0e\
\x81\xf4R\x9f\x80\xfdup^8\xff\x01\x08\x00\x00\x00\
\x00\x06\x00\x00\x009{vendor} {\
feature} is enab\
led and may caus\
e malfunctions!\x07\
\x00\x00\x00\x0fStartControl\
ler\x01\x03\x00\x00\x00\x1e\x00{\x00}\x00 g\
*\x90#}\xda\xff\x0c\x8a\xcb\x90xS\xd6\x90Jb\
2\x89\x96z\x970\x02\x08\x00\x00\x00\x00\x06\x00\x00\x00\
3{} is not conne\
cted, please sel\
ect the game win\
dow.\x07\x00\x00\x00\x0fStartCo\
ntroller\x01\x03\x00\x00\x00\x06\x8f\x09\
QeN-\x08\x00\x00\x00\x00\x06\x00\x00\x00\x07Lo\
ading\x07\x00\x00\x00\x12StartL\
oadingDialog\x01\x03\x00\x00\
\x002kcW(U_R\xd5\xff\x0c\x00{\x00s\
\x00e\x00c\x00o\x00n\x00d\x00s\x00_\x00l\
\x00e\x00f\x00t\x00}\x00 y\xd2_\x8c\x90>\
fB0\x02\x08\x00\x00\x00\x00\x06\x00\x00\x00/St\
arting, timeout \
after {seconds_l\
eft} seconds.\x07\x00\x00\
\x00\x12StartLoadingDi\
alog\x01\x03\x00\x00\x00\x12\x00A\x00n\x00d\
\x00r\x00o\x00i\x00d\x00 rH\x08\x00\x00\x00\
\x00\x06\x00\x00\x00\x07Android\x07\x00\x00\
\x00\x08StartTab\x01\x03\x00\x00\x00\x04\
b*W\x16\x08\x00\x00\x00\x00\x06\x00\x00\x00\x07Ca\
pture\x07\x00\x00\x00\x08StartT\
ab\x01\x03\x00\x00\x00\x08b*W\x16e\xb9_\x0f\
\x08\x00\x00\x00\x00\x06\x00\x00\x00\x0eCaptur\
e Method\x07\x00\x00\x00\x08Sta\
rtTab\x01\x03\x00\x00\x00\x0c\x90xd\xc7N\
\x92R\xd5e\xb9_\x0f\x08\x00\x00\x00\x00\x06\x00\x00\x00\
\x12Choose Interact\
ion\x07\x00\x00\x00\x08StartTab\
\x01\x03\x00\x00\x00\x08\x90xS\xd6\x89\x96z\x97\x08\x00\
\x00\x00\x00\x06\x00\x00\x00\x0dChoose W\
indow\x07\x00\x00\x00\x08StartT\
ab\x01\x03\x00\x00\x00\x06]\xf2\x90#}\xda\x08\x00\
\x00\x00\x00\x06\x00\x00\x00\x09Connecte\
d\x07\x00\x00\x00\x08StartTab\x01\x03\
\x00\x00\x00\x08\x95\x8bv|]\xe5Qw\x08\x00\x00\x00\
\x00\x06\x00\x00\x00\x05Debug\x07\x00\x00\x00\x08\
StartTab\x01\x03\x00\x00\x00\x0aP\x5c\
u(j\x19\x8a\x18hF\x08\x00\x00\x00\x00\x06\x00\x00\
\x00\x0dDisable Boxes\x07\
\x00\x00\x00\x08StartTab\x01\x03\x00\x00\
\x00\x06]\xf2\x96\xe2}\xda\x08\x00\x00\x00\x00\x06\x00\x00\
\x00\x0cDisconnected\x07\x00\
\x00\x00\x08StartTab\x01\x03\x00\x00\x00\
\x06j!d\xecVh\x08\x00\x00\x00\x00\x06\x00\x00\x00\
\x08Emulator\x07\x00\x00\x00\x08St\
artTab\x01\x03\x00\x00\x00\x0aU_u(\
j\x19\x8a\x18hF\x08\x00\x00\x00\x00\x06\x00\x00\x00\x0c\
Enable Boxes\x07\x00\x00\x00\
\x08StartTab\x01\x03\x00\x00\x00\x08S\
/Q\xfae\xe5\x8a\x8c\x08\x00\x00\x00\x00\x06\x00\x00\x00\
\x0bExport Logs\x07\x00\x00\x00\
\x08StartTab\x01\x03\x00\x00\x00\x08[\
\x89\x88\xddv\xee\x93\x04\x08\x00\x00\x00\x00\x06\x00\x00\x00\
\x0eInstall Folder\x07\
\x00\x00\x00\x08StartTab\x01\x03\x00\x00\
\x00\x08e\xe5\x8a\x8cv\xee\x93\x04\x08\x00\x00\x00\x00\x06\
\x00\x00\x00\x0aLog Folder\x07\x00\
\x00\x00\x08StartTab\x01\x03\x00\x00\x00\
\x08\x95\x8bU_e\xe5\x8a\x8c\x08\x00\x00\x00\x00\x06\x00\
\x00\x00\x09Open Logs\x07\x00\x00\x00\
\x08StartTab\x01\x03\x00\x00\x00\x08\x00\
P\x00C\x00 rH\x08\x00\x00\x00\x00\x06\x00\x00\x00\
\x02PC\x07\x00\x00\x00\x08StartTab\
\x01\x03\x00\x00\x00\x08\x91\xcde\xb0ett\x06\x08\x00\
\x00\x00\x00\x06\x00\x00\x00\x07Refresh\x07\
\x00\x00\x00\x08StartTab\x01\x03\x00\x00\
\x00\x0ckcW(\x91\xcde\xb0ett\x06\x08\x00\
\x00\x00\x00\x06\x00\x00\x00\x0aRefreshi\
ng\x07\x00\x00\x00\x08StartTab\x01\
\x03\x00\x00\x00\x08b*W\x16v\xee\x93\x04\x08\x00\x00\
\x00\x00\x06\x00\x00\x00\x11Screensho\
t Folder\x07\x00\x00\x00\x08Sta\
rtTab\x01\x03\x00\x00\x00\x08g\xe5w\x0be\
\xe5\x8a\x8c\x08\x00\x00\x00\x00\x06\x00\x00\x00\x08Vie\
w Log\x07\x00\x00\x00\x08StartT\
ab\x01\x03\x00\x00\x00:\x00N\x00P\x00Uc\xa8\
t\x06\x93/\x8a\xa4\xff\x0c`\xa8S\xef\x80\xfd\x97\x00\
\x89\x81f\xf4e\xb0\x00I\x00n\x00t\x00e\x00l\
\x00 \x00N\x00P\x00U\x9aER\xd5z\x0b_\x0f\
\xff\x01\x08\x00\x00\x00\x00\x06\x00\x00\x00CNPU \
inferring Error,\
 you might need \
to update the In\
tel NPU driver!\x07\
\x00\x00\x00\x04Task\x01\x03\x00\x00\x00\x04\x93/\
\x8a\xa4\x08\x00\x00\x00\x00\x06\x00\x00\x00\x05Erro\
r\x07\x00\x00\x00\x0bTaskButton\
s\x01\x03\x00\x00\x00*\x90Jb2\x89\x96z\x97g\
*\x90#}\xda\xff\x0c\x8a\xcb\x90xS\xd6\x90Jb\
2\x89\x96z\x97T\x8cb*W\x16e\xb9_\x0f0\
\x02\x08\x00\x00\x00\x00\x06\x00\x00\x00OGame \
window is not co\
nnected, please \
select the game \
window and captu\
re method.\x07\x00\x00\x00\x0bT\
askButtons\x01\x03\x00\x00\x00\x04\
f\xabP\x5c\x08\x00\x00\x00\x00\x06\x00\x00\x00\x05Pa\
use\x07\x00\x00\x00\x0bTaskButt\
ons\x01\x03\x00\x00\x00\x04~|~\x8c\x08\x00\x00\
\x00\x00\x06\x00\x00\x00\x06Resume\x07\x00\x00\
\x00\x0bTaskButtons\x01\x03\x00\
\x00\x00\x04\x95\x8bY\xcb\x08\x00\x00\x00\x00\x06\x00\x00\x00\
\x05Start\x07\x00\x00\x00\x0bTaskB\
uttons\x01\x03\x00\x00\x00\x04P\x5ckb\
\x08\x00\x00\x00\x00\x06\x00\x00\x00\x04Stop\x07\x00\
\x00\x00\x0bTaskButtons\x01\x03\
\x00\x00\x00\x18`\xa8x\xba[\x9a\x89\x81R*\x96d\
\x00 \x00{\x00}\x00 U\xce\xff\x1f\x08\x00\x00\x00\
\x00\x06\x00\x00\x00\x22Are you su\
re you want to d\
elete {}\x07\x00\x00\x00\x08Tas\
kCard\x01\x03\x00\x00\x00\x04R*\x96d\x08\
\x00\x00\x00\x00\x06\x00\x00\x00\x06Delete\x07\
\x00\x00\x00\x08TaskCard\x01\x03\x00\x00\
\x00\x08R*\x96dN\xfbR\xd9\x08\x00\x00\x00\x00\x06\
\x00\x00\x00\x0bDelete Task\x07\
\x00\x00\x00\x08TaskCard\x01\x03\x00\x00\
\x00\x06g*U_u(\x08\x00\x00\x00\x00\x06\x00\x00\
\x00\x08Disabled\x07\x00\x00\x00\x08T\
askCard\x01\x03\x00\x00\x00\x04}\xe8\x8f\
/\x08\x00\x00\x00\x00\x06\x00\x00\x00\x04Edit\x07\
\x00\x00\x00\x08TaskCard\x01\x03\x00\x00\
\x00\x06]\xf2U_u(\x08\x00\x00\x00\x00\x06\x00\x00\
\x00\x07Enabled\x07\x00\x00\x00\x08Ta\
skCard\x01\x03\x00\x00\x00\x08O\x7fu(\
\x8a\xaaf\x0e\x08\x00\x00\x00\x00\x06\x00\x00\x00\x0cIn\
structions\x07\x00\x00\x00\x08T\
askCard\x01\x03\x00\x00\x00\x04f\xabP\
\x5c\x08\x00\x00\x00\x00\x06\x00\x00\x00\x05Pause\
\x07\x00\x00\x00\x08TaskCard\x01\x03\x00\
\x00\x00\x08\x91\xcd\x8a-\x8a-[\x9a\x08\x00\x00\x00\x00\
\x06\x00\x00\x00\x0cReset Confi\
g\x07\x00\x00\x00\x08TaskCard\x01\x03\
\x00\x00\x00\x04~|~\x8c\x08\x00\x00\x00\x00\x06\x00\x00\
\x00\x06Resume\x07\x00\x00\x00\x08Tas\
kCard\x01\x03\x00\x00\x00\x04\x95\x8bY\xcb\x08\
\x00\x00\x00\x00\x06\x00\x00\x00\x05Start\x07\x00\
\x00\x00\x08TaskCard\x01\x03\x00\x00\x00\
\x04P\x5ckb\x08\x00\x00\x00\x00\x06\x00\x00\x00\x04S\
top\x07\x00\x00\x00\x08TaskCard\
\x01\x03\x00\x00\x00&{I_\x85\x00 \x00{\x00t\
\x00a\x00s\x00k\x00_\x00n\x00a\x00m\x00e\
\x00}\x00 N\xfbR\xd9[\x8cb\x10\x08\x00\x00\x00\
\x00\x06\x00\x00\x00,Waiting fo\
r {task_name} ta\
sk to be complet\
ed\x07\x00\x00\x00\x08TaskCard\x01\
\x03\x00\x00\x00\x04P\x5cu(\x08\x00\x00\x00\x00\x06\x00\
\x00\x00\x07Disable\x07\x00\x00\x00\x0cT\
askOpButton\x01\x03\x00\x00\x00\
\x04U_u(\x08\x00\x00\x00\x00\x06\x00\x00\x00\x06E\
nable\x07\x00\x00\x00\x0cTaskOp\
Button\x01\x03\x00\x00\x00\x08\x90xS\xd6\
\x89\x96z\x97\x08\x00\x00\x00\x00\x06\x00\x00\x00\x0dCh\
oose Window\x07\x00\x00\x00\x07\
TaskTab\x01\x03\x00\x00\x00\x04\x95\xdc\x95\
\x89\x08\x00\x00\x00\x00\x06\x00\x00\x00\x05Close\
\x07\x00\x00\x00\x07TaskTab\x01\x03\x00\x00\
\x00\x06]\xf2[\x8cb\x10\x08\x00\x00\x00\x00\x06\x00\x00\
\x00\x09Completed\x07\x00\x00\x00\x07\
TaskTab\x01\x03\x00\x00\x00\x08^\xfaz\
\xcbN\xfbR\xd9\x08\x00\x00\x00\x00\x06\x00\x00\x00\x0bC\
reate Task\x07\x00\x00\x00\x07T\
askTab\x01\x03\x00\x00\x00\x04\x8c\xc7\x8a\x0a\
\x08\x00\x00\x00\x00\x06\x00\x00\x00\x04Info\x07\x00\
\x00\x00\x07TaskTab\x01\x03\x00\x00\x00\x06\
W\xf7\x88LN-\x08\x00\x00\x00\x00\x06\x00\x00\x00\x07\
Running\x07\x00\x00\x00\x07Task\
Tab\x01\x03\x00\x00\x00\x0a]\xf2W\xf7\x88Lf\
B\x95\x93\x08\x00\x00\x00\x00\x06\x00\x00\x00\x0cTim\
e Elapsed\x07\x00\x00\x00\x07Ta\
skTab\x01\x03\x00\x00\x00\x02P<\x08\x00\x00\
\x00\x00\x06\x00\x00\x00\x05Value\x07\x00\x00\x00\
\x07TaskTab\x01\x03\x00\x00\x00\x04S\xd6\
m\x88\x08\x00\x00\x00\x00\x06\x00\x00\x00\x06Canc\
el\x07\x00\x00\x00\x13TemplateI\
nputDialog\x01\x03\x00\x00\x00\x04\
x\xba\x8a\x8d\x08\x00\x00\x00\x00\x06\x00\x00\x00\x07Co\
nfirm\x07\x00\x00\x00\x13Templa\
teInputDialog\x01\x03\x00\
\x00\x00\x1ax\xba[\x9a\x89\x81R*\x96d\x00 \x00\
'\x00{\x00}\x00'\x00 U\xce\xff\x1f\x08\x00\x00\
\x00\x00\x06\x00\x00\x00%Are you s\
ure you want to \
delete '{}'?\x07\x00\x00\x00\
\x0bTemplateTab\x01\x03\x00\x00\
\x00\x04S\xd6m\x88\x08\x00\x00\x00\x00\x06\x00\x00\x00\x06\
Cancel\x07\x00\x00\x00\x0bTempl\
ateTab\x01\x03\x00\x00\x00\x08x\xba\x8a\x8d\
R*\x96d\x08\x00\x00\x00\x00\x06\x00\x00\x00\x0eCo\
nfirm Delete\x07\x00\x00\x00\
\x0bTemplateTab\x01\x03\x00\x00\
\x00\x04R*\x96d\x08\x00\x00\x00\x00\x06\x00\x00\x00\x06\
Delete\x07\x00\x00\x00\x0bTempl\
ateTab\x01\x03\x00\x00\x00\x0ab*W\x16\
Y1eW0\x02\x08\x00\x00\x00\x00\x06\x00\x00\x00\x18\
Failed to captur\
e frame.\x07\x00\x00\x00\x0bTem\
plateTab\x01\x03\x00\x00\x00\x10u\x1f\
b\x10j\x19|dR\x17\x82\x09j\x94hH\x08\x00\
\x00\x00\x00\x06\x00\x00\x00\x18Generate\
 label enum file\
\x07\x00\x00\x00\x0bTemplateTab\
\x01\x03\x00\x00\x00\x0cW\x16rG]\xf2R*\x96d\
0\x02\x08\x00\x00\x00\x00\x06\x00\x00\x00\x0eImag\
e deleted.\x07\x00\x00\x00\x0bT\
emplateTab\x01\x03\x00\x00\x00>\
v\xf8\x5c\x0d\x8d\xef_\x91q!eH0\x02{\xc4\
O\x8b\xff\x1a\x00o\x00k\x00_\x00t\x00a\x00s\
\x00k\x00s\x00/\x00L\x00a\x00b\x00e\x00l\
\x00E\x00n\x00u\x00m\x00.\x00p\x00y\x08\x00\
\x00\x00\x00\x06\x00\x00\x005Invalid \
relative path. E\
xample: ok_tasks\
/LabelEnum.py\x07\x00\x00\
\x00\x0bTemplateTab\x01\x03\x00\
\x00\x00\x04j\x19l\xe8\x08\x00\x00\x00\x00\x06\x00\x00\x00\
\x06Markup\x07\x00\x00\x00\x0bTemp\
lateTab\x01\x03\x00\x00\x00\x12l\x92g\
\x09j\x19l\xe8\x97\x00\x89\x81Q2[X0\x02\x08\
\x00\x00\x00\x00\x06\x00\x00\x00\x17No anno\
tations to save.\
\x07\x00\x00\x00\x0bTemplateTab\
\x01\x03\x00\x00\x00\x1eb*W\x16e\xb9_\x0fN\x0d\
S\xefu(0\x02\x8a\xcbQHU_R\xd5b*\
W\x160\x02\x08\x00\x00\x00\x00\x06\x00\x00\x008No\
 capture method \
available. Pleas\
e start capture \
first.\x07\x00\x00\x00\x0bTempl\
ateTab\x01\x03\x00\x00\x00\x08f\xabq!\
{\xc4g,\x08\x00\x00\x00\x00\x06\x00\x00\x00\x10No\
 templates yet\x07\x00\
\x00\x00\x0bTemplateTab\x01\x03\
\x00\x00\x00\x04x\xba[\x9a\x08\x00\x00\x00\x00\x06\x00\x00\
\x00\x02OK\x07\x00\x00\x00\x0bTemplat\
eTab\x01\x03\x00\x00\x00\x18\x8d\xef_\x91v\xf8\
\x5c\x0de\xbc]\xe5O\x5cS@h9v\xee\x93\x04\
0\x02\x08\x00\x00\x00\x00\x06\x00\x00\x00'Path\
 is relative to \
the workspace ro\
ot.\x07\x00\x00\x00\x0bTemplate\
Tab\x01\x03\x00\x00\x00:v\xf8\x5c\x0d\x8d\xef_\
\x91\xff\x0cO\x8bY\x82\xff\x1a\x00o\x00k\x00_\x00\
t\x00a\x00s\x00k\x00s\x00/\x00L\x00a\x00\
b\x00e\x00l\x00E\x00n\x00u\x00m\x00.\x00\
p\x00y\x08\x00\x00\x00\x00\x06\x00\x00\x00)Rel\
ative path, e.g.\
 ok_tasks/LabelE\
num.py\x07\x00\x00\x00\x0bTempl\
ateTab\x01\x03\x00\x00\x00\x04Q2[X\
\x08\x00\x00\x00\x00\x06\x00\x00\x00\x04Save\x07\x00\
\x00\x00\x0bTemplateTab\x01\x03\
\x00\x00\x00\x06Q2[XR0\x08\x00\x00\x00\x00\x06\
\x00\x00\x00\x07Save To\x07\x00\x00\x00\x0b\
TemplateTab\x01\x03\x00\x00\x00\
\x12Q2[Xb\x10R\x9fR0\x00:\x00 \x00\
{\x00}\x08\x00\x00\x00\x00\x06\x00\x00\x00\x22Sav\
e completed succ\
essfully to: {}\x07\
\x00\x00\x00\x0bTemplateTab\x01\
\x03\x00\x00\x00\x04b*W\x16\x08\x00\x00\x00\x00\x06\x00\
\x00\x00\x0aScreenshot\x07\x00\x00\
\x00\x0bTemplateTab\x01\x03\x00\
\x00\x00\x12b*W\x16]\xf2Q2[X\x00:\x00\
 \x00{\x00}\x08\x00\x00\x00\x00\x06\x00\x00\x00\x14S\
creenshot saved:\
 {}\x07\x00\x00\x00\x0bTemplate\
Tab\x01\x03\x00\x00\x00\x16c\x09T\x0dz1b\
\x16R\x06\x98^d\x1c\x5c\x0b\x00.\x00.\x00.\x08\
\x00\x00\x00\x00\x06\x00\x00\x00\x1dSearch \
by name or categ\
ory...\x07\x00\x00\x00\x0bTempl\
ateTab\x01\x03\x00\x00\x00\x04b\x10R\x9f\
\x08\x00\x00\x00\x00\x06\x00\x00\x00\x07Succes\
s\x07\x00\x00\x00\x0bTemplateTa\
b\x01\x03\x00\x00\x00\x08d\xf7S\xd6b*W\x16\x08\
\x00\x00\x00\x00\x06\x00\x00\x00\x0fTake Sc\
reenshot\x07\x00\x00\x00\x0bTem\
plateTab\x01\x03\x00\x00\x00\x1a\x00a\
\x00s\x00s\x00e\x00t\x00s\x00 \x00(sh\
z\xcba\xc9u(\x00)\x08\x00\x00\x00\x00\x06\x00\x00\
\x00\x17assets (standa\
lone app)\x07\x00\x00\x00\x0bTe\
mplateTab\x01\x03\x00\x00\x00,\x00\
o\x00k\x00_\x00t\x00a\x00s\x00k\x00s\x00\
/\x00a\x00s\x00s\x00e\x00t\x00s\x00 \x00\
(\x81\xea\x8a\x02\x81sg,\x00)\x08\x00\x00\x00\x00\
\x06\x00\x00\x00 ok_tasks/as\
sets (custom scr\
ipts)\x07\x00\x00\x00\x0bTempla\
teTab\x01\x03\x00\x00\x00\x0cj\xa2g\xe5n\
,\x8afrHg,\x08\x00\x00\x00\x00\x06\x00\x00\x00\
\x12Check Test Vers\
ion\x07\x00\x00\x00\x0aUpdateCa\
rd\x01\x03\x00\x00\x00\x08j\xa2g\xe5f\xf4e\xb0\
\x08\x00\x00\x00\x00\x06\x00\x00\x00\x11Check \
for updates\x07\x00\x00\x00\x0a\
UpdateCard\x01\x03\x00\x00\x00\x0e\
kcW(j\xa2g\xe5f\xf4e\xb0 &\x08\x00\
\x00\x00\x00\x06\x00\x00\x00\x17Checking\
 for updates\xe2\x80\xa6\x07\
\x00\x00\x00\x0aUpdateCard\x01\x03\
\x00\x00\x00\x10c\x09N\x00N\x0bN\xe5j\xa2g\xe5\
f\xf4e\xb0\x08\x00\x00\x00\x00\x06\x00\x00\x00\x1aCl\
ick to check for\
 updates\x07\x00\x00\x00\x0aUpd\
ateCard\x01\x03\x00\x00\x00\x08v\xeeR\
MrHg,\x08\x00\x00\x00\x00\x06\x00\x00\x00\x0fC\
urrent version\x07\x00\
\x00\x00\x0aUpdateCard\x01\x03\x00\
\x00\x00\x04\x96M}\x1a\x08\x00\x00\x00\x00\x06\x00\x00\x00\
\x09Downgrade\x07\x00\x00\x00\x0aU\
pdateCard\x01\x03\x00\x00\x00\x04N\
\x0b\x8f\x09\x08\x00\x00\x00\x00\x06\x00\x00\x00\x08Dow\
nload\x07\x00\x00\x00\x0aUpdate\
Card\x01\x03\x00\x00\x00 \x8a\x08{\x97f\xf4\
e\xb0\x8a\xaaf\x0eY1eW\xff\x1a\x00{\x00e\
\x00r\x00r\x00o\x00r\x00}\x08\x00\x00\x00\x00\x06\
\x00\x00\x00)Failed to ca\
lculate update n\
otes: {error}\x07\x00\x00\
\x00\x0aUpdateCard\x01\x03\x00\x00\
\x00\x1cR\x07c\xdbrHg,Y1eW\xff\x1a\
\x00{\x00e\x00r\x00r\x00o\x00r\x00}\x08\x00\
\x00\x00\x00\x06\x00\x00\x00!Failed t\
o change version\
: {error}\x07\x00\x00\x00\x0aUp\
dateCard\x01\x03\x00\x00\x00\x1cj\xa2\
g\xe5f\xf4e\xb0Y1eW\xff\x1a\x00{\x00e\
\x00r\x00r\x00o\x00r\x00}\x08\x00\x00\x00\x00\x06\
\x00\x00\x00$Failed to ch\
eck for updates:\
 {error}\x07\x00\x00\x00\x0aUpd\
ateCard\x01\x03\x00\x00\x00\x0ef\xabq\
!f\xf4e\xb0\x8a\xaaf\x0e0\x02\x08\x00\x00\x00\x00\
\x06\x00\x00\x00\x11No release \
notes.\x07\x00\x00\x00\x0aUpdat\
eCard\x01\x03\x00\x00\x00\x0e]\xf2f/g\
\x00e\xb0rHg,0\x02\x08\x00\x00\x00\x00\x06\x00\
\x00\x00\x15No updates av\
ailable.\x07\x00\x00\x00\x0aUpd\
ateCard\x01\x03\x00\x00\x00\x0el\x92g\
\x09S\xefu(rHg,0\x02\x08\x00\x00\x00\x00\
\x06\x00\x00\x00\x1aNo versions\
 are available.\x07\
\x00\x00\x00\x0aUpdateCard\x01\x03\
\x00\x00\x00 kcW(R\x07c\xdb\x81\xf3\x00 \
\x00{\x00v\x00e\x00r\x00s\x00i\x00o\x00n\
\x00} &\x08\x00\x00\x00\x00\x06\x00\x00\x00\x1fSt\
arting change to\
 {version}\xe2\x80\xa6\x07\x00\x00\
\x00\x0aUpdateCard\x01\x03\x00\x00\
\x00\x04f\xf4e\xb0\x08\x00\x00\x00\x00\x06\x00\x00\x00\x06\
Update\x07\x00\x00\x00\x0aUpdat\
eCard\x01\x03\x00\x00\x00*kd\x00 \x00\
P\x00y\x00A\x00p\x00p\x00i\x00f\x00y\x00\
 rHg,N\x0de/c\xf4j\xa2g\xe5f\
\xf4e\xb00\x02\x08\x00\x00\x00\x00\x06\x00\x00\x00:U\
pdate checking i\
s not supported \
by this PyAppify\
 version.\x07\x00\x00\x00\x0aUp\
dateCard\x01\x03\x00\x00\x00.f\xf4\
e\xb0\x89\x81lB]\xf2c\xa5S\xd70\x02a\xc9\
u(z\x0b_\x0f\x5c\x07\x91\xcde\xb0U_R\xd5\
N\xe5YWu(f\xf4e\xb00\x02\x08\x00\x00\x00\
\x00\x06\x00\x00\x00:Update req\
uest accepted. T\
he app will rest\
art to apply it.\
\x07\x00\x00\x00\x0aUpdateCard\x01\
\x03\x00\x00\x00\x14N\x0de/c\xf4\x8a\x08{\x97f\
\xf4e\xb0\x8a\xaaf\x0e0\x02\x08\x00\x00\x00\x00\x06\x00\
\x00\x00)Update-note c\
alculation is no\
t supported.\x07\x00\x00\x00\
\x0aUpdateCard\x01\x03\x00\x00\x00\
&kd\x00 \x00P\x00y\x00A\x00p\x00p\x00\
i\x00f\x00y\x00 rHg,N\x0de/c\
\xf4f\xf4e\xb00\x02\x08\x00\x00\x00\x00\x06\x00\x00\x00\
3Updating is not\
 supported by th\
is PyAppify vers\
ion.\x07\x00\x00\x00\x0aUpdateC\
ard\x01\x03\x00\x00\x00\x04rHg,\x08\x00\x00\
\x00\x00\x06\x00\x00\x00\x07Version\x07\x00\
\x00\x00\x0aUpdateCard\x01\x03\x00\
\x00\x004x\xba[\x9a\x89\x81f\xf4e\xb0\x81\xf3\x00\
 \x00{\x00v\x00e\x00r\x00s\x00i\x00o\x00\
n\x00}\x00 \x00{\x00t\x00y\x00p\x00e\x00\
}\x00 U\xce\xff\x1f\x08\x00\x00\x00\x00\x06\x00\x00\x00\
4Are you sure yo\
u want to update\
 to {version} {t\
ype}?\x07\x00\x00\x00\x0bVersio\
nCard\x01\x03\x00\x00\x00\x14j\xa2g\xe5f\
\xf4e\xb0fBv|u\x1f\x93/\x8a\xa4\xff\x01\x08\
\x00\x00\x00\x00\x06\x00\x00\x00\x17Check f\
or update error!\
\x07\x00\x00\x00\x0bVersionCard\
\x01\x03\x00\x00\x00\x0aj\xa2g\xe5e\xb0rHg,\
\x08\x00\x00\x00\x00\x06\x00\x00\x00\x11Check \
for updates\x07\x00\x00\x00\x0b\
VersionCard\x01\x03\x00\x00\x00\
\x0ckcW(j\xa2g\xe5f\xf4e\xb0\x08\x00\x00\
\x00\x00\x06\x00\x00\x00\x14Checking \
for updates\x07\x00\x00\x00\x0b\
VersionCard\x01\x03\x00\x00\x00\
\x06\x95\x8bv|rH\x08\x00\x00\x00\x00\x06\x00\x00\x00\
\x05Debug\x07\x00\x00\x00\x0bVersi\
onCard\x01\x03\x00\x00\x002N\x0b\x8f\x09\
N-\xff\x1a\x00{\x00p\x00r\x00o\x00g\x00r\
\x00e\x00s\x00s\x00}\x00 \x00{\x00p\x00e\
\x00r\x00c\x00e\x00n\x00t\x00}\x00%\x08\x00\
\x00\x00\x00\x06\x00\x00\x00!Download\
ing {progress} {\
percent}%\x07\x00\x00\x00\x0bVe\
rsionCard\x01\x03\x00\x00\x00\x0cv\
|s\xfee\xb0rHg,\xff\x01\x08\x00\x00\x00\x00\
\x06\x00\x00\x00\x12Found new v\
ersion!\x07\x00\x00\x00\x0bVers\
ionCard\x01\x03\x00\x00\x00\x04\x8c\xc7\x8a\
\x0a\x08\x00\x00\x00\x00\x06\x00\x00\x00\x04Info\x07\
\x00\x00\x00\x0bVersionCard\x01\
\x03\x00\x00\x00\x06kc_\x0frH\x08\x00\x00\x00\x00\
\x06\x00\x00\x00\x07Release\x07\x00\x00\x00\
\x0bVersionCard\x01\x03\x00\x00\
\x00\x12v\xeeRM]\xf2f/g\x00e\xb0rH\
g,\xff\x01\x08\x00\x00\x00\x00\x06\x00\x00\x00\x1bTh\
is is the newest\
 version!\x07\x00\x00\x00\x0bVe\
rsionCard\x01\x03\x00\x00\x00\x08z\
\xcbSsf\xf4e\xb0\x08\x00\x00\x00\x00\x06\x00\x00\x00\
\x0aUpdate Now\x07\x00\x00\x00\x0b\
VersionCard\x01\x03\x00\x00\x00\
(f\xf4e\xb0\x81\xf3\x00 \x00{\x00v\x00e\x00\
r\x00s\x00i\x00o\x00n\x00}\x00 \x00{\x00\
t\x00y\x00p\x00e\x00}\x08\x00\x00\x00\x00\x06\x00\
\x00\x00\x1aUpdate to {ve\
rsion} {type}\x07\x00\x00\
\x00\x0bVersionCard\x01\x03\x00\
\x00\x002u(e\xbc{\xa1t\x06N\xfbR\xd90\
\x01\x89\xf8v|VhT\x8cW\xf7\x88L\x96\x8ek\
\xb5N\x8bN\xf6v\x84g,j_c\xa7R6N\
-_\xc30\x02\x08\x00\x00\x00\x00\x06\x00\x00\x00?A\
 local command c\
enter for tasks,\
 triggers, and r\
untime events.\x07\x00\
\x00\x00\x05WebUI\x01\x03\x00\x00\x00\x04\x95\xdc\
e\xbc\x08\x00\x00\x00\x00\x06\x00\x00\x00\x05Abou\
t\x07\x00\x00\x00\x05WebUI\x01\x03\x00\x00\x00\
\x08d\xcdO\x5cY1eW\x08\x00\x00\x00\x00\x06\x00\
\x00\x00\x0dAction failed\
\x07\x00\x00\x00\x05WebUI\x01\x03\x00\x00\x00\x04\
d\xcdO\x5c\x08\x00\x00\x00\x00\x06\x00\x00\x00\x07Ac\
tions\x07\x00\x00\x00\x05WebUI\x01\
\x03\x00\x00\x00\x04e\xb0X\x9e\x08\x00\x00\x00\x00\x06\x00\
\x00\x00\x03Add\x07\x00\x00\x00\x05WebUI\
\x01\x03\x00\x00\x00\x08Qh\x90\xe8}\x1aR%\x08\x00\
\x00\x00\x00\x06\x00\x00\x00\x0aAll Leve\
ls\x07\x00\x00\x00\x05WebUI\x01\x03\x00\x00\
\x00\x08\x8e\xdf\x9a\xd4\x8a-[\x9a\x08\x00\x00\x00\x00\x06\
\x00\x00\x00\x0aApp Config\x07\x00\
\x00\x00\x05WebUI\x01\x03\x00\x00\x00\x0ca\xc9\
u(z\x0b_\x0ff\xf4e\xb0\x08\x00\x00\x00\x00\x06\
\x00\x00\x00\x0aApp update\x07\x00\
\x00\x00\x05WebUI\x01\x03\x00\x00\x00\x0ca\xc9\
u(z\x0b_\x0fN;\x98L\x08\x00\x00\x00\x00\x06\
\x00\x00\x00\x11Application \
Theme\x07\x00\x00\x00\x05WebUI\x01\
\x03\x00\x00\x00\x10f\x0ee\xe5e\xb9\x82\x1f\xff\x1a}\
Bg+W0\x08\x00\x00\x00\x00\x06\x00\x00\x00\x13A\
rknights: Endfie\
ld\x07\x00\x00\x00\x05WebUI\x01\x03\x00\x00\
\x00(\x00A\x00u\x00t\x00o\x00 \x00E\x00x\
\x00i\x00t\x00 \x00A\x00f\x00t\x00e\x00r\
\x00 \x00T\x00a\x00s\x00k\x08\x00\x00\x00\x00\x06\
\x00\x00\x00\x14Auto Exit Af\
ter Task\x07\x00\x00\x00\x05Web\
UI\x01\x03\x00\x00\x00\x0a\x81\xeaR\xd5S\x16c\xa7\
R6\x08\x00\x00\x00\x00\x06\x00\x00\x00\x12Auto\
mation control\x07\x00\
\x00\x00\x05WebUI\x01\x03\x00\x00\x00\x08S\xef\
u(\x90x\x98\x05\x08\x00\x00\x00\x00\x06\x00\x00\x00\x11\
Available Option\
s\x07\x00\x00\x00\x05WebUI\x01\x03\x00\x00\x00\
\x04\x8f\xd4V\xde\x08\x00\x00\x00\x00\x06\x00\x00\x00\x04B\
ack\x07\x00\x00\x00\x05WebUI\x01\x03\x00\
\x00\x00\x06\x90\x8auLhF\x08\x00\x00\x00\x00\x06\x00\
\x00\x00\x0cBounding Box\x07\
\x00\x00\x00\x05WebUI\x01\x03\x00\x00\x00\x04S\
\xd6m\x88\x08\x00\x00\x00\x00\x06\x00\x00\x00\x06Can\
cel\x07\x00\x00\x00\x05WebUI\x01\x03\x00\
\x00\x00\x08b*W\x16e\xb9_\x0f\x08\x00\x00\x00\x00\
\x06\x00\x00\x00\x07Capture\x07\x00\x00\x00\
\x05WebUI\x01\x03\x00\x00\x00\x08b*W\x16\
e\xb9_\x0f\x08\x00\x00\x00\x00\x06\x00\x00\x00\x0eCa\
pture Method\x07\x00\x00\x00\
\x05WebUI\x01\x03\x00\x00\x00\x08b*W\x16\
\x98\x10\x89\xbd\x08\x00\x00\x00\x00\x06\x00\x00\x00\x0fCa\
pture Preview\x07\x00\x00\
\x00\x05WebUI\x01\x03\x00\x00\x00\x0ed\xf7S\
\xd6v\x84\x90Jb2uk\x97b\x08\x00\x00\x00\x00\
\x06\x00\x00\x00\x13Captured ga\
me frame\x07\x00\x00\x00\x05Web\
UI\x01\x03\x00\x00\x00\x08R\x06\x98^T\x0dz1\
\x08\x00\x00\x00\x00\x06\x00\x00\x00\x0dCatego\
ry name\x07\x00\x00\x00\x05WebU\
I\x01\x03\x00\x00\x00\x12\x8b\x8af\xf4a\xc9u(z\
\x0b_\x0fv\x84Y\x16\x89\xc0\x08\x00\x00\x00\x00\x06\x00\
\x00\x00(Change the ap\
pearance of the \
application\x07\x00\x00\x00\x05\
WebUI\x01\x03\x00\x00\x00\x0aSaS\x84`\
\x1dY\x22X\x83\x08\x00\x00\x00\x00\x06\x00\x00\x00\x14C\
haos Zero Nightm\
are\x07\x00\x00\x00\x05WebUI\x01\x03\x00\
\x00\x00\x08\x89\xd2\x82rN\xe3x\xbc\x08\x00\x00\x00\x00\
\x06\x00\x00\x00\x0eCharacter C\
ode\x07\x00\x00\x00\x05WebUI\x01\x03\x00\
\x00\x00\x08\x89\xd2\x82r\x8a-[\x9a\x08\x00\x00\x00\x00\
\x06\x00\x00\x00\x12Character S\
ettings\x07\x00\x00\x00\x05WebU\
I\x01\x03\x00\x00\x00\x0cj\xa2g\xe5n,\x8afr\
Hg,\x08\x00\x00\x00\x00\x06\x00\x00\x00\x12Che\
ck Test Version\x07\
\x00\x00\x00\x05WebUI\x01\x03\x00\x00\x00\x08j\
\xa2g\xe5f\xf4e\xb0\x08\x00\x00\x00\x00\x06\x00\x00\x00\
\x11Check for updat\
es\x07\x00\x00\x00\x05WebUI\x01\x03\x00\x00\
\x00\x0ekcW(j\xa2g\xe5f\xf4e\xb0 &\
\x08\x00\x00\x00\x00\x06\x00\x00\x00\x17Checki\
ng for updates\xe2\x80\
\xa6\x07\x00\x00\x00\x05WebUI\x01\x03\x00\x00\x00\
\x0c\x90xd\xc7N\x92R\xd5e\xb9_\x0f\x08\x00\x00\
\x00\x00\x06\x00\x00\x00\x12Choose In\
teraction\x07\x00\x00\x00\x05We\
bUI\x01\x03\x00\x00\x00\x0a\x90xd\xc7N\xfbR\
\xd9\x00:\x08\x00\x00\x00\x00\x06\x00\x00\x00\x0cCho\
ose Task:\x07\x00\x00\x00\x05We\
bUI\x01\x03\x00\x00\x00\x08\x90xS\xd6\x89\x96z\
\x97\x08\x00\x00\x00\x00\x06\x00\x00\x00\x0dChoos\
e Window\x07\x00\x00\x00\x05Web\
UI\x01\x03\x00\x00\x00\x16\x98^R%T\x0dz1\
\x00 \x00(P\xc5\x96P\x82\xf1e\x87\x00)\x08\x00\
\x00\x00\x00\x06\x00\x00\x00\x19Class Na\
me (English only\
)\x07\x00\x00\x00\x05WebUI\x01\x03\x00\x00\x00\
\x04n\x05\x96d\x08\x00\x00\x00\x00\x06\x00\x00\x00\x05C\
lear\x07\x00\x00\x00\x05WebUI\x01\x03\
\x00\x00\x00\x10c\x09N\x00N\x0bN\xe5j\xa2g\xe5\
f\xf4e\xb0\x08\x00\x00\x00\x00\x06\x00\x00\x00\x1aCl\
ick to check for\
 updates\x07\x00\x00\x00\x05Web\
UI\x01\x03\x00\x00\x00\x04\x95\xdc\x95\x89\x08\x00\x00\x00\
\x00\x06\x00\x00\x00\x05Close\x07\x00\x00\x00\x05\
WebUI\x01\x03\x00\x00\x00\x06]\xf2[\x8cb\
\x10\x08\x00\x00\x00\x00\x06\x00\x00\x00\x09Compl\
eted\x07\x00\x00\x00\x05WebUI\x01\x03\
\x00\x00\x00\x04x\xba\x8a\x8d\x08\x00\x00\x00\x00\x06\x00\x00\
\x00\x07Confirm\x07\x00\x00\x00\x05We\
bUI\x01\x03\x00\x00\x00\x08x\xba\x8a\x8dR*\x96\
d\x08\x00\x00\x00\x00\x06\x00\x00\x00\x0eConfi\
rm Delete\x07\x00\x00\x00\x05We\
bUI\x01\x03\x00\x00\x00\x08\x89\x07\x88\xfdN\xfbR\
\xd9\x08\x00\x00\x00\x00\x06\x00\x00\x00\x09Copy \
Task\x07\x00\x00\x00\x05WebUI\x01\x03\
\x00\x00\x00\x0cq!l\xd5\x8f\x09Qee\xe5\x8a\x8c\
\x08\x00\x00\x00\x00\x06\x00\x00\x00\x13Could \
not load logs\x07\x00\x00\
\x00\x05WebUI\x01\x03\x00\x00\x00\x18q!l\
\xd5\x90#}\xda\x81\xf3\x81\xeaR\xd5S\x16W\xf7\x88\
L\x96\x8ek\xb5\x08\x00\x00\x00\x00\x06\x00\x00\x00&C\
ould not reach t\
he automation ru\
ntime\x07\x00\x00\x00\x05WebUI\x01\
\x03\x00\x00\x00\x04Ru^\xfa\x08\x00\x00\x00\x00\x06\x00\
\x00\x00\x06Create\x07\x00\x00\x00\x05We\
bUI\x01\x03\x00\x00\x00\x0a^\xfaz\xcbe\xb0N\
\xfbR\xd9\x08\x00\x00\x00\x00\x06\x00\x00\x00\x0fCre\
ate New Task\x07\x00\x00\x00\
\x05WebUI\x01\x03\x00\x00\x00\x0cRu^\xfa\
\x8a\x08R\x83N\xfbR\xd9\x08\x00\x00\x00\x00\x06\x00\x00\
\x00\x14Create Schedul\
e Task\x07\x00\x00\x00\x05WebUI\
\x01\x03\x00\x00\x00\x08^\xfaz\xcbN\xfbR\xd9\x08\x00\
\x00\x00\x00\x06\x00\x00\x00\x0bCreate T\
ask\x07\x00\x00\x00\x05WebUI\x01\x03\x00\
\x00\x00\x16\x00C\x00u\x00r\x00r\x00e\x00n\x00\
t\x00 \x00A\x00p\x00p\x08\x00\x00\x00\x00\x06\x00\
\x00\x00\x0bCurrent App\x07\x00\
\x00\x00\x05WebUI\x01\x03\x00\x00\x00\x08v\xee\
RMN\xfbR\xd9\x08\x00\x00\x00\x00\x06\x00\x00\x00\x0c\
Current task\x07\x00\x00\x00\
\x05WebUI\x01\x03\x00\x00\x00\x08v\xeeRM\
rHg,\x08\x00\x00\x00\x00\x06\x00\x00\x00\x0fCu\
rrent version\x07\x00\x00\
\x00\x05WebUI\x01\x03\x00\x00\x00\x04m\xf1\x82\
r\x08\x00\x00\x00\x00\x06\x00\x00\x00\x04Dark\x07\
\x00\x00\x00\x05WebUI\x01\x03\x00\x00\x00\x02Y\
)\x08\x00\x00\x00\x00\x06\x00\x00\x00\x04Days\x07\
\x00\x00\x00\x05WebUI\x01\x03\x00\x00\x00\x08\x95\
\x8bv|]\xe5Qw\x08\x00\x00\x00\x00\x06\x00\x00\x00\
\x05Debug\x07\x00\x00\x00\x05WebUI\
\x01\x03\x00\x00\x00\x04R*\x96d\x08\x00\x00\x00\x00\x06\
\x00\x00\x00\x06Delete\x07\x00\x00\x00\x05W\
ebUI\x01\x03\x00\x00\x00\x08R*\x96dN\xfb\
R\xd9\x08\x00\x00\x00\x00\x06\x00\x00\x00\x0bDele\
te Task\x07\x00\x00\x00\x05WebU\
I\x01\x03\x00\x00\x00\x0ec\xcf\x8f\xf0\x00 \x00(\x90\
xXk\x00)\x08\x00\x00\x00\x00\x06\x00\x00\x00\x16D\
escription (Opti\
onal)\x07\x00\x00\x00\x05WebUI\x01\
\x03\x00\x00\x00\x0aP\x5cu(j\x19\x8a\x18hF\x08\
\x00\x00\x00\x00\x06\x00\x00\x00\x0dDisable\
 Boxes\x07\x00\x00\x00\x05WebUI\
\x01\x03\x00\x00\x00\x06g*U_u(\x08\x00\x00\x00\
\x00\x06\x00\x00\x00\x08Disabled\x07\x00\
\x00\x00\x05WebUI\x01\x03\x00\x00\x00\x08QM\
\x8c\xac\x80rf\x0e\x08\x00\x00\x00\x00\x06\x00\x00\x00\x0a\
Disclaimer\x07\x00\x00\x00\x05W\
ebUI\x01\x03\x00\x00\x00\x06]\xf2\x96\xe2}\xda\
\x08\x00\x00\x00\x00\x06\x00\x00\x00\x0cDiscon\
nected\x07\x00\x00\x00\x05WebUI\
\x01\x03\x00\x00\x00\x0e\x00D\x00i\x00s\x00c\x00o\
\x00r\x00d\x08\x00\x00\x00\x00\x06\x00\x00\x00\x07Di\
scord\x07\x00\x00\x00\x05WebUI\x01\
\x03\x00\x00\x00\x04\x96M}\x1a\x08\x00\x00\x00\x00\x06\x00\
\x00\x00\x09Downgrade\x07\x00\x00\x00\
\x05WebUI\x01\x03\x00\x00\x00\x08N\x8c\x91\xcd\
\x87\xbae\xcb\x08\x00\x00\x00\x00\x06\x00\x00\x00\x10Du\
et Night Abyss\x07\x00\
\x00\x00\x05WebUI\x01\x03\x00\x00\x00\x0aU_\
u(j\x19\x8a\x18hF\x08\x00\x00\x00\x00\x06\x00\x00\
\x00\x0cEnable Boxes\x07\x00\
\x00\x00\x05WebUI\x01\x03\x00\x00\x00\x06]\xf2\
U_u(\x08\x00\x00\x00\x00\x06\x00\x00\x00\x07En\
abled\x07\x00\x00\x00\x05WebUI\x01\
\x03\x00\x00\x00\x06W\xf7\x88LVh\x08\x00\x00\x00\x00\
\x06\x00\x00\x00\x08Executor\x07\x00\x00\
\x00\x05WebUI\x01\x03\x00\x00\x00\x08S/Q\
\xfae\xe5\x8a\x8c\x08\x00\x00\x00\x00\x06\x00\x00\x00\x0bE\
xport Logs\x07\x00\x00\x00\x05W\
ebUI\x01\x03\x00\x00\x00\x06\x00F\x00A\x00Q\
\x08\x00\x00\x00\x00\x06\x00\x00\x00\x03FAQ\x07\x00\x00\
\x00\x05WebUI\x01\x03\x00\x00\x00\x1cR\x07c\
\xdbrHg,Y1eW\xff\x1a\x00{\x00e\x00\
r\x00r\x00o\x00r\x00}\x08\x00\x00\x00\x00\x06\x00\
\x00\x00!Failed to cha\
nge version: {er\
ror}\x07\x00\x00\x00\x05WebUI\x01\x03\
\x00\x00\x00\x1cj\xa2g\xe5f\xf4e\xb0Y1eW\
\xff\x1a\x00{\x00e\x00r\x00r\x00o\x00r\x00}\
\x08\x00\x00\x00\x00\x06\x00\x00\x00$Failed\
 to check for up\
dates: {error}\x07\x00\
\x00\x00\x05WebUI\x01\x03\x00\x00\x00\x04j\x94\
hH\x08\x00\x00\x00\x00\x06\x00\x00\x00\x04File\
\x07\x00\x00\x00\x05WebUI\x01\x03\x00\x00\x00\x0e\
{\xe9\x90xe\xe5\x8a\x8c\x00.\x00.\x00.\x08\x00\
\x00\x00\x00\x06\x00\x00\x00\x0eFilter l\
ogs...\x07\x00\x00\x00\x05WebUI\
\x01\x03\x00\x00\x00\x08{\xe9\x90xN\xfbR\xd9\x08\x00\
\x00\x00\x00\x06\x00\x00\x00\x0cFilter t\
asks\x07\x00\x00\x00\x05WebUI\x01\x03\
\x00\x00\x00\x0a\x90Jb2_\xebcw\x93u\x08\x00\
\x00\x00\x00\x06\x00\x00\x00\x0cGame Hot\
keys\x07\x00\x00\x00\x05WebUI\x01\x03\
\x00\x00\x00\x10u\x1fb\x10j\x19|dR\x17\x82\x09\
j\x94hH\x08\x00\x00\x00\x00\x06\x00\x00\x00\x18Ge\
nerate label enu\
m file\x07\x00\x00\x00\x05WebUI\
\x01\x03\x00\x00\x00\x06\x5c\x11RM\x002\x08\x00\x00\x00\
\x00\x06\x00\x00\x00\x12Girls' Fro\
ntline 2\x07\x00\x00\x00\x05Web\
UI\x01\x03\x00\x00\x00\x0c\x00G\x00i\x00t\x00H\
\x00u\x00b\x08\x00\x00\x00\x00\x06\x00\x00\x00\x06Gi\
tHub\x07\x00\x00\x00\x05WebUI\x01\x03\
\x00\x00\x00\x04c\x07SW\x08\x00\x00\x00\x00\x06\x00\x00\
\x00\x05Guide\x07\x00\x00\x00\x05WebU\
I\x01\x03\x00\x00\x00\x04\x5c\x0ffB\x08\x00\x00\x00\x00\
\x06\x00\x00\x00\x04Hour\x07\x00\x00\x00\x05We\
bUI\x01\x03\x00\x00\x00\x04\x5c\x0ffB\x08\x00\x00\
\x00\x00\x06\x00\x00\x00\x05Hours\x07\x00\x00\x00\
\x05WebUI\x01\x03\x00\x00\x00\x04\x95\x92\x7fn\
\x08\x00\x00\x00\x00\x06\x00\x00\x00\x04Idle\x07\x00\
\x00\x00\x05WebUI\x01\x03\x00\x00\x00\x08[\x89\
\x88\xddv\xee\x93\x04\x08\x00\x00\x00\x00\x06\x00\x00\x00\x0e\
Install Folder\x07\x00\
\x00\x00\x05WebUI\x01\x03\x00\x00\x00\x08O\x7f\
u(\x8a\xaaf\x0e\x08\x00\x00\x00\x00\x06\x00\x00\x00\x0c\
Instructions\x07\x00\x00\x00\
\x05WebUI\x01\x03\x00\x00\x00\x04\x8a\x9e\x8a\x00\
\x08\x00\x00\x00\x00\x06\x00\x00\x00\x08Langua\
ge\x07\x00\x00\x00\x05WebUI\x01\x03\x00\x00\
\x00\x14g\x00\x8f\xd1\x00 \x001\x000\x000\x00 \
RG\x8a\x0a`o\x08\x00\x00\x00\x00\x06\x00\x00\x00\x13\
Latest 100 messa\
ges\x07\x00\x00\x00\x05WebUI\x01\x03\x00\
\x00\x00\x04m\xfa\x82r\x08\x00\x00\x00\x00\x06\x00\x00\x00\
\x05Light\x07\x00\x00\x00\x05WebUI\
\x01\x03\x00\x00\x00\x04SsfB\x08\x00\x00\x00\x00\x06\
\x00\x00\x00\x04Live\x07\x00\x00\x00\x05Web\
UI\x01\x03\x00\x00\x00\x08SsfBN\x8bN\xf6\
\x08\x00\x00\x00\x00\x06\x00\x00\x00\x0bLive e\
vents\x07\x00\x00\x00\x05WebUI\x01\
\x03\x00\x00\x00\x06\x8f\x09QeN-\x08\x00\x00\x00\x00\
\x06\x00\x00\x00\x07Loading\x07\x00\x00\x00\
\x05WebUI\x01\x03\x00\x00\x00\x08e\xe5\x8a\x8c\
v\xee\x93\x04\x08\x00\x00\x00\x00\x06\x00\x00\x00\x0aLo\
g Folder\x07\x00\x00\x00\x05Web\
UI\x01\x03\x00\x00\x00\x08e\xe5\x8a\x8c}\x1aR%\
\x08\x00\x00\x00\x00\x06\x00\x00\x00\x09Log le\
vel\x07\x00\x00\x00\x05WebUI\x01\x03\x00\
\x00\x00\x04j\x19l\xe8\x08\x00\x00\x00\x00\x06\x00\x00\x00\
\x06Markup\x07\x00\x00\x00\x05WebU\
I\x01\x03\x00\x00\x00\x06g\x00Y'S\x16\x08\x00\x00\
\x00\x00\x06\x00\x00\x00\x08Maximize\x07\
\x00\x00\x00\x05WebUI\x01\x03\x00\x00\x00\x06g\
\x00\x5c\x0fS\x16\x08\x00\x00\x00\x00\x06\x00\x00\x00\x08M\
inimize\x07\x00\x00\x00\x05WebU\
I\x01\x03\x00\x00\x00\x04R\x06\x94\x18\x08\x00\x00\x00\x00\
\x06\x00\x00\x00\x06Minute\x07\x00\x00\x00\x05\
WebUI\x01\x03\x00\x00\x00\x04O\xeee9\x08\
\x00\x00\x00\x00\x06\x00\x00\x00\x06Modify\x07\
\x00\x00\x00\x05WebUI\x01\x03\x00\x00\x00\x0cO\
\xeee9\x8a\x08R\x83N\xfbR\xd9\x08\x00\x00\x00\x00\
\x06\x00\x00\x00\x14Modify Sche\
dule Task\x07\x00\x00\x00\x05We\
bUI\x01\x03\x00\x00\x00\x04N\x0by\xfb\x08\x00\x00\
\x00\x00\x06\x00\x00\x00\x09Move Down\
\x07\x00\x00\x00\x05WebUI\x01\x03\x00\x00\x00\x04\
N\x0ay\xfb\x08\x00\x00\x00\x00\x06\x00\x00\x00\x07Mo\
ve Up\x07\x00\x00\x00\x05WebUI\x01\
\x03\x00\x00\x00\x04upt\xb0\x08\x00\x00\x00\x00\x06\x00\
\x00\x00\x15Neverness to \
Everness\x07\x00\x00\x00\x05Web\
UI\x01\x03\x00\x00\x00\x08N\x0bk!\x90K\x88L\
\x08\x00\x00\x00\x00\x06\x00\x00\x00\x08Next R\
un\x07\x00\x00\x00\x05WebUI\x01\x03\x00\x00\
\x00\x0cl\x92g\x09S\xefu(\x90x\x98\x05\x08\x00\
\x00\x00\x00\x06\x00\x00\x00\x14No optio\
ns available\x07\x00\x00\x00\
\x05WebUI\x01\x03\x00\x00\x00\x0ef\xabq!\
f\xf4e\xb0\x8a\xaaf\x0e0\x02\x08\x00\x00\x00\x00\x06\
\x00\x00\x00\x11No release n\
otes.\x07\x00\x00\x00\x05WebUI\x01\
\x03\x00\x00\x00$l\x92g\x09\x82\x070\x0c\x00{\x00\
q\x00u\x00e\x00r\x00y\x00}0\x0dv\xf8{\
&v\x84N\xfbR\xd90\x02\x08\x00\x00\x00\x00\x06\x00\
\x00\x00\x1dNo tasks matc\
h \xe2\x80\x9c{query}\xe2\x80\x9d.\
\x07\x00\x00\x00\x05WebUI\x01\x03\x00\x00\x00\x08\
f\xabq!{\xc4g,\x08\x00\x00\x00\x00\x06\x00\x00\
\x00\x10No templates y\
et\x07\x00\x00\x00\x05WebUI\x01\x03\x00\x00\
\x00\x0e]\xf2f/g\x00e\xb0rHg,0\x02\
\x08\x00\x00\x00\x00\x06\x00\x00\x00\x15No upd\
ates available.\x07\
\x00\x00\x00\x05WebUI\x01\x03\x00\x00\x00\x0el\
\x92g\x09S\xefu(rHg,0\x02\x08\x00\x00\
\x00\x00\x06\x00\x00\x00\x1aNo versio\
ns are available\
.\x07\x00\x00\x00\x05WebUI\x01\x03\x00\x00\x00\
\x0ab~N\x0dR0\x89\x96z\x97\x08\x00\x00\x00\x00\
\x06\x00\x00\x00\x10No windows \
found\x07\x00\x00\x00\x05WebUI\x01\
\x03\x00\x00\x00\x02q!\x08\x00\x00\x00\x00\x06\x00\x00\x00\
\x04None\x07\x00\x00\x00\x05WebUI\x01\
\x03\x00\x00\x00\x04\x90\x1aw\xe5\x08\x00\x00\x00\x00\x06\x00\
\x00\x00\x0dNotifications\
\x07\x00\x00\x00\x05WebUI\x01\x03\x00\x00\x00\x04\
x\xba[\x9a\x08\x00\x00\x00\x00\x06\x00\x00\x00\x02OK\
\x07\x00\x00\x00\x05WebUI\x01\x03\x00\x00\x00\x04\
U\xaek!\x08\x00\x00\x00\x00\x06\x00\x00\x00\x08On\
e-time\x07\x00\x00\x00\x05WebUI\
\x01\x03\x00\x00\x00\x06\x96p\x96}^+\x08\x00\x00\x00\
\x00\x06\x00\x00\x00\x07Onmyoji\x07\x00\x00\
\x00\x05WebUI\x01\x03\x00\x00\x00\x0c\x95\x8bU\
_b*W\x16v\xee\x93\x04\x08\x00\x00\x00\x00\x06\x00\
\x00\x00\x16Open Screensh\
ot Folder\x07\x00\x00\x00\x05We\
bUI\x01\x03\x00\x00\x00\x08v\xf8\x95\xdc\x98\x05v\
\xee\x08\x00\x00\x00\x00\x06\x00\x00\x00\x0eOther\
 Projects\x07\x00\x00\x00\x05We\
bUI\x01\x03\x00\x00\x00\x04f\xabP\x5c\x08\x00\x00\
\x00\x00\x06\x00\x00\x00\x05Pause\x07\x00\x00\x00\
\x05WebUI\x01\x03\x00\x00\x00\x06]\xf2f\xab\
P\x5c\x08\x00\x00\x00\x00\x06\x00\x00\x00\x06Paus\
ed\x07\x00\x00\x00\x05WebUI\x01\x03\x00\x00\
\x00\x0ckcW(\x91\xcde\xb0\x90#}\xda\x08\x00\
\x00\x00\x00\x06\x00\x00\x00\x0cReconnec\
ting\x07\x00\x00\x00\x05WebUI\x01\x03\
\x00\x00\x00\x08\x91\xcde\xb0ett\x06\x08\x00\x00\x00\
\x00\x06\x00\x00\x00\x07Refresh\x07\x00\x00\
\x00\x05WebUI\x01\x03\x00\x00\x00\x0c\x91\xcde\
\xb0ett\x06N\xfbR\xd9\x08\x00\x00\x00\x00\x06\x00\
\x00\x00\x0dRefresh tasks\
\x07\x00\x00\x00\x05WebUI\x01\x03\x00\x00\x00\x0c\
kcW(\x91\xcde\xb0ett\x06\x08\x00\x00\x00\
\x00\x06\x00\x00\x00\x0aRefreshing\
\x07\x00\x00\x00\x05WebUI\x01\x03\x00\x00\x00:\
v\xf8\x5c\x0d\x8d\xef_\x91\xff\x0cO\x8bY\x82\xff\x1a\
\x00o\x00k\x00_\x00t\x00a\x00s\x00k\x00s\
\x00/\x00L\x00a\x00b\x00e\x00l\x00E\x00n\
\x00u\x00m\x00.\x00p\x00y\x08\x00\x00\x00\x00\x06\
\x00\x00\x00)Relative pat\
h, e.g. ok_tasks\
/LabelEnum.py\x07\x00\x00\
\x00\x05WebUI\x01\x03\x00\x00\x00\x04y\xfb\x96\
d\x08\x00\x00\x00\x00\x06\x00\x00\x00\x06Remov\
e\x07\x00\x00\x00\x05WebUI\x01\x03\x00\x00\x00\
\x08\x89\x81lBY1eW\x08\x00\x00\x00\x00\x06\x00\
\x00\x00\x0eRequest faile\
d\x07\x00\x00\x00\x05WebUI\x01\x03\x00\x00\x00\
\x08\x91\xcd\x8a-\x8a-[\x9a\x08\x00\x00\x00\x00\x06\x00\
\x00\x00\x0cReset Config\x07\
\x00\x00\x00\x05WebUI\x01\x03\x00\x00\x00\x04~\
|~\x8c\x08\x00\x00\x00\x00\x06\x00\x00\x00\x06Res\
ume\x07\x00\x00\x00\x05WebUI\x01\x03\x00\
\x00\x00\x04W\xf7\x88L\x08\x00\x00\x00\x00\x06\x00\x00\x00\
\x03Run\x07\x00\x00\x00\x05WebUI\x01\x03\
\x00\x00\x00\x06W\xf7\x88LN-\x08\x00\x00\x00\x00\x06\
\x00\x00\x00\x07Running\x07\x00\x00\x00\x05\
WebUI\x01\x03\x00\x00\x00\x0cW\xf7\x88L\x96\
\x8ek\xb5\x93/\x8a\xa4\x08\x00\x00\x00\x00\x06\x00\x00\x00\
\x0dRuntime error\x07\x00\
\x00\x00\x05WebUI\x01\x03\x00\x00\x00\x04Q2\
[X\x08\x00\x00\x00\x00\x06\x00\x00\x00\x04Save\
\x07\x00\x00\x00\x05WebUI\x01\x03\x00\x00\x00\x06\
Q2[XR0\x08\x00\x00\x00\x00\x06\x00\x00\x00\x07\
Save To\x07\x00\x00\x00\x05WebU\
I\x01\x03\x00\x00\x00\x0a\x00S\x00a\x00v\x00e\x00\
d\x08\x00\x00\x00\x00\x06\x00\x00\x00\x05Saved\
\x07\x00\x00\x00\x05WebUI\x01\x03\x00\x00\x00\x08\
\x8a\x08R\x83N\xfbR\xd9\x08\x00\x00\x00\x00\x06\x00\x00\
\x00\x08Schedule\x07\x00\x00\x00\x05W\
ebUI\x01\x03\x00\x00\x00\x04b*W\x16\x08\x00\
\x00\x00\x00\x06\x00\x00\x00\x0aScreensh\
ot\x07\x00\x00\x00\x05WebUI\x01\x03\x00\x00\
\x00\x08b*W\x16v\xee\x93\x04\x08\x00\x00\x00\x00\x06\
\x00\x00\x00\x11Screenshot F\
older\x07\x00\x00\x00\x05WebUI\x01\
\x03\x00\x00\x00\x04\x81sg,\x08\x00\x00\x00\x00\x06\x00\
\x00\x00\x06Script\x07\x00\x00\x00\x05We\
bUI\x01\x03\x00\x00\x00\x16c\x09T\x0dz1b\
\x16R\x06\x98^d\x1c\x5c\x0b\x00.\x00.\x00.\x08\
\x00\x00\x00\x00\x06\x00\x00\x00\x1dSearch \
by name or categ\
ory...\x07\x00\x00\x00\x05WebUI\
\x01\x03\x00\x00\x00\x0ed\x1c\x5c\x0b{\xc4g,\x00.\
\x00.\x00.\x08\x00\x00\x00\x00\x06\x00\x00\x00\x13Se\
arch templates..\
.\x07\x00\x00\x00\x05WebUI\x01\x03\x00\x00\x00\
\x14d\x1c\x5c\x0bj\x19\x98Lb\x16z\x0b_\x0f\x00\
.\x00.\x00.\x08\x00\x00\x00\x00\x06\x00\x00\x00\x16S\
earch title or e\
xe...\x07\x00\x00\x00\x05WebUI\x01\
\x03\x00\x00\x00\x08\x90xd\xc7N\xfbR\xd9\x08\x00\x00\
\x00\x00\x06\x00\x00\x00\x0bSelect Ta\
sk\x07\x00\x00\x00\x05WebUI\x01\x03\x00\x00\
\x00&\x00S\x00e\x00l\x00e\x00c\x00t\x00 \
\x00t\x00a\x00s\x00k\x00 \x00t\x00o\x00 \
\x00e\x00d\x00i\x00t\x08\x00\x00\x00\x00\x06\x00\x00\
\x00\x13Select task to\
 edit\x07\x00\x00\x00\x05WebUI\x01\
\x03\x00\x00\x00\x08]\xf2\x90x\x90x\x98\x05\x08\x00\x00\
\x00\x00\x06\x00\x00\x00\x10Selected \
Options\x07\x00\x00\x00\x05WebU\
I\x01\x03\x00\x00\x00\x0c\x90xd\xc7`\xa8v\x84\x8a\
\x9e\x8a\x00\x08\x00\x00\x00\x00\x06\x00\x00\x00\x1bSet\
 your preferred \
language\x07\x00\x00\x00\x05Web\
UI\x01\x03\x00\x00\x00\x04\x8a-[\x9a\x08\x00\x00\x00\
\x00\x06\x00\x00\x00\x08Settings\x07\x00\
\x00\x00\x05WebUI\x01\x03\x00\x00\x00\x0cR\x06\
N\xabN\x0b\x8f\x09\x90#}P\x08\x00\x00\x00\x00\x06\
\x00\x00\x00\x05Share\x07\x00\x00\x00\x05We\
bUI\x01\x03\x00\x00\x00\x16R\x06N\xab\x90#}\
P]\xf2\x89\x07\x88\xfdR0Rj\x8c\xbc|?\x08\
\x00\x00\x00\x00\x06\x00\x00\x00\x1eShare L\
ink copied to cl\
ipboard\x07\x00\x00\x00\x05WebU\
I\x01\x03\x00\x00\x00\x04\x8d\x0aR\xa9\x08\x00\x00\x00\x00\
\x06\x00\x00\x00\x07Sponsor\x07\x00\x00\x00\
\x05WebUI\x01\x03\x00\x00\x00\x08f\x1fu\xd5\
Qq\x9c\xf4\x08\x00\x00\x00\x00\x06\x00\x00\x00\x0eSt\
ar Resonance\x07\x00\x00\x00\
\x05WebUI\x01\x03\x00\x00\x00\x04\x95\x8bY\xcb\
\x08\x00\x00\x00\x00\x06\x00\x00\x00\x05Start\x07\
\x00\x00\x00\x05WebUI\x01\x03\x00\x00\x00\x08k\
cW(U_R\xd5\x08\x00\x00\x00\x00\x06\x00\x00\x00\
\x08Starting\x07\x00\x00\x00\x05We\
bUI\x01\x03\x00\x00\x00 kcW(R\x07c\
\xdb\x81\xf3\x00 \x00{\x00v\x00e\x00r\x00s\x00\
i\x00o\x00n\x00} &\x08\x00\x00\x00\x00\x06\x00\
\x00\x00\x1fStarting chan\
ge to {version}\xe2\
\x80\xa6\x07\x00\x00\x00\x05WebUI\x01\x03\x00\x00\
\x00\x04r\xc0aK\x08\x00\x00\x00\x00\x06\x00\x00\x00\x06\
Status\x07\x00\x00\x00\x05WebUI\
\x01\x03\x00\x00\x00\x04P\x5ckb\x08\x00\x00\x00\x00\x06\
\x00\x00\x00\x04Stop\x07\x00\x00\x00\x05Web\
UI\x01\x03\x00\x00\x00\x08P\x5ckbN\xfbR\xd9\
\x08\x00\x00\x00\x00\x06\x00\x00\x00\x09Stop t\
ask\x07\x00\x00\x00\x05WebUI\x01\x03\x00\
\x00\x00\x08d\xf7S\xd6b*W\x16\x08\x00\x00\x00\x00\
\x06\x00\x00\x00\x0fTake Screen\
shot\x07\x00\x00\x00\x05WebUI\x01\x03\
\x00\x00\x00\x08N\xfbR\xd9T\x0dz1\x08\x00\x00\x00\
\x00\x06\x00\x00\x00\x09Task Name\x07\
\x00\x00\x00\x05WebUI\x01\x03\x00\x00\x00\x0eN\
\xfbR\xd9\x91\xcd^\xfab\x10R\x9f0\x02\x08\x00\x00\
\x00\x00\x06\x00\x00\x00\x1aTask rebu\
ilt successfully\
.\x07\x00\x00\x00\x05WebUI\x01\x03\x00\x00\x00\
\x04N\xfbR\xd9\x08\x00\x00\x00\x00\x06\x00\x00\x00\x05T\
asks\x07\x00\x00\x00\x05WebUI\x01\x03\
\x00\x00\x00\x04j!g\x7f\x08\x00\x00\x00\x00\x06\x00\x00\
\x00\x09Templates\x07\x00\x00\x00\x05\
WebUI\x01\x03\x00\x00\x00\x0a]\xf2W\xf7\x88\
LfB\x95\x93\x08\x00\x00\x00\x00\x06\x00\x00\x00\x0cT\
ime Elapsed\x07\x00\x00\x00\x05\
WebUI\x01\x03\x00\x00\x00\x04\x8d\x85fB\x08\
\x00\x00\x00\x00\x06\x00\x00\x00\x07Timeout\
\x07\x00\x00\x00\x05WebUI\x01\x03\x00\x00\x00\x0a\
R\x07c\xdb\x5c\x0e\x89\xbdR\x17\x08\x00\x00\x00\x00\x06\
\x00\x00\x00\x11Toggle navig\
ation\x07\x00\x00\x00\x05WebUI\x01\
\x03\x00\x00\x00\x06\x89\xf8v|Vh\x08\x00\x00\x00\x00\
\x06\x00\x00\x00\x07Trigger\x07\x00\x00\x00\
\x05WebUI\x01\x03\x00\x00\x00\x08\x89\xf8v|\
\x98^W\x8b\x08\x00\x00\x00\x00\x06\x00\x00\x00\x0cTr\
igger Type\x07\x00\x00\x00\x05W\
ebUI\x01\x03\x00\x00\x00\x08SsfB\x89\xf8\
v|\x08\x00\x00\x00\x00\x06\x00\x00\x00\x08Trig\
gers\x07\x00\x00\x00\x05WebUI\x01\x03\
\x00\x00\x00\x04f\xf4e\xb0\x08\x00\x00\x00\x00\x06\x00\x00\
\x00\x06Update\x07\x00\x00\x00\x05Web\
UI\x01\x03\x00\x00\x00\x0cg\x09S\xefu(f\xf4\
e\xb00\x02\x08\x00\x00\x00\x00\x06\x00\x00\x00\x11Up\
date available.\x07\
\x00\x00\x00\x05WebUI\x01\x03\x00\x00\x00.f\
\xf4e\xb0\x89\x81lB]\xf2c\xa5S\xd70\x02a\
\xc9u(z\x0b_\x0f\x5c\x07\x91\xcde\xb0U_R\
\xd5N\xe5YWu(f\xf4e\xb00\x02\x08\x00\x00\
\x00\x00\x06\x00\x00\x00:Update re\
quest accepted. \
The app will res\
tart to apply it\
.\x07\x00\x00\x00\x05WebUI\x01\x03\x00\x00\x00\
\x0cO\x7fu(|\xfb}q\x8a-[\x9a\x08\x00\x00\
\x00\x00\x06\x00\x00\x00\x12Use syste\
m setting\x07\x00\x00\x00\x05We\
bUI\x01\x03\x00\x00\x00\x04rHg,\x08\x00\x00\
\x00\x00\x06\x00\x00\x00\x07Version\x07\x00\
\x00\x00\x05WebUI\x01\x03\x00\x00\x00\x08g\xe5\
w\x0be\xe5\x8a\x8c\x08\x00\x00\x00\x00\x06\x00\x00\x00\x08\
View Log\x07\x00\x00\x00\x05Web\
UI\x01\x03\x00\x00\x00 {I_\x85\x00 \x00o\
\x00k\x00-\x00s\x00c\x00r\x00i\x00p\x00t\
\x00.\x00l\x00o\x00g\x08\x00\x00\x00\x00\x06\x00\x00\
\x00\x19Waiting for ok\
-script.log\x07\x00\x00\x00\x05\
WebUI\x01\x03\x00\x00\x00\x16kcW({\
I_\x85W\xf7\x88L\x96\x8ek\xb5N\x8bN\xf6 \
&\x08\x00\x00\x00\x00\x06\x00\x00\x00\x1dWaiti\
ng for runtime e\
vents\xe2\x80\xa6\x07\x00\x00\x00\x05Web\
UI\x01\x03\x00\x00\x00&{I_\x85\x00 \x00{\
\x00t\x00a\x00s\x00k\x00_\x00n\x00a\x00m\
\x00e\x00}\x00 N\xfbR\xd9[\x8cb\x10\x08\x00\
\x00\x00\x00\x06\x00\x00\x00,Waiting \
for {task_name} \
task to be compl\
eted\x07\x00\x00\x00\x05WebUI\x01\x03\
\x00\x00\x00\x04}\xb2z\xd9\x08\x00\x00\x00\x00\x06\x00\x00\
\x00\x07Website\x07\x00\x00\x00\x05We\
bUI\x01\x03\x00\x00\x00\x04\x9c\xf4on\x08\x00\x00\
\x00\x00\x06\x00\x00\x00\x0fWuthering\
 Waves\x07\x00\x00\x00\x05WebUI\
\x01\x03\x00\x00\x00\x1a\x00a\x00s\x00s\x00e\x00t\
\x00s\x00 \x00(shz\xcba\xc9u(\x00)\
\x08\x00\x00\x00\x00\x06\x00\x00\x00\x17assets\
 (standalone app\
)\x07\x00\x00\x00\x05WebUI\x01\x03\x00\x00\x00\
\x02\x88L\x08\x00\x00\x00\x00\x06\x00\x00\x00\x05lin\
es\x07\x00\x00\x00\x05WebUI\x01\x03\x00\x00\
\x00\x12\x00o\x00k\x00-\x00p\x00yc\x09\x93u\
|\xbe\x97H\x08\x00\x00\x00\x00\x06\x00\x00\x00\x15ok\
-py Automation T\
ool\x07\x00\x00\x00\x05WebUI\x01\x03\x00\
\x00\x00\x1c\x00o\x00k\x00-\x00s\x00c\x00r\x00\
i\x00p\x00t\x00 a\xc9u({\xc4g,\x08\
\x00\x00\x00\x00\x06\x00\x00\x00\x16ok-scri\
pt App Template\x07\
\x00\x00\x00\x05WebUI\x01\x03\x00\x00\x00,\x00\
o\x00k\x00_\x00t\x00a\x00s\x00k\x00s\x00\
/\x00a\x00s\x00s\x00e\x00t\x00s\x00 \x00\
(\x81\xea\x8a\x02\x81sg,\x00)\x08\x00\x00\x00\x00\
\x06\x00\x00\x00 ok_tasks/as\
sets (custom scr\
ipts)\x07\x00\x00\x00\x05WebUI\x01\
\x03\x00\x00\x00\x16\x00{\x00c\x00o\x00u\x00n\x00\
t\x00}\x00 P\x0bS\xefu(\x08\x00\x00\x00\x00\
\x06\x00\x00\x00\x11{count} ava\
ilable\x07\x00\x00\x00\x05WebUI\
\x01\x03\x00\x00\x002\x98\x01\x97b0\x0c\x00{\x00p\
\x00a\x00g\x00e\x00}0\x0d\x5c\x1ag*W(\
\x00 \x00W\x00e\x00b\x00 \x00U\x00I\x00 \
N-c\xd0O\x9b0\x02\x08\x00\x00\x00\x00\x06\x00\x00\
\x00*{page} is not \
available in the\
 web UI yet.\x07\x00\x00\x00\
\x05WebUI\x01\x03\x00\x00\x00\x04c\xd0y:\
\x08\x00\x00\x00\x00\x06\x00\x00\x00\x05Alert\x07\
\x00\x00\x00\x03app\x01\x03\x00\x00\x00\x0e]\xf2f\
\xf4e\xb0\x81\xf3rHg,\xff\x1a\x08\x00\x00\x00\x00\
\x06\x00\x00\x00\x1bAlready upd\
ated to version:\
\x07\x00\x00\x00\x03app\x01\x03\x00\x00\x00(]\xf2\
g\x09S\xe6N\x00P\x0bW\xf7\x88LP\x0b\x9a\xd4\
kcW(\x90KO\x5c\xff\x0c\x8a\xcbbKR\xd5\
}Pg_0\x02\x08\x00\x00\x00\x00\x06\x00\x00\x00#\
Another instance\
 is already runn\
ing\x07\x00\x00\x00\x03app\x01\x03\x00\x00\x00\
\x0ea\xc9u(z\x0b_\x0fU_R\xd5Vh\x08\
\x00\x00\x00\x00\x06\x00\x00\x00\x0cApp Lau\
ncher\x07\x00\x00\x00\x03app\x01\x03\x00\
\x00\x00\x5ca\xc9u(z\x0b_\x0fU_R\xd5\x93\
/\x8a\xa40\x02\x8a\xcb\x5c\x07[\x89\x88\xdd\x8c\xc7e\
\x99Y>e\xb0X\x9e\x81\xf3\x00 \x00W\x00i\x00\
n\x00d\x00o\x00w\x00s\x00 \x00D\x00e\x00\
f\x00e\x00n\x00d\x00e\x00r\x00 v}T\
\x0dU\xaeN&\x91\xcde\xb0[\x89\x88\xdd\xff\x1a\x08\
\x00\x00\x00\x00\x06\x00\x00\x00fApp sta\
rtup error. Plea\
se add the insta\
llation folder t\
o the Windows De\
fender whitelist\
 and reinstall:\x07\
\x00\x00\x00\x03app\x01\x03\x00\x00\x00\x04\x81\xeaR\
\xd5\x08\x00\x00\x00\x00\x06\x00\x00\x00\x04Auto\x07\
\x00\x00\x00\x03app\x01\x03\x00\x00\x00\x12\x81\xeaR\
\xd5\x8a\xbfet\x90Jb2\x89\xe3g\x90^\xa6\x08\
\x00\x00\x00\x00\x06\x00\x00\x00\x17Auto Re\
size Game Window\
\x07\x00\x00\x00\x03app\x01\x03\x00\x00\x00\x0c\x81\xea\
R\xd5U_R\xd5\x90Jb2\x08\x00\x00\x00\x00\x06\
\x00\x00\x00\x0fAuto Start G\
ame\x07\x00\x00\x00\x03app\x01\x03\x00\x00\x00\
\x1aa\xc9u(z\x0b_\x0fU_R\xd5fB\x81\
\xeaR\xd5U_R\xd5\x90Jb2\x08\x00\x00\x00\x00\
\x06\x00\x00\x00\x1fAuto Start \
Game When App St\
arts\x07\x00\x00\x00\x03app\x01\x03\x00\x00\
\x00\x1e\x81\xeaR\xd5U_R\xd5\x00 \x00{\x00a\
\x00p\x00p\x00_\x00n\x00a\x00m\x00e\x00}\
\x08\x00\x00\x00\x00\x06\x00\x00\x00\x15Auto S\
tart {app_name}\x07\
\x00\x00\x00\x03app\x01\x03\x00\x00\x00\x08\x81\xeaR\
\xd5f\xf4e\xb0\x08\x00\x00\x00\x00\x06\x00\x00\x00\x0bA\
uto Update\x07\x00\x00\x00\x03a\
pp\x01\x03\x00\x00\x00\x14V\xe0\x90Jb2\x95\xdc\
\x95\x89\x80\x0c\x81\xeaR\xd5\x95\xdc\x95\x89\x08\x00\x00\x00\
\x00\x06\x00\x00\x00\x1dAuto exit \
because game exi\
ted\x07\x00\x00\x00\x03app\x01\x03\x00\x00\x00\
\x14\x81\xeaR\xd5f\xf4e\xb0\xff\x08\x98\x10v|\x88\
LrH\xff\x09\x08\x00\x00\x00\x00\x06\x00\x00\x00\x1eA\
utomatic Update \
(Pre-release)\x07\x00\x00\
\x00\x03app\x01\x03\x00\x00\x00\x14\x81\xeaR\xd5f\
\xf4e\xb0\xff\x08P\xc5kc_\x0frH\xff\x09\x08\
\x00\x00\x00\x00\x06\x00\x00\x00\x1eAutomat\
ic Update(Releas\
e Only)\x07\x00\x00\x00\x03app\x01\
\x03\x00\x00\x00\x08W\xfag,\x8a-[\x9a\x08\x00\x00\
\x00\x00\x06\x00\x00\x00\x0dBasic Opt\
ions\x07\x00\x00\x00\x03app\x01\x03\x00\x00\
\x00\x06n,\x8afrH\x08\x00\x00\x00\x00\x06\x00\x00\
\x00\x0cBeta Version\x07\x00\
\x00\x00\x03app\x01\x03\x00\x00\x00\x04j!|\xca\
\x08\x00\x00\x00\x00\x06\x00\x00\x00\x04Blur\x07\x00\
\x00\x00\x03app\x01\x03\x00\x00\x00\x0a\x90nd\xcb\
o\x14{\x97l\xd5\x08\x00\x00\x00\x00\x06\x00\x00\x00\x0e\
Blur Algorithm\x07\x00\
\x00\x00\x03app\x01\x03\x00\x00\x006j!|\xca\
\x90Jb2\x00 \x00U\x00I\x00D\x00 {I\
V\xfa[\x9aQg[\xb9N\xe5^\xf6\x95w\x00 \
\x00O\x00L\x00E\x00D\x00 \x87\xa2^UX\xfd\
T}\x08\x00\x00\x00\x00\x06\x00\x00\x00&Blur\
 Game UID etc to\
 enhance OLED li\
fe\x07\x00\x00\x00\x03app\x01\x03\x00\x00\x00\x0c\
\x90nd\xcbj\xa2g\xe5\x95\x93\x96\x94\x08\x00\x00\x00\
\x00\x06\x00\x00\x00\x0dBlur Inter\
val\x07\x00\x00\x00\x03app\x01\x03\x00\x00\x00\
\x1eb~N\x0dR0\x00 \x00P\x00y\x00t\x00\
h\x00o\x00n\x00 \x00v\x00e\x00n\x00v\x08\
\x00\x00\x00\x00\x06\x00\x00\x00\x16Can't f\
ind python venv\x07\
\x00\x00\x00\x03app\x01\x03\x00\x00\x00\x04S\xd6m\
\x88\x08\x00\x00\x00\x00\x06\x00\x00\x00\x06Cance\
l\x07\x00\x00\x00\x03app\x01\x03\x00\x00\x00\x0ab\
*W\x16_qh<s\x87\x08\x00\x00\x00\x00\x06\x00\
\x00\x00\x12Capture Frame\
 Rate\x07\x00\x00\x00\x03app\x01\x03\x00\
\x00\x00\x08b*W\x16^\xf6\x90r\x08\x00\x00\x00\x00\
\x06\x00\x00\x00\x0fCapture Lat\
ency\x07\x00\x00\x00\x03app\x01\x03\x00\x00\
\x00\x04W\x0bQg\x08\x00\x00\x00\x00\x06\x00\x00\x00\x05\
China\x07\x00\x00\x00\x03app\x01\x03\x00\
\x00\x00\x18\x90xd\xc7U_R\xd5Vh[\x89\x88\
\xddf\xf4e\xb0v\x84e\xb9_\x0f\x08\x00\x00\x00\x00\
\x06\x00\x00\x00(Choose how \
the launcher ins\
talls updates\x07\x00\x00\
\x00\x03app\x01\x03\x00\x00\x00P\x90xd\xc7\x90\
\x1aw\xe5v\x84P\xb3\x90\x01OM\x7fn0\x02\x90\
\x1aw\xe5N\x00_\x8bg\x03\x98oy:W(a\
\xc9u(z\x0b_\x0fQg\xff\x1b\x8a\xcbU_u\
(`\xa8^\x0cg\x1b\x98MY\x16c\xa5e6\x90\
\x1aw\xe5v\x84g\x0dR\xd90\x02\x08\x00\x00\x00\x00\
\x06\x00\x00\x00\x8bChoose wher\
e notifications \
are delivered. N\
otifications alw\
ays appear in th\
e app; enable an\
y additional pro\
viders you want \
to receive them.\
\x07\x00\x00\x00\x03app\x01\x03\x00\x00\x00\x12\x8a-\
[\x9a\x90\x1aw\xe5g\x0dR\xd9c\xd0O\x9b\x80\x05\
\x08\x00\x00\x00\x00\x06\x00\x00\x00 Config\
ure notification\
 providers\x07\x00\x00\x00\x03a\
pp\x01\x03\x00\x00\x00\x12\x8a-[\x9aa\xc9u(\
z\x0b_\x0fU_R\xd5Vh\x08\x00\x00\x00\x00\x06\
\x00\x00\x00\x1aConfigure th\
e app launcher\x07\x00\
\x00\x00\x03app\x01\x03\x00\x00\x00\x04x\xba\x8a\x8d\
\x08\x00\x00\x00\x00\x06\x00\x00\x00\x07Confir\
m\x07\x00\x00\x00\x03app\x01\x03\x00\x00\x00\x16^\
\xfaz\xcb\x00 \x00v\x00e\x00n\x00v\x00 Y\
1eW0\x02\x08\x00\x00\x00\x00\x06\x00\x00\x00\x13C\
reate venv faile\
d.\x07\x00\x00\x00\x03app\x01\x03\x00\x00\x00\x1a\
\x98\x10\x8a-e6N\xf6N\xba\xff\x0cY\x1aP\x0b\
N\xe5\x90\x17\x86_R\x06\x96\x94\x08\x00\x00\x00\x00\x06\
\x00\x00\x00%Default reci\
pient(s), comma-\
separated\x07\x00\x00\x00\x03ap\
p\x01\x03\x00\x00\x00(\x98\x10\x8a-[\xc4N\xf6N\
\xba\x96\xfb[P\x90\xf5N\xf6OMW@\xff\x08\x00\
F\x00r\x00o\x00m\x00 j\x19\x98-\xff\x09\x08\
\x00\x00\x00\x00\x06\x00\x00\x00*Default\
 sender email ad\
dress (From head\
er)\x07\x00\x00\x00\x03app\x01\x03\x00\x00\x00\
\x12R*\x96dv\xf8O\x9dYWN\xf6b\x10R\
\x9f\xff\x01\x08\x00\x00\x00\x00\x06\x00\x00\x00\x1cDel\
ete dependencies\
 success!\x07\x00\x00\x00\x03ap\
p\x01\x03\x00\x00\x00\x04\x8a:e\xb7\x08\x00\x00\x00\x00\
\x06\x00\x00\x00\x09Diagnosis\x07\x00\
\x00\x00\x03app\x01\x03\x00\x00\x00\x14\x00D\x00i\
\x00s\x00c\x00o\x00r\x00d\x00 \x90\x1aw\xe5\
\x08\x00\x00\x00\x00\x06\x00\x00\x00\x14Discor\
d Notification\x07\x00\
\x00\x00\x03app\x01\x03\x00\x00\x00\x1e\x00D\x00i\
\x00s\x00c\x00o\x00r\x00d\x00 \x00W\x00e\
\x00b\x00h\x00o\x00o\x00k\x08\x00\x00\x00\x00\x06\
\x00\x00\x00\x0fDiscord Webh\
ook\x07\x00\x00\x00\x03app\x01\x03\x00\x00\x00\
,\x00D\x00i\x00s\x00c\x00o\x00r\x00d\x00\
 \x98;\x90S\x00 \x00W\x00e\x00b\x00h\x00\
o\x00o\x00k\x00 \x00U\x00R\x00L\x08\x00\x00\
\x00\x00\x06\x00\x00\x00\x1bDiscord c\
hannel webhook U\
RL\x07\x00\x00\x00\x03app\x01\x03\x00\x00\x00\x0c\
U_u(j!|\xca\x90nd\xcb\x08\x00\x00\x00\
\x00\x06\x00\x00\x00\x0bEnable Blu\
r\x07\x00\x00\x00\x03app\x01\x03\x00\x00\x00\x1eO\
\x01im_\xaeO\xe1\x00 \x00W\x00e\x00b\x00\
h\x00o\x00o\x00k\x00 \x90\x1aw\xe5\x08\x00\x00\
\x00\x00\x06\x00\x00\x00&Enterpris\
e WeChat Webhook\
 Notification\x07\x00\x00\
\x00\x03app\x01\x03\x00\x00\x00\x1eO\x01im_\
\xaeO\xe1\x00 \x00W\x00e\x00b\x00h\x00o\x00\
o\x00k\x00 }\xb2W@\x08\x00\x00\x00\x00\x06\x00\
\x00\x00\x1dEnterprise We\
Chat Webhook URL\
\x07\x00\x00\x00\x03app\x01\x03\x00\x00\x00(O\x01\
im_\xaeO\xe1\x7f\xa4}Dj_VhN\xba\
\x00 \x00W\x00e\x00b\x00h\x00o\x00o\x00k\
\x00 }\xb2W@\x08\x00\x00\x00\x00\x06\x00\x00\x00'\
Enterprise WeCha\
t group bot webh\
ook URL\x07\x00\x00\x00\x03app\x01\
\x03\x00\x00\x00\x04\x93/\x8a\xa4\x08\x00\x00\x00\x00\x06\x00\
\x00\x00\x05Error\x07\x00\x00\x00\x03app\
\x01\x03\x00\x00\x00\x16\x00Q\x00Q\x00 \x80o}a\
N\xbav\x84[\x8cetf\xb1z1\x08\x00\x00\x00\
\x00\x06\x00\x00\x00\x19Exact QQ c\
ontact nickname\x07\
\x00\x00\x00\x03app\x01\x03\x00\x00\x00\x14_\xaeO\
\xe1\x80o}aN\xbav\x84[\x8cetf\xb1z\
1\x08\x00\x00\x00\x00\x06\x00\x00\x00\x1dExact\
 WeChat contact \
nickname\x07\x00\x00\x00\x03app\
\x01\x03\x00\x00\x00\x0a[\x8cb\x10_\x8c\x90\x00Q\xfa\
\x08\x00\x00\x00\x00\x06\x00\x00\x00\x0fExit A\
fter Task\x07\x00\x00\x00\x03ap\
p\x01\x03\x00\x00\x00\x1a\x90Jb2\x95\xdc\x95\x89f\
B\x81\xeaR\xd5\x90\x00Q\xfaa\xc9u(z\x0b_\
\x0f\x08\x00\x00\x00\x00\x06\x00\x00\x00\x18Exit \
App when Game Ex\
its\x07\x00\x00\x00\x03app\x01\x03\x00\x00\x00\
\x22V\xe0\x90Jb2]\xf2\x95\xdc\x95\x89\xff\x0ca\
\xc9u(z\x0b_\x0f\x5c\x07\x81\xeaR\xd5\x90\x00Q\
\xfa\xff\x01\x08\x00\x00\x00\x00\x06\x00\x00\x00\x18Exi\
t because game e\
xited\x07\x00\x00\x00\x03app\x01\x03\x00\
\x00\x00\x1c[\x8cb\x10N\xfbR\xd9_\x8c\x90\x00Q\
\xfa\x90Jb2T\x8ca\xc9u(z\x0b_\x0f\x08\
\x00\x00\x00\x00\x06\x00\x00\x00?Exit th\
e Game and the A\
pp after Success\
fully Executing \
the Task\x07\x00\x00\x00\x03app\
\x01\x03\x00\x00\x00\x0eW\xf7\x88L[\x8cub_\x8c\
\x90\x00Q\xfa\x08\x00\x00\x00\x00\x06\x00\x00\x00\x14Ex\
it_After_Executi\
on\x07\x00\x00\x00\x03app\x01\x03\x00\x00\x00\x12\
\x8b\x80S\xd6rHg,n\x05U\xaeY1eW\
\xff\x01\x08\x00\x00\x00\x00\x06\x00\x00\x00 Fetc\
h remote version\
 list error!\x07\x00\x00\x00\
\x03app\x01\x03\x00\x00\x00\x08~=_qh<\
ex\x08\x00\x00\x00\x00\x06\x00\x00\x00\x0bFram\
e Count\x07\x00\x00\x00\x03app\x01\
\x03\x00\x00\x00\x0a\x89\x96z\x97\x89\xe3g\x90^\xa6\x08\
\x00\x00\x00\x00\x06\x00\x00\x00\x0fGame Re\
solution\x07\x00\x00\x00\x03app\
\x01\x03\x00\x00\x00\x08\x90Jb2\x97\xf3eH\x08\x00\
\x00\x00\x00\x06\x00\x00\x00\x0aGame Sou\
nd\x07\x00\x00\x00\x03app\x01\x03\x00\x00\x00\x04\
Qht\x03\x08\x00\x00\x00\x00\x06\x00\x00\x00\x06Gl\
obal\x07\x00\x00\x00\x03app\x01\x03\x00\x00\
\x00\x06_\xebcw\x93u\x08\x00\x00\x00\x00\x06\x00\x00\
\x00\x06HotKey\x07\x00\x00\x00\x03app\
\x01\x03\x00\x00\x000X\x9eR\xa0\x95\x93\x96\x94N\xe5\
\x96MON\x00 \x00C\x00P\x00U\x00/\x00G\
\x00P\x00U\x00 O\x7fu(s\x87\x00 \x00(\
k\xeby\xd2\x00)\x08\x00\x00\x00\x00\x06\x00\x00\x00J\
Increase Delay b\
etween Trigger T\
asks to Reduce C\
PU/GPU Usage(Mil\
liseconds)\x07\x00\x00\x00\x03a\
pp\x01\x03\x00\x00\x00\x04\x8c\xc7\x8a\x0a\x08\x00\x00\x00\
\x00\x06\x00\x00\x00\x04Info\x07\x00\x00\x00\x03a\
pp\x01\x03\x00\x00\x00\x08Qg[\xb9Xk\x88\xdc\
\x08\x00\x00\x00\x00\x06\x00\x00\x00\x07Inpain\
t\x07\x00\x00\x00\x03app\x01\x03\x00\x00\x008[\
\x89\x88\xddv\xf8O\x9dYWN\xf6Y1eW\xff\
\x0c\x8a\xcbV\x17\x8aff\xf4c\xdbf\xf4e\xb0O\
\x86n\x90\xff\x0cb\x16\x91\xcde\xb0N\x0b\x8f\x09[\
\x8cetrH\xff\x01\x08\x00\x00\x00\x00\x06\x00\x00\x00\
]Install depende\
ncies failed, tr\
y changing the u\
pdate source, or\
 re-download the\
 full version!\x07\x00\
\x00\x00\x03app\x01\x03\x00\x00\x00:[\x89\x88\xdd\
v\xee\x93\x04\x00 \x00{\x00p\x00a\x00t\x00h\
\x00}\x00 _\xc5\x98\x08p\xba\x82\xf1e\x87\x8d\xef\
_\x91\xff\x0c\x8a\xcby\xfbR\xd5\x81\xf3QvN\xd6\
\x8d\xef_\x910\x02\x08\x00\x00\x00\x00\x06\x00\x00\x00A\
Install dir {pat\
h} must be an En\
glish path, move\
 to another path\
.\x07\x00\x00\x00\x03app\x01\x03\x00\x00\x00\x10U\
_R\xd5_\x8c\x95\xdc\x95\x89U_R\xd5Vh\x08\
\x00\x00\x00\x00\x06\x00\x00\x00\x19Kill La\
uncher After Sta\
rt\x07\x00\x00\x00\x03app\x01\x03\x00\x00\x00\x14\
O\x7fu(\x00 \x00D\x00X\x001\x001\x00 \
U_R\xd5\x08\x00\x00\x00\x00\x06\x00\x00\x00\x10La\
unch with DX11\x07\x00\
\x00\x00\x03app\x01\x03\x00\x00\x00\x06U_R\xd5\
Vh\x08\x00\x00\x00\x00\x06\x00\x00\x00\x08Laun\
cher\x07\x00\x00\x00\x03app\x01\x03\x00\x00\
\x00\x0eg,j_u(b6z\xef\x90\x1aw\xe5\
\x08\x00\x00\x00\x00\x06\x00\x00\x00\x19Local \
Client Notificat\
ion\x07\x00\x00\x00\x03app\x01\x03\x00\x00\x00\
\x08bKR\xd5f\xf4e\xb0\x08\x00\x00\x00\x00\x06\x00\
\x00\x00\x0dManual Update\
\x07\x00\x00\x00\x03app\x01\x03\x00\x00\x00\x06\x8a\x18\
a\xb6\x9a\xd4\x08\x00\x00\x00\x00\x06\x00\x00\x00\x06Me\
mory\x07\x00\x00\x00\x03app\x01\x03\x00\x00\
\x00\x1au(e\xbc\x90nd\xcb\x8a-[\x9aS@\
W\xdfv\x84\x86Ut\x06e\xb9_\x0f\x08\x00\x00\x00\
\x00\x06\x00\x00\x00'Method use\
d to obscure con\
figured areas\x07\x00\x00\
\x00\x03app\x01\x03\x00\x00\x00\x1c\x9e\xded\xca\x95\
\xdc\x95\x89c\x09\x92\x15fBg\x00\x5c\x0fS\x16\x81\
\xf3|\xfb}qS#\x08\x00\x00\x00\x00\x06\x00\x00\x00\
+Minimize Window\
 to System Tray \
when Closing\x07\x00\x00\x00\
\x03app\x01\x03\x00\x00\x00\x10\x90Jb2W(\
\x80\xccfofB\x97\x5c\x97\xf3\x08\x00\x00\x00\x00\x06\
\x00\x00\x00\x1dMute Game wh\
ile in Backgroun\
d\x07\x00\x00\x00\x03app\x01\x03\x00\x00\x00\x1ag\
\x09e\xb0rHg,\x00 \x00{\x00}\x00 S\
\xefO\x9bf\xf4e\xb0\xff\x01\x08\x00\x00\x00\x00\x06\x00\
\x00\x00\x18New Version {\
} Available\x07\x00\x00\x00\x03\
app\x01\x03\x00\x00\x00\x02T&\x08\x00\x00\x00\x00\
\x06\x00\x00\x00\x02No\x07\x00\x00\x00\x03app\x01\
\x03\x00\x00\x00\x02q!\x08\x00\x00\x00\x00\x06\x00\x00\x00\
\x04None\x07\x00\x00\x00\x03app\x01\x03\x00\
\x00\x00\x04\x90\x1aw\xe5\x08\x00\x00\x00\x00\x06\x00\x00\x00\
\x0cNotification\x07\x00\x00\
\x00\x03app\x01\x03\x00\x00\x00\x0ce\x87[W\x8f\
\xa8\x8bX^\xf6\x90r\x08\x00\x00\x00\x00\x06\x00\x00\x00\
\x0bOCR Latency\x07\x00\x00\x00\
\x03app\x01\x03\x00\x00\x00\x0a\x95\x8bU_U_\
R\xd5Vh\x08\x00\x00\x00\x00\x06\x00\x00\x00\x0dOp\
en Launcher\x07\x00\x00\x00\x03\
app\x01\x03\x00\x00\x00\x1c\x95\x8bU_a\xc9u\
(z\x0b_\x0fU_R\xd5VhN\xe5{\xa1t\
\x06f\xf4e\xb0\x08\x00\x00\x00\x00\x06\x00\x00\x00'O\
pen the app laun\
cher to manage u\
pdates\x07\x00\x00\x00\x03app\x01\x03\
\x00\x00\x00\x04d\xcdO\x5c\x08\x00\x00\x00\x00\x06\x00\x00\
\x00\x09Operation\x07\x00\x00\x00\x03\
app\x01\x03\x00\x00\x00 \x00S\x00M\x00T\x00\
P\x00 [\xc6x\xbcb\x16a\xc9u(z\x0b_\
\x0f\x5c\x08u(k\x0agV\x08\x00\x00\x00\x00\x06\x00\
\x00\x00'Password or a\
pp-specific toke\
n for SMTP\x07\x00\x00\x00\x03a\
pp\x01\x03\x00\x00\x00\x14]\xf2f\xabP\x5c\xff\x1a\
\x90Jb2]\xf2\x95\xdc\x95\x89\xff\x01\x08\x00\x00\x00\
\x00\x06\x00\x00\x00\x1aPaused bec\
ause game exited\
\x07\x00\x00\x00\x03app\x01\x03\x00\x00\x00,]\xf2\
f\xabP\x5c\xff\x1a\x90Jb2\x89\x96z\x97]\xf2\
g\x00\x5c\x0fS\x16b\x16\x90\xe8R\x06\x8d\x85Q\xfa\
\x87\xa2^U{\xc4W\x0d\xff\x01\x08\x00\x00\x00\x00\x06\
\x00\x00\x009Paused becau\
se game window i\
s minimized or o\
ut of screen!\x07\x00\x00\
\x00\x03app\x01\x03\x00\x00\x00\x08eH\x80\xfdn\
,\x8af\x08\x00\x00\x00\x00\x06\x00\x00\x00\x10Per\
formance Test\x07\x00\x00\
\x00\x03app\x01\x03\x00\x00\x00P\x8a\xcbW(\x00\
 \x00M\x00u\x00M\x00u\x00 j!d\xecV\
h\x00 \x00[\x8a-[\x9a\x00]\x00-\x00>\x00\
[QvN\xd6\x8a-[\x9a\x00]\x00 N-\x95\
\xdc\x95\x89\x00 \x00[\x80\xccfoc\x9bj_f\
BO\xddc\x01W\xf7\x88L\x00]\x08\x00\x00\x00\x00\
\x06\x00\x00\x00CPlease turn\
 off enable back\
ground keep aliv\
e in MuMuPlayer \
settings\x07\x00\x00\x00\x03app\
\x01\x03\x00\x00\x00\x0a\x86Ut\x06_qh<s\x87\
\x08\x00\x00\x00\x00\x06\x00\x00\x00\x12Proces\
s Frame Rate\x07\x00\x00\x00\
\x03app\x01\x03\x00\x00\x00$\x00Q\x00Q\x00 \
j_VhN\xba\x00 \x00A\x00P\x00I\x00 \
a\xc9u(z\x0b_\x0f\x00 \x00I\x00D\x08\x00\
\x00\x00\x00\x06\x00\x00\x00\x11QQ Bot A\
PI App ID\x07\x00\x00\x00\x03ap\
p\x01\x03\x00\x00\x00 \x00Q\x00Q\x00 j_V\
hN\xba\x00 \x00A\x00P\x00I\x00 \x98;\x90\
S\x00 \x00I\x00D\x08\x00\x00\x00\x00\x06\x00\x00\x00\
\x15QQ Bot API Chan\
nel ID\x07\x00\x00\x00\x03app\x01\x03\
\x00\x00\x00\x1a\x00Q\x00Q\x00 j_VhN\xba\
\x00 \x00A\x00P\x00I\x00 \x90\x1aw\xe5\x08\x00\
\x00\x00\x00\x06\x00\x00\x00\x17QQ Bot A\
PI Notification\x07\
\x00\x00\x00\x03app\x01\x03\x00\x00\x00\x1a\x00Q\x00\
Q\x00 j_VhN\xba\x00 \x00A\x00P\x00\
I\x00 k\x0agV\x08\x00\x00\x00\x00\x06\x00\x00\x00\
\x10QQ Bot API Toke\
n\x07\x00\x00\x00\x03app\x01\x03\x00\x00\x00\x1a\x00\
Q\x00Q\x00 j_VhN\xbaa\xc9u(z\
\x0b_\x0f\x00 \x00I\x00D\x08\x00\x00\x00\x00\x06\x00\
\x00\x00\x15QQ Bot applic\
ation ID\x07\x00\x00\x00\x03app\
\x01\x03\x00\x00\x00\x18\x00Q\x00Q\x00 j_Vh\
N\xbaa\xc9u(z\x0b_\x0fk\x0agV\x08\x00\
\x00\x00\x00\x06\x00\x00\x00\x18QQ Bot a\
pplication token\
\x07\x00\x00\x00\x03app\x01\x03\x00\x00\x00\x0e\x00Q\
\x00Q\x00 hL\x97bf\xb1z1\x08\x00\x00\x00\
\x00\x06\x00\x00\x00\x13QQ Desktop\
 Nickname\x07\x00\x00\x00\x03ap\
p\x01\x03\x00\x00\x00\x18\x00Q\x00Q\x00 hL\x97\
b\x90\x1aw\xe5\xff\x08N\x0dS\xef\x97`\xff\x09\x08\
\x00\x00\x00\x00\x06\x00\x00\x00&QQ Desk\
top Notification\
 (Not Reliable)\x07\
\x00\x00\x00\x03app\x01\x03\x00\x00\x00\x1cc\xa5e\
6\x90\x1aw\xe5v\x84\x00 \x00Q\x00Q\x00 \x98\
;\x90S\x00 \x00I\x00D\x08\x00\x00\x00\x00\x06\x00\
\x00\x00&QQ channel ID\
 to receive noti\
fications\x07\x00\x00\x00\x03ap\
p\x01\x03\x00\x00\x00(\x97\x00\x89\x81g,j_\x00\
 \x00Q\x00Q\x00 u(b6z\xef\x89\x96z\
\x97O\xddc\x01\x95\x8bU_N&W\xf7\x88L\x08\
\x00\x00\x00\x00\x06\x00\x00\x00:Require\
s the local QQ c\
lient window to \
be open and runn\
ing\x07\x00\x00\x00\x03app\x01\x03\x00\x00\x00\
.\x97\x00\x89\x81g,j_\x00 \x00Q\x00Q\x00\
 b\x16_\xaeO\xe1u(b6z\xef\x89\x96z\
\x97O\xddc\x01\x95\x8bU_N&W\xf7\x88L\x08\
\x00\x00\x00\x00\x06\x00\x00\x00DRequire\
s the local QQ o\
r WeChat client \
window to be ope\
n and running\x07\x00\x00\
\x00\x03app\x01\x03\x00\x00\x00$\x97\x00\x89\x81g\
,j__\xaeO\xe1u(b6z\xef\x89\x96z\
\x97O\xddc\x01\x95\x8bU_N&W\xf7\x88L\x08\
\x00\x00\x00\x00\x06\x00\x00\x00>Require\
s the local WeCh\
at client window\
 to be open and \
running\x07\x00\x00\x00\x03app\x01\
\x03\x00\x00\x00\x14\x00S\x00M\x00T\x00P\x00 \x98\
\x10\x8a-e6N\xf6N\xba\x08\x00\x00\x00\x00\x06\x00\
\x00\x00\x16SMTP Default \
Recipient\x07\x00\x00\x00\x03ap\
p\x01\x03\x00\x00\x00\x14\x00S\x00M\x00T\x00P\x00\
 \x98\x10\x8a-[\xc4N\xf6N\xba\x08\x00\x00\x00\x00\
\x06\x00\x00\x00\x13SMTP Defaul\
t Sender\x07\x00\x00\x00\x03app\
\x01\x03\x00\x00\x00\x10\x00S\x00M\x00T\x00P\x00 \
O:g\x0dVh\x08\x00\x00\x00\x00\x06\x00\x00\x00\x09\
SMTP Host\x07\x00\x00\x00\x03ap\
p\x01\x03\x00\x00\x00\x12\x00S\x00M\x00T\x00P\x00\
 \x90\xf5N\xf6\x90\x1aw\xe5\x08\x00\x00\x00\x00\x06\x00\
\x00\x00\x11SMTP Notifica\
tion\x07\x00\x00\x00\x03app\x01\x03\x00\x00\
\x00\x0e\x00S\x00M\x00T\x00P\x00 [\xc6x\xbc\
\x08\x00\x00\x00\x00\x06\x00\x00\x00\x0dSMTP P\
assword\x07\x00\x00\x00\x03app\x01\
\x03\x00\x00\x00\x10\x00S\x00M\x00T\x00P\x00 \x90\
#c\xa5W\xe0\x08\x00\x00\x00\x00\x06\x00\x00\x00\x09S\
MTP Port\x07\x00\x00\x00\x03app\
\x01\x03\x00\x00\x00\x16\x00S\x00M\x00T\x00P\x00 \
O\x7fu(\x00 \x00T\x00L\x00S\x08\x00\x00\x00\
\x00\x06\x00\x00\x00\x0cSMTP Use T\
LS\x07\x00\x00\x00\x03app\x01\x03\x00\x00\x00\x14\
\x00S\x00M\x00T\x00P\x00 O\x7fu(\x80\x05\
T\x0dz1\x08\x00\x00\x00\x00\x06\x00\x00\x00\x0dSM\
TP Username\x07\x00\x00\x00\x03\
app\x01\x03\x00\x00\x00:\x00S\x00M\x00T\x00\
P\x00 O:g\x0dVhOMW@\xff\x08O\
\x8bY\x82\x00 \x00s\x00m\x00t\x00p\x00.\x00\
g\x00m\x00a\x00i\x00l\x00.\x00c\x00o\x00\
m\xff\x09\x08\x00\x00\x00\x00\x06\x00\x00\x00&SMT\
P server host (e\
.g. smtp.gmail.c\
om)\x07\x00\x00\x00\x03app\x01\x03\x00\x00\x00\
8\x00S\x00M\x00T\x00P\x00 O:g\x0dV\
h\x90#c\xa5W\xe0\xff\x08\x00S\x00T\x00A\x00\
R\x00T\x00T\x00L\x00S\x00 O\x7fu(\x00\
 \x005\x008\x007\xff\x09\x08\x00\x00\x00\x00\x06\x00\
\x00\x00#SMTP server p\
ort (587 for STA\
RTTLS)\x07\x00\x00\x00\x03app\x01\x03\
\x00\x00\x00\x1c\x86Ut\x06_\x8c\x90nd\xcb\x5cd\
v\x84f\xf4e\xb0\x95\x93\x96\x94\xff\x08y\xd2\xff\x09\
\x08\x00\x00\x00\x00\x06\x00\x00\x00)Second\
s between proces\
sed overlay upda\
tes\x07\x00\x00\x00\x03app\x01\x03\x00\x00\x00\
\x1e\x90\x0f\x90NO\x01im_\xaeO\xe1\x7f\xa4}\
Dj_VhN\xbaP\xb3\x90\x01\x90\x1aw\xe5\x08\
\x00\x00\x00\x00\x06\x00\x00\x009Send no\
tifications thro\
ugh an Enterpris\
e WeChat group b\
ot\x07\x00\x00\x00\x03app\x01\x03\x00\x00\x00\x22\
\x90\x0f\x90N\x00 \x00S\x00M\x00T\x00P\x00 \
\x90\xf5N\xf6O:g\x0dVhP\xb3\x90\x01\x90\x1a\
w\xe5\x08\x00\x00\x00\x00\x06\x00\x00\x00/Send\
 notifications t\
hrough an SMTP e\
mail server\x07\x00\x00\x00\x03\
app\x01\x03\x00\x00\x00(\x90\x0f\x90N\x00 \x00\
Q\x00Q\x00 \x98;\x90Sj_VhN\xba\x00\
 \x00A\x00P\x00I\x00 P\xb3\x90\x01\x90\x1aw\
\xe5\x08\x00\x00\x00\x00\x06\x00\x00\x00/Send \
notifications th\
rough the QQ Gui\
ld Bot API\x07\x00\x00\x00\x03a\
pp\x01\x03\x00\x00\x000\x90\x0f\x90N\x00 \x00T\
\x00e\x00l\x00e\x00g\x00r\x00a\x00m\x00 \
j_VhN\xba\x00 \x00A\x00P\x00I\x00 \
P\xb3\x90\x01\x90\x1aw\xe5\x08\x00\x00\x00\x00\x06\x00\x00\
\x00/Send notificat\
ions through the\
 Telegram Bot AP\
I\x07\x00\x00\x00\x03app\x01\x03\x00\x00\x00,\x5c\
\x07\x90\x1aw\xe5P\xb3\x90\x01R0\x00 \x00D\x00\
i\x00s\x00c\x00o\x00r\x00d\x00 \x00W\x00\
e\x00b\x00h\x00o\x00o\x00k\x08\x00\x00\x00\x00\
\x06\x00\x00\x00'Send notifi\
cations to a Dis\
cord webhook\x07\x00\x00\x00\
\x03app\x01\x03\x00\x00\x00\x1e\x5c\x07\x90\x1aw\xe5\
P\xb3\x90\x01}fg,j_\x00 \x00Q\x00Q\
\x00 \x80o}aN\xba\x08\x00\x00\x00\x00\x06\x00\x00\
\x00(Send notificat\
ions to a local \
QQ contact\x07\x00\x00\x00\x03a\
pp\x01\x03\x00\x00\x00\x1a\x5c\x07\x90\x1aw\xe5P\xb3\
\x90\x01}fg,j__\xaeO\xe1\x80o}a\
N\xba\x08\x00\x00\x00\x00\x06\x00\x00\x00,Send\
 notifications t\
o a local WeChat\
 contact\x07\x00\x00\x00\x03app\
\x01\x03\x00\x00\x00$O\x7fu(\x00 \x00W\x00i\
\x00n\x00d\x00o\x00w\x00s\x00 |\xfb}q\
S#\x98oy:\x90\x1aw\xe5\x08\x00\x00\x00\x00\x06\
\x00\x00\x000Show notific\
ations using the\
 Windows system \
tray\x07\x00\x00\x00\x03app\x01\x03\x00\x00\
\x00\x06zi[\x9arH\x08\x00\x00\x00\x00\x06\x00\x00\
\x00\x0eStable Version\
\x07\x00\x00\x00\x03app\x01\x03\x00\x00\x00\x0eU_\
R\xd5z\x0b_\x0fup^8\xff\x1a\x08\x00\x00\x00\
\x00\x06\x00\x00\x00\x14Start App \
Exception:\x07\x00\x00\x00\x03a\
pp\x01\x03\x00\x00\x00\x10\x95\x8bY\xcbN\x0b\x8f\x09\
v\xf8O\x9dYWN\xf6\x08\x00\x00\x00\x00\x06\x00\x00\
\x00\x11Start download\
ing\x07\x00\x00\x00\x03app\x01\x03\x00\x00\x00\
\x1cv{QefB\x81\xeaR\xd5U_R\xd5a\
\xc9u(z\x0b_\x0fU_R\xd5Vh\x08\x00\x00\
\x00\x00\x06\x00\x00\x001Start the\
 launcher automa\
tically when you\
 sign in\x07\x00\x00\x00\x03app\
\x01\x03\x00\x00\x00\x0a\x95\x8bY\xcb\x00/P\x5ckb\
\x08\x00\x00\x00\x00\x06\x00\x00\x00\x0aStart/\
Stop\x07\x00\x00\x00\x03app\x01\x03\x00\x00\
\x00\x06]\xf2P\x5ckb\x08\x00\x00\x00\x00\x06\x00\x00\
\x00\x07Stopped\x07\x00\x00\x00\x03ap\
p\x01\x03\x00\x00\x00&b\x10R\x9fW\xf7\x88LN\
\xfbR\xd9\xff\x0ckcW(\x90\x00Q\xfa\x90Jb\
2T\x8ca\xc9u(z\x0b_\x0f\xff\x01\x08\x00\x00\
\x00\x00\x06\x00\x00\x001Successfu\
lly Executed Tas\
k, Exiting Game \
and App!\x07\x00\x00\x00\x03app\
\x01\x03\x00\x00\x00$R\x07c\xdbN\x0dT\x0cv\x84\
\x00 \x00W\x00i\x00n\x00d\x00o\x00w\x00s\
\x00 b*W\x16e\xb9_\x0f\x08\x00\x00\x00\x00\x06\
\x00\x00\x000Switch betwe\
en different Win\
dows capture met\
hods\x07\x00\x00\x00\x03app\x01\x03\x00\x00\
\x00\x08|\xfb}q\x90\x1aw\xe5\x08\x00\x00\x00\x00\x06\
\x00\x00\x00\x13System Notif\
ication\x07\x00\x00\x00\x03app\x01\
\x03\x00\x00\x00\x16v\xeej\x19z\x97S\xe3o\xc0m\
;\xff\x1a`b_\xa9\x93\x04\x88\xfd\x08\x00\x00\x00\x00\
\x06\x00\x00\x00'Target wind\
ow active: Recor\
ding resumed\x07\x00\x00\x00\
\x03app\x01\x03\x00\x00\x00\x18v\xeej\x19z\x97\
S\xe3\x97^o\xc0m;\xff\x1af\xabP\x5c\x93\x04\
\x88\xfd\x08\x00\x00\x00\x00\x06\x00\x00\x00(Targ\
et window inacti\
ve: Recording pa\
used\x07\x00\x00\x00\x03app\x01\x03\x00\x00\
\x00\x1c\x00T\x00e\x00l\x00e\x00g\x00r\x00a\
\x00m\x00 j_VhN\xbak\x0agV\x08\x00\
\x00\x00\x00\x06\x00\x00\x00\x12Telegram\
 Bot Token\x07\x00\x00\x00\x03a\
pp\x01\x03\x00\x00\x00\x1c\x00T\x00e\x00l\x00e\
\x00g\x00r\x00a\x00m\x00 \x80JY)\x00 \
\x00I\x00D\x08\x00\x00\x00\x00\x06\x00\x00\x00\x10Te\
legram Chat ID\x07\x00\
\x00\x00\x03app\x01\x03\x00\x00\x00\x16\x00T\x00e\
\x00l\x00e\x00g\x00r\x00a\x00m\x00 \x90\x1a\
w\xe5\x08\x00\x00\x00\x00\x06\x00\x00\x00\x15Tele\
gram Notificatio\
n\x07\x00\x00\x00\x03app\x01\x03\x00\x00\x00<_\
\x9e\x00 \x00B\x00o\x00t\x00F\x00a\x00t\x00\
h\x00e\x00r\x00 S\xd6_\x97v\x84\x00 \x00\
T\x00e\x00l\x00e\x00g\x00r\x00a\x00m\x00\
 j_VhN\xbak\x0agV\x08\x00\x00\x00\x00\
\x06\x00\x00\x00!Telegram bo\
t token from Bot\
Father\x07\x00\x00\x00\x03app\x01\x03\
\x00\x00\x000\x00T\x00e\x00l\x00e\x00g\x00r\
\x00a\x00m\x00 O\x7fu(\x80\x050\x01\x7f\xa4\
}Db\x16\x98;\x90Sv\x84\x80JY)\x00 \
\x00I\x00D\x08\x00\x00\x00\x00\x06\x00\x00\x00(Te\
legram user, gro\
up, or channel c\
hat ID\x07\x00\x00\x00\x03app\x01\x03\
\x00\x00\x00\x0ce\x87[W\x8f\xa8\x8bX}Pg\x9c\
\x08\x00\x00\x00\x00\x06\x00\x00\x00\x05Texts\x07\
\x00\x00\x00\x03app\x01\x03\x00\x00\x00\x18v\xeeR\
MrHg,\x00 \x00{\x00}\x00 _\xc5\x98\
\x08f\xf4e\xb0\x08\x00\x00\x00\x00\x06\x00\x00\x00&T\
he current versi\
on {} must be up\
dated\x07\x00\x00\x00\x03app\x01\x03\x00\
\x00\x00\x0a\x89\xf8v|Vh\x95\x93\x96\x94\x08\x00\x00\
\x00\x00\x06\x00\x00\x00\x10Trigger I\
nterval\x07\x00\x00\x00\x03app\x01\
\x03\x00\x00\x00\x0af\xf4e\xb0Qg[\xb9\xff\x1a\x08\
\x00\x00\x00\x00\x06\x00\x00\x00\x08Updates\
:\x07\x00\x00\x00\x03app\x01\x03\x00\x00\x00\x16O\
\x7fu(\x00 \x00D\x00i\x00r\x00e\x00c\x00\
t\x00M\x00L\x08\x00\x00\x00\x00\x06\x00\x00\x00\x0cU\
se DirectML\x07\x00\x00\x00\x03\
app\x01\x03\x00\x00\x004Y\x82g\x9c`\xa8g\
\x09\x8f\x03Y'\x98oy:\x8a\x18a\xb6\x9a\xd4v\
\x84\x98oy:Sa\xff\x0cS\xef\x90x0\x0cf\
/0\x0dN\xe5c\xd0SGeH\x80\xfd\x08\x00\x00\
\x00\x00\x06\x00\x00\x00\x1eUse GPU t\
o Improve Perfor\
mance\x07\x00\x00\x00\x03app\x01\x03\x00\
\x00\x008O\x7fu(\x00 \x00S\x00T\x00A\x00\
R\x00T\x00T\x00L\x00S\x00 R\xa0[\xc6\xff\
\x08^\xfa\x8bpu(e\xbc\x00 \x005\x008\x00\
7\x00 \x90#c\xa5W\xe0\xff\x09\x08\x00\x00\x00\x00\
\x06\x00\x00\x002Use STARTTL\
S encryption (re\
commended for po\
rt 587)\x07\x00\x00\x00\x03app\x01\
\x03\x00\x00\x00\x18\x00S\x00M\x00T\x00P\x00 \x9a\
W\x8bIO\x7fu(\x80\x05T\x0dz1\x08\x00\x00\
\x00\x00\x06\x00\x00\x00 Username \
for SMTP authent\
ication\x07\x00\x00\x00\x03app\x01\
\x03\x00\x00\x00\x0c_\xaeO\xe1hL\x97bf\xb1z\
1\x08\x00\x00\x00\x00\x06\x00\x00\x00\x17WeCha\
t Desktop Nickna\
me\x07\x00\x00\x00\x03app\x01\x03\x00\x00\x00\x16\
_\xaeO\xe1hL\x97b\x90\x1aw\xe5\xff\x08N\x0d\
S\xef\x97`\xff\x09\x08\x00\x00\x00\x00\x06\x00\x00\x00*\
WeChat Desktop N\
otification (Not\
 Reliable)\x07\x00\x00\x00\x03a\
pp\x01\x03\x00\x00\x00\x08\x89\x96z\x97\x8a-[\x9a\
\x08\x00\x00\x00\x00\x06\x00\x00\x00\x0dWindow\
 Config\x07\x00\x00\x00\x03app\x01\
\x03\x00\x00\x00\x18\x00W\x00i\x00n\x00d\x00o\x00\
w\x00s\x00 b*W\x16e\xb9_\x0f\x08\x00\x00\
\x00\x00\x06\x00\x00\x00\x0fWindows C\
apture\x07\x00\x00\x00\x03app\x01\x03\
\x00\x00\x00\x02f/\x08\x00\x00\x00\x00\x06\x00\x00\x00\x03\
Yes\x07\x00\x00\x00\x03app\x01\x03\x00\x00\x00\
\x0c\x00{\x00}\x00 U_R\xd5Vh\x08\x00\x00\
\x00\x00\x06\x00\x00\x00\x0b{} Launch\
er\x07\x00\x00\x00\x03app\x01\
\x00\x01\x12\x0c\
<\
\xb8d\x18\xca\xef\x9c\x95\xcd!\x1c\xbf`\xa1\xbd\xdd\xa7\
\x00\x00\x00\x05ko_KRB\x00\x00\x1cP\x00\x00\
\x05;\x00\x00\x0c$\x00\x00\x05;\x00\x00#\x84\x00\x00\
\x05;\x00\x00\x93 \x00\x00\x05;\x00\x00\xb8$\x00\x00\
\x05C\x00\x00\x87I\x00\x00\x05O\x00\x00GS\x00\x00\
\x05O\x00\x00\xdd\xe1\x00\x00\x07\xb2\x00\x00?E\x00\x00\
5\xa8\x00\x00\x0e0\x00\x005\xa8\x00\x00T\xd7\x00\x00\
E\x82\x00\x00\x1a\xa2\x00\x00G\xa4\x00\x00\x08\xd8\x00\x00\
G\xa4\x00\x00Q\xd6\x00\x00G\xa4\x00\x00\xa2\xcd\x00\x00\
Ih\x00\x00\x1b*\x00\x00Ja\x00\x00H\x11\x00\x00\
Ja\x00\x00\xafZ\x00\x00Q\xc9\x00\x00!\xf3\x00\x00\
S\x82\x00\x00#[\x00\x00S\x82\x00\x00\x86\xf3\x00\x00\
V\xfe\x00\x00Js\x00\x00Y\xbe\x00\x00&=\x00\x00\
Y\xbe\x00\x00\xbbQ\x00\x00[\xb3\x00\x00i\x88\x00\x00\
_\xc3\x00\x00G\x84\x00\x00_\xc3\x00\x00\xf5N\x00\x00\
hp\x00\x00[\x90\x00\x00ih\x00\x00.#\x00\x00\
u\xa2\x00\x00;\xbe\x00\x04<4\x00\x00\x92\xde\x00\x04\
<4\x00\x00\xb6\xb2\x00\x04\x87\x9b\x00\x00\xa4\xc1\x00\x04\
\x8c\xaf\x00\x00\xca\x83\x00\x04\x93\xc2\x00\x00\xcdN\x00\x04\
\x98,\x00\x00\x15?\x00\x04\x9c\xb9\x00\x00g\xd1\x00\x04\
\xa8\x8b\x00\x00\x0a\x13\x00\x04\xa8\x8b\x00\x00nB\x00\x04\
\xa8\x8b\x00\x00\xacI\x00\x04\xa9\x03\x00\x00\x10Y\x00\x04\
\xa9\x03\x00\x00Vx\x00\x04\xa9\x03\x00\x00\xacm\x00\x04\
\xb8w\x00\x00I\xb3\x00\x04\xbb\x04\x00\x00\x8bc\x00\x04\
\xcf\x04\x00\x00L\x83\x00\x04\xd0%\x00\x00\x1f\x5c\x00\x04\
\xd0%\x00\x00\xb0>\x00\x04\xec0\x00\x00o+\x00\x04\
\xf6\xc2\x00\x00\x10\x8c\x00\x04\xf6\xc2\x00\x00V\xab\x00\x04\
\xf6\xc2\x00\x00\xb1\xd1\x00\x04\xfb%\x00\x00\xb2\x16\x00\x05\
\x04\xcf\x00\x00L\xaa\x00\x05\x04\xcf\x00\x00Z\xd9\x00\x05\
\x04\xcf\x00\x00\x8e<\x00\x05\x04\xcf\x00\x00\xa0k\x00\x05\
\x04\xcf\x00\x00\xd9x\x00\x050\xc5\x00\x00\xb3&\x00\x05\
VE\x00\x00\xb7\xd7\x00\x05VE\x00\x00\xde\x01\x00\x05\
d\x95\x00\x00\x11\xbb\x00\x05d\x95\x00\x00X\x0b\x00\x05\
d\x95\x00\x00d[\x00\x05\x98\xc5\x00\x00&d\x00\x05\
\x98\xc5\x00\x00\x94R\x00\x05\x98\xc5\x00\x00\xbb\xce\x00\x05\
\xab`\x00\x00(\xbb\x00\x05\xab`\x00\x00\x8aL\x00\x05\
\xab`\x00\x00\x8c\x93\x00\x05\xab`\x00\x00\xc0\xc8\x00\x06\
\x87\x9b\x00\x00-\xf7\x00\x06\xd0D\x00\x002\xdb\x00\x07\
F\xc5\x00\x00:\xc9\x00\x0a\xf2\xce\x00\x00i\xd7\x00\x0b\
N\x8e\x00\x00\x80\xa4\x00\x16\xad\x8d\x00\x00\x18\xea\x00\x17\
\xe6\x93\x00\x00\x03R\x00\x17\xe6\x93\x00\x00\xaeh\x00\x18\
Y\x81\x00\x00\x7f\xd7\x00\x18\xed\xf2\x00\x00\xd12\x00!\
\xab>\x00\x00\x9b\xa1\x00&\x9ed\x00\x006\xda\x00+\
d\x91\x00\x00r\xf1\x000\x01\x17\x00\x00\xa5\x96\x00=\
G\xa5\x00\x00o\xe8\x00=G\xa5\x00\x00\xbe\x99\x00=\
\xfa\x15\x00\x00\x0bN\x00=\xfa\x15\x00\x00\xa6\x0c\x00C\
\x00\xa7\x00\x00yI\x00D'\xc5\x00\x00:\xf5\x00G\
\x96\xc4\x00\x00K\x9f\x00G\x96\xc4\x00\x00lq\x00G\
\x96\xc4\x00\x00\xa2T\x00H,\x94\x00\x00\xc8\xa0\x00I\
\xf0A\x00\x00\xcfD\x00J+\x82\x00\x00Ic\x00J\
+\x82\x00\x00\xa8\xf3\x00J6\x95\x00\x00I\x8c\x00J\
6\x95\x00\x00\x8d\xbb\x00J6\x95\x00\x00\xa9d\x00J\
d\x95\x00\x004\xa8\x00J\x809\x00\x00\x10#\x00J\
\x809\x00\x00VB\x00J\x809\x00\x00b\xf6\x00J\
\xb9\xb7\x00\x00L-\x00J\xb9\xb7\x00\x00\x85Z\x00J\
\xb9\xb7\x00\x00\x9f}\x00J\xb9\xb7\x00\x00\xac\x8d\x00L\
\x99b\x00\x00L[\x00L\x99b\x00\x00\x5c\xec\x00L\
\x99b\x00\x00\x88\xe8\x00L\x99b\x00\x00\xd57\x00N\
\xbf\xa5\x00\x00 \x09\x00N\xbf\xa5\x00\x00\xb1\xac\x00O\
l\x93\x00\x00\x10\xc1\x00Ol\x93\x00\x00V\xe0\x00O\
l\x93\x00\x00\xb1\xf3\x00PFE\x00\x00\xb4O\x00R\
\xfd\xf4\x00\x00\x0aA\x00R\xfd\xf4\x00\x00o\x7f\x00R\
\xfd\xf4\x00\x00\xb3\x03\x00Tl\x95\x00\x00\x22\xb2\x00V\
\x80\x04\x00\x00\xd9\x98\x00V\x8c\x95\x00\x00JH\x00V\
\x8c\x95\x00\x00r\xc4\x00V\x8c\x95\x00\x00\x89\xca\x00V\
\x8c\x95\x00\x00\x8b\xe7\x00V\x8c\x95\x00\x00\xb9\x0d\x00V\
\xae\xc2\x00\x00$:\x00X\xb7\xb9\x00\x00d\x8b\x00Y\
\x8c\xb4\x00\x00\xbc\x1b\x00Y\xe8\x85\x00\x00Hp\x00Y\
\xe8\x85\x00\x00\xbf\x08\x00Z\x8a#\x00\x00N\xb3\x00Z\
\x8a#\x00\x00\xc1\xd5\x00Z\xa8\x94\x00\x00s\xcb\x00Z\
\xa8\x94\x00\x00\x8a#\x00Z\xa8\x94\x00\x00\x8cm\x00Z\
\xa8\x94\x00\x00\xbf\xf2\x00Z\xcf\xb3\x00\x00\xf1\xc8\x00Z\
\xec5\x00\x00\x0an\x00\x5cV\xfe\x00\x00J\xc0\x00\x5c\
\x83\xb5\x00\x00[6\x00\x5c\x83\xb5\x00\x00\x8e\xbd\x00i\
2\xb4\x00\x001\x17\x00j/\x9b\x00\x00/\xfe\x00s\
\x04\xc3\x00\x00\xc6\xab\x00vvN\x00\x00)\xaf\x00v\
\x8c\x95\x00\x00<+\x00z+\xc0\x00\x00>\x18\x00z\
\xe0e\x00\x00>\xcc\x00}\x9e\x01\x00\x00x\xab\x00\x81\
(i\x00\x00f\x01\x00\x84\x03\xb4\x00\x00\xe7\x06\x00\x85\
7\xe7\x00\x00G\x16\x00\x8d\x9c\x0e\x00\x00j?\x00\x90\
\x9dK\x00\x00\xa3\xf6\x00\x97\x96\x04\x00\x00cU\x00\x97\
\x96\x04\x00\x00\x8b4\x00\x97\x96\x04\x00\x00\xad\x80\x00\xaa\
\xb4\xe3\x00\x00\xb0\x98\x00\xaf\x88w\x00\x00\x02\x90\x00\xc0\
\xb8\x84\x00\x003\xe7\x00\xcd&\x11\x00\x00\x009\x00\xec\
/\x9c\x00\x00\xd4y\x00\xff\xffG\x00\x00\xe4\xcb\x01\x10\
\xaa^\x00\x00Nz\x01!\xadg\x00\x00^\xc3\x01*\
\xd0\x97\x00\x00\x0c\xc6\x01*\xd0\x97\x00\x00A\xc6\x01*\
\xd0\x97\x00\x00B\x03\x01*\xd0\x97\x00\x00\x8c\x11\x01*\
\xd0\x97\x00\x00\xba\xfb\x011\x0a\x17\x00\x00\xb9b\x016\
$q\x00\x00\x82\x04\x01<\xdf5\x00\x00\xf2\xf7\x01?\
\xf9>\x00\x00\xd1\x97\x01@\x1dG\x00\x00K\x1d\x01@\
\x1dG\x00\x00\xc4\xd6\x01C`n\x00\x00'\x04\x01L\
\x05#\x00\x00\x97\x5c\x01L\x05#\x00\x00\x9e\xf8\x01L\
\x05#\x00\x00\xa7\x8d\x01c\xaa\x09\x00\x00\x13u\x01c\
\xaa\x09\x00\x00Z\x15\x01d\xa2o\x00\x00+\xf2\x01m\
\x04\xf4\x00\x00\xa2w\x01t#\xfd\x00\x00\x94\xab\x01\x80\
\xad\x22\x00\x00r\x8e\x01\x80\xad\x22\x00\x00\x86\x8d\x01\x80\
\xad\x22\x00\x00\xb28\x01\xaa\xde>\x00\x00\xda\x90\x01\xb8\
\x13D\x00\x00\x1aT\x01\xc1\xf0\x05\x00\x00a\xe1\x01\xca\
E\x8f\x00\x00\x09f\x01\xcaE\x8f\x00\x00\x8fE\x01\xcb\
0[\x00\x00\xab\xe6\x01\xd4VT\x00\x00\xdf\xa4\x01\xd7\
k\xaa\x00\x00\xec\xdc\x01\xe2c\xa5\x00\x00\xe7\xa6\x01\xe7\
\xf5T\x00\x00m\xd9\x01\xfb0\xd4\x00\x00\x85\xc2\x01\xfb\
0\xd4\x00\x00\xad\xda\x02\x05\xb7\xb4\x00\x00\xf0X\x02\x06\
F5\x00\x00>\x88\x02\x0b\x08\x8e\x00\x00O\x09\x02\x19\
\xde;\x00\x00[\xbc\x021\xe1\x8e\x00\x00Ce\x024\
\xfb\xbe\x00\x00 \xae\x028s\xd2\x00\x00.J\x028\
\xd4R\x00\x00\xd3\xf0\x02:\x84\xbe\x00\x00\xe2a\x02;\
\xe2\x87\x00\x00\xc9\x10\x02C\x04~\x00\x00*\xac\x02C\
\x04~\x00\x00\xc1{\x02l\x99\x03\x00\x00\xe8\xcc\x02q\
6u\x00\x00\xca\xec\x02v\xb8\x09\x00\x00i\x05\x02\x88\
I\x03\x00\x00\xa7\x17\x02\x97\xd63\x00\x00\x97\xe4\x02\x97\
\xd63\x00\x00\xa9\x18\x02\x98\x1cY\x00\x00\xf4l\x02\xa1\
\x0c\xf6\x00\x00\x9b\x0a\x02\xa1\x0c\xf6\x00\x00\xc0?\x02\xad\
pR\x00\x00QY\x02\xb0\xd9[\x00\x00\xeb\x07\x02\xb5\
t\xf4\x00\x00\xe1\x90\x02\xc7\x06\xe3\x00\x00\xb9\xbd\x02\xcc\
\xfb\x95\x00\x00\xa6\xe3\x02\xd9@\xf9\x00\x00\xdeI\x02\xdc\
 Q\x00\x00\xd7\x88\x02\xdc\xb7%\x00\x00\xc7\xcf\x02\xdf\
\xec\x84\x00\x00\xf1P\x02\xe1pU\x00\x00\xb5\xb4\x02\xe7\
 \xf5\x00\x00\x09\xd6\x02\xe7 \xf5\x00\x00\x1b\xb3\x02\xe7\
 \xf5\x00\x00\x8f\xd4\x02\xe7 \xf5\x00\x00\xa9\xd5\x03\x00\
(\x14\x00\x00\xefO\x03\x09\xa2\x9e\x00\x00*S\x03\x14\
q\x19\x00\x00\xd2?\x03\x15*u\x00\x00\x1f$\x03%\
\xdek\x00\x00_'\x03(\xfe\xad\x00\x00\x99\xa6\x03(\
\xfe\xad\x00\x00\xaf\xda\x03:-$\x00\x00\xeb\xca\x03C\
L9\x00\x00\x1f\x84\x03K\xef\xe5\x00\x00=\x0b\x03O\
\x17\x85\x00\x00@\x1f\x03P\xba\x9e\x00\x00L\xd1\x03S\
\xb0\xcb\x00\x00\x0fE\x03S\xb0\xcb\x00\x00\xab>\x03W\
\xb0\x17\x00\x00\x83f\x03W\xb0\x17\x00\x00\xb3}\x03X\
\x11u\x00\x00m\xa0\x03]\xe0\x17\x00\x00\x22\x18\x03d\
\xa1\xce\x00\x00I\xdb\x03d\xa1\xce\x00\x00\xb0`\x03v\
\xe01\x00\x00y\x95\x03\x88q\x14\x00\x00\x01\x02\x03\x88\
q\x14\x00\x00\xa3\xb5\x03\x8d\x17\xe3\x00\x00\x86$\x03\x8d\
\x17\xe3\x00\x00\xae\xa6\x03\x9d\xfdE\x00\x00k&\x03\xb1\
^C\x00\x00\x05g\x03\xb1^C\x00\x00\xc6\x19\x03\xc3\
[\xd2\x00\x00\xf0\xdf\x03\xc5\xefz\x00\x00\x1b{\x03\xc5\
\xefz\x00\x00\xa8G\x03\xcc\xfa\xa3\x00\x00\x04.\x03\xcc\
\xfa\xa3\x00\x00\xb8\xd7\x03\xcdG\xa5\x00\x004\xe0\x03\xee\
\xf3\xfa\x00\x00&\xc8\x04\x03\xb0\xf4\x00\x00\xe93\x04\x14\
S\xf5\x00\x00\x15\xd7\x04\x18\xab=\x00\x00\x99D\x04\x18\
\xab=\x00\x00\xaf}\x04\x1b\xf0d\x00\x00\xe0\x81\x04\x1e\
9\x0b\x00\x00\xd3\x5c\x04\x1f\x0c\x09\x00\x00\xec6\x04(\
U\xc4\x00\x00\xef\xae\x04K+\x03\x00\x00R\x02\x04K\
+\x03\x00\x00\xa4\x84\x04L\xedM\x00\x00\xa1K\x04d\
`5\x00\x009\xf4\x04e\xafi\x00\x00\x11,\x04e\
\xafi\x00\x00W\xd3\x04e\xafi\x00\x00c\xf2\x04g\
\xce\x0e\x00\x00\xb6I\x04lu\x90\x00\x00Sm\x04l\
u\x90\x00\x00\xb5*\x04r\x80\xd4\x00\x00Z\xa7\x04r\
\x80\xd4\x00\x00\x8d\xe0\x04r\x80\xd4\x00\x00\xa9\x87\x04r\
\xd0\x03\x00\x00N\xdb\x04r\xd0\x03\x00\x00\xc1\xf8\x04\x7f\
\x9e\xf4\x00\x00\xe6\x19\x04\x84\xabU\x00\x00\xb8D\x04\x87\
p\xc8\x00\x004C\x04\x8f\x07Y\x00\x00h)\x04\x90\
\x894\x00\x00f\xb1\x04\x91\x10\x19\x00\x00\xf3K\x04\x94\
\xa8\x84\x00\x00z%\x04\x98I\xbc\x00\x00\x09\x05\x04\x98\
I\xbc\x00\x00\x0b%\x04\x98I\xbc\x00\x00\x0c\xfd\x04\x98\
I\xbc\x00\x00\x0e\xd7\x04\x98I\xbc\x00\x00\x13\xcf\x04\x98\
I\xbc\x00\x00\x1bQ\x04\x98I\xbc\x00\x00B?\x04\x98\
I\xbc\x00\x00C\x00\x04\x98I\xbc\x00\x00RJ\x04\x98\
I\xbc\x00\x00U~\x04\x98I\xbc\x00\x00\x5c\x1e\x04\x98\
I\xbc\x00\x00\x8e\xe0\x04\x98I\xbc\x00\x00\x8f\xaa\x04\x98\
I\xbc\x00\x00\xa5\x15\x04\x98I\xbc\x00\x00\xce\xaf\x04\x99\
n\x95\x00\x00F\x0d\x04\xa0\xb2*\x00\x00(p\x04\xa1\
L\x85\x00\x00(*\x04\xa2\xcb\xd7\x00\x00l\x99\x04\xa2\
\xcb\xd7\x00\x00\xa3\x1c\x04\xa8\xb8\xa5\x00\x00\x0f\x0e\x04\xa8\
\xb8\xa5\x00\x00\xaa\xe3\x04\xac,\xa5\x00\x00\x5c\x85\x04\xac\
,\xa5\x00\x00c%\x04\xac,\xa5\x00\x00\x8a\xdb\x04\xac\
,\xa5\x00\x00\x90\x0c\x04\xac,\xa5\x00\x00\xac\xb6\x04\xac\
\xab]\x00\x00\x0f\x96\x04\xac\xab]\x00\x00U\xb5\x04\xac\
\xab]\x00\x00b\xbe\x04\xc2\x8f\xa2\x00\x00\x85\xf5\x04\xc4\
y%\x00\x00\x8d]\x04\xcfv\x94\x00\x00\x1e \x04\xd1\
\x1fR\x00\x00\x86\xc2\x04\xd1\x1fR\x00\x00\xb3\xa6\x04\xd5\
P\xa4\x00\x006\xa2\x04\xd5Z\xc4\x00\x007h\x04\xd5\
n\xc4\x00\x007\xdb\x04\xe09\xf5\x00\x00\x04\x9c\x04\xe0\
9\xf5\x00\x00\xbf\xc0\x04\xe0\x8f\xb2\x00\x00HA\x04\xe0\
\x8f\xb2\x00\x00\xb1\x80\x04\xe3X|\x00\x00\xd8t\x04\xe6\
\xf1\xdf\x00\x00\x9e\x0f\x04\xedY\xc4\x00\x00\x18>\x04\xf4\
\x18N\x00\x00)\x0e\x04\xf6\x91\xc9\x00\x00\xd8\x98\x04\xfa\
\x12\xa3\x00\x00\xdcz\x04\xfe\xcdy\x00\x00\xea#\x05\x14\
\x8d9\x00\x00Q\x0f\x05\x1760\x00\x00\x22\xdd\x05\x1d\
\xcf\x09\x00\x00\xcc\x9b\x05\x22?\xe9\x00\x00p6\x05#\
k\x81\x00\x00\x886\x05(J\xd3\x00\x00I1\x05(\
J\xd3\x00\x00\xa2\xee\x051\x10\xbe\x00\x00=\x90\x056\
\x8ay\x00\x00\xcf\x0d\x058\x92\xc0\x00\x00\x91\xc9\x058\
\x92\xc0\x00\x00\xb4\x01\x05<F\x99\x00\x00\xdcV\x05@\
\x5c\xa5\x00\x00\x10\xf7\x05@\x5c\xa5\x00\x00W\x16\x05@\
\x5c\xa5\x00\x00\xb4w\x05B\xdd\xac\x00\x00\xf2\xbd\x05E\
\x84\xee\x00\x00\x985\x05E\x84\xee\x00\x00\xac\x16\x05E\
\xaf\xd9\x00\x00S\x04\x05E\xaf\xd9\x00\x00TY\x05E\
\xaf\xd9\x00\x00WK\x05E\xaf\xd9\x00\x00c\xc2\x05E\
\xaf\xd9\x00\x00\xb4\x99\x05K\xe0\xd4\x00\x00\x85.\x05O\
V\xf5\x00\x00\xf4\x1f\x05_/R\x00\x007*\x05f\
j\xa7\x00\x00\xed\x18\x05h\xc9\xb4\x00\x00\xb96\x05i\
H\xe4\x00\x00\xe1\xd3\x05o/\xe3\x00\x00]\xab\x05v\
*I\x00\x00X\xc9\x05v\xf5\xce\x00\x00\xbd\x8f\x05|\
\x9eD\x00\x00\xbe\x10\x05}@\x03\x00\x00\x03\xce\x05}\
@\x03\x00\x00\xb5U\x05\x80W\xc4\x00\x00l\x11\x05\x8b\
\xa6\x84\x00\x00$\xcf\x05\x8cF\xc5\x00\x00S\xa3\x05\x8c\
F\xc5\x00\x00\xba\xa5\x05\x8c\xac5\x00\x00J\x98\x05\x8c\
\xac5\x00\x00\x89\xf9\x05\x8c\xac5\x00\x00\x8cF\x05\x8c\
\xac5\x00\x00\xbb-\x05\x8c\xec\xc5\x00\x00\xa5\xcd\x05\x8e\
c\xb5\x00\x00\xcb\xc5\x05\x93\xca\x17\x00\x00h\xc8\x05\x9a\
\x90t\x00\x00N\x22\x05\x9a\x90t\x00\x00\xbc\xcf\x05\x9c\
}.\x00\x00\x95\x85\x05\x9c}.\x00\x00\xbc\xf7\x05\xa6\
\xecX\x00\x003\x03\x05\xaa\x8b\xc3\x00\x00d\xf1\x05\xaa\
\x8b\xc3\x00\x00\xc0\xa4\x05\xac\xdcQ\x00\x00\x07\x8f\x05\xb4\
\x98\xde\x00\x00$c\x05\xb8\x03\xbe\x00\x00\x9aY\x05\xb8\
\x03\xbe\x00\x00\xb6\xee\x05\xbd\xf7S\x00\x005\xc4\x05\xc6\
\xa8\xa5\x00\x00P\x0d\x05\xc6\xa8\xa5\x00\x00\x9bt\x05\xc6\
\xa8\xa5\x00\x00\xc3@\x05\xd4\x8fX\x00\x000h\x05\xd6\
\x03\xff\x00\x0097\x05\xdb\xc29\x00\x00\x13>\x05\xdb\
\xc29\x00\x00Y\xde\x05\xdb\xc29\x00\x00e\xd1\x05\xdd\
\xf9D\x00\x00 4\x05\xdf\xba\xba\x00\x00\x0cI\x05\xe0\
Kg\x00\x00-\x0f\x05\xe7\x0c5\x00\x00o\xa7\x06\x09\
\xcd\xf4\x00\x00~9\x06\x0dt\x8e\x00\x00\xc3h\x06#\
\xc0[\x00\x00>G\x06'\xf2+\x00\x00\xc0\xea\x06,\
\xce\xa9\x00\x00#\xaa\x06.!\xe5\x00\x00>\xfb\x06.\
\x8e)\x00\x00z\xb8\x06C\x1f\x15\x00\x00\xdc#\x06Q\
V\xe9\x00\x00\xd8\xbc\x06U\x06Y\x00\x00\x04\x04\x06U\
\x06Y\x00\x00\xb8l\x06e2`\x00\x00=\xd7\x06e\
\xa0.\x00\x00S\xd2\x06{\xedR\x00\x00\xe6]\x06\x80\
\xab\x84\x00\x00 s\x06\x816D\x00\x00\xddF\x06\x81\
O\x0c\x00\x00\xa4L\x06\x95x>\x00\x00m?\x06\x95\
x>\x00\x00\xa6A\x06\x9f\xc9\xc3\x00\x00\xb3J\x06\xa2\
\x1a]\x00\x00\x8at\x06\xa8\xa9\xaa\x00\x00\xf2\x93\x06\xac\
Wc\x00\x005\x86\x06\xae\xa4>\x00\x00\x92F\x06\xb0\
\xbe\xae\x00\x00\x04g\x06\xb0\xbe\xae\x00\x00\xec\xac\x06\xb5\
\x04\x22\x00\x006\x17\x06\xb8\x91\xde\x00\x00'\xe5\x06\xb8\
\x91\xde\x00\x00\xbdP\x06\xbb]a\x00\x00\x7f\x08\x06\xc4\
y%\x00\x002\x12\x06\xc9\xb1\x80\x00\x00:\x91\x06\xd0\
\xbaQ\x00\x00\xd9\xbf\x06\xe3v\xd4\x00\x001R\x06\xe5\
1\xc4\x00\x00G\xe4\x06\xe51\xc4\x00\x00[`\x06\xe5\
1\xc4\x00\x00\x98\xa1\x06\xe8\xc3G\x00\x00x;\x07\x02\
\x06\x83\x00\x00\xcfe\x07\x05\xe4d\x00\x00\xd7\xe2\x07\x09\
W\xa2\x00\x008Q\x07\x0cHY\x00\x00\x19\xb5\x07\x0c\
T\xd7\x00\x00\xe5{\x07\x11\x5c$\x00\x00\x17\xd1\x07\x1f\
\x97[\x00\x00\x1c\xb4\x07\x1f\x97[\x00\x00\xab\x07\x07!\
\x88\xad\x00\x00\x98\xd0\x074'\x12\x00\x00P\xd3\x077\
3\xdb\x00\x00\xd6\xc7\x07=\x00N\x00\x00\xc8\x16\x07I\
o~\x00\x00\xd8\x13\x07P\xb3\xaa\x00\x00\x1f\xd3\x07W\
f\x07\x00\x00\xca\xa3\x07^\xb4t\x00\x00\xd8F\x07h\
\x80$\x00\x00\x15d\x07rT%\x00\x00\x05\xf3\x07r\
T%\x00\x00\xc7\x13\x07\x85\x93\xd1\x00\x00\x9e\xab\x07\x90\
\xde\xae\x00\x00\xf0\x9c\x07\x9a\x96,\x00\x00<\xd9\x07\xa6\
)3\x00\x00\xe3\xdd\x07\xa6_\x19\x00\x00\xea\x90\x07\xa9\
\xbc\x84\x00\x00b@\x07\xab\x06\x13\x00\x00b\x8d\x07\xab\
\x06\x13\x00\x00\xa2\xa8\x07\xab\x08\x98\x00\x00?\xd5\x07\xab\
\x1aR\x00\x00@u\x07\xb45q\x00\x00\x81A\x07\xb5\
\xe2\xfb\x00\x00\x0dX\x07\xb5\xe2\xfb\x00\x00\x1c\x16\x07\xb5\
\xe2\xfb\x00\x00\xaa\x07\x07\xb7U\xe4\x00\x00t[\x07\xc2\
/\x85\x00\x00\x00\xcf\x07\xc2/\x85\x00\x00\xa3H\x07\xdf\
\x0e\xf3\x00\x00\x17\x8d\x07\xe3\xfd\x9b\x00\x00^<\x07\xe5\
$\xf3\x00\x00\xd2\xf7\x08\x02\x1e\x16\x00\x00\xc5-\x08\x03\
\xeft\x00\x00\x0ct\x08\x09\x7fd\x00\x00\x0b\xe6\x08\x0a\
br\x00\x00A\x03\x08\x0ftN\x00\x00\xedO\x08\x16\
\xcc9\x00\x00\xe8]\x08\x18B%\x00\x00\xdd\x97\x087\
\x99\xfd\x00\x00\xcbx\x08=\xe1s\x00\x00l\xca\x08B\
\xf3Q\x00\x00\xd2\xaf\x08E=\x0e\x00\x00\x01F\x08E\
=\x0e\x00\x00\xcd \x08Fk\xe2\x00\x00\xf5k\x08J\
\x95A\x00\x00v\xfc\x08K\x95\xb4\x00\x00\x84.\x08N\
\xb2\xf5\x00\x00oT\x08N\xb2\xf5\x00\x00\xb2\x9a\x08i\
5\xf4\x00\x00\xf1\xeb\x08i\x8d\x8c\x00\x00-7\x08j\
\x89\x87\x00\x00\xe49\x08m\x80\x83\x00\x00\xaa4\x08n\
\xd9n\x00\x00\x83\x9c\x08u`l\x00\x00\xf2_\x08\x7f\
\xa2\xae\x00\x00\x9c\xe1\x08\x81(\x11\x00\x00}\x8f\x08\x83\
`2\x00\x00\x03\x93\x08\x83`2\x00\x00\xb1H\x08\x89\
)\xf9\x00\x00P\x9c\x08\x96\x1e\x8c\x00\x00q\xb1\x08\x9a\
E\xee\x00\x006R\x08\xa2\x93\xc7\x00\x00\xa1\x13\x08\xb4\
\xac\x0e\x00\x00t\xb1\x08\xbah\xc3\x00\x00Kx\x08\xbd\
\x8c\xc8\x00\x00_v\x08\xbd\x8c\xc8\x00\x00sq\x08\xbd\
\x8c\xc8\x00\x00\x87l\x08\xbd\x8c\xc8\x00\x00\xb9\x92\x08\xc2\
\xb8\xc5\x00\x00M\x96\x08\xc2\xb8\xc5\x00\x00\xa0\x93\x08\xc4\
\x9b\xe2\x00\x00\xdb\xb6\x08\xcce\x97\x00\x00\x87\x98\x08\xcc\
e\x97\x00\x00\xb9\xf4\x08\xce\x01\x9e\x00\x00;z\x08\xd1\
\x12\xd2\x00\x00\xb8\x93\x08\xd6t\x12\x00\x00\x87\xcb\x08\xd6\
t\x12\x00\x00\xbc\x96\x08\xf0F5\x00\x00\xb4'\x08\xfd\
\xd9#\x00\x00O\xd8\x08\xfd\xd9#\x00\x00\xc3\x10\x09\x06\
\xb5i\x00\x00\x96L\x09\x06\xb5i\x00\x00\xc6X\x09\x0b\
I\xc9\x00\x00\x1d\xaa\x09\x15\xcbC\x00\x00\xe7l\x09\x16\
(\xb1\x00\x00{\xe9\x09$\xce\x84\x00\x00\xe6\x9e\x09%\
N\xb4\x00\x00\xe7=\x09)\xe2\x83\x00\x00r\x0d\x09)\
\xe2\x83\x00\x00\x86W\x09)\xe2\x83\x00\x00\xaf'\x09+\
`\xfc\x00\x00g\x13\x090\x8f%\x00\x00\x9f\xa8\x096\
vN\x00\x00*\x01\x09?h\x89\x00\x00\x0eh\x09?\
h\x89\x00\x00U\x0f\x09J*\xb9\x00\x00\x06D\x09Q\
\xd8\xce\x00\x00\x90\xe0\x09Z\x7f\xad\x00\x00\x959\x09\x5c\
\xa9e\x00\x00\x00\x00\x09`\x06\xb5\x00\x00\x124\x09`\
\x06\xb5\x00\x00XB\x09a~\xb5\x00\x00s\xf2\x09h\
\xa4N\x00\x00\x9a\xb1\x09h\xa4N\x00\x00\xb7A\x09i\
\xf6$\x00\x00\xebj\x09k\xd7]\x00\x00\x01\xf3\x09m\
\xf9T\x00\x00\x1eN\x09q\x01\xe0\x00\x00\xed\xc8\x09r\
\x9f\xec\x00\x00\xb3\xd4\x09{\x8fc\x00\x00\xd0\xe8\x09\x87\
\xbc\xc5\x00\x00K\xc7\x09\x87\xbc\xc5\x00\x00q\xe4\x09\x87\
\xbc\xc5\x00\x00\x84`\x09\x87\xbc\xc5\x00\x00\xa59\x09\x88\
\xbd\xa3\x00\x00nk\x09\x8cu\xff\x00\x00\x94z\x09\x8c\
u\xff\x00\x00\xbb\xf0\x09\x91\xe0\x92\x00\x008\x83\x09\x9c\
u\xa3\x00\x00\x19x\x09\xaa\xaa\x89\x00\x00\x93\xcb\x09\xaa\
\xaa\x89\x00\x00\xba$\x09\xb2\xf0\x1e\x00\x00:S\x09\xb9\
l\xde\x00\x00\xf3\xcb\x09\xc5P\x17\x00\x00[\x04\x09\xc5\
P\x17\x00\x00d\xbc\x09\xc5P\x17\x00\x00s\x9e\x09\xc5\
P\x17\x00\x00\x8e`\x09\xc5P\x17\x00\x00\xbbr\x09\xc5\
\xb8\x8a\x00\x00\xc9\x9f\x09\xd1\x8d\xf1\x00\x00~\xbf\x09\xd5\
\x1e\xb5\x00\x00\x15\x07\x09\xd5\x1e\xb5\x00\x00Y\x1b\x09\xd5\
\x1e\xb5\x00\x00e!\x09\xd5\x1e\xb5\x00\x00\xc1N\x09\xd7\
\xa4d\x00\x00.\xf9\x09\xd8\x09\x8c\x00\x00\xd4\xce\x09\xde\
\xd1\x8d\x00\x00u`\x09\xeb\xbf\xb5\x00\x00M\xf7\x09\xeb\
\xbf\xb5\x00\x00\xbcD\x09\xfd]\xb5\x00\x00\x12\xf9\x09\xfd\
]\xb5\x00\x00Y\x99\x09\xfd]\xb5\x00\x00eZ\x09\xfd\
]\xb5\x00\x00\xc2\xde\x0a\x04^\xce\x00\x00\xa1\xb7\x0a\x10\
d-\x00\x00\x1a\x03\x0a\x1ee\xb4\x00\x00`\xfa\x0a!\
\xa6o\x00\x00\x1a\xcb\x0a\x22\xd2k\x00\x00<Z\x0a#\
SR\x00\x00\x01\xc2\x0a#SR\x00\x00\xad\xac\x0a0\
\xab\x94\x00\x00\x1e\x8d\x0a<j+\x00\x00\x11\xf2\x0a<\
j+\x00\x00\xbd\xe1\x0a=\x0e\x95\x00\x00FD\x0a?\
#\x1b\x00\x00\x14\x84\x0a?#\x1b\x00\x00\x1c\xf1\x0a?\
#\x1b\x00\x00\x5cL\x0a?#\x1b\x00\x00\x8e\x0b\x0a?\
#\x1b\x00\x00\xab|\x0a?j[\x00\x00\x1d&\x0a?\
j[\x00\x00\x5c\xb3\x0a?j[\x00\x00\x8b\x02\x0a?\
j[\x00\x00\xac\xda\x0aLMT\x00\x00\xba\xc9\x0aT\
\x05\xf2\x00\x00\xe9\xb2\x0aZ\xcc\xc5\x00\x00;<\x0a_\
\xbe\x83\x00\x003e\x0aa\x13>\x00\x00\x89\x11\x0ad\
\xd0\xcd\x00\x00\x095\x0ad\xd0\xcd\x00\x00\x0d*\x0ad\
\xd0\xcd\x00\x00\x14T\x0ad\xd0\xcd\x00\x00B\x9e\x0ad\
\xd0\xcd\x00\x00C2\x0ad\xd0\xcd\x00\x00Q\xa9\x0ad\
\xd0\xcd\x00\x00R\xd4\x0ad\xd0\xcd\x00\x00\x8f\x12\x0ad\
\xd0\xcd\x00\x00\xa9\xb0\x0ad\xd0\xcd\x00\x00\xd1t\x0ae\
\xb9\x1c\x00\x00\x1b\xeb\x0ah\xf6\xd5\x00\x003\xa3\x0ai\
A\x82\x00\x00F\x82\x0am\x82\xfc\x00\x00A;\x0at\
g\x19\x00\x00\x14\xbe\x0atg\x19\x00\x00\xad\x09\x0at\
mN\x00\x00\xd3\x1c\x0av\x1d\x99\x00\x00\x22C\x0av\
Z2\x00\x00I\x09\x0avZ2\x00\x00\xbf\x9b\x0aw\
r\xd7\x00\x00\x0a\x9b\x0ay_\x07\x00\x00+\x0c\x0a\x84\
\xfb\xa8\x00\x00-\xb3\x0a\x89\xab\xe7\x00\x00\xc0\x15\x0a\x95\
m\xe4\x00\x002D\x0a\x96ke\x00\x00\x11d\x0a\x9a\
\xaaZ\x00\x00\x02\xd1\x0a\xa2\xfa7\x00\x00\xf4\xe0\x0a\xa7\
\xd1>\x00\x00C\xfb\x0a\xb6*\xbe\x00\x00\xe6\xcf\x0a\xb6\
v\xe4\x00\x00\xed\xf4\x0a\xb9\x9c\xf3\x00\x00(\xe3\x0a\xb9\
\x9c\xf3\x00\x00`%\x0a\xb9\x9c\xf3\x00\x00\x95\xe4\x0a\xbe\
 J\x00\x00\x0b\x88\x0a\xce\x01\x9e\x00\x00\xde!\x0a\xd0\
_d\x00\x00\x96\x0f\x0a\xd0_d\x00\x00\xc1\x17\x0a\xd2\
\xc0\xe5\x00\x000\xcd\x0a\xd8\xc4\x11\x00\x00{\x96\x0a\xdb\
\x09\xe4\x00\x00\xdb9\x0a\xe1\xb0\x85\x00\x00\xcd\xa2\x0a\xe7\
\x93\x14\x00\x00rD\x0a\xe8\xd6\x1e\x00\x00\x93F\x0a\xeb\
f\x09\x00\x00E\xc5\x0a\xffe\xee\x00\x00\x91\xf5\x0b\x03\
\xc6\x94\x00\x00\x12\xbb\x0b\x03\xc6\x94\x00\x00Y[\x0b\x03\
\xc6\x94\x00\x00\xc2Q\x0b\x09yE\x00\x001\x9f\x0b\x09\
ye\x00\x00\x8d-\x0b\x09\xa6\xc4\x00\x00G\xb2\x0b\x09\
\xa6\xc4\x00\x00\xae\x0a\x0b%\xf5\x11\x00\x00\x08\xa1\x0b0\
8\xf9\x00\x00\x17%\x0b6\x01k\x00\x00]b\x0b6\
\x08+\x00\x00]\x19\x0b=#\xbc\x00\x00\x05\xa9\x0b=\
#\xbc\x00\x00\xc6\xcc\x0bD\xcf\xa5\x00\x00\xe34\x0bF\
\xc9\x94\x00\x00\xd1\xd8\x0bH2\xae\x00\x00\x9a\x0f\x0bH\
2\xae\x00\x00\xb6\x04\x0bHB\xd9\x00\x00\x0d\xdf\x0bH\
B\xd9\x00\x00T\x86\x0b`\xb6\xd5\x00\x00@\xbf\x0bc\
\xe2\x94\x00\x00w\xa6\x0bd\xdd\xbd\x00\x00\x1e\xc8\x0bo\
m\xd4\x00\x00\xb7\x95\x0b\x883H\x00\x00/\xc3\x0b\x8a\
E>\x00\x00\xf0\x14\x0b\x8f\xdd\x92\x00\x00\xc2\xb7\x0b\x8f\
\xdd\xb2\x00\x00?k\x0b\x91\x1f\xcc\x00\x00\x16\xa2\x0b\x92\
\x14 \x00\x00-r\x0b\x997\x8e\x00\x00\x82\xc1\x0b\x9e\
\x96Y\x00\x00p\xc2\x0b\xab\x94\x0e\x00\x00\x84\xbd\x0b\xab\
\x94\x0e\x00\x00\xa8\x0b\x0b\xad\xdde\x00\x00\xd5\xa7\x0b\xb1\
\x0f^\x00\x00\xd4\x1d\x0b\xb3,C\x00\x00\xb0\xc8\x0b\xb7\
p\xde\x00\x00#\x0e\x0b\xbd\xf2c\x00\x00\x9f7\x0b\xc0\
\x05\xe4\x00\x00\x95\x07\x0b\xc0\x05\xe4\x00\x00\xbcj\x0b\xc2\
\x05\xe4\x00\x00<\x9b\x0b\xc5\x09q\x00\x00\x08j\x0b\xcb\
\x00\xae\x00\x00'\x8f\x0b\xdb\x22C\x00\x00\xcb#\x0b\xe3\
\xea\x81\x00\x00\xa0\xc0\x0b\xeb\xbf\xde\x00\x00\x9dU\x0b\xee\
\x00\xe4\x00\x00H\xa6\x0b\xee\x00\xe4\x00\x00\xbf;\x0c\x01\
\x9e\xd1\x00\x00\xdf\xf4\x0c\x04\xa05\x00\x00M\xc6\x0c\x05\
\x83\x83\x00\x00\x19B\x0c\x05\x83\x83\x00\x00J\x17\x0c\x05\
\x83\x83\x00\x00\x87\x19\x0c\x10\xbf.\x00\x00\x906\x0c\x13\
\xf8\xce\x00\x00\x0d\x8e\x0c\x15*\xee\x00\x00vx\x0c\x1c\
Q\xbe\x00\x00\xe2\x1c\x0c\x1c\x81\xf0\x00\x00\xab\xab\x0c!\
\x99\xcb\x00\x00\xd6\x02\x0c*$W\x00\x00Bi\x0c*\
$W\x00\x00Zo\x0c*$W\x00\x00\x84\xfc\x0c*\
$W\x00\x00\x8d\x8a\x0c*$W\x00\x00\xa8y\x0cB\
\x17\xa3\x00\x00\x85\x86\x0cB\x17\xa3\x00\x00\xadG\x0cC\
\xbb\xe2\x00\x00\xc9q\x0cG\x92\xf4\x00\x00c\x8d\x0cG\
\x92\xf4\x00\x00\x8b\x88\x0cG\x92\xf4\x00\x00\xae\xd6\x0cJ\
fY\x00\x00=X\x0cRV\x8e\x00\x00e\x98\x0cV\
\x8c\xe5\x00\x00?\xa0\x0cV\xb7\xad\x00\x00\x1cI\x0cX\
\x09e\x00\x00\xe1T\x0cZ\xcf\x1d\x00\x00\x18\x84\x0c^\
T\xf9\x00\x00\x13\xfe\x0c^T\xf9\x00\x00\xa8\xa8\x0cb\
{,\x00\x00\xd3\x99\x0co\x11\x8b\x00\x00\x08.\x0cu\
\x02\xbe\x00\x00S3\x0cu\x02\xbe\x00\x00\xb4\xfb\x0cz\
\xc3\x9e\x00\x00\x16^\x0cz\xdb7\x00\x00\xdc\xdb\x0c{\
\x85\x9f\x00\x00+I\x0c\x80\x8a\x83\x00\x00&\x8c\x0c\x84\
\xfes\x00\x00\xee\xa2\x0c\x88\xfa>\x00\x00\xdf\x18\x0c\x90\
\xd8\xbc\x00\x00\xce \x0c\x92\xbc\xa1\x00\x00|\xbb\x0c\x97\
\x12\xac\x00\x00qx\x0c\x9a\x01\xda\x00\x00,\xb6\x0c\xa1\
\xa9\x84\x00\x008\x13\x0c\xa3\x80I\x00\x00Pe\x0c\xa4\
\x91\xb5\x00\x005-\x0c\xa8h\x87\x00\x00q\x0b\x0c\xa8\
h\x87\x00\x00\xc4G\x0c\xa9_$\x00\x00B\xc9\x0c\xbb\
\x01s\x00\x00NO\x0c\xbb\x01s\x00\x00p\x97\x0c\xbb\
\x01s\x00\x00\xbe\xe2\x0c\xbd\xa1\xce\x00\x00\x9c>\x0c\xbd\
\xa1\xce\x00\x00\xc3\xa9\x0c\xc9\xa0\x0e\x00\x00qN\x0c\xc9\
\xa0\x0e\x00\x00\x9d\xe5\x0c\xc9\xa0\x0e\x00\x00\xc4\x85\x0c\xce\
\x0f\x1f\x00\x00$\xf9\x0c\xdf\x8d\xc8\x00\x00\x0a\xee\x0c\xdf\
\x8d\xc8\x00\x00\xa4\xe3\x0c\xe0\x1a\xf3\x00\x00\xb7\xf9\x0c\xe4\
\xcc\x0e\x00\x00\xcf\xd1\x0c\xea\xb1\x9e\x00\x00\xe2\xe8\x0c\xee\
\xd9[\x00\x00]\xf3\x0c\xf6\x5c\xfe\x00\x00d#\x0c\xf6\
\x5c\xfe\x00\x00\xb5\x88\x0d\x04,\xaf\x00\x00;\xe7\x0d\x05\
Rs\x00\x00\x15\xa1\x0d\x10.\xe0\x00\x00\xdf=\x0d\x18\
\x90\xf2\x00\x00F\xd6\x0d\x1fN\x94\x00\x00_\xa9\x0d1\
\x07\xc5\x00\x00\xf5\x0d\x0d4\xb3\xee\x00\x00Ay\x0dG\
c\xb4\x00\x00\x84\x88\x0dGc\xb4\x00\x00\xa5d\x0dL\
\xdb\xf1\x00\x00\xee\x19\x0dU\x94\xe2\x00\x007\xa0\x0dZ\
\xca\xe7\x00\x008\xc1\x0d\x5c\xa9\x15\x00\x00/U\x0d\x5c\
\xec2\x00\x008\xfc\x0d_\xd6C\x00\x001\xd4\x0d`\
\x90\xc3\x00\x00\xb2\xc0\x0d\x89P\x17\x00\x00,\xe4\x0d\x89\
P\x17\x00\x00E\x92\x0d\x93x%\x00\x00\x03\x0f\x0d\x98\
h\x19\x00\x00\xe7\xe1\x0d\xa3\xcb\xa9\x00\x00\xe3u\x0d\xac\
z\xf3\x00\x00\x16\x19\x0d\xb0\x8e\xd4\x00\x00k\xa5\x0d\xb9\
\xa0\xf5\x00\x00\xc5\xf0\x0d\xc5\x9e\xbe\x00\x00j\xb3\x0d\xd3\
\x034\x00\x00\xd6\x7f\x0d\xd5\xf0#\x00\x00T\x18\x0d\xd5\
\xf0#\x00\x00\xbec\x0d\xd8\xc9)\x00\x00\xccI\x0d\xf6\
\xbb~\x00\x00\xc2|\x0d\xfb\x81\xde\x00\x00\x97\x19\x0d\xfb\
\x81\xde\x00\x00\xa7O\x0d\xfc\x13'\x00\x009o\x0e\x0d\
Dn\x00\x00!>\x0e\x11\x9a\xe6\x00\x00\xceU\x0e\x12\
\x05s\x00\x00\xde\xaf\x0e!}d\x00\x00\x8c\xb8\x0e!\
}d\x00\x00\xc5~\x0e/\xa2t\x00\x00\x16\xd5\x0e1\
\xac*\x00\x00\xc8\xc1\x0e;\xcd\x81\x00\x00\xdb~\x0eD\
\xcd+\x00\x00W\x82\x0eD\xcd+\x00\x00\xb4\xbd\x0eF\
\xc4\xc3\x00\x002\x91\x0eN\xcc\xc5\x00\x00\x98m\x0eN\
\xcc\xc5\x00\x00\xae9\x0eb\xa1\xae\x00\x00\xd7N\x0ee\
@\x89\x00\x00\x96\xa5\x0ee@\x89\x00\x00\xc7a\x0eg\
\x84\xbb\x00\x009\xb0\x0er\xa2\x0e\x00\x00%\x97\x0e\xa7\
\x1c\x85\x00\x00\xaa}\x0e\xa9)\x02\x00\x00\xbb\x9b\x0e\xaf\
o\xc3\x00\x00\x8b\xb4\x0e\xafo\xc3\x00\x00\xb2j\x0e\xb1\
7\x93\x00\x00_\xe9\x0e\xba\xcf\xa2\x00\x00\xae\xff\x0e\xbf\
\xdf:\x00\x00\x0b\xba\x0e\xcb%\xa2\x00\x00K\xf7\x0e\xd3\
\x02\xed\x00\x00u\xea\x0e\xe1~\xa3\x00\x00\x12u\x0e\xe1\
~\xa3\x00\x00X\x83\x0e\xe8\x9b\xb2\x00\x00\xde~\x0e\xf3\
\x11C\x00\x00\xcc\xf1\x0f\x02\xcd\xe4\x00\x00\xe2\x9f\x0f\x03\
\xb7\xa1\x00\x00\xa0!\x0f\x07gi\x00\x00`T\x0f\x0e\
\x89.\x00\x00Ry\x0f\x19\x22<\x00\x00\x0f\xd5\x0f\x19\
\x22<\x00\x00U\xf4\x0f s\xf1\x00\x00\x072\x0f!\
o\xdd\x00\x00\x04\xd1\x0f'\xa1v\x00\x00\x97\x9a\x0f'\
\xa1v\x00\x00\xa7\xc6\x0f'\xf1\xfb\x00\x00\x07\x08\x0f'\
\xf1\xfb\x00\x00P:\x0f3\x9a\x85\x00\x00\x90\x8c\x0f3\
\x9a\x85\x00\x00\xb0\xfa\x0f9@\xe8\x00\x00\x07e\x0fK\
e5\x00\x00\xd5X\x0fL\xa1\xb3\x00\x00\x22|\x0fW\
\xb8i\x00\x00a\x8d\x0fX\x1aC\x00\x00\xe0\xb5\x0fn\
1U\x00\x00g\x8a\x0f\x85\xef\xbe\x00\x00)^\x0f\x8a\
3\xb5\x00\x00l\xfd\x0f\x8a3\xb5\x00\x00\xa3x\x0f\x93\
gi\x00\x00`\xa7\x0f\x96\xf2!\x00\x00M\x0c\x0f\x98\
N\xf4\x00\x00\x8e\x8b\x0f\x98N\xf4\x00\x00\xc2!\x0f\x99\
+e\x00\x00\xce\xd1\x0f\x9eH$\x00\x00\xcb\xf6\x0f\xa1\
3H\x00\x000-\x0f\xadN]\x00\x00\xcdn\x0f\xc0\
w!\x00\x00\x07\xdf\x0f\xc4\xac.\x00\x00\xef\x18\x0f\xc9\
X\x97\x00\x00J\xed\x0f\xc9X\x97\x00\x00\x88\x07\x0f\xc9\
X\x97\x00\x00\xc4\xaa\x0f\xcc\xa8\xc4\x00\x00\x1d[\x0f\xd4\
\x9eI\x00\x00\x91(\x0f\xd5U\xb3\x00\x00t$\x0f\xd8\
\xdc\x1e\x00\x00\xdb\xdc\x0f\xee\x1e\xe5\x00\x00\x01y\x0f\xee\
\x1e\xe5\x00\x00\xa6\x9d\x0f\xef/\xd4\x00\x00aE\x0f\xf4\
\xee^\x00\x00.\xb2\x0f\xf5]#\x00\x00\xd67i\x00\
\x00\xf5\x98\x03\x00\x00\x00\x0e\xbc\x84\xc8\x04\x00 \xc5\xc5\
\xb3p\xc7t\xd2\xb8\x08\x00\x00\x00\x00\x06\x00\x00\x00\x0e\
Version Update\x07\x00\
\x00\x00\x08@default\x01\x03\x00\x00\x00\
H\x00{\x00k\x00e\x00y\x00}\x00 \xc7@\x00\
(\xb2\x94\x00)\x00 \xc7 \xd6\xa8\xd5X\xc9\xc0\x00\
 \xc5J\xc2\xb5\xb2\xc8\xb2\xe4\x00.\x00 \xb2\xe8\xcd\
\x95\xd0\xa4\x00 \xc1$\xc8\x15\xc7D\x00 \xd6U\xc7\
x\xd5X\xc18\xc6\x94\x00!\x08\x00\x00\x00\x00\x06\x00\
\x00\x001{key} is inva\
lid, please chec\
k the hotkey con\
fig!\x07\x00\x00\x00\x08@defaul\
t\x01\x03\x00\x00\x00\x0c\xc5q\x00 \xc5\xc5\xb3p\xc7\
t\xd2\xb8\x08\x00\x00\x00\x00\x06\x00\x00\x00\x0aApp\
 update\x07\x00\x00\x00\x08Abou\
tTab\x01\x03\x00\x00\x00\x14\xba\x85\xc7|\xbc)\
\xc8\xfc\x00:\x00 \xc5\xd4\xb4\xdc\xd5D\xb4\xdc\x08\x00\
\x00\x00\x00\x06\x00\x00\x00\x13Arknight\
s: Endfield\x07\x00\x00\x00\x08\
AboutTab\x01\x03\x00\x00\x00\x0a\xbc\xa0\
\xd0\xc0\x00 \xbc\x84\xc8\x04\x08\x00\x00\x00\x00\x06\x00\x00\
\x00\x0cBeta Version\x07\x00\
\x00\x00\x08AboutTab\x01\x03\x00\x00\x00\
\x18\xcet\xc6$\xc2\xa4\x00 \xc8\x1c\xb8\x5c\x00 \xb0\
\x98\xc7t\xd2\xb8\xbaT\xc5\xb4\x08\x00\x00\x00\x00\x06\x00\
\x00\x00\x14Chaos Zero Ni\
ghtmare\x07\x00\x00\x00\x08Abou\
tTab\x01\x03\x00\x00\x00\x0a\xbat\xccE\x00 \
\xc8p\xd5m\x08\x00\x00\x00\x00\x06\x00\x00\x00\x0aDi\
sclaimer\x07\x00\x00\x00\x08Abo\
utTab\x01\x03\x00\x00\x00P\xb2\xe4\xc6\xb4\xad\
\xf8\xb8\x08\xc7t\xb4\xdc\x00 \xc11\xac\xf5\x00 \x00\
{\x00f\x00r\x00o\x00m\x00_\x00v\x00e\x00\
r\x00s\x00i\x00o\x00n\x00}\x00 \x00-\x00\
>\x00 \x00{\x00t\x00o\x00_\x00v\x00e\x00\
r\x00s\x00i\x00o\x00n\x00}\x08\x00\x00\x00\x00\
\x06\x00\x00\x000Downgrade s\
uccess {from_ver\
sion} -> {to_ver\
sion}\x07\x00\x00\x00\x08AboutT\
ab\x01\x03\x00\x00\x00\x16\xb5\x14\xbc\x84\xad\xf8\x00 \
\xbc\x84\xc8\x04\x00 \xb2\xe4\xc6\xb4\xb8\x5c\xb4\xdc\x08\x00\
\x00\x00\x00\x06\x00\x00\x00\x0eDownload\
 Debug\x07\x00\x00\x00\x08About\
Tab\x01\x03\x00\x00\x00\x12\xb2\xe4\xc6\xb4\xb8\x5c\xb4\
\xdc\x00 \xc6$\xb9X\x00:\x00 \x08\x00\x00\x00\x00\
\x06\x00\x00\x00\x0fDownload Er\
ror:\x07\x00\x00\x00\x08AboutTa\
b\x01\x03\x00\x00\x00\x16\xb9\xb4\xb9\xac\xc2\xa4\x00 \xbc\
\x84\xc8\x04\x00 \xb2\xe4\xc6\xb4\xb8\x5c\xb4\xdc\x08\x00\x00\
\x00\x00\x06\x00\x00\x00\x10Download \
Release\x07\x00\x00\x00\x08Abou\
tTab\x01\x03\x00\x00\x00\x14\xb4\xc0\xc5\xe3\x00 \
\xb0\x98\xc7t\xd2\xb8\x00 \xc5\xb4\xbeD\xc2\xa4\x08\x00\
\x00\x00\x00\x06\x00\x00\x00\x10Duet Nig\
ht Abyss\x07\x00\x00\x00\x08Abo\
utTab\x01\x03\x00\x00\x00\x0c\xc1\x8c\xb1@\xc8\
\x04\xc1 \x00 \x002\x08\x00\x00\x00\x00\x06\x00\x00\x00\
\x12Girls' Frontlin\
e 2\x07\x00\x00\x00\x08AboutTab\
\x01\x03\x00\x00\x00\x04\xc7t\xd6X\x08\x00\x00\x00\x00\x06\
\x00\x00\x00\x15Neverness to\
 Everness\x07\x00\x00\x00\x08Ab\
outTab\x01\x03\x00\x00\x00\x06\xc7L\xc5\x91\
\xc0\xac\x08\x00\x00\x00\x00\x06\x00\x00\x00\x07Onmy\
oji\x07\x00\x00\x00\x08AboutTab\
\x01\x03\x00\x00\x00\x0e\xad\x00\xb8(\x00 \xd5\x04\xb8\x5c\
\xc8\x1d\xd2\xb8\x08\x00\x00\x00\x00\x06\x00\x00\x00\x0eOt\
her Projects\x07\x00\x00\x00\
\x08AboutTab\x01\x03\x00\x00\x00\x0a\xc5\
H\xc8\x15\x00 \xbc\x84\xc8\x04\x08\x00\x00\x00\x00\x06\x00\
\x00\x00\x0eStable Versio\
n\x07\x00\x00\x00\x08AboutTab\x01\x03\
\x00\x00\x00\x0a\xbc\xc4\xc7X\x00 \xac\xf5\xba\x85\x08\x00\
\x00\x00\x00\x06\x00\x00\x00\x0eStar Res\
onance\x07\x00\x00\x00\x08About\
Tab\x01\x03\x00\x00\x00L\xc5\xc5\xb3p\xc7t\xd2\
\xb8\x00 \xc11\xac\xf5\x00 \x00{\x00f\x00r\x00\
o\x00m\x00_\x00v\x00e\x00r\x00s\x00i\x00\
o\x00n\x00}\x00 \x00-\x00>\x00 \x00{\x00\
t\x00o\x00_\x00v\x00e\x00r\x00s\x00i\x00\
o\x00n\x00}\x08\x00\x00\x00\x00\x06\x00\x00\x00-U\
pdate success {f\
rom_version} -> \
{to_version}\x07\x00\x00\x00\
\x08AboutTab\x01\x03\x00\x00\x00\x16\xba\
\x85\xc8p\x00:\x00 \xc6\xcc\xb3T\xb9\xc1\x00 \xc6\
\xe8\xc7t\xbe\x0c\x08\x00\x00\x00\x00\x06\x00\x00\x00\x0fW\
uthering Waves\x07\x00\
\x00\x00\x08AboutTab\x01\x03\x00\x00\x00\
\x18\x00o\x00k\x00-\x00p\x00y\x00 \xc7\x90\xb3\
\xd9\xd6T\x00 \xb3\xc4\xadl\x08\x00\x00\x00\x00\x06\x00\
\x00\x00\x15ok-py Automat\
ion Tool\x07\x00\x00\x00\x08Abo\
utTab\x01\x03\x00\x00\x00\x1e\x00o\x00k\x00\
-\x00s\x00c\x00r\x00i\x00p\x00t\x00 \xc5\
q\x00 \xd1\x5c\xd5\x0c\xb9\xbf\x08\x00\x00\x00\x00\x06\x00\
\x00\x00\x16ok-script App\
 Template\x07\x00\x00\x00\x08Ab\
outTab\x01\x03\x00\x00\x00Z\xac\x8c\xc7\x84\
\x00 \x00I\x00D\x00(\xc6\x08\x00:\x00 \x001\
\x000\x002\x006\x003\x000\x006\x001\x002\
\x003\x004\x005\x00)\xb2\x94\x00 \xc7t\x00 \
\xac\xc4\xc8\x15\xc5\xd0\x00 \xad\xc0\xc1\x8d\xb4\x18\xc5\xb4\
\x00 \xbc\xc0\xac\xbd\xd5`\x00 \xc2\x18\x00 \xc5\xc6\
\xc2\xb5\xb2\xc8\xb2\xe4\x08\x00\x00\x00\x00\x06\x00\x00\x00L\
\xe4\xbd\xa0\xe7\x9a\x84\xe6\xb8\xb8\xe6\x88\x8f\xe7\xbc\x96\xe5\
\x8f\xb7, \xe5\xa6\x82102630612\
345, \xe5\xb0\x86\xe4\xbc\x9a\xe7\xbb\x91\xe5\xae\
\x9a\xe6\xad\xa4\xe8\xb4\xa6\xe5\x8f\xb7\xe4\xbd\xbf\xe7\x94\xa8\
\xe6\x97\xa0\xe6\xb3\x95\xe6\x9b\xb4\xe6\x94\xb9\x07\x00\x00\x00\
\x09ActWindow\x01\x03\x00\x00\x00\x06\
\xd6\x5c\xc11\xd6T\x08\x00\x00\x00\x00\x06\x00\x00\x00\x06\
\xe6\xbf\x80\xe6\xb4\xbb\x07\x00\x00\x00\x09ActWi\
ndow\x01\x03\x00\x00\x00\x0c\xd6\x5c\xc11\xd6T\
\x00 \xcfT\xb4\xdc\x08\x00\x00\x00\x00\x06\x00\x00\x00\x09\
\xe6\xbf\x80\xe6\xb4\xbb\xe7\xa0\x81\x07\x00\x00\x00\x09Ac\
tWindow\x01\x03\x00\x00\x00\x06\xcc\xb4\xd5\
\xd8\xd3\x10\x08\x00\x00\x00\x00\x06\x00\x00\x00\x06\xe8\xaf\x95\
\xe7\x94\xa8\x07\x00\x00\x00\x09ActWindo\
w\x01\x03\x00\x00\x00\x1c\xac\x8c\xc7\x84\x00 \x00I\x00\
D\xb9|\x00 \xc7\x85\xb8%\xd5t\xc8\xfc\xc18\xc6\
\x94\x00!\x08\x00\x00\x00\x00\x06\x00\x00\x00\x16\xe8\xaf\xb7\
\xe8\xbe\x93\xe5\x85\xa5\xe6\xb8\xb8\xe6\x88\x8f\xe7\xbc\x96\xe5\
\x8f\xb7!\x07\x00\x00\x00\x09ActWindo\
w\x01\x03\x00\x00\x00\x1e\xd6\x5c\xc11\xd6T\x00 \xcf\
T\xb4\xdc\xb9|\x00 \xc7\x85\xb8%\xd5t\xc8\xfc\xc1\
8\xc6\x94\x00!\x08\x00\x00\x00\x00\x06\x00\x00\x00\x13\xe8\
\xaf\xb7\xe8\xbe\x93\xe5\x85\xa5\xe6\xbf\x80\xe6\xb4\xbb\xe7\xa0\
\x81!\x07\x00\x00\x00\x09ActWindow\
\x01\x03\x00\x00\x00\x12\xc1\x8c\xd5\x04\xd2\xb8\xc6\xe8\xc5\xb4\
\x00 \xd6\x5c\xc11\xd6T\x08\x00\x00\x00\x00\x06\x00\x00\
\x00\x0c\xe8\xbd\xaf\xe4\xbb\xb6\xe6\xbf\x80\xe6\xb4\xbb\x07\x00\
\x00\x00\x09ActWindow\x01\x03\x00\x00\
\x00\x0c\xc7x\xc9\x9d\x00 \xc2\xe4\xd3(\x00!\x08\x00\
\x00\x00\x00\x06\x00\x00\x00\x0d\xe9\xaa\x8c\xe8\xaf\x81\xe5\xa4\
\xb1\xe8\xb4\xa5!\x07\x00\x00\x00\x09ActWin\
dow\x01\x03\x00\x00\x00\x0c\xc7x\xc9\x9d\x00 \xc1\
1\xac\xf5\x00!\x08\x00\x00\x00\x00\x06\x00\x00\x00\x0d\xe9\
\xaa\x8c\xe8\xaf\x81\xe6\x88\x90\xe5\x8a\x9f!\x07\x00\x00\x00\
\x09ActWindow\x01\x03\x00\x00\x00\x04\
\xcd\x94\xac\x00\x08\x00\x00\x00\x00\x06\x00\x00\x00\x03Ad\
d\x07\x00\x00\x00\x11AddTextMes\
sageBox\x01\x03\x00\x00\x00\x04\xcd\xe8\xc1\
\x8c\x08\x00\x00\x00\x00\x06\x00\x00\x00\x06Cance\
l\x07\x00\x00\x00\x11AddTextMes\
sageBox\x01\x03\x00\x00\x00\x04\xd6U\xc7\
x\x08\x00\x00\x00\x00\x06\x00\x00\x00\x07Confi\
rm\x07\x00\x00\x00\x11AddTextMe\
ssageBox\x01\x03\x00\x00\x00&\x00'\
\x00{\x00}\x00'\x00 \xc7D\x00(\xb9|\x00)\
\x00 \xc0\xad\xc8\x1c\xd5X\xc2\xdc\xac\xa0\xc2\xb5\xb2\xc8\
\xaeL\x00?\x08\x00\x00\x00\x00\x06\x00\x00\x00%Ar\
e you sure you w\
ant to delete '{\
}'?\x07\x00\x00\x00\x10Annotati\
onCanvas\x01\x03\x00\x00\x00\x0a\xc0\xad\
\xc8\x1c\x00 \xd6U\xc7x\x08\x00\x00\x00\x00\x06\x00\x00\
\x00\x0eConfirm Delete\
\x07\x00\x00\x00\x10AnnotationC\
anvas\x01\x03\x00\x00\x00\x06\xc5\xb4\xb4a\xac\
\x8c\x08\x00\x00\x00\x00\x06\x00\x00\x00\x04Dark\x07\
\x00\x00\x00\x0fAppConfigWid\
get\x01\x03\x00\x00\x00\x04\xbc\x1d\xac\x8c\x08\x00\x00\
\x00\x00\x06\x00\x00\x00\x05Light\x07\x00\x00\x00\
\x0fAppConfigWidget\
\x01\x03\x00\x00\x00\x04\xd1L\xb9\xc8\x08\x00\x00\x00\x00\x06\
\x00\x00\x00\x05Theme\x07\x00\x00\x00\x0fAp\
pConfigWidget\x01\x03\x00\
\x00\x00\x1e\x00'\x00{\x00}\x00'\x00 \xc5\xd0\x00\
 \xc7t\xbb\xf8\x00 \xc8t\xc7\xac\xd5i\xb2\xc8\xb2\
\xe4\x08\x00\x00\x00\x00\x06\x00\x00\x00\x16Alrea\
dy exists in '{}\
'\x07\x00\x00\x00\x0aBBoxDialog\
\x01\x03\x00\x00\x00\x0c\xbc\x14\xc6\xb4\xb5)\x00 \xbc\x15\
\xc2\xa4\x08\x00\x00\x00\x00\x06\x00\x00\x00\x0cBoun\
ding Box\x07\x00\x00\x00\x0aBBo\
xDialog\x01\x03\x00\x00\x00\x04\xcd\xe8\xc1\
\x8c\x08\x00\x00\x00\x00\x06\x00\x00\x00\x06Cance\
l\x07\x00\x00\x00\x0aBBoxDialog\
\x01\x03\x00\x00\x00\x0e\xcet\xd1L\xac\xe0\xb9\xac\x00 \
\xc7t\xb9\x84\x08\x00\x00\x00\x00\x06\x00\x00\x00\x0dCa\
tegory name\x07\x00\x00\x00\x0a\
BBoxDialog\x01\x03\x00\x00\x00\x0a\
\xcet\xd1L\xac\xe0\xb9\xac\x00:\x08\x00\x00\x00\x00\x06\
\x00\x00\x00\x09Category:\x07\x00\x00\
\x00\x0aBBoxDialog\x01\x03\x00\x00\
\x00\x06\xb1\x92\xc7t\x00:\x08\x00\x00\x00\x00\x06\x00\x00\
\x00\x07Height:\x07\x00\x00\x00\x0aBB\
oxDialog\x01\x03\x00\x00\x00\x12\xc7t\
\xb9\x84\xc7@\x00 \xd5D\xc2\x18\xc7\x85\xb2\xc8\xb2\xe4\
\x08\x00\x00\x00\x00\x06\x00\x00\x00\x0dName r\
equired\x07\x00\x00\x00\x0aBBox\
Dialog\x01\x03\x00\x00\x00\x04\xd6U\xc7x\
\x08\x00\x00\x00\x00\x06\x00\x00\x00\x02OK\x07\x00\x00\x00\
\x0aBBoxDialog\x01\x03\x00\x00\x00\
\x06\xb1\x08\xbeD\x00:\x08\x00\x00\x00\x00\x06\x00\x00\x00\
\x06Width:\x07\x00\x00\x00\x0aBBox\
Dialog\x01\x03\x00\x00\x00\x1c\xc2\xdc\xc7\x91\
\x00 \xbaT\xb2t\xc5\xd0\x00 \xbc\x14\xb8\x5c\xac\x00\
\xae0\x00 \xcd\x94\xac\x00\x08\x00\x00\x00\x00\x06\x00\x00\
\x00\x17Add Start Menu\
 Shortcut\x07\x00\x00\x00\x0aCo\
nfigCard\x01\x03\x00\x00\x00\x0c\xc1$\
\xc8\x15\x00 \xcd\x08\xae0\xd6T\x08\x00\x00\x00\x00\x06\
\x00\x00\x00\x0cReset Config\
\x07\x00\x00\x00\x0aConfigCard\x01\
\x03\x00\x00\x00\x04\xcd\xe8\xc1\x8c\x08\x00\x00\x00\x00\x06\x00\
\x00\x00\x06Cancel\x07\x00\x00\x00\x0eCo\
pyTaskDialog\x01\x03\x00\x00\
\x00\x04\xd6U\xc7x\x08\x00\x00\x00\x00\x06\x00\x00\x00\x07\
Confirm\x07\x00\x00\x00\x0eCopy\
TaskDialog\x01\x03\x00\x00\x00\x0a\
\xc7\x91\xc5\xc5\x00 \xbc\xf5\xc0\xac\x08\x00\x00\x00\x00\x06\
\x00\x00\x00\x09Copy Task\x07\x00\x00\
\x00\x0eCopyTaskDialog\
\x01\x03\x00\x00\x00\x18\xbc\xf5\xc0\xac\xd5`\x00 \xc7\x91\
\xc5\xc5\x00 \xc1 \xd0\xdd\x00.\x00.\x00.\x08\x00\
\x00\x00\x00\x06\x00\x00\x00\x16Select t\
ask to copy...\x07\x00\
\x00\x00\x0eCopyTaskDialo\
g\x01\x03\x00\x00\x00\x16\x00(\x000\x00 \x00=\x00\
 \xbeD\xd6\x5c\xc11\xd6T\xb4(\x00)\x08\x00\x00\
\x00\x00\x06\x00\x00\x00\x0e(0 = disa\
bled)\x07\x00\x00\x00\x18Create\
ScheduleTaskDial\
og\x01\x03\x00\x00\x00\x08\x002\x004\xc2\xdc\xac\x04\
\x08\x00\x00\x00\x00\x06\x00\x00\x00\x0324h\x07\x00\x00\
\x00\x18CreateSchedule\
TaskDialog\x01\x03\x00\x00\x00$\
\xc7\x91\xc5\xc5\x00 \xc6D\xb8\xcc\x00 \xd6\xc4\x00 \
\xc7\x90\xb3\xd9\x00 \xc8\x85\xb8\xcc\x00 \x00(\x00-\
\x00e\x00)\x08\x00\x00\x00\x00\x06\x00\x00\x00\x1eAu\
to exit after ta\
sk done (-e)\x07\x00\x00\x00\
\x18CreateScheduleT\
askDialog\x01\x03\x00\x00\x00\x04\xcd\
\xe8\xc1\x8c\x08\x00\x00\x00\x00\x06\x00\x00\x00\x06Can\
cel\x07\x00\x00\x00\x18CreateSc\
heduleTaskDialog\
\x01\x03\x00\x00\x00\x04\xc0\xdd\xc11\x08\x00\x00\x00\x00\x06\
\x00\x00\x00\x06Create\x07\x00\x00\x00\x18C\
reateScheduleTas\
kDialog\x01\x03\x00\x00\x00\x10\xc6\x08\xc5\
}\x00 \xc7\x91\xc5\xc5\x00 \xc0\xdd\xc11\x08\x00\x00\
\x00\x00\x06\x00\x00\x00\x14Create Sc\
hedule Task\x07\x00\x00\x00\x18\
CreateScheduleTa\
skDialog\x01\x03\x00\x00\x00\x0c\xc0\xac\
\xc6\xa9\xc7\x90\x00 \xc8\x15\xc7X\x08\x00\x00\x00\x00\x06\
\x00\x00\x00\x06Custom\x07\x00\x00\x00\x18C\
reateScheduleTas\
kDialog\x01\x03\x00\x00\x00\x12\xc0\xac\xc6\
\xa9\xc7\x90\x00 \xc8\x15\xc7X\x00 \xac\x04\xac\xa9\x08\
\x00\x00\x00\x00\x06\x00\x00\x00\x0fCustom \
Interval\x07\x00\x00\x00\x18Cre\
ateScheduleTaskD\
ialog\x01\x03\x00\x00\x00\x04\xb9\xe4\xc7|\x08\
\x00\x00\x00\x00\x06\x00\x00\x00\x05Daily\x07\x00\
\x00\x00\x18CreateSchedul\
eTaskDialog\x01\x03\x00\x00\x00\
\x02\xc7|\x08\x00\x00\x00\x00\x06\x00\x00\x00\x04Day\
s\x07\x00\x00\x00\x18CreateSche\
duleTaskDialog\x01\x03\
\x00\x00\x00\x04\xc2\xdc\xac\x04\x08\x00\x00\x00\x00\x06\x00\x00\
\x00\x04Hour\x07\x00\x00\x00\x18Creat\
eScheduleTaskDia\
log\x01\x03\x00\x00\x00\x04\xc2\xdc\xac\x04\x08\x00\x00\
\x00\x00\x06\x00\x00\x00\x05Hours\x07\x00\x00\x00\
\x18CreateScheduleT\
askDialog\x01\x03\x00\x00\x00\x02\xbd\
\x84\x08\x00\x00\x00\x00\x06\x00\x00\x00\x06Minut\
e\x07\x00\x00\x00\x18CreateSche\
duleTaskDialog\x01\x03\
\x00\x00\x00\x04\xb9\xe4\xc6\xd4\x08\x00\x00\x00\x00\x06\x00\x00\
\x00\x07Monthly\x07\x00\x00\x00\x18Cr\
eateScheduleTask\
Dialog\x01\x03\x00\x00\x00\x18\xc0\xac\xc6\xa9\
\x00 \xac\x00\xb2\xa5\xd5\x5c\x00 \xc7\x91\xc5\xc5\x00 \
\xc5\xc6\xc7L\x08\x00\x00\x00\x00\x06\x00\x00\x00\x12No\
 tasks available\
\x07\x00\x00\x00\x18CreateSched\
uleTaskDialog\x01\x03\x00\
\x00\x00\x06\xd5\x5c\x00 \xbc\x88\x08\x00\x00\x00\x00\x06\x00\
\x00\x00\x04Once\x07\x00\x00\x00\x18Crea\
teScheduleTaskDi\
alog\x01\x03\x00\x00\x00\x0a\xc7\x91\xc5\xc5\x00 \
\xc1 \xd0\xdd\x08\x00\x00\x00\x00\x06\x00\x00\x00\x0bSe\
lect Task\x07\x00\x00\x00\x18Cr\
eateScheduleTask\
Dialog\x01\x03\x00\x00\x00\x0a\xc2\xdc\xc7\x91\
\x00 \xc2\xdc\xac\x04\x08\x00\x00\x00\x00\x06\x00\x00\x00\x0a\
Start Time\x07\x00\x00\x00\x18C\
reateScheduleTas\
kDialog\x01\x03\x00\x00\x00\x0a\xc2\xdc\xc7\
\x91\x00 \xc65\xc1X\x08\x00\x00\x00\x00\x06\x00\x00\x00\
\x0fStartup Options\
\x07\x00\x00\x00\x18CreateSched\
uleTaskDialog\x01\x03\x00\
\x00\x00\x0a\xc2\xdc\xac\x04\x00 \xcd\x08\xac\xfc\x08\x00\x00\
\x00\x00\x06\x00\x00\x00\x07Timeout\x07\x00\
\x00\x00\x18CreateSchedul\
eTaskDialog\x01\x03\x00\x00\x00\
\x0c\xd2\xb8\xb9\xac\xacp\x00 \xc7 \xd6\x15\x08\x00\x00\
\x00\x00\x06\x00\x00\x00\x0cTrigger T\
ype\x07\x00\x00\x00\x18CreateSc\
heduleTaskDialog\
\x01\x03\x00\x00\x00\x04\xb9\xe4\xc8\xfc\x08\x00\x00\x00\x00\x06\
\x00\x00\x00\x06Weekly\x07\x00\x00\x00\x18C\
reateScheduleTas\
kDialog\x01\x03\x00\x00\x00\x18\xc2\xdc\xac\
\x04\x00 \x00(\x000\x00 \x00=\x00 \xbb4\xc8\
\x1c\xd5\x5c\x00)\x08\x00\x00\x00\x00\x06\x00\x00\x00\x15h\
ours (0 = unlimi\
ted)\x07\x00\x00\x00\x18CreateS\
cheduleTaskDialo\
g\x01\x03\x00\x00\x00\x04\xcd\xe8\xc1\x8c\x08\x00\x00\x00\x00\
\x06\x00\x00\x00\x06Cancel\x07\x00\x00\x00\x10\
CreateTaskDialog\
\x01\x03\x00\x00\x00\x18\xd0t\xb7\x98\xc2\xa4\x00 \xc7t\
\xb9\x84\x00 \x00(\xc6\x01\xc5\xb4\xb9\xcc\x00)\x08\x00\
\x00\x00\x00\x06\x00\x00\x00\x19Class Na\
me (English only\
)\x07\x00\x00\x00\x10CreateTask\
Dialog\x01\x03\x00\x00\x00\x04\xd6U\xc7x\
\x08\x00\x00\x00\x00\x06\x00\x00\x00\x07Confir\
m\x07\x00\x00\x00\x10CreateTask\
Dialog\x01\x03\x00\x00\x00\x0a\xc7\x91\xc5\xc5\
\x00 \xc0\xdd\xc11\x08\x00\x00\x00\x00\x06\x00\x00\x00\x0b\
Create Task\x07\x00\x00\x00\x10\
CreateTaskDialog\
\x01\x03\x00\x00\x00\x0e\xc1$\xba\x85\x00 \x00(\xc1 \
\xd0\xdd\x00)\x08\x00\x00\x00\x00\x06\x00\x00\x00\x16De\
scription (Optio\
nal)\x07\x00\x00\x00\x10CreateT\
askDialog\x01\x03\x00\x00\x00\x0a\xc7\
\x91\xc5\xc5\x00 \xc7t\xb9\x84\x08\x00\x00\x00\x00\x06\x00\
\x00\x00\x09Task Name\x07\x00\x00\x00\
\x10CreateTaskDialo\
g\x01\x03\x00\x00\x00\x04\xd68\xcd\x9c\x08\x00\x00\x00\x00\
\x06\x00\x00\x00\x04Call\x07\x00\x00\x00\x08De\
bugTab\x01\x03\x00\x00\x00\x0e\xc2\xa4\xd0l\
\xb9\xb0\xc0\xf7\x00 \xce\xa1\xcc\x98\x08\x00\x00\x00\x00\x06\
\x00\x00\x00\x12Capture Scre\
enshot\x07\x00\x00\x00\x08Debug\
Tab\x01\x03\x00\x00\x00\x0a\xce\xa1\xcc\x98\x00 \xc1\
1\xac\xf5\x08\x00\x00\x00\x00\x06\x00\x00\x00\x0fCap\
ture Success\x07\x00\x00\x00\
\x08DebugTab\x01\x03\x00\x00\x00\x10\xce\
\xa1\xcc\x98\xac\x00\x00 \xbeD\xc5\xb4\xc7\x88\xc7L\x08\
\x00\x00\x00\x00\x06\x00\x00\x00\x15Capture\
 returned None\x07\x00\
\x00\x00\x08DebugTab\x01\x03\x00\x00\x00\
\x16\x00i\x001\x008\x00n\x00 \xd3\x0c\xc7|\x00\
 \xce\xf4\xd3\x0c\xc7|\x08\x00\x00\x00\x00\x06\x00\x00\x00\
\x12Convert i18n fi\
les\x07\x00\x00\x00\x08DebugTab\
\x01\x03\x00\x00\x00\x14\x00T\x00a\x00s\x00k\x00 \
\xd5h\xc2\x18\x00 \xd68\xcd\x9c\x08\x00\x00\x00\x00\x06\
\x00\x00\x00\x13Debug Task F\
unction\x07\x00\x00\x00\x08Debu\
gTab\x01\x03\x00\x00\x00\x0c\xb5\x14\xbc\x84\xad\xf8\
\x00 \xb3\xc4\xadl\x08\x00\x00\x00\x00\x06\x00\x00\x00\x0a\
Debug Tool\x07\x00\x00\x00\x08D\
ebugTab\x01\x03\x00\x00\x00\x1a\xc2\xa4\xd0\
l\xb9\xb0\xc0\xf7\x00 \xc1 \xd0\xdd\x00 \xb6\x10\xb2\
\x94\x00 \xb4\xdc\xb8m\x08\x00\x00\x00\x00\x06\x00\x00\x00\
\x19Drop or Select \
Screenshot\x07\x00\x00\x00\x08D\
ebugTab\x01\x03\x00\x00\x00,\xc2\xa4\xb8\
\x08\xb4\xdc\x00 \xb3d\xd5\x04\x00(\xb2\xe8\xcd\x95\xd0\
\xa4\x00:\x00C\x00t\x00r\x00l\x00+\x00A\x00\
l\x00t\x00+\x00D\x00)\x08\x00\x00\x00\x00\x06\x00\
\x00\x00\x1fDump Threads(\
HotKey:Ctrl+Alt+\
D)\x07\x00\x00\x00\x08DebugTab\x01\
\x03\x00\x00\x00\x14\x00i\x001\x008\x00n\x00 \xd3\
\x0c\xc7|\x00 \xc0\xdd\xc11\x08\x00\x00\x00\x00\x06\x00\
\x00\x00\x13Generate i18n\
 files\x07\x00\x00\x00\x08Debug\
Tab\x01\x03\x00\x00\x000\xce\xa1\xcc\x98\x00 \xbc\
)\xc2\xdd\xc7D\x00 \xc0\xac\xc6\xa9\xd5`\x00 \xc2\
\x18\x00 \xc5\xc6\xacp\xb0\x98\x00 \xc1 \xd0\xdd\xb4\
\x18\xc9\xc0\x00 \xc5J\xc7L\x08\x00\x00\x00\x00\x06\x00\
\x00\x00 No Capture Av\
ailable or Selec\
ted\x07\x00\x00\x00\x08DebugTab\
\x01\x03\x00\x00\x00\x18\x00O\x00C\x00R\xc7t\x00 \
\xadl\xc11\xb4\x18\xc9\xc0\x00 \xc5J\xc7L\x08\x00\
\x00\x00\x00\x06\x00\x00\x00\x11No OCR c\
onfigured\x07\x00\x00\x00\x08De\
bugTab\x01\x03\x00\x00\x000\xc1\x8d\xc11\
\x00 \xb6\x10\xb2\x94\x00 \xd5h\xc2\x18\x00 \xc5\xc6\
\xc7L\x00:\x00 \x00{\x00f\x00u\x00n\x00c\
\x00_\x00n\x00a\x00m\x00e\x00}\x08\x00\x00\x00\
\x00\x06\x00\x00\x00\x19No such at\
tr: {func_name}\x07\
\x00\x00\x00\x08DebugTab\x01\x03\x00\x00\
\x00&\x00O\x00C\x00R\x00 \xd68\xcd\x9c\x00 \
\xc11\xac\xf5\x00:\x00 \x00{\x00r\x00e\x00s\
\x00u\x00l\x00t\x00}\x08\x00\x00\x00\x00\x06\x00\x00\
\x00\x15OCR success: {\
result}\x07\x00\x00\x00\x08Debu\
gTab\x01\x03\x00\x00\x00\x10\xb8\x5c\xad\xf8\x00 \
\xd3\xf4\xb3T\x00 \xc5\xf4\xae0\x08\x00\x00\x00\x00\x06\
\x00\x00\x00\x09Open Logs\x07\x00\x00\
\x00\x08DebugTab\x01\x03\x00\x00\x00\x0e\
\xc2\xa4\xd0l\xb9\xb0\xc0\xf7\x00 \xc1 \xd0\xdd\x08\x00\
\x00\x00\x00\x06\x00\x00\x00\x12Select S\
creenshots\x07\x00\x00\x00\x08D\
ebugTab\x01\x03\x00\x00\x00\x16\xd5h\xc2\
\x18\x00 \xb6\x10\xb2\x94\x00 \xc1\x8d\xc11\x00 \xc7\
\x85\xb8%\x08\x00\x00\x00\x00\x06\x00\x00\x00\x1bTyp\
e a function or \
property\x07\x00\x00\x00\x08Deb\
ugTab\x01\x03\x00\x00\x00\x1e\xd68\xcd\x9c\x00\
 \xc11\xac\xf5\x00:\x00 \x00{\x00r\x00e\x00\
s\x00u\x00l\x00t\x00}\x08\x00\x00\x00\x00\x06\x00\
\x00\x00\x16call success:\
 {result}\x07\x00\x00\x00\x08De\
bugTab\x01\x03\x00\x00\x00\x1c\x00{\x00n\
\x00u\x00m\x00}\xac\x1c\x00 \xc7t\xbb\xf8\xc9\xc0\
\x00 \xc1 \xd0\xdd\xb4(\x08\x00\x00\x00\x00\x06\x00\x00\
\x00\x15{num} images s\
elected\x07\x00\x00\x00\x08Debu\
gTab\x01\x03\x00\x00\x00\x06\x00A\x00D\x00B\
\x08\x00\x00\x00\x00\x06\x00\x00\x00\x03ADB\x07\x00\x00\
\x00\x0bEditTaskTab\x01\x03\x00\
\x00\x00\x1c\x00{\x00}\x00 \xb9|\x00 \xc0\xad\xc8\
\x1c\xd5X\xc2\xdc\xac\xa0\xc2\xb5\xb2\xc8\xaeL\x00?\x08\
\x00\x00\x00\x00\x06\x00\x00\x00#Are you\
 sure you want t\
o delete {}?\x07\x00\x00\x00\
\x0bEditTaskTab\x01\x03\x00\x00\
\x00\x04\xbc\x15\xc2\xa4\x08\x00\x00\x00\x00\x06\x00\x00\x00\x03\
Box\x07\x00\x00\x00\x0bEditTask\
Tab\x01\x03\x00\x00\x00\x04\xcd\xe8\xc1\x8c\x08\x00\x00\
\x00\x00\x06\x00\x00\x00\x06Cancel\x07\x00\x00\
\x00\x0bEditTaskTab\x01\x03\x00\
\x00\x00\x0c\xc7\x91\xc5\xc5\x00 \xc1 \xd0\xdd\x00:\x08\
\x00\x00\x00\x00\x06\x00\x00\x00\x0cChoose \
Task:\x07\x00\x00\x00\x0bEditTa\
skTab\x01\x03\x00\x00\x00\x0a\xc0\xad\xc8\x1c\x00\
 \xd6U\xc7x\x08\x00\x00\x00\x00\x06\x00\x00\x00\x0eC\
onfirm Delete\x07\x00\x00\
\x00\x0bEditTaskTab\x01\x03\x00\
\x00\x00\x04\xc8\x1c\xc5\xb4\x08\x00\x00\x00\x00\x06\x00\x00\x00\
\x07Control\x07\x00\x00\x00\x0bEdi\
tTaskTab\x01\x03\x00\x00\x00\x0a\xc7\x91\
\xc5\xc5\x00 \xbc\xf5\xc0\xac\x08\x00\x00\x00\x00\x06\x00\x00\
\x00\x09Copy Task\x07\x00\x00\x00\x0b\
EditTaskTab\x01\x03\x00\x00\x00\
*\x00{\x00}\x00 \xc7X\x00 \xc1\x8c\xc2\xa4\x00\
 \xd3\x0c\xc7|\xc7D\x00 \xcc>\xc7D\x00 \xc2\
\x18\x00 \xc5\xc6\xc2\xb5\xb2\xc8\xb2\xe4\x08\x00\x00\x00\x00\
\x06\x00\x00\x00!Could not f\
ind source file \
for {}\x07\x00\x00\x00\x0bEditT\
askTab\x01\x03\x00\x00\x00\x0e\xc0\xc8\x00 \
\xc7\x91\xc5\xc5\x00 \xc0\xdd\xc11\x08\x00\x00\x00\x00\x06\
\x00\x00\x00\x0fCreate New T\
ask\x07\x00\x00\x00\x0bEditTask\
Tab\x01\x03\x00\x00\x00\x0a\xc7\x91\xc5\xc5\x00 \xc0\
\xdd\xc11\x08\x00\x00\x00\x00\x06\x00\x00\x00\x0bCre\
ate Task\x07\x00\x00\x00\x0bEdi\
tTaskTab\x01\x03\x00\x00\x00\x0a\xc7\x91\
\xc5\xc5\x00 \xc0\xad\xc8\x1c\x08\x00\x00\x00\x00\x06\x00\x00\
\x00\x0bDelete Task\x07\x00\x00\
\x00\x0bEditTaskTab\x01\x03\x00\
\x00\x00\x14\xc2\xa4\xd0l\xb9\xbd\xd2\xb8\x00 \xd4\x5c\xc2\
\xdc\x00 \xc7t\xb9\x84\x08\x00\x00\x00\x00\x06\x00\x00\x00\
\x1bDisplay name fo\
r the script\x07\x00\x00\x00\
\x0bEditTaskTab\x01\x03\x00\x00\
\x00(\xc6\x01\xc5\xb4\x00,\x00 \xc2+\xc7\x90\x00 \
\xbc\x0f\x00 \xc7 \xd6\xa8\xd5\x5c\x00 \xd3\x0c\xc7|\
\xba\x85\x00 \xbb8\xc7\x90\xb9\xcc\x08\x00\x00\x00\x00\x06\
\x00\x00\x00.English, num\
bers and valid f\
ilename chars on\
ly\x07\x00\x00\x00\x0bEditTaskT\
ab\x01\x03\x00\x00\x00\x08\xb0\xb4\xbc\xf4\xb0\xb4\xae0\
\x08\x00\x00\x00\x00\x06\x00\x00\x00\x06Export\
\x07\x00\x00\x00\x0bEditTaskTab\
\x01\x03\x00\x00\x00\x12\xc2\xa4\xd0l\xb9\xbd\xd2\xb8\x00 \
\xb0\xb4\xbc\xf4\xb0\xb4\xae0\x08\x00\x00\x00\x00\x06\x00\x00\
\x00\x0dExport Script\x07\
\x00\x00\x00\x0bEditTaskTab\x01\
\x03\x00\x00\x00\x0e\xb0\xb4\xbc\xf4\xb0\xb4\xae0\x00 \xc2\
\xe4\xd3(\x08\x00\x00\x00\x00\x06\x00\x00\x00\x0dExp\
ort failed\x07\x00\x00\x00\x0bE\
ditTaskTab\x01\x03\x00\x00\x00\x1e\
\xc1\x8c\xc2\xa4\x00 \xd3\x0c\xc7|\x00 \xc7}\xae0\
\x00 \xc2\xe4\xd3(\x00:\x00 \x00{\x00}\x08\x00\
\x00\x00\x00\x06\x00\x00\x00\x1eFailed t\
o read source fi\
le: {}\x07\x00\x00\x00\x0bEditT\
askTab\x01\x03\x00\x00\x00\x0a\xc8\x00\xc7\xa5\
\x00 \xc2\xe4\xd3(\x08\x00\x00\x00\x00\x06\x00\x00\x00\x0e\
Failed to save\x07\x00\
\x00\x00\x0bEditTaskTab\x01\x03\
\x00\x00\x00\x04\xd3\x0c\xc7|\x08\x00\x00\x00\x00\x06\x00\x00\
\x00\x04File\x07\x00\x00\x00\x0bEditT\
askTab\x01\x03\x00\x00\x00\x18\xd3\x0c\xc7|\
\xc7t\x00 \xc6x\xbd\x80\xc5\xd0\xc1\x1c\x00 \xbc\xc0\
\xac\xbd\xb4(\x08\x00\x00\x00\x00\x06\x00\x00\x00\x17Fi\
le Changed Exter\
nally\x07\x00\x00\x00\x0bEditTa\
skTab\x01\x03\x00\x00\x00\x0c\xd3\x0c\xc7|\x00\
 \xc7t\xb9\x84\x00:\x08\x00\x00\x00\x00\x06\x00\x00\x00\
\x0aFile Name:\x07\x00\x00\x00\x0b\
EditTaskTab\x01\x03\x00\x00\x00\
\x06\xac\x00\xc7t\xb4\xdc\x08\x00\x00\x00\x00\x06\x00\x00\x00\
\x05Guide\x07\x00\x00\x00\x0bEditT\
askTab\x01\x03\x00\x00\x00\x12\xc2\xa4\xd0l\
\xb9\xbd\xd2\xb8\x00 \xac\x00\xc88\xc6$\xae0\x08\x00\
\x00\x00\x00\x06\x00\x00\x00\x0dImport S\
cript\x07\x00\x00\x00\x0bEditTa\
skTab\x01\x03\x00\x00\x00\x0e\xac\x00\xc88\xc6\
$\xae0\x00 \xc2\xe4\xd3(\x08\x00\x00\x00\x00\x06\x00\
\x00\x00\x0dImport failed\
\x07\x00\x00\x00\x0bEditTaskTab\
\x01\x03\x00\x00\x00<\xd0t\xb7\x98\xc2\xa4\x00 \xc7t\
\xb9\x84\xc7t\x00 \xc7 \xd6\xa8\xd5X\xc9\xc0\x00 \
\xc5J\xc2\xb5\xb2\xc8\xb2\xe4\x00.\x00 \xc6\x01\xbb8\
\xc7\x90\xb9\xcc\x00 \xc0\xac\xc6\xa9\xd5X\xc18\xc6\x94\
\x00.\x08\x00\x00\x00\x00\x06\x00\x00\x004Inva\
lid Class Name. \
Must be English \
characters only.\
\x07\x00\x00\x00\x0bEditTaskTab\
\x01\x03\x00\x00\x00J\xc7\x98\xba\xbb\xb4\x1c\x00 \xd3\x0c\
\xc7|\x00 \xc7t\xb9\x84\xc7\x85\xb2\xc8\xb2\xe4\x00.\
\x00 \xc6\x01\xc5\xb4\x00,\x00 \xc2+\xc7\x90\x00,\
\x00 \xbc\x11\xc9\x04\x00,\x00 \xd5X\xc7t\xd5\x08\
\xb9\xcc\x00 \xc0\xac\xc6\xa9\xd5X\xc18\xc6\x94\x00.\
\x08\x00\x00\x00\x00\x06\x00\x00\x00KInvali\
d file name. Use\
 English letters\
, numbers, under\
scores, hyphens \
only.\x07\x00\x00\x00\x0bEditTa\
skTab\x01\x03\x00\x00\x00\x02\xd0\xa4\x08\x00\x00\
\x00\x00\x06\x00\x00\x00\x03Key\x07\x00\x00\x00\x0bE\
ditTaskTab\x01\x03\x00\x00\x00\x04\
\xb8\x5c\xaeE\x08\x00\x00\x00\x00\x06\x00\x00\x00\x07Lo\
gging\x07\x00\x00\x00\x0bEditTa\
skTab\x01\x03\x00\x00\x00\x0a\xbb4\xd5\x5c\x00\
 \xbc\x18\xbc\xf5\x08\x00\x00\x00\x00\x06\x00\x00\x00\x0fL\
oop infinitely\x07\x00\
\x00\x00\x0bEditTaskTab\x01\x03\
\x00\x00\x00\x0a\x00x\xbc\x88\x00 \xbc\x18\xbc\xf5\x08\x00\
\x00\x00\x00\x06\x00\x00\x00\x0cLoop x t\
imes\x07\x00\x00\x00\x0bEditTas\
kTab\x01\x03\x00\x00\x00\x06\xb9\xc8\xc6\xb0\xc2\xa4\
\x08\x00\x00\x00\x00\x06\x00\x00\x00\x05Mouse\x07\
\x00\x00\x00\x0bEditTaskTab\x01\
\x03\x00\x00\x00\x0a\xbc\x18\xbc\xf5\x00 \xc5\xc6\xc7L\x08\
\x00\x00\x00\x00\x06\x00\x00\x00\x07No loop\
\x07\x00\x00\x00\x0bEditTaskTab\
\x01\x03\x00\x00\x00\x1a\xb0\xb4\xbc\xf4\xb0\xbc\x00 \xc7\x91\
\xc5\xc5\xc7t\x00 \xc5\xc6\xc2\xb5\xb2\xc8\xb2\xe4\x00.\
\x08\x00\x00\x00\x00\x06\x00\x00\x00\x13No tas\
ks to export.\x07\x00\x00\
\x00\x0bEditTaskTab\x01\x03\x00\
\x00\x00\x06\x00O\x00C\x00R\x08\x00\x00\x00\x00\x06\x00\
\x00\x00\x03OCR\x07\x00\x00\x00\x0bEditT\
askTab\x01\x03\x00\x00\x00\x04\xd6U\xc7x\
\x08\x00\x00\x00\x00\x06\x00\x00\x00\x02OK\x07\x00\x00\x00\
\x0bEditTaskTab\x01\x03\x00\x00\
\x00F\x00O\x00K\x00S\x00c\x00r\x00i\x00p\
\x00t\x00 \xd3\x0c\xc7|\x00 \x00(\x00*\x00.\
\x00o\x00k\x00s\x00c\x00r\x00i\x00p\x00t\
\x00)\x00;\x00;\xba\xa8\xb4\xe0\x00 \xd3\x0c\xc7|\
\x00 \x00(\x00*\x00)\x08\x00\x00\x00\x00\x06\x00\x00\
\x00*OKScript Files\
 (*.okscript);;A\
ll Files (*)\x07\x00\x00\x00\
\x0bEditTaskTab\x01\x03\x00\x00\
\x00\x04\xae0\xd0\xc0\x08\x00\x00\x00\x00\x06\x00\x00\x00\x05\
Other\x07\x00\x00\x00\x0bEditTa\
skTab\x01\x03\x00\x00\x00\x22\xcd\x5c\xc1\x8c\x00\
 \xd5X\xb0\x98\xc7X\x00 \xc7\x91\xc5\xc5\xc7D\x00\
 \xc1 \xd0\xdd\xd5X\xc18\xc6\x94\x00.\x08\x00\x00\
\x00\x00\x06\x00\x00\x00*Please se\
lect at least on\
e task to export\
.\x07\x00\x00\x00\x0bEditTaskTa\
b\x01\x03\x00\x00\x00\x04\xb1y\xd6T\x08\x00\x00\x00\x00\
\x06\x00\x00\x00\x06Record\x07\x00\x00\x00\x0b\
EditTaskTab\x01\x03\x00\x00\x00\
F\xb1y\xd6T\xd5X\xbat\x00 \xd6\x04\xc7\xac\x00\
 \xc2\xa4\xd0l\xb9\xbd\xd2\xb8\x00 \xb8\x5c\xc9\xc1\xc7\
t\x00 \xb3n\xc5\xb4\xc5\x0c\xc6\xcc\xc9\xd1\xb2\xc8\xb2\
\xe4\x00.\x00 \xac\xc4\xc1\x8d\xd5X\xc2\xdc\xac\xa0\xc2\
\xb5\xb2\xc8\xaeL\x00?\x08\x00\x00\x00\x00\x06\x00\x00\x00\
8Record will ove\
rride the curren\
t script logic. \
Continue?\x07\x00\x00\x00\x0bEd\
itTaskTab\x01\x03\x00\x00\x00H\xcc\
=\x00 \x00'\x00{\x00h\x00w\x00n\x00d\x00\
_\x00n\x00a\x00m\x00e\x00}\x00'\xc7t\x00\
(\xac\x00\x00)\x00 \xd6\x5c\xc11\xd6T\xb4\x18\xba\
t\x00 \xb1y\xd6T\xac\x00\x00 \xc2\xdc\xc7\x91\xb4\
)\xb2\xc8\xb2\xe4\x00.\x08\x00\x00\x00\x00\x06\x00\x00\x00\
>Recording will \
start when windo\
w '{hwnd_name}' \
becomes active.\x07\
\x00\x00\x00\x0bEditTaskTab\x01\
\x03\x00\x00\x00\x04\xc2\xe4\xd5\x89\x08\x00\x00\x00\x00\x06\x00\
\x00\x00\x03Run\x07\x00\x00\x00\x0bEditT\
askTab\x01\x03\x00\x00\x00\x04\xc8\x00\xc7\xa5\
\x08\x00\x00\x00\x00\x06\x00\x00\x00\x04Save\x07\x00\
\x00\x00\x0bEditTaskTab\x01\x03\
\x00\x00\x00\x10\xbc\xc0\xac\xbd\x00 \xc0\xac\xd5m\x00 \
\xc8\x00\xc7\xa5\x08\x00\x00\x00\x00\x06\x00\x00\x00\x0cSa\
ve Changes\x07\x00\x00\x00\x0bE\
ditTaskTab\x01\x03\x00\x00\x00\x10\
\xc2\xa4\xd0l\xb9\xbd\xd2\xb8\x00 \xc7t\xb9\x84\x00:\
\x08\x00\x00\x00\x00\x06\x00\x00\x00\x0cScript\
 Name:\x07\x00\x00\x00\x0bEditT\
askTab\x01\x03\x00\x00\x00:\xc2\xa4\xd0l\
\xb9\xbd\xd2\xb8\xac\x00\x00 \xb2\xe4\xc6\xb4\xb8\x5c\xb4\xdc\
\x00 \xd3\xf4\xb3T\xc5\xd0\x00 \xc11\xac\xf5\xc8\x01\
\xc7<\xb8\x5c\x00 \xb0\xb4\xbc\xf4\xb0\xb4\xc8L\xc2\xb5\
\xb2\xc8\xb2\xe4\x00.\x08\x00\x00\x00\x00\x06\x00\x00\x001\
Script exported \
successfully to \
Downloads folder\
.\x07\x00\x00\x00\x0bEditTaskTa\
b\x01\x03\x00\x00\x00\x1e\xc2\xa4\xd0l\xb9\xbd\xd2\xb8\x00\
 \xc7t\xb9\x84\xc7@\x00 \xd5D\xc2\x18\xc7\x85\xb2\
\xc8\xb2\xe4\x00.\x08\x00\x00\x00\x00\x06\x00\x00\x00\x18S\
cript name is re\
quired.\x07\x00\x00\x00\x0bEdit\
TaskTab\x01\x03\x00\x00\x00\x12\xd1\x5c\xd5\
\x0c\xb9\xbf\x00 \xac\x80\xc0\xc9\x00.\x00.\x00.\x08\
\x00\x00\x00\x00\x06\x00\x00\x00\x13Search \
templates...\x07\x00\x00\x00\
\x0bEditTaskTab\x01\x03\x00\x00\
\x00\x14\xc2\xa4\xd0l\xb9\xbd\xd2\xb8\x00 \xd3\x0c\xc7|\
\x00 \xc1 \xd0\xdd\x08\x00\x00\x00\x00\x06\x00\x00\x00\x12\
Select Script Fi\
le\x07\x00\x00\x00\x0bEditTaskT\
ab\x01\x03\x00\x00\x00\x14\xb0\xb4\xbc\xf4\xb0\xbc\x00 \
\xc7\x91\xc5\xc5\x00 \xc1 \xd0\xdd\x00:\x08\x00\x00\x00\
\x00\x06\x00\x00\x00\x17Select tas\
ks to export:\x07\x00\x00\
\x00\x0bEditTaskTab\x01\x03\x00\
\x00\x00\x04\xc9\x11\xc9\xc0\x08\x00\x00\x00\x00\x06\x00\x00\x00\
\x04Stop\x07\x00\x00\x00\x0bEditTa\
skTab\x01\x03\x00\x00\x00\x04\xc11\xac\xf5\x08\
\x00\x00\x00\x00\x06\x00\x00\x00\x07Success\
\x07\x00\x00\x00\x0bEditTaskTab\
\x01\x03\x00\x00\x00\x1a\xc7\x91\xc5\xc5\x00 \xc7t\xb9\x84\
\xc7@\x00 \xd5D\xc2\x18\xc7\x85\xb2\xc8\xb2\xe4\x00.\
\x08\x00\x00\x00\x00\x06\x00\x00\x00\x16Task N\
ame is required.\
\x07\x00\x00\x00\x0bEditTaskTab\
\x01\x03\x00\x00\x00\x18\xc7\x91\xc5\xc5\xc7t\x00 \xbc\xf5\
\xc0\xac\xb4\x18\xc5\xc8\xc2\xb5\xb2\xc8\xb2\xe4\x00.\x08\x00\
\x00\x00\x00\x06\x00\x00\x00\x19Task cop\
ied successfully\
.\x07\x00\x00\x00\x0bEditTaskTa\
b\x01\x03\x00\x00\x00\x18\xc7\x91\xc5\xc5\xc7t\x00 \xc0\
\xdd\xc11\xb4\x18\xc5\xc8\xc2\xb5\xb2\xc8\xb2\xe4\x00.\x08\
\x00\x00\x00\x00\x06\x00\x00\x00\x1aTask cr\
eated successful\
ly.\x07\x00\x00\x00\x0bEditTask\
Tab\x01\x03\x00\x00\x00\x18\xc7\x91\xc5\xc5\xc7t\x00\
 \xc0\xad\xc8\x1c\xb4\x18\xc5\xc8\xc2\xb5\xb2\xc8\xb2\xe4\x00\
.\x08\x00\x00\x00\x00\x06\x00\x00\x00\x1aTask \
deleted successf\
ully.\x07\x00\x00\x00\x0bEditTa\
skTab\x01\x03\x00\x00\x00 \xc7\x91\xc5\xc5\x00\
 \xd3\x0c\xc7|\xc7t\x00 \xc7t\xbb\xf8\x00 \xc8\
t\xc7\xac\xd5i\xb2\xc8\xb2\xe4\x00.\x08\x00\x00\x00\x00\
\x06\x00\x00\x00\x19Task file a\
lready exists.\x07\x00\
\x00\x00\x0bEditTaskTab\x01\x03\
\x00\x00\x00&\xc7\x91\xc5\xc5\xc7t\x00 \xc11\xac\xf5\
\xc8\x01\xc7<\xb8\x5c\x00 \xc7\xac\xadl\xc11\xb4\x18\
\xc5\xc8\xc2\xb5\xb2\xc8\xb2\xe4\x00.\x08\x00\x00\x00\x00\x06\
\x00\x00\x00\x1aTask rebuilt\
 successfully.\x07\x00\
\x00\x00\x0bEditTaskTab\x01\x03\
\x00\x00\x00\x0c\xd1\x5c\xd5\x0c\xb9\xbf\x00 \xb9\xe4\xcem\
\x08\x00\x00\x00\x00\x06\x00\x00\x00\x11Templa\
te Matching\x07\x00\x00\x00\x0b\
EditTaskTab\x01\x03\x00\x00\x00\
J\xd6\x04\xc7\xac\x00 \xc7\x91\xc5\xc5\xc5\xd0\x00 \xc8\
\x00\xc7\xa5\xb4\x18\xc9\xc0\x00 \xc5J\xc7@\x00 \xbc\
\xc0\xac\xbd\x00 \xc0\xac\xd5m\xc7t\x00 \xc7\x88\xc2\
\xb5\xb2\xc8\xb2\xe4\x00.\x00 \xc8\x00\xc7\xa5\xd5X\xc2\
\xdc\xac\xa0\xc2\xb5\xb2\xc8\xaeL\x00?\x08\x00\x00\x00\x00\
\x06\x00\x00\x00?The current\
 task has unsave\
d changes. Do yo\
u want to save t\
hem?\x07\x00\x00\x00\x0bEditTas\
kTab\x01\x03\x00\x00\x00T\xd3\x0c\xc7|\xc7t\
\x00 \xc6x\xbd\x80\xc5\xd0\xc1\x1c\x00 \xc2\x18\xc8\x15\
\xb4\x18\xc5\xc8\xc2\xb5\xb2\xc8\xb2\xe4\x00.\x00 \xc8\x00\
\xc7\xa5\xd5X\xc9\xc0\x00 \xc5J\xc7@\x00 \xbc\xc0\
\xac\xbd\x00 \xc0\xac\xd5m\xc7D\x00 \xb3n\xc5\xb4\
\xc4\xf0\xc2\xdc\xac\xa0\xc2\xb5\xb2\xc8\xaeL\x00?\x08\x00\
\x00\x00\x00\x06\x00\x00\x00PThe file\
 was modified ex\
ternally. Do you\
 want to overwri\
te your unsaved \
changes?\x07\x00\x00\x00\x0bEdi\
tTaskTab\x01\x03\x00\x00\x00\x06\xbc\x84\
\xc8\x04\x00:\x08\x00\x00\x00\x00\x06\x00\x00\x00\x08Ve\
rsion:\x07\x00\x00\x00\x0bEditT\
askTab\x01\x03\x00\x00\x00\x04\xac\xbd\xac\xe0\
\x08\x00\x00\x00\x00\x06\x00\x00\x00\x07Warnin\
g\x07\x00\x00\x00\x0bEditTaskTa\
b\x01\x03\x00\x00\x00\x02\xcc=\x08\x00\x00\x00\x00\x06\x00\
\x00\x00\x06Window\x07\x00\x00\x00\x0bEd\
itTaskTab\x01\x03\x00\x00\x00\x12\x00\
a\x00d\x00b\x00_\x00s\x00h\x00e\x00l\x00\
l\x08\x00\x00\x00\x00\x06\x00\x00\x00\x09adb_s\
hell\x07\x00\x00\x00\x0bEditTas\
kTab\x01\x03\x00\x00\x00\x16\x00a\x00d\x00b\
\x00_\x00u\x00i\x00_\x00d\x00u\x00m\x00p\
\x08\x00\x00\x00\x00\x06\x00\x00\x00\x0badb_ui\
_dump\x07\x00\x00\x00\x0bEditTa\
skTab\x01\x03\x00\x00\x00\x18\x00a\x00d\x00\
d\x00_\x00t\x00e\x00x\x00t\x00_\x00f\x00\
i\x00x\x08\x00\x00\x00\x00\x06\x00\x00\x00\x0cadd\
_text_fix\x07\x00\x00\x00\x0bEd\
itTaskTab\x01\x03\x00\x00\x00\x08\x00\
b\x00a\x00c\x00k\x08\x00\x00\x00\x00\x06\x00\x00\x00\
\x04back\x07\x00\x00\x00\x0bEditTa\
skTab\x01\x03\x00\x00\x00\x04\xc0\xc1\xc7\x90\x08\
\x00\x00\x00\x00\x06\x00\x00\x00\x03box\x07\x00\x00\x00\
\x0bEditTaskTab\x01\x03\x00\x00\
\x000\x00b\x00o\x00x\x00_\x00i\x00n\x00_\
\x00h\x00o\x00r\x00i\x00z\x00o\x00n\x00t\
\x00a\x00l\x00_\x00c\x00e\x00n\x00t\x00e\
\x00r\x08\x00\x00\x00\x00\x06\x00\x00\x00\x18box_\
in_horizontal_ce\
nter\x07\x00\x00\x00\x0bEditTas\
kTab\x01\x03\x00\x00\x00\x1a\x00b\x00o\x00x\
\x00_\x00o\x00f\x00_\x00s\x00c\x00r\x00e\
\x00e\x00n\x08\x00\x00\x00\x00\x06\x00\x00\x00\x0dbo\
x_of_screen\x07\x00\x00\x00\x0b\
EditTaskTab\x01\x03\x00\x00\x00\
(\x00b\x00o\x00x\x00_\x00o\x00f\x00_\x00\
s\x00c\x00r\x00e\x00e\x00n\x00_\x00s\x00\
c\x00a\x00l\x00e\x00d\x08\x00\x00\x00\x00\x06\x00\
\x00\x00\x14box_of_screen\
_scaled\x07\x00\x00\x00\x0bEdit\
TaskTab\x01\x03\x00\x00\x004\x00c\x00\
a\x00l\x00c\x00u\x00l\x00a\x00t\x00e\x00\
_\x00c\x00o\x00l\x00o\x00r\x00_\x00p\x00\
e\x00r\x00c\x00e\x00n\x00t\x00a\x00g\x00\
e\x08\x00\x00\x00\x00\x06\x00\x00\x00\x1acalcu\
late_color_perce\
ntage\x07\x00\x00\x00\x0bEditTa\
skTab\x01\x03\x00\x00\x00\x12\x00c\x00l\x00\
e\x00a\x00r\x00_\x00b\x00o\x00x\x08\x00\x00\
\x00\x00\x06\x00\x00\x00\x09clear_box\
\x07\x00\x00\x00\x0bEditTaskTab\
\x01\x03\x00\x00\x00\x0a\x00c\x00l\x00i\x00c\x00k\
\x08\x00\x00\x00\x00\x06\x00\x00\x00\x05click\x07\
\x00\x00\x00\x0bEditTaskTab\x01\
\x03\x00\x00\x00\x12\x00c\x00l\x00i\x00c\x00k\x00\
_\x00b\x00o\x00x\x08\x00\x00\x00\x00\x06\x00\x00\x00\
\x09click_box\x07\x00\x00\x00\x0bE\
ditTaskTab\x01\x03\x00\x00\x00.\
\x00c\x00l\x00i\x00c\x00k\x00_\x00b\x00o\
\x00x\x00_\x00i\x00f\x00_\x00n\x00a\x00m\
\x00e\x00_\x00m\x00a\x00t\x00c\x00h\x08\x00\
\x00\x00\x00\x06\x00\x00\x00\x17click_bo\
x_if_name_match\x07\
\x00\x00\x00\x0bEditTaskTab\x01\
\x03\x00\x00\x00\x1c\x00c\x00l\x00i\x00c\x00k\x00\
_\x00r\x00e\x00l\x00a\x00t\x00i\x00v\x00\
e\x08\x00\x00\x00\x00\x06\x00\x00\x00\x0eclick\
_relative\x07\x00\x00\x00\x0bEd\
itTaskTab\x01\x03\x00\x00\x00\x12\x00\
c\x00l\x00i\x00p\x00b\x00o\x00a\x00r\x00\
d\x08\x00\x00\x00\x00\x06\x00\x00\x00\x09clipb\
oard\x07\x00\x00\x00\x0bEditTas\
kTab\x01\x03\x00\x00\x00\x1e\x00c\x00r\x00e\
\x00a\x00t\x00e\x00_\x00s\x00h\x00o\x00r\
\x00t\x00c\x00u\x00t\x08\x00\x00\x00\x00\x06\x00\x00\
\x00\x0fcreate_shortcu\
t\x07\x00\x00\x00\x0bEditTaskTa\
b\x01\x03\x00\x00\x00\x0e\x00d\x00i\x00s\x00a\x00\
b\x00l\x00e\x08\x00\x00\x00\x00\x06\x00\x00\x00\x07d\
isable\x07\x00\x00\x00\x0bEditT\
askTab\x01\x03\x00\x00\x00\x14\x00d\x00r\
\x00a\x00w\x00_\x00b\x00o\x00x\x00e\x00s\
\x08\x00\x00\x00\x00\x06\x00\x00\x00\x0adraw_b\
oxes\x07\x00\x00\x00\x0bEditTas\
kTab\x01\x03\x00\x00\x00\x0c\x00e\x00n\x00a\
\x00b\x00l\x00e\x08\x00\x00\x00\x00\x06\x00\x00\x00\x06\
enable\x07\x00\x00\x00\x0bEditT\
askTab\x01\x03\x00\x00\x00\x1e\x00e\x00n\
\x00s\x00u\x00r\x00e\x00_\x00i\x00n\x00_\
\x00f\x00r\x00o\x00n\x00t\x08\x00\x00\x00\x00\x06\
\x00\x00\x00\x0fensure_in_fr\
ont\x07\x00\x00\x00\x0bEditTask\
Tab\x01\x03\x00\x00\x00\x1c\x00f\x00e\x00a\x00\
t\x00u\x00r\x00e\x00_\x00e\x00x\x00i\x00\
s\x00t\x00s\x08\x00\x00\x00\x00\x06\x00\x00\x00\x0ef\
eature_exists\x07\x00\x00\
\x00\x0bEditTaskTab\x01\x03\x00\
\x00\x00\x04\xcc>\xae0\x08\x00\x00\x00\x00\x06\x00\x00\x00\
\x04find\x07\x00\x00\x00\x0bEditTa\
skTab\x01\x03\x00\x00\x00,\x00f\x00i\x00\
n\x00d\x00_\x00b\x00e\x00s\x00t\x00_\x00\
m\x00a\x00t\x00c\x00h\x00_\x00i\x00n\x00\
_\x00b\x00o\x00x\x08\x00\x00\x00\x00\x06\x00\x00\x00\
\x16find_best_match\
_in_box\x07\x00\x00\x00\x0bEdit\
TaskTab\x01\x03\x00\x00\x00\x14\x00f\x00\
i\x00n\x00d\x00_\x00b\x00o\x00x\x00e\x00\
s\x08\x00\x00\x00\x00\x06\x00\x00\x00\x0afind_\
boxes\x07\x00\x00\x00\x0bEditTa\
skTab\x01\x03\x00\x00\x00\x18\x00f\x00i\x00\
n\x00d\x00_\x00f\x00e\x00a\x00t\x00u\x00\
r\x00e\x08\x00\x00\x00\x00\x06\x00\x00\x00\x0cfin\
d_feature\x07\x00\x00\x00\x0bEd\
itTaskTab\x01\x03\x00\x00\x00(\x00\
f\x00i\x00n\x00d\x00_\x00f\x00e\x00a\x00\
t\x00u\x00r\x00e\x00_\x00a\x00n\x00d\x00\
_\x00s\x00e\x00t\x08\x00\x00\x00\x00\x06\x00\x00\x00\
\x14find_feature_an\
d_set\x07\x00\x00\x00\x0bEditTa\
skTab\x01\x03\x00\x00\x00.\x00f\x00i\x00\
n\x00d\x00_\x00f\x00i\x00r\x00s\x00t\x00\
_\x00m\x00a\x00t\x00c\x00h\x00_\x00i\x00\
n\x00_\x00b\x00o\x00x\x08\x00\x00\x00\x00\x06\x00\
\x00\x00\x17find_first_ma\
tch_in_box\x07\x00\x00\x00\x0bE\
ditTaskTab\x01\x03\x00\x00\x00\x10\
\x00f\x00i\x00n\x00d\x00_\x00o\x00n\x00e\
\x08\x00\x00\x00\x00\x06\x00\x00\x00\x08find_o\
ne\x07\x00\x00\x00\x0bEditTaskT\
ab\x01\x03\x00\x00\x00\x1e\x00g\x00e\x00t\x00_\
\x00b\x00o\x00x\x00_\x00b\x00y\x00_\x00n\
\x00a\x00m\x00e\x08\x00\x00\x00\x00\x06\x00\x00\x00\x0f\
get_box_by_name\x07\
\x00\x00\x00\x0bEditTaskTab\x01\
\x03\x00\x00\x00&\x00g\x00e\x00t\x00_\x00f\x00\
e\x00a\x00t\x00u\x00r\x00e\x00_\x00b\x00\
y\x00_\x00n\x00a\x00m\x00e\x08\x00\x00\x00\x00\
\x06\x00\x00\x00\x13get_feature\
_by_name\x07\x00\x00\x00\x0bEdi\
tTaskTab\x01\x03\x00\x00\x00\x14\x00g\
\x00e\x00t\x00_\x00s\x00t\x00a\x00t\x00u\
\x00s\x08\x00\x00\x00\x00\x06\x00\x00\x00\x0aget_\
status\x07\x00\x00\x00\x0bEditT\
askTab\x01\x03\x00\x00\x00\x22\x00g\x00e\
\x00t\x00_\x00t\x00a\x00s\x00k\x00_\x00b\
\x00y\x00_\x00c\x00l\x00a\x00s\x00s\x08\x00\
\x00\x00\x00\x06\x00\x00\x00\x11get_task\
_by_class\x07\x00\x00\x00\x0bEd\
itTaskTab\x01\x03\x00\x00\x00\x12\x00\
g\x00o\x00_\x00t\x00o\x00_\x00t\x00a\x00\
b\x08\x00\x00\x00\x00\x06\x00\x00\x00\x09go_to\
_tab\x07\x00\x00\x00\x0bEditTas\
kTab\x01\x03\x00\x00\x00 \x00h\x00e\x00i\
\x00g\x00h\x00t\x00_\x00o\x00f\x00_\x00s\
\x00c\x00r\x00e\x00e\x00n\x08\x00\x00\x00\x00\x06\
\x00\x00\x00\x10height_of_sc\
reen\x07\x00\x00\x00\x0bEditTas\
kTab\x01\x03\x00\x00\x00\x10\x00i\x00n\x00f\
\x00o\x00_\x00a\x00d\x00d\x08\x00\x00\x00\x00\x06\
\x00\x00\x00\x08info_add\x07\x00\x00\x00\
\x0bEditTaskTab\x01\x03\x00\x00\
\x00 \x00i\x00n\x00f\x00o\x00_\x00a\x00d\
\x00d\x00_\x00t\x00o\x00_\x00l\x00i\x00s\
\x00t\x08\x00\x00\x00\x00\x06\x00\x00\x00\x10info\
_add_to_list\x07\x00\x00\x00\
\x0bEditTaskTab\x01\x03\x00\x00\
\x00\x14\x00i\x00n\x00f\x00o\x00_\x00c\x00l\
\x00e\x00a\x00r\x08\x00\x00\x00\x00\x06\x00\x00\x00\x0a\
info_clear\x07\x00\x00\x00\x0bE\
ditTaskTab\x01\x03\x00\x00\x00\x10\
\x00i\x00n\x00f\x00o\x00_\x00g\x00e\x00t\
\x08\x00\x00\x00\x00\x06\x00\x00\x00\x08info_g\
et\x07\x00\x00\x00\x0bEditTaskT\
ab\x01\x03\x00\x00\x00\x12\x00i\x00n\x00f\x00o\
\x00_\x00i\x00n\x00c\x00r\x08\x00\x00\x00\x00\x06\
\x00\x00\x00\x09info_incr\x07\x00\x00\
\x00\x0bEditTaskTab\x01\x03\x00\
\x00\x00\x10\x00i\x00n\x00f\x00o\x00_\x00s\x00\
e\x00t\x08\x00\x00\x00\x00\x06\x00\x00\x00\x08inf\
o_set\x07\x00\x00\x00\x0bEditTa\
skTab\x01\x03\x00\x00\x00\x14\x00i\x00n\x00\
p\x00u\x00t\x00_\x00t\x00e\x00x\x00t\x08\
\x00\x00\x00\x00\x06\x00\x00\x00\x0ainput_t\
ext\x07\x00\x00\x00\x0bEditTask\
Tab\x01\x03\x00\x00\x00\x0c\x00i\x00s\x00_\x00\
a\x00d\x00b\x08\x00\x00\x00\x00\x06\x00\x00\x00\x06i\
s_adb\x07\x00\x00\x00\x0bEditTa\
skTab\x01\x03\x00\x00\x00\x14\x00i\x00s\x00\
_\x00b\x00r\x00o\x00w\x00s\x00e\x00r\x08\
\x00\x00\x00\x00\x06\x00\x00\x00\x0ais_brow\
ser\x07\x00\x00\x00\x0bEditTask\
Tab\x01\x03\x00\x00\x00\x12\x00l\x00o\x00g\x00\
_\x00d\x00e\x00b\x00u\x00g\x08\x00\x00\x00\x00\
\x06\x00\x00\x00\x09log_debug\x07\x00\
\x00\x00\x0bEditTaskTab\x01\x03\
\x00\x00\x00\x12\x00l\x00o\x00g\x00_\x00e\x00r\
\x00r\x00o\x00r\x08\x00\x00\x00\x00\x06\x00\x00\x00\x09\
log_error\x07\x00\x00\x00\x0bEd\
itTaskTab\x01\x03\x00\x00\x00\x10\x00\
l\x00o\x00g\x00_\x00i\x00n\x00f\x00o\x08\
\x00\x00\x00\x00\x06\x00\x00\x00\x08log_inf\
o\x07\x00\x00\x00\x0bEditTaskTa\
b\x01\x03\x00\x00\x00\x16\x00l\x00o\x00g\x00_\x00\
w\x00a\x00r\x00n\x00i\x00n\x00g\x08\x00\x00\
\x00\x00\x06\x00\x00\x00\x0blog_warni\
ng\x07\x00\x00\x00\x0bEditTaskT\
ab\x01\x03\x00\x00\x00\x18\x00m\x00i\x00d\x00d\
\x00l\x00e\x00_\x00c\x00l\x00i\x00c\x00k\
\x08\x00\x00\x00\x00\x06\x00\x00\x00\x0cmiddle\
_click\x07\x00\x00\x00\x0bEditT\
askTab\x01\x03\x00\x00\x00*\x00m\x00i\
\x00d\x00d\x00l\x00e\x00_\x00c\x00l\x00i\
\x00c\x00k\x00_\x00r\x00e\x00l\x00a\x00t\
\x00i\x00v\x00e\x08\x00\x00\x00\x00\x06\x00\x00\x00\x15\
middle_click_rel\
ative\x07\x00\x00\x00\x0bEditTa\
skTab\x01\x03\x00\x00\x00\x14\x00m\x00o\x00\
u\x00s\x00e\x00_\x00d\x00o\x00w\x00n\x08\
\x00\x00\x00\x00\x06\x00\x00\x00\x0amouse_d\
own\x07\x00\x00\x00\x0bEditTask\
Tab\x01\x03\x00\x00\x00\x10\x00m\x00o\x00u\x00\
s\x00e\x00_\x00u\x00p\x08\x00\x00\x00\x00\x06\x00\
\x00\x00\x08mouse_up\x07\x00\x00\x00\x0b\
EditTaskTab\x01\x03\x00\x00\x00\
\x08\x00m\x00o\x00v\x00e\x08\x00\x00\x00\x00\x06\x00\
\x00\x00\x04move\x07\x00\x00\x00\x0bEdit\
TaskTab\x01\x03\x00\x00\x00\x1a\x00m\x00\
o\x00v\x00e\x00_\x00r\x00e\x00l\x00a\x00\
t\x00i\x00v\x00e\x08\x00\x00\x00\x00\x06\x00\x00\x00\
\x0dmove_relative\x07\x00\
\x00\x00\x0bEditTaskTab\x01\x03\
\x00\x00\x00\x14\x00n\x00e\x00x\x00t\x00_\x00f\
\x00r\x00a\x00m\x00e\x08\x00\x00\x00\x00\x06\x00\x00\
\x00\x0anext_frame\x07\x00\x00\x00\
\x0bEditTaskTab\x01\x03\x00\x00\
\x00\x18\x00n\x00o\x00t\x00i\x00f\x00i\x00c\
\x00a\x00t\x00i\x00o\x00n\x08\x00\x00\x00\x00\x06\
\x00\x00\x00\x0cnotification\
\x07\x00\x00\x00\x0bEditTaskTab\
\x01\x03\x00\x00\x00\x06\x00o\x00c\x00r\x08\x00\x00\x00\
\x00\x06\x00\x00\x00\x03ocr\x07\x00\x00\x00\x0bEd\
itTaskTab\x01\x03\x00\x00\x00\x18\x00\
o\x00u\x00t\x00_\x00o\x00f\x00_\x00r\x00\
a\x00t\x00i\x00o\x08\x00\x00\x00\x00\x06\x00\x00\x00\
\x0cout_of_ratio\x07\x00\x00\
\x00\x0bEditTaskTab\x01\x03\x00\
\x00\x00\x0a\x00p\x00a\x00u\x00s\x00e\x08\x00\x00\
\x00\x00\x06\x00\x00\x00\x05pause\x07\x00\x00\x00\
\x0bEditTaskTab\x01\x03\x00\x00\
\x00\x16\x00r\x00i\x00g\x00h\x00t\x00_\x00c\
\x00l\x00i\x00c\x00k\x08\x00\x00\x00\x00\x06\x00\x00\
\x00\x0bright_click\x07\x00\x00\
\x00\x0bEditTaskTab\x01\x03\x00\
\x00\x00\x14\x00s\x00c\x00r\x00e\x00e\x00n\x00\
s\x00h\x00o\x00t\x08\x00\x00\x00\x00\x06\x00\x00\x00\
\x0ascreenshot\x07\x00\x00\x00\x0b\
EditTaskTab\x01\x03\x00\x00\x00\
\x0c\x00s\x00c\x00r\x00o\x00l\x00l\x08\x00\x00\
\x00\x00\x06\x00\x00\x00\x06scroll\x07\x00\x00\
\x00\x0bEditTaskTab\x01\x03\x00\
\x00\x00\x1e\x00s\x00c\x00r\x00o\x00l\x00l\x00\
_\x00r\x00e\x00l\x00a\x00t\x00i\x00v\x00\
e\x08\x00\x00\x00\x00\x06\x00\x00\x00\x0fscrol\
l_relative\x07\x00\x00\x00\x0bE\
ditTaskTab\x01\x03\x00\x00\x00\x10\
\x00s\x00e\x00n\x00d\x00_\x00k\x00e\x00y\
\x08\x00\x00\x00\x00\x06\x00\x00\x00\x08send_k\
ey\x07\x00\x00\x00\x0bEditTaskT\
ab\x01\x03\x00\x00\x00\x1a\x00s\x00e\x00n\x00d\
\x00_\x00k\x00e\x00y\x00_\x00d\x00o\x00w\
\x00n\x08\x00\x00\x00\x00\x06\x00\x00\x00\x0dsend\
_key_down\x07\x00\x00\x00\x0bEd\
itTaskTab\x01\x03\x00\x00\x00\x16\x00\
s\x00e\x00n\x00d\x00_\x00k\x00e\x00y\x00\
_\x00u\x00p\x08\x00\x00\x00\x00\x06\x00\x00\x00\x0bs\
end_key_up\x07\x00\x00\x00\x0bE\
ditTaskTab\x01\x03\x00\x00\x00\x0a\
\x00s\x00l\x00e\x00e\x00p\x08\x00\x00\x00\x00\x06\
\x00\x00\x00\x05sleep\x07\x00\x00\x00\x0bEd\
itTaskTab\x01\x03\x00\x00\x00\x16\x00\
s\x00l\x00e\x00e\x00p\x00_\x00c\x00h\x00\
e\x00c\x00k\x08\x00\x00\x00\x00\x06\x00\x00\x00\x0bs\
leep_check\x07\x00\x00\x00\x0bE\
ditTaskTab\x01\x03\x00\x00\x00\x18\
\x00s\x00t\x00a\x00r\x00t\x00_\x00d\x00e\
\x00v\x00i\x00c\x00e\x08\x00\x00\x00\x00\x06\x00\x00\
\x00\x0cstart_device\x07\x00\
\x00\x00\x0bEditTaskTab\x01\x03\
\x00\x00\x00\x0a\x00s\x00w\x00i\x00p\x00e\x08\x00\
\x00\x00\x00\x06\x00\x00\x00\x05swipe\x07\x00\x00\
\x00\x0bEditTaskTab\x01\x03\x00\
\x00\x00\x1c\x00s\x00w\x00i\x00p\x00e\x00_\x00\
r\x00e\x00l\x00a\x00t\x00i\x00v\x00e\x08\
\x00\x00\x00\x00\x06\x00\x00\x00\x0eswipe_r\
elative\x07\x00\x00\x00\x0bEdit\
TaskTab\x01\x03\x00\x00\x00\x04\x00t\x00\
r\x08\x00\x00\x00\x00\x06\x00\x00\x00\x02tr\x07\x00\x00\
\x00\x0bEditTaskTab\x01\x03\x00\
\x00\x00\x0e\x00t\x00r\x00i\x00g\x00g\x00e\x00\
r\x08\x00\x00\x00\x00\x06\x00\x00\x00\x07trigg\
er\x07\x00\x00\x00\x0bEditTaskT\
ab\x01\x03\x00\x00\x00\x0e\x00u\x00n\x00p\x00a\
\x00u\x00s\x00e\x08\x00\x00\x00\x00\x06\x00\x00\x00\x07\
unpause\x07\x00\x00\x00\x0bEdit\
TaskTab\x01\x03\x00\x00\x00\x1c\x00w\x00\
a\x00i\x00t\x00_\x00c\x00l\x00i\x00c\x00\
k\x00_\x00b\x00o\x00x\x08\x00\x00\x00\x00\x06\x00\
\x00\x00\x0ewait_click_bo\
x\x07\x00\x00\x00\x0bEditTaskTa\
b\x01\x03\x00\x00\x00$\x00w\x00a\x00i\x00t\x00\
_\x00c\x00l\x00i\x00c\x00k\x00_\x00f\x00\
e\x00a\x00t\x00u\x00r\x00e\x08\x00\x00\x00\x00\
\x06\x00\x00\x00\x12wait_click_\
feature\x07\x00\x00\x00\x0bEdit\
TaskTab\x01\x03\x00\x00\x00\x1c\x00w\x00\
a\x00i\x00t\x00_\x00c\x00l\x00i\x00c\x00\
k\x00_\x00o\x00c\x00r\x08\x00\x00\x00\x00\x06\x00\
\x00\x00\x0ewait_click_oc\
r\x07\x00\x00\x00\x0bEditTaskTa\
b\x01\x03\x00\x00\x00\x18\x00w\x00a\x00i\x00t\x00\
_\x00f\x00e\x00a\x00t\x00u\x00r\x00e\x08\
\x00\x00\x00\x00\x06\x00\x00\x00\x0cwait_fe\
ature\x07\x00\x00\x00\x0bEditTa\
skTab\x01\x03\x00\x00\x00\x10\x00w\x00a\x00\
i\x00t\x00_\x00o\x00c\x00r\x08\x00\x00\x00\x00\
\x06\x00\x00\x00\x08wait_ocr\x07\x00\x00\
\x00\x0bEditTaskTab\x01\x03\x00\
\x00\x00\x14\x00w\x00a\x00i\x00t\x00_\x00u\x00\
n\x00t\x00i\x00l\x08\x00\x00\x00\x00\x06\x00\x00\x00\
\x0await_until\x07\x00\x00\x00\x0b\
EditTaskTab\x01\x03\x00\x00\x00\
\x1e\x00w\x00i\x00d\x00t\x00h\x00_\x00o\x00\
f\x00_\x00s\x00c\x00r\x00e\x00e\x00n\x08\
\x00\x00\x00\x00\x06\x00\x00\x00\x0fwidth_o\
f_screen\x07\x00\x00\x00\x0bEdi\
tTaskTab\x01\x03\x00\x00\x00\x0c\xc1$\
\xc8\x15\x00 \xcd\x08\xae0\xd6T\x08\x00\x00\x00\x00\x06\
\x00\x00\x00\x0cReset Config\
\x07\x00\x00\x00\x10GlobalConfi\
gCard\x01\x03\x00\x00\x00\x0c\xc1$\xc8\x15\x00\
 \xcd\x08\xae0\xd6T\x08\x00\x00\x00\x00\x06\x00\x00\x00\
\x0cReset Config\x07\x00\x00\
\x00\x0fGlobalConfigTa\
b\x01\x03\x00\x00\x00\x04\xcd\xe8\xc1\x8c\x08\x00\x00\x00\x00\
\x06\x00\x00\x00\x06Cancel\x07\x00\x00\x00\x0b\
HwndChooser\x01\x03\x00\x00\x00\
\x08\xcc=\x00 \xc1 \xd0\xdd\x08\x00\x00\x00\x00\x06\x00\
\x00\x00\x0dChoose Window\
\x07\x00\x00\x00\x0bHwndChooser\
\x01\x03\x00\x00\x00\x04\xd6U\xc7x\x08\x00\x00\x00\x00\x06\
\x00\x00\x00\x07Confirm\x07\x00\x00\x00\x0b\
HwndChooser\x01\x03\x00\x00\x00\
\x0c\x00{\x00}\x00 \xc1 \xd0\xdd\xb4(\x08\x00\x00\
\x00\x00\x06\x00\x00\x00\x0b{} Select\
ed\x07\x00\x00\x00\x0bHwndChoos\
er\x01\x03\x00\x00\x00\x04\xcd\xe8\xc1\x8c\x08\x00\x00\x00\
\x00\x06\x00\x00\x00\x06Cancel\x07\x00\x00\x00\
\x13ImportWarningDi\
alog\x01\x03\x00\x00\x00\x04\xd6U\xc7x\x08\x00\
\x00\x00\x00\x06\x00\x00\x00\x07Confirm\x07\
\x00\x00\x00\x13ImportWarnin\
gDialog\x01\x03\x00\x00\x008\xc7\x04\xd5\
\xd8\xc7D\x00 \xc7x\xc9\xc0\xd5X\xac\xe0\x00 \xc7\
t\x00 \xc2\xa4\xd0l\xb9\xbd\xd2\xb8\xb9|\x00 \xac\
\x00\xc88\xc6$\xae0\xb9|\x00 \xc6\xd0\xd5i\xb2\
\xc8\xb2\xe4\x00.\x08\x00\x00\x00\x00\x06\x00\x00\x006I\
 understand the \
risks and want t\
o import this sc\
ript.\x07\x00\x00\x00\x13Import\
WarningDialog\x01\x03\x00\
\x00\x00\xc4\xc2\xa4\xd0l\xb9\xbd\xd2\xb8\x00 \xac\x8c\xc2\
\xdc\xc7\x90\xb9|\x00 \xc2\xe0\xb8\xb0\xd5X\xb2\x94\xc9\
\xc0\x00 \xd6U\xc7x\xd5X\xc2\xed\xc2\xdc\xc6$\x00\
.\x00 \xd6U\xc7x\xb4\x18\xc9\xc0\x00 \xc5J\xc7\
@\x00 \xc2\xa4\xd0l\xb9\xbd\xd2\xb8\xb2\x94\x00 \xac\
\xc4\xc8\x15\x00/\xb3p\xc7t\xd10\x00/\xae\x08\xc8\
\x04\x00 \xb3\xc4\xc6\xa9\x00,\x00 \xb3p\xc7t\xd1\
0\x00 \xd3\x0c\xad4\x00,\x00 \xce\xf4\xd4\xe8\xd1\
0\x00 \xc1\x90\xc0\xc1\x00/\xc8\x1c\xc5\xb4\x00 \xb4\
\xf1\xc7D\x00 \xd3\xec\xd5h\xd5X\xb4\x18\x00 \xc7\
t\xc5\xd0\x00 \xadm\xd5\x5c\xb4\x18\xc9\xc0\x00 \xc5\
J\xb2\x94\x00 \xc7\x04\xd5\xd8\xc7t\x00 \xc7\x88\xc2\
\xb5\xb2\xc8\xb2\xe4\x00.\x08\x00\x00\x00\x00\x06\x00\x00\x00\
\xabMake sure that \
you trust the sc\
ript publisher, \
unverified scrip\
t can and not li\
mited to steal y\
our account/ dat\
a money, destroy\
 your data, harm\
/ controlling yo\
ur computer.\x07\x00\x00\x00\
\x13ImportWarningDi\
alog\x01\x03\x00\x00\x00\x04\xac\xbd\xac\xe0\x08\x00\
\x00\x00\x00\x06\x00\x00\x00\x07Warning\x07\
\x00\x00\x00\x13ImportWarnin\
gDialog\x01\x03\x00\x00\x00\x12\xba\xa8\xb4\
\xe0\x00 \xd3\x0c\xc7|\x00 \x00(\x00*\x00)\x08\
\x00\x00\x00\x00\x06\x00\x00\x00\x0dAll Fil\
es (*)\x07\x00\x00\x00\x14Label\
AndFileSelector\x01\
\x03\x00\x00\x00\x08\xcc>\xc5D\xbc\xf4\xae0\x08\x00\x00\
\x00\x00\x06\x00\x00\x00\x06Browse\x07\x00\x00\
\x00\x14LabelAndFileSe\
lector\x01\x03\x00\x00\x00\x0a\xd3\x0c\xc7|\
\x00 \xc1 \xd0\xdd\x08\x00\x00\x00\x00\x06\x00\x00\x00\x0b\
Select File\x07\x00\x00\x00\x14\
LabelAndFileSele\
ctor\x01\x03\x00\x00\x00\x16\xd3\x0c\xc7|\x00 \
\xb6\x10\xb2\x94\x00 \xd3\xf4\xb3T\x00 \xc1 \xd0\xdd\
\x08\x00\x00\x00\x00\x06\x00\x00\x00\x15Select\
 File or Folder\x07\
\x00\x00\x00\x14LabelAndFile\
Selector\x01\x03\x00\x00\x00\x0a\xd3\xf4\
\xb3T\x00 \xc1 \xd0\xdd\x08\x00\x00\x00\x00\x06\x00\x00\
\x00\x0dSelect Folder\x07\
\x00\x00\x00\x14LabelAndFile\
Selector\x01\x03\x00\x00\x00\x0e\xc1$\
\xc8\x15\xc7<\xb8\x5c\x00 \xc7t\xb3\xd9\x08\x00\x00\x00\
\x00\x06\x00\x00\x00\x0cGo to Conf\
ig\x07\x00\x00\x00\x0eLabelAndG\
lobal\x01\x03\x00\x00\x00\x06\xc5D\xb2\xc8\xc6\
\x94\x08\x00\x00\x00\x00\x06\x00\x00\x00\x02No\x07\x00\x00\
\x00\x14LabelAndSwitch\
Button\x01\x03\x00\x00\x00\x02\xc6\x08\x08\x00\
\x00\x00\x00\x06\x00\x00\x00\x03Yes\x07\x00\x00\x00\x14\
LabelAndSwitchBu\
tton\x01\x03\x00\x00\x00\x0e\x00D\x00i\x00s\
\x00c\x00o\x00r\x00d\x08\x00\x00\x00\x00\x06\x00\x00\
\x00\x07Discord\x07\x00\x00\x00\x08Li\
nksBar\x01\x03\x00\x00\x00\x08\xb2\xe4\xc6\xb4\
\xb8\x5c\xb4\xdc\x08\x00\x00\x00\x00\x06\x00\x00\x00\x08Do\
wnload\x07\x00\x00\x00\x08Links\
Bar\x01\x03\x00\x00\x00\x10\xc7\x90\xc8\xfc\x00 \xbb\
;\xb2\x94\x00 \xc9\xc8\xbb8\x08\x00\x00\x00\x00\x06\x00\
\x00\x00\x03FAQ\x07\x00\x00\x00\x08Links\
Bar\x01\x03\x00\x00\x00\x0c\x00G\x00i\x00t\x00\
H\x00u\x00b\x08\x00\x00\x00\x00\x06\x00\x00\x00\x06G\
itHub\x07\x00\x00\x00\x08LinksB\
ar\x01\x03\x00\x00\x00\x14\xb2\xe4\xc6\xb4\xb8\x5c\xb4\xdc\
\x00 \xb9\xc1\xd0l\x00 \xac\xf5\xc7 \x08\x00\x00\x00\
\x00\x06\x00\x00\x00\x05Share\x07\x00\x00\x00\x08\
LinksBar\x01\x03\x00\x00\x00(\xac\xf5\
\xc7 \x00 \xb9\xc1\xd0l\xac\x00\x00 \xd0t\xb9\xbd\
\xbc\xf4\xb4\xdc\xc5\xd0\x00 \xbc\xf5\xc0\xac\xb4\x18\xc5\xc8\
\xc2\xb5\xb2\xc8\xb2\xe4\x08\x00\x00\x00\x00\x06\x00\x00\x00\x1e\
Share Link copie\
d to clipboard\x07\x00\
\x00\x00\x08LinksBar\x01\x03\x00\x00\x00\
\x04\xd6\xc4\xc6\xd0\x08\x00\x00\x00\x00\x06\x00\x00\x00\x07S\
ponsor\x07\x00\x00\x00\x08Links\
Bar\x01\x03\x00\x00\x00\x0a\xba\xa8\xb4\xe0\x00 \xb8\
\x08\xbc\xa8\x08\x00\x00\x00\x00\x06\x00\x00\x00\x0aAll\
 Levels\x07\x00\x00\x00\x09LogW\
indow\x01\x03\x00\x00\x00\x06\xc9\xc0\xc6\xb0\xae\
0\x08\x00\x00\x00\x00\x06\x00\x00\x00\x05Clear\
\x07\x00\x00\x00\x09LogWindow\x01\x03\
\x00\x00\x00\x04\xb2\xeb\xae0\x08\x00\x00\x00\x00\x06\x00\x00\
\x00\x05Close\x07\x00\x00\x00\x09LogW\
indow\x01\x03\x00\x00\x00\x06\xb4\xdc\xb7\x98\xad\
\xf8\x08\x00\x00\x00\x00\x06\x00\x00\x00\x04Drag\x07\
\x00\x00\x00\x09LogWindow\x01\x03\x00\
\x00\x00\x10\xb8\x5c\xad\xf8\x00 \xd5D\xd10\x00.\x00\
.\x00.\x08\x00\x00\x00\x00\x06\x00\x00\x00\x0eFil\
ter logs...\x07\x00\x00\x00\x09\
LogWindow\x01\x03\x00\x00\x00\x0a\xb8\
\x5c\xad\xf8\x00 \xc5\xf4\xae0\x08\x00\x00\x00\x00\x06\x00\
\x00\x00\x09Open Logs\x07\x00\x00\x00\
\x09LogWindow\x01\x03\x00\x00\x00\x08\
\xc7|\xc2\xdc\xc8\x15\xc9\xc0\x08\x00\x00\x00\x00\x06\x00\x00\
\x00\x05Pause\x07\x00\x00\x00\x09LogW\
indow\x01\x03\x00\x00\x00\x04\xac\xe0\xc8\x15\x08\
\x00\x00\x00\x00\x06\x00\x00\x00\x03Pin\x07\x00\x00\x00\
\x09LogWindow\x01\x03\x00\x00\x00\x04\
\xc7\xac\xac\x1c\x08\x00\x00\x00\x00\x06\x00\x00\x00\x06Re\
sume\x07\x00\x00\x00\x09LogWind\
ow\x01\x03\x00\x00\x00\x0a\xac\xe0\xc8\x15\x00 \xd5t\
\xc8\x1c\x08\x00\x00\x00\x00\x06\x00\x00\x00\x05Unpi\
n\x07\x00\x00\x00\x09LogWindow\x01\
\x03\x00\x00\x00\x0a\xb8\x5c\xad\xf8\x00 \xbc\xf4\xae0\x08\
\x00\x00\x00\x00\x06\x00\x00\x00\x08View Lo\
g\x07\x00\x00\x00\x09LogWindow\x01\
\x03\x00\x00\x00$\x00o\x00k\x00-\x00s\x00c\x00\
r\x00i\x00p\x00t\x00.\x00l\x00o\x00g\x00\
 \xb3\x00\xae0\x00 \xc9\x11\x08\x00\x00\x00\x00\x06\x00\
\x00\x00\x19Waiting for o\
k-script.log\x07\x00\x00\x00\
\x09LogWindow\x01\x03\x00\x00\x00\x02\
\xac\x1c\x08\x00\x00\x00\x00\x06\x00\x00\x00\x07reco\
rds\x07\x00\x00\x00\x09LogWindo\
w\x01\x03\x00\x00\x00\x04\xc8\x15\xbc\xf4\x08\x00\x00\x00\x00\
\x06\x00\x00\x00\x05About\x07\x00\x00\x00\x0aM\
ainWindow\x01\x03\x00\x00\x00\x0a\xce\
\xa1\xcc\x98\x00 \xbc)\xc2\xdd\x08\x00\x00\x00\x00\x06\x00\
\x00\x00\x07Capture\x07\x00\x00\x00\x0aM\
ainWindow\x01\x03\x00\x00\x00\x0a\xce\
\xa1\xcc\x98\x00 \xc6$\xb9X\x08\x00\x00\x00\x00\x06\x00\
\x00\x00\x0dCapture Error\
\x07\x00\x00\x00\x0aMainWindow\x01\
\x03\x00\x00\x00\x0a\xac\x1c\xbc\x1c\x00 \xb3\xc4\xadl\x08\
\x00\x00\x00\x00\x06\x00\x00\x00\x05Debug\x07\x00\
\x00\x00\x0aMainWindow\x01\x03\x00\
\x00\x00\x04\xc6$\xb9X\x08\x00\x00\x00\x00\x06\x00\x00\x00\
\x05Error\x07\x00\x00\x00\x0aMainW\
indow\x01\x03\x00\x00\x00\x04\xc8\x85\xb8\xcc\x08\
\x00\x00\x00\x00\x06\x00\x00\x00\x04Exit\x07\x00\x00\
\x00\x0aMainWindow\x01\x03\x00\x00\
\x00\x04\xc8\x15\xbc\xf4\x08\x00\x00\x00\x00\x06\x00\x00\x00\x04\
Info\x07\x00\x00\x00\x0aMainWin\
dow\x01\x03\x00\x00\x00\x0e\xc7|\xc2\xdc\x00 \xc9\
\x11\xc9\xc0\xb4(\x00.\x08\x00\x00\x00\x00\x06\x00\x00\x00\
\x0ePause Success.\x07\
\x00\x00\x00\x0aMainWindow\x01\x03\
\x00\x00\x000\xac\x8c\xc7\x84\x00 \xcc=\xc7t\x00 \
\xc6,\xbc\x14\xb9t\xac\x8c\x00 \xc1 \xd0\xdd\xb4\x18\
\xc5\xc8\xb2\x94\xc9\xc0\x00 \xd6U\xc7x\xd5X\xc18\
\xc6\x94\x00!\x08\x00\x00\x00\x00\x06\x00\x00\x00;Pl\
ease check wheth\
er the game wind\
ow is selected c\
orrectly!\x07\x00\x00\x00\x0aMa\
inWindow\x01\x03\x00\x00\x00\x0a\xc5H\
\xc8\x15\x00 \xbc\x84\xc8\x04\x08\x00\x00\x00\x00\x06\x00\x00\
\x00\x07Release\x07\x00\x00\x00\x0aMa\
inWindow\x01\x03\x00\x00\x00\x0a\xcfT\
\xb4\xdc\x00 \xc2\xe4\xd5\x89\x08\x00\x00\x00\x00\x06\x00\x00\
\x00\x08Run Code\x07\x00\x00\x00\x0aM\
ainWindow\x01\x03\x00\x00\x00\x04\xc7\
|\xc8\x15\x08\x00\x00\x00\x00\x06\x00\x00\x00\x08Sch\
edule\x07\x00\x00\x00\x0aMainWi\
ndow\x01\x03\x00\x00\x00\x08\xc2\xa4\xd0l\xb9\xbd\
\xd2\xb8\x08\x00\x00\x00\x00\x06\x00\x00\x00\x06Scri\
pt\x07\x00\x00\x00\x0aMainWindo\
w\x01\x03\x00\x00\x00\x04\xc1$\xc8\x15\x08\x00\x00\x00\x00\
\x06\x00\x00\x00\x08Settings\x07\x00\x00\
\x00\x0aMainWindow\x01\x03\x00\x00\
\x00\x0c\xc2\xdc\xc7\x91\x00 \xc11\xac\xf5\x00.\x08\x00\
\x00\x00\x00\x06\x00\x00\x00\x0eStart Su\
ccess.\x07\x00\x00\x00\x0aMainW\
indow\x01\x03\x00\x00\x00\x04\xc7\x91\xc5\xc5\x08\
\x00\x00\x00\x00\x06\x00\x00\x00\x05Tasks\x07\x00\
\x00\x00\x0aMainWindow\x01\x03\x00\
\x00\x00\x06\xd1\x5c\xd5\x0c\xb9\xbf\x08\x00\x00\x00\x00\x06\x00\
\x00\x00\x09Templates\x07\x00\x00\x00\
\x0aMainWindow\x01\x03\x00\x00\x00\
V\xc7t\xac\x83\xc7@\x00 \xbb4\xb8\xcc\x00 \xc1\
\x8c\xd5\x04\xd2\xb8\xc6\xe8\xc5\xb4\xc7\x85\xb2\xc8\xb2\xe4\x00\
.\x00 \xb9\xcc\xc5}\x00 \xadl\xb9\xe4\xd5X\xc1\
h\xb2\xe4\xbat\x00 \xd3\x10\xb9\xe4\xc7\x90\xc5\xd0\xac\
\x8c\x00 \xd6X\xbd\x88\xc7D\x00 \xc6\x94\xcc\xad\xd5\
X\xc18\xc6\x94\x00.\x08\x00\x00\x00\x00\x06\x00\x00\x00\
ZThis is a free \
software. If you\
 purchased this \
anywhere, reques\
t a refund from \
the seller.\x07\x00\x00\x00\x0a\
MainWindow\x01\x03\x00\x00\x00\x0e\
\xc2\xe4\xc2\xdc\xac\x04\x00 \xd2\xb8\xb9\xac\xacp\x08\x00\
\x00\x00\x00\x06\x00\x00\x00\x08Triggers\
\x07\x00\x00\x00\x0aMainWindow\x01\
\x03\x00\x00\x00\x08\xc5\xc5\xb3p\xc7t\xd2\xb8\x08\x00\x00\
\x00\x00\x06\x00\x00\x00\x06Update\x07\x00\x00\
\x00\x0aMainWindow\x01\x03\x00\x00\
\x00\x06\xd6\x5c\xc11\xd6T\x08\x00\x00\x00\x00\x06\x00\x00\
\x00\x06\xe6\xbf\x80\xe6\xb4\xbb\x07\x00\x00\x00\x0aMai\
nWindow\x01\x03\x00\x00\x00\x0c\xc0\xad\xc8\
\x1c\x00 \x00(\x00D\x00)\x08\x00\x00\x00\x00\x06\x00\
\x00\x00\x0aDelete (D)\x07\x00\x00\
\x00\x0cMarkUpWindow\x01\x03\
\x00\x00\x00\x0e\xad\xf8\xb9\xac\xae0\x00 \x00(\x00R\
\x00)\x08\x00\x00\x00\x00\x06\x00\x00\x00\x08Draw\
 (R)\x07\x00\x00\x00\x0cMarkUpW\
indow\x01\x03\x00\x00\x00\x0e\xb9\xc8\xd0l\xc5\
\xc5\x00 \xd3\xb8\xc9\xd1\xae0\x08\x00\x00\x00\x00\x06\x00\
\x00\x00\x0dMarkup Editor\
\x07\x00\x00\x00\x0cMarkUpWindo\
w\x01\x03\x00\x00\x00\x14\xc2\x18\xc8\x15\x00 \x00(\xb3\
T\xbe\x14\x00 \xd0t\xb9\xad\x00)\x08\x00\x00\x00\x00\
\x06\x00\x00\x00\x15Modify (Dou\
ble Click)\x07\x00\x00\x00\x0cM\
arkUpWindow\x01\x03\x00\x00\x00\
\x16\xc6\xb0\xd0t\xb9\xad\xc7<\xb8\x5c\x00 \xc0\xc9\xc0\
\xc1\x00 \xbc\xf5\xc0\xac\x08\x00\x00\x00\x00\x06\x00\x00\x00\
\x19Right click to \
copy color\x07\x00\x00\x00\x0cM\
arkUpWindow\x01\x03\x00\x00\x00\
\x04\xd6U\xc7x\x08\x00\x00\x00\x00\x06\x00\x00\x00\x07C\
onfirm\x07\x00\x00\x00\x0dMessa\
geWindow\x01\x03\x00\x00\x00\x04\xcd\x94\
\xac\x00\x08\x00\x00\x00\x00\x06\x00\x00\x00\x03Add\x07\
\x00\x00\x00\x10ModifyListDi\
alog\x01\x03\x00\x00\x00\x12\xc0\xac\xc6\xa9\x00 \
\xac\x00\xb2\xa5\xd5\x5c\x00 \xc65\xc1X\x08\x00\x00\x00\
\x00\x06\x00\x00\x00\x11Available \
Options\x07\x00\x00\x00\x10Modi\
fyListDialog\x01\x03\x00\x00\
\x00\x04\xcd\xe8\xc1\x8c\x08\x00\x00\x00\x00\x06\x00\x00\x00\x06\
Cancel\x07\x00\x00\x00\x10Modif\
yListDialog\x01\x03\x00\x00\x00\
\x1c\xcd\x94\xac\x00\xd5`\x00 \xc65\xc1X\xc7D\x00\
 \xd0t\xb9\xad\xd5X\xc18\xc6\x94\x00.\x08\x00\x00\
\x00\x00\x06\x00\x00\x00\x1aClick an \
option to add it\
.\x07\x00\x00\x00\x10ModifyList\
Dialog\x01\x03\x00\x00\x00\x04\xd6U\xc7x\
\x08\x00\x00\x00\x00\x06\x00\x00\x00\x07Confir\
m\x07\x00\x00\x00\x10ModifyList\
Dialog\x01\x03\x00\x00\x00\x04\xc2\x18\xc8\x15\
\x08\x00\x00\x00\x00\x06\x00\x00\x00\x06Modify\
\x07\x00\x00\x00\x10ModifyListD\
ialog\x01\x03\x00\x00\x00\x0c\xc5D\xb7\x98\xb8\
\x5c\x00 \xc7t\xb3\xd9\x08\x00\x00\x00\x00\x06\x00\x00\x00\
\x09Move Down\x07\x00\x00\x00\x10M\
odifyListDialog\x01\
\x03\x00\x00\x00\x0a\xc7\x04\xb8\x5c\x00 \xc7t\xb3\xd9\x08\
\x00\x00\x00\x00\x06\x00\x00\x00\x07Move Up\
\x07\x00\x00\x00\x10ModifyListD\
ialog\x01\x03\x00\x00\x00\x04\xc8\x1c\xacp\x08\
\x00\x00\x00\x00\x06\x00\x00\x00\x06Remove\x07\
\x00\x00\x00\x10ModifyListDi\
alog\x01\x03\x00\x00\x00\x10\xc65\xc1X\x00 \
\xac\x80\xc0\xc9\x00.\x00.\x00.\x08\x00\x00\x00\x00\x06\
\x00\x00\x00\x11Search optio\
ns...\x07\x00\x00\x00\x10Modify\
ListDialog\x01\x03\x00\x00\x00\x0c\
\xc1 \xd0\xdd\xd5\x5c\x00 \xc65\xc1X\x08\x00\x00\x00\
\x00\x06\x00\x00\x00\x10Selected O\
ptions\x07\x00\x00\x00\x10Modif\
yListDialog\x01\x03\x00\x00\x00\
\x04\xc2\x18\xc8\x15\x08\x00\x00\x00\x00\x06\x00\x00\x00\x06M\
odify\x07\x00\x00\x00\x0eModify\
ListItem\x01\x03\x00\x00\x00\x16\x00(\
\x000\x00 \x00=\x00 \xbeD\xd6\x5c\xc11\xd6T\
\xb4(\x00)\x08\x00\x00\x00\x00\x06\x00\x00\x00\x0e(0\
 = disabled)\x07\x00\x00\x00\
\x18ModifyScheduleT\
askDialog\x01\x03\x00\x00\x00\x08\x00\
2\x004\xc2\xdc\xac\x04\x08\x00\x00\x00\x00\x06\x00\x00\x00\
\x0324h\x07\x00\x00\x00\x18ModifyS\
cheduleTaskDialo\
g\x01\x03\x00\x00\x00$\xc7\x91\xc5\xc5\x00 \xc6D\xb8\
\xcc\x00 \xd6\xc4\x00 \xc7\x90\xb3\xd9\x00 \xc8\x85\xb8\
\xcc\x00 \x00(\x00-\x00e\x00)\x08\x00\x00\x00\x00\
\x06\x00\x00\x00\x1eAuto exit a\
fter task done (\
-e)\x07\x00\x00\x00\x18ModifySc\
heduleTaskDialog\
\x01\x03\x00\x00\x00\x04\xcd\xe8\xc1\x8c\x08\x00\x00\x00\x00\x06\
\x00\x00\x00\x06Cancel\x07\x00\x00\x00\x18M\
odifyScheduleTas\
kDialog\x01\x03\x00\x00\x00\x0c\xc0\xac\xc6\
\xa9\xc7\x90\x00 \xc8\x15\xc7X\x08\x00\x00\x00\x00\x06\x00\
\x00\x00\x06Custom\x07\x00\x00\x00\x18Mo\
difyScheduleTask\
Dialog\x01\x03\x00\x00\x00\x12\xc0\xac\xc6\xa9\
\xc7\x90\x00 \xc8\x15\xc7X\x00 \xac\x04\xac\xa9\x08\x00\
\x00\x00\x00\x06\x00\x00\x00\x0fCustom I\
nterval\x07\x00\x00\x00\x18Modi\
fyScheduleTaskDi\
alog\x01\x03\x00\x00\x00\x04\xb9\xe4\xc7|\x08\x00\
\x00\x00\x00\x06\x00\x00\x00\x05Daily\x07\x00\x00\
\x00\x18ModifySchedule\
TaskDialog\x01\x03\x00\x00\x00\x02\
\xc7|\x08\x00\x00\x00\x00\x06\x00\x00\x00\x04Days\
\x07\x00\x00\x00\x18ModifySched\
uleTaskDialog\x01\x03\x00\
\x00\x00\x04\xc2\xdc\xac\x04\x08\x00\x00\x00\x00\x06\x00\x00\x00\
\x04Hour\x07\x00\x00\x00\x18Modify\
ScheduleTaskDial\
og\x01\x03\x00\x00\x00\x04\xc2\xdc\xac\x04\x08\x00\x00\x00\
\x00\x06\x00\x00\x00\x05Hours\x07\x00\x00\x00\x18\
ModifyScheduleTa\
skDialog\x01\x03\x00\x00\x00\x02\xbd\x84\
\x08\x00\x00\x00\x00\x06\x00\x00\x00\x06Minute\
\x07\x00\x00\x00\x18ModifySched\
uleTaskDialog\x01\x03\x00\
\x00\x00\x04\xc2\x18\xc8\x15\x08\x00\x00\x00\x00\x06\x00\x00\x00\
\x06Modify\x07\x00\x00\x00\x18Modi\
fyScheduleTaskDi\
alog\x01\x03\x00\x00\x00\x10\xc6\x08\xc5}\x00 \
\xc7\x91\xc5\xc5\x00 \xc2\x18\xc8\x15\x08\x00\x00\x00\x00\x06\
\x00\x00\x00\x14Modify Sched\
ule Task\x07\x00\x00\x00\x18Mod\
ifyScheduleTaskD\
ialog\x01\x03\x00\x00\x00\x04\xb9\xe4\xc6\xd4\x08\
\x00\x00\x00\x00\x06\x00\x00\x00\x07Monthly\
\x07\x00\x00\x00\x18ModifySched\
uleTaskDialog\x01\x03\x00\
\x00\x00\x06\xd5\x5c\x00 \xbc\x88\x08\x00\x00\x00\x00\x06\x00\
\x00\x00\x04Once\x07\x00\x00\x00\x18Modi\
fyScheduleTaskDi\
alog\x01\x03\x00\x00\x00\x0a\xc2\xdc\xc7\x91\x00 \
\xc2\xdc\xac\x04\x08\x00\x00\x00\x00\x06\x00\x00\x00\x0aSt\
art Time\x07\x00\x00\x00\x18Mod\
ifyScheduleTaskD\
ialog\x01\x03\x00\x00\x00\x0a\xc2\xdc\xc7\x91\x00\
 \xc65\xc1X\x08\x00\x00\x00\x00\x06\x00\x00\x00\x0fS\
tartup Options\x07\x00\
\x00\x00\x18ModifySchedul\
eTaskDialog\x01\x03\x00\x00\x00\
\x16\xc7\x91\xc5\xc5\x00 \xc7x\xb3q\xc2\xa4\x00 \x00\
(\x00-\x00t\x00)\x08\x00\x00\x00\x00\x06\x00\x00\x00\
\x0fTask Index (-t)\
\x07\x00\x00\x00\x18ModifySched\
uleTaskDialog\x01\x03\x00\
\x00\x00\x0a\xc7\x91\xc5\xc5\x00 \xc7t\xb9\x84\x08\x00\x00\
\x00\x00\x06\x00\x00\x00\x09Task Name\
\x07\x00\x00\x00\x18ModifySched\
uleTaskDialog\x01\x03\x00\
\x00\x00\x0a\xc2\xdc\xac\x04\x00 \xcd\x08\xac\xfc\x08\x00\x00\
\x00\x00\x06\x00\x00\x00\x07Timeout\x07\x00\
\x00\x00\x18ModifySchedul\
eTaskDialog\x01\x03\x00\x00\x00\
\x0c\xd2\xb8\xb9\xac\xacp\x00 \xc7 \xd6\x15\x08\x00\x00\
\x00\x00\x06\x00\x00\x00\x0cTrigger T\
ype\x07\x00\x00\x00\x18ModifySc\
heduleTaskDialog\
\x01\x03\x00\x00\x00\x04\xb9\xe4\xc8\xfc\x08\x00\x00\x00\x00\x06\
\x00\x00\x00\x06Weekly\x07\x00\x00\x00\x18M\
odifyScheduleTas\
kDialog\x01\x03\x00\x00\x00\x18\xc2\xdc\xac\
\x04\x00 \x00(\x000\x00 \x00=\x00 \xbb4\xc8\
\x1c\xd5\x5c\x00)\x08\x00\x00\x00\x00\x06\x00\x00\x00\x15h\
ours (0 = unlimi\
ted)\x07\x00\x00\x00\x18ModifyS\
cheduleTaskDialo\
g\x01\x03\x00\x00\x00\x08\xcc=\x00 \xc1 \xd0\xdd\x08\
\x00\x00\x00\x00\x06\x00\x00\x00\x0dChoose \
Window\x07\x00\x00\x00\x0eOneTi\
meTaskTab\x01\x03\x00\x00\x00\x06\xc6\
D\xb8\xcc\xb4(\x08\x00\x00\x00\x00\x06\x00\x00\x00\x09C\
ompleted\x07\x00\x00\x00\x0eOne\
TimeTaskTab\x01\x03\x00\x00\x00\
\x04\xc8\x15\xbc\xf4\x08\x00\x00\x00\x00\x06\x00\x00\x00\x04I\
nfo\x07\x00\x00\x00\x0eOneTimeT\
askTab\x01\x03\x00\x00\x00\x08\xc2\xe4\xd5\x89\
\x00 \xc9\x11\x08\x00\x00\x00\x00\x06\x00\x00\x00\x07Ru\
nning\x07\x00\x00\x00\x0eOneTim\
eTaskTab\x01\x03\x00\x00\x00\x02\xac\x12\
\x08\x00\x00\x00\x00\x06\x00\x00\x00\x05Value\x07\
\x00\x00\x00\x0eOneTimeTaskT\
ab\x01\x03\x00\x00\x00\x08\xb2\xe4\xc6\xb4\xb8\x5c\xb4\xdc\
\x08\x00\x00\x00\x00\x06\x00\x00\x00\x08Downlo\
ad\x07\x00\x00\x00\x0bProjectCa\
rd\x01\x03\x00\x00\x00\x04\xc6$\xb9X\x08\x00\x00\x00\
\x00\x06\x00\x00\x00\x03app\x07\x00\x00\x00\x10QC\
oreApplication\x01\x03\
\x00\x00\x00\x1a\xc7\x91\xc5\xc5\xc7D\x00 \xc0\xad\xc8\x1c\
\xd5X\xc2\xdc\xac\xa0\xc2\xb5\xb2\xc8\xaeL\x00?\x08\x00\
\x00\x00\x00\x06\x00\x00\x00$Are you \
sure you want to\
 delete task\x07\x00\x00\x00\
\x0fScheduleTaskTab\
\x01\x03\x00\x00\x00\x04\xcd\xe8\xc1\x8c\x08\x00\x00\x00\x00\x06\
\x00\x00\x00\x06Cancel\x07\x00\x00\x00\x0fS\
cheduleTaskTab\x01\x03\
\x00\x00\x00\x0a\xc7\x91\xc5\xc5\x00 \xc0\xdd\xc11\x08\x00\
\x00\x00\x00\x06\x00\x00\x00\x0bCreate T\
ask\x07\x00\x00\x00\x0fSchedule\
TaskTab\x01\x03\x00\x00\x00\x04\xc0\xad\xc8\
\x1c\x08\x00\x00\x00\x00\x06\x00\x00\x00\x06Delet\
e\x07\x00\x00\x00\x0fScheduleTa\
skTab\x01\x03\x00\x00\x00\x0a\xc7\x91\xc5\xc5\x00\
 \xc0\xad\xc8\x1c\x08\x00\x00\x00\x00\x06\x00\x00\x00\x0bD\
elete Task\x07\x00\x00\x00\x0fS\
cheduleTaskTab\x01\x03\
\x00\x00\x00\x04\xc6$\xb9X\x08\x00\x00\x00\x00\x06\x00\x00\
\x00\x05Error\x07\x00\x00\x00\x0fSche\
duleTaskTab\x01\x03\x00\x00\x00\
\x10\xc7\x91\xc5\xc5\x00 \xc0\xdd\xc11\x00 \xc2\xe4\xd3\
(\x08\x00\x00\x00\x00\x06\x00\x00\x00\x15Faile\
d to create task\
\x07\x00\x00\x00\x0fScheduleTas\
kTab\x01\x03\x00\x00\x00\x10\xc7\x91\xc5\xc5\x00 \
\xc0\xad\xc8\x1c\x00 \xc2\xe4\xd3(\x08\x00\x00\x00\x00\x06\
\x00\x00\x00\x15Failed to de\
lete task\x07\x00\x00\x00\x0fSc\
heduleTaskTab\x01\x03\x00\
\x00\x00\x10\xc7\x91\xc5\xc5\x00 \xb8\x5c\xb4\xdc\x00 \xc2\
\xe4\xd3(\x08\x00\x00\x00\x00\x06\x00\x00\x00\x14Fai\
led to load task\
s\x07\x00\x00\x00\x0fScheduleTa\
skTab\x01\x03\x00\x00\x00\x10\xc7\x91\xc5\xc5\x00\
 \xc2\x18\xc8\x15\x00 \xc2\xe4\xd3(\x08\x00\x00\x00\x00\
\x06\x00\x00\x00\x15Failed to m\
odify task\x07\x00\x00\x00\x0fS\
cheduleTaskTab\x01\x03\
\x00\x00\x006\xc7\x91\xc5\xc5\x00 \xc2\x18\xc8\x15\x00 \
\xc2\xe4\xd3(\x00:\x00 \xc7t\xc8\x04\x00 \xc7\x91\
\xc5\xc5\xc7D\x00 \xc0\xad\xc8\x1c\xd5`\x00 \xc2\x18\
\x00 \xc5\xc6\xc2\xb5\xb2\xc8\xb2\xe4\x08\x00\x00\x00\x00\x06\
\x00\x00\x00-Failed to mo\
dify task: canno\
t delete old tas\
k\x07\x00\x00\x00\x0fScheduleTa\
skTab\x01\x03\x00\x00\x00$\xc2\x18\xc8\x15\x00\
 \xb3\x00\xd6T\x00 \xc0\xc1\xc7\x90\xb9|\x00 \xc5\
\xf4\xc9\xc0\x00 \xba\xbb\xd5\x88\xc2\xb5\xb2\xc8\xb2\xe4\x08\
\x00\x00\x00\x00\x06\x00\x00\x00\x1cFailed \
to open modify d\
ialog\x07\x00\x00\x00\x0fSchedu\
leTaskTab\x01\x03\x00\x00\x00\x16\xc7\
\x91\xc5\xc5\x00 \xc0\xc1\xd0\xdc\x00 \xc8\x04\xd6X\x00\
 \xc2\xe4\xd3(\x08\x00\x00\x00\x00\x06\x00\x00\x00\x15F\
ailed to toggle \
task\x07\x00\x00\x00\x0fSchedul\
eTaskTab\x01\x03\x00\x00\x00\x08\xc0\xc8\
\xb8\x5c\xac\xe0\xceh\x08\x00\x00\x00\x00\x06\x00\x00\x00\x07\
Refresh\x07\x00\x00\x00\x0fSche\
duleTaskTab\x01\x03\x00\x00\x00\
\x0e\xc0\xc8\xb8\x5c\xac\xe0\xceh\x00 \xc2\xe4\xd3(\x08\
\x00\x00\x00\x00\x06\x00\x00\x00\x0eRefresh\
 failed\x07\x00\x00\x00\x0fSche\
duleTaskTab\x01\x03\x00\x00\x00\
\x0a\xc6\x08\xc5}\x00 \xc7\x91\xc5\xc5\x08\x00\x00\x00\x00\
\x06\x00\x00\x00\x0eSchedule Ta\
sks\x07\x00\x00\x00\x0fSchedule\
TaskTab\x01\x03\x00\x00\x00\x04\xc11\xac\
\xf5\x08\x00\x00\x00\x00\x06\x00\x00\x00\x07Succe\
ss\x07\x00\x00\x00\x0fScheduleT\
askTab\x01\x03\x00\x00\x00\x16\xc7\x91\xc5\xc5\
\xc7t\x00 \xc0\xdd\xc11\xb4\x18\xc5\xc8\xc2\xb5\xb2\xc8\
\xb2\xe4\x08\x00\x00\x00\x00\x06\x00\x00\x00\x19Task\
 created success\
fully\x07\x00\x00\x00\x0fSchedu\
leTaskTab\x01\x03\x00\x00\x00\x16\xc7\
\x91\xc5\xc5\xc7t\x00 \xc0\xad\xc8\x1c\xb4\x18\xc5\xc8\xc2\
\xb5\xb2\xc8\xb2\xe4\x08\x00\x00\x00\x00\x06\x00\x00\x00\x19T\
ask deleted succ\
essfully\x07\x00\x00\x00\x0fSch\
eduleTaskTab\x01\x03\x00\x00\
\x00\x1a\xc7\x91\xc5\xc5\xc7t\x00 \xbeD\xd6\x5c\xc11\
\xd6T\xb4\x18\xc5\xc8\xc2\xb5\xb2\xc8\xb2\xe4\x08\x00\x00\x00\
\x00\x06\x00\x00\x00\x0dTask disab\
led\x07\x00\x00\x00\x0fSchedule\
TaskTab\x01\x03\x00\x00\x00\x18\xc7\x91\xc5\
\xc5\xc7t\x00 \xd6\x5c\xc11\xd6T\xb4\x18\xc5\xc8\xc2\
\xb5\xb2\xc8\xb2\xe4\x08\x00\x00\x00\x00\x06\x00\x00\x00\x0cT\
ask enabled\x07\x00\x00\x00\x0f\
ScheduleTaskTab\x01\
\x03\x00\x00\x00\x16\xc7\x91\xc5\xc5\xc7t\x00 \xc2\x18\xc8\
\x15\xb4\x18\xc5\xc8\xc2\xb5\xb2\xc8\xb2\xe4\x08\x00\x00\x00\x00\
\x06\x00\x00\x00\x1aTask modifi\
ed successfully\x07\
\x00\x00\x00\x0fScheduleTask\
Tab\x01\x03\x00\x00\x00$\xce\x90\xc2\xdc\xc5\xd0\xc1\
\x1c\x00 \xc7\x91\xc5\xc5\xc7D\x00 \xcc>\xc7D\x00\
 \xc2\x18\x00 \xc5\xc6\xc2\xb5\xb2\xc8\xb2\xe4\x08\x00\x00\
\x00\x00\x06\x00\x00\x00\x17Task not \
found in cache\x07\x00\
\x00\x00\x0fScheduleTaskT\
ab\x01\x03\x00\x00\x00\x1a\xc7\x91\xc5\xc5\xc7t\x00 \
\xc0\xc8\xb8\x5c\xac\xe0\xceh\xb4\x18\xc5\xc8\xc2\xb5\xb2\xc8\
\xb2\xe4\x08\x00\x00\x00\x00\x06\x00\x00\x00\x0fTask\
s refreshed\x07\x00\x00\x00\x0f\
ScheduleTaskTab\x01\
\x03\x00\x00\x00\x04\xc7\x91\xc5\xc5\x08\x00\x00\x00\x00\x06\x00\
\x00\x00\x07Actions\x07\x00\x00\x00\x11S\
cheduleTaskTable\
\x01\x03\x00\x00\x00\x0c\xc0\xac\xc6\xa9\xc7\x90\x00 \xc8\x15\
\xc7X\x08\x00\x00\x00\x00\x06\x00\x00\x00\x06Cust\
om\x07\x00\x00\x00\x11ScheduleT\
askTable\x01\x03\x00\x00\x00\x04\xb9\xe4\
\xc7|\x08\x00\x00\x00\x00\x06\x00\x00\x00\x05Dail\
y\x07\x00\x00\x00\x11ScheduleTa\
skTable\x01\x03\x00\x00\x00\x04\xc0\xad\xc8\
\x1c\x08\x00\x00\x00\x00\x06\x00\x00\x00\x06Delet\
e\x07\x00\x00\x00\x11ScheduleTa\
skTable\x01\x03\x00\x00\x00\x0a\xbeD\xd6\
\x5c\xc11\xd6T\xb4(\x08\x00\x00\x00\x00\x06\x00\x00\x00\
\x08Disabled\x07\x00\x00\x00\x11Sc\
heduleTaskTable\x01\
\x03\x00\x00\x00\x08\xd6\x5c\xc11\xd6T\xb4(\x08\x00\x00\
\x00\x00\x06\x00\x00\x00\x07Enabled\x07\x00\
\x00\x00\x11ScheduleTaskT\
able\x01\x03\x00\x00\x00\x04\xc2\x18\xc8\x15\x08\x00\
\x00\x00\x00\x06\x00\x00\x00\x06Modify\x07\x00\
\x00\x00\x11ScheduleTaskT\
able\x01\x03\x00\x00\x00\x04\xb9\xe4\xc6\xd4\x08\x00\
\x00\x00\x00\x06\x00\x00\x00\x07Monthly\x07\
\x00\x00\x00\x11ScheduleTask\
Table\x01\x03\x00\x00\x00\x0a\xb2\xe4\xc7L\x00\
 \xc2\xe4\xd5\x89\x08\x00\x00\x00\x00\x06\x00\x00\x00\x08N\
ext Run\x07\x00\x00\x00\x11Sche\
duleTaskTable\x01\x03\x00\
\x00\x00\x06\xd5\x5c\x00 \xbc\x88\x08\x00\x00\x00\x00\x06\x00\
\x00\x00\x04Once\x07\x00\x00\x00\x11Sche\
duleTaskTable\x01\x03\x00\
\x00\x00\x06\xc9\x00\xbeD\xb4(\x08\x00\x00\x00\x00\x06\x00\
\x00\x00\x05Ready\x07\x00\x00\x00\x11Sch\
eduleTaskTable\x01\x03\
\x00\x00\x00\x08\xc2\xe4\xd5\x89\x00 \xc9\x11\x08\x00\x00\x00\
\x00\x06\x00\x00\x00\x07Running\x07\x00\x00\
\x00\x11ScheduleTaskTa\
ble\x01\x03\x00\x00\x00\x04\xc0\xc1\xd0\xdc\x08\x00\x00\
\x00\x00\x06\x00\x00\x00\x06Status\x07\x00\x00\
\x00\x11ScheduleTaskTa\
ble\x01\x03\x00\x00\x00\x0a\xc7\x91\xc5\xc5\x00 \xc7\
t\xb9\x84\x08\x00\x00\x00\x00\x06\x00\x00\x00\x09Tas\
k Name\x07\x00\x00\x00\x11Sched\
uleTaskTable\x01\x03\x00\x00\
\x00\x0c\xd2\xb8\xb9\xac\xacp\x00 \xc7 \xd6\x15\x08\x00\
\x00\x00\x00\x06\x00\x00\x00\x0cTrigger \
Type\x07\x00\x00\x00\x11Schedul\
eTaskTable\x01\x03\x00\x00\x00\x0c\
\xc5L\x00 \xc2\x18\x00 \xc5\xc6\xc7L\x08\x00\x00\x00\
\x00\x06\x00\x00\x00\x07Unknown\x07\x00\x00\
\x00\x11ScheduleTaskTa\
ble\x01\x03\x00\x00\x00\x04\xb9\xe4\xc8\xfc\x08\x00\x00\
\x00\x00\x06\x00\x00\x00\x06Weekly\x07\x00\x00\
\x00\x11ScheduleTaskTa\
ble\x01\x03\x00\x00\x00F\x00A\x00D\x00B\x00\
(\xbc1\xad\xf8\xb7|\xc6\xb4\xb4\xdc\x00 \xc9\xc0\xc6\
\xd0\x00,\x00 \xb2\x90\xb9\xbc\x00,\x00 \xb1\x92\xc7\
@\x00 \xd68\xd6X\xc11\x00,\x00 \xb1\x92\xc7\
@\x00 \xc9\xc0\xc5\xf0\x00 \xc2\xdc\xac\x04\x00)\x08\
\x00\x00\x00\x00\x06\x00\x00\x00@ADB(Sup\
ports Background\
, Slow, High Com\
patibility, High\
 Latency)\x07\x00\x00\x00\x15Se\
lectCaptureListV\
iew\x01\x03\x00\x00\x002\x00B\x00i\x00t\x00\
B\x00l\x00t\x00 \x00-\x00 \xac\x00\xc7\xa5\x00\
 \xbe`\xb9\x84\x00,\x00 \xd68\xd6X\xc11\x00\
 \xac\x00\xc7\xa5\x00 \xb0\xae\xc7L\x08\x00\x00\x00\x00\
\x06\x00\x00\x00\x06BitBlt\x07\x00\x00\x00\x15\
SelectCaptureLis\
tView\x01\x03\x00\x00\x00<\x00B\x00i\x00\
t\x00B\x00l\x00t\x00_\x00R\x00e\x00n\x00\
d\x00e\x00r\x00F\x00u\x00l\x00l\x00 \x00\
-\x00 \xb2\x90\xb9\xbc\x00,\x00 \xac\x00\xc7\xa5\x00\
 \xd68\xd6X\xb4(\x08\x00\x00\x00\x00\x06\x00\x00\x00\
\x11BitBlt_RenderFu\
ll\x07\x00\x00\x00\x15SelectCap\
tureListView\x01\x03\x00\x00\
\x00\x0e\xbe\x0c\xb7|\xc6\xb0\xc8\x00\x00 \xce\xa1\xcc\x98\
\x08\x00\x00\x00\x00\x06\x00\x00\x00\x0fBrowse\
r Capture\x07\x00\x00\x00\x15Se\
lectCaptureListV\
iew\x01\x03\x00\x00\x00*\x00D\x00X\x00G\x00\
I\x00 \x00-\x00 \xac\x00\xc7\xa5\x00 \xb2\x90\xb9\
\xbc\x00,\x00 \xbc1\xc5\xc5\xc7<\xb8\x5c\x00 \xc0\
\xac\xc6\xa9\x08\x00\x00\x00\x00\x06\x00\x00\x00\x04DXG\
I\x07\x00\x00\x00\x15SelectCapt\
ureListView\x01\x03\x00\x00\x00\
>\xc5\xd0\xbb\xac\xb8\x08\xc7t\xd10\x00 \xcc=\x00\
(\xbc1\xad\xf8\xb7|\xc6\xb4\xb4\xdc\x00 \xc9\xc0\xc6\
\xd0\x00,\x00 \xbe`\xb9\x84\x00,\x00 \xb0\xae\xc7\
@\x00 \xc9\xc0\xc5\xf0\x00 \xc2\xdc\xac\x04\x00)\x08\
\x00\x00\x00\x00\x06\x00\x00\x007Emulato\
r Window(Support\
s Background, Fa\
st, Low Latency)\
\x07\x00\x00\x00\x15SelectCaptu\
reListView\x01\x03\x00\x00\x00\x08\
\xac\x8c\xc7\x84\x00 \xcc=\x08\x00\x00\x00\x00\x06\x00\x00\
\x00\x0bGame Window\x07\x00\x00\
\x00\x15SelectCaptureL\
istView\x01\x03\x00\x00\x008\xb1$\xc7\
t\xd2\xf0\xbe\x0c\x00(\x00M\x00u\x00M\x00u\x00\
P\x00l\x00a\x00y\x00e\x00r\x001\x002\x00\
 \xbc\x84\xc8\x04\x00 \x00>\x00=\x00 \x004\x00\
.\x000\x00)\x08\x00\x00\x00\x00\x06\x00\x00\x00!I\
pc (MuMuPlayer12\
 version >= 4.0)\
\x07\x00\x00\x00\x15SelectCaptu\
reListView\x01\x03\x00\x00\x00\x22\
\x00W\x00G\x00C\x00 \x00-\x00 \x00>\x00=\
\x00W\x00i\x00n\x001\x000\x00,\x00 \xbe`\
\xb9\x84\x08\x00\x00\x00\x00\x06\x00\x00\x00\x03WGC\x07\
\x00\x00\x00\x15SelectCaptur\
eListView\x01\x03\x00\x00\x00,\x00\
A\x00D\x00B\x00I\x00n\x00t\x00e\x00r\x00\
a\x00c\x00t\x00i\x00o\x00n\x00 \x00-\x00\
 \xbc1\xad\xf8\xb7|\xc6\xb4\xb4\xdc\x08\x00\x00\x00\x00\
\x06\x00\x00\x00\x0eADBInteract\
ion\x07\x00\x00\x00\x19SelectIn\
teractionListVie\
w\x01\x03\x00\x00\x004\x00B\x00r\x00o\x00w\x00\
s\x00e\x00r\x00I\x00n\x00t\x00e\x00r\x00\
a\x00c\x00t\x00i\x00o\x00n\x00 \x00-\x00\
 \xbc1\xad\xf8\xb7|\xc6\xb4\xb4\xdc\x08\x00\x00\x00\x00\
\x06\x00\x00\x00\x12BrowserInte\
raction\x07\x00\x00\x00\x19Sele\
ctInteractionLis\
tView\x01\x03\x00\x00\x00>\x00G\x00e\x00\
n\x00s\x00h\x00i\x00n\x00 \x00-\x00 \xbc\
1\xad\xf8\xb7|\xc6\xb4\xb4\xdc\x00,\x00 \xc7|\xbd\
\x80\x00 \x00U\x00n\x00i\x00t\x00y\x00 \xac\
\x8c\xc7\x84\x00 \xc9\xc0\xc6\xd0\x08\x00\x00\x00\x00\x06\x00\
\x00\x00\x07Genshin\x07\x00\x00\x00\x19S\
electInteraction\
ListView\x01\x03\x00\x00\x00F\x00P\
\x00o\x00s\x00t\x00M\x00e\x00s\x00s\x00a\
\x00g\x00e\x00 \x00-\x00 \xbc1\xad\xf8\xb7|\
\xc6\xb4\xb4\xdc\x00,\x00 \xb3\x00\xbd\x80\xbd\x84\xc7X\
\x00 \xc5q\x00 \xbc\x0f\x00 \xc7|\xbd\x80\x00 \
\xac\x8c\xc7\x84\x08\x00\x00\x00\x00\x06\x00\x00\x00\x0bPo\
stMessage\x07\x00\x00\x00\x19Se\
lectInteractionL\
istView\x01\x03\x00\x00\x006\x00P\x00\
y\x00D\x00i\x00r\x00e\x00c\x00t\x00 \x00\
-\x00 \xd3\xec\xad\xf8\xb7|\xc6\xb4\xb4\xdc\x00,\x00\
 \x00P\x00y\x00n\x00p\x00u\x00t\x00 \xbc\
1\xc5\xc5\x08\x00\x00\x00\x00\x06\x00\x00\x00\x08PyD\
irect\x07\x00\x00\x00\x19Select\
InteractionListV\
iew\x01\x03\x00\x00\x00,\x00P\x00y\x00n\x00\
p\x00u\x00t\x00 \x00-\x00 \xd3\xec\xad\xf8\xb7\
|\xc6\xb4\xb4\xdc\x00,\x00 \xac\x00\xc7\xa5\x00 \xd6\
8\xd6X\xb4(\x08\x00\x00\x00\x00\x06\x00\x00\x00\x06P\
ynput\x07\x00\x00\x00\x19Select\
InteractionListV\
iew\x01\x03\x00\x00\x00\x04\xc8\x15\xbc\xf4\x08\x00\x00\
\x00\x00\x06\x00\x00\x00\x05About\x07\x00\x00\x00\
\x0aSettingTab\x01\x03\x00\x00\x00\
\x08\xc5q\x00 \xc1$\xc8\x15\x08\x00\x00\x00\x00\x06\x00\
\x00\x00\x0aApp Config\x07\x00\x00\
\x00\x0aSettingTab\x01\x03\x00\x00\
\x00\x08\xc5q\x00 \xc1$\xc8\x15\x08\x00\x00\x00\x00\x06\
\x00\x00\x00\x0cApp Settings\
\x07\x00\x00\x00\x0aSettingTab\x01\
\x03\x00\x00\x00\x12\xc5`\xd5\x0c\xb9\xac\xcf\x00\xc7t\xc1\
X\x00 \xd1L\xb9\xc8\x08\x00\x00\x00\x00\x06\x00\x00\x00\
\x11Application The\
me\x07\x00\x00\x00\x0aSettingTa\
b\x01\x03\x00\x00\x00\x1a\xc5`\xd5\x0c\xb9\xac\xcf\x00\xc7\
t\xc1X\xc7X\x00 \xba\xa8\xc5\x91\x00 \xbc\xc0\xac\
\xbd\x08\x00\x00\x00\x00\x06\x00\x00\x00(Chang\
e the appearance\
 of the applicat\
ion\x07\x00\x00\x00\x0aSettingT\
ab\x01\x03\x00\x00\x00\x0e\xc5\xc5\xb3p\xc7t\xd2\xb8\
\x00 \xd6U\xc7x\x08\x00\x00\x00\x00\x06\x00\x00\x00\x0c\
Check update\x07\x00\x00\x00\
\x0aSettingTab\x01\x03\x00\x00\x00\
\x22\xb2\xe4\xc2\xdc\x00 \xc2\xdc\xc7\x91\xd5X\xbat\x00\
 \xadl\xc11\xc7t\x00 \xc8\x01\xc6\xa9\xb4)\xb2\
\xc8\xb2\xe4\x08\x00\x00\x00\x00\x06\x00\x00\x00(Con\
figuration takes\
 effect after re\
start\x07\x00\x00\x00\x0aSettin\
gTab\x01\x03\x00\x00\x00\x06\xc5\xb4\xb4a\xac\x8c\
\x08\x00\x00\x00\x00\x06\x00\x00\x00\x04Dark\x07\x00\
\x00\x00\x0aSettingTab\x01\x03\x00\
\x00\x00\x5c\xc0\xc8\xb8\x5c\xc6\xb4\x00 \xae0\xb2\xa5\xc7\
D\x00 \xbc\x1c\xac\xac\xd5X\xac\xe0\x00 \x00P\x00\
y\x00Q\x00t\x00-\x00F\x00l\x00u\x00e\x00\
n\x00t\x00-\x00W\x00i\x00d\x00g\x00e\x00\
t\x00s\xc5\xd0\x00 \xb3\x00\xd5\x5c\x00 \xc7 \xc6\
\xa9\xd5\x5c\x00 \xd3\x01\x00 \xbc0\xc6\xb0\xae0\x08\
\x00\x00\x00\x00\x06\x00\x00\x00EDiscove\
r new features a\
nd learn useful \
tips about PyQt-\
Fluent-Widgets\x07\x00\
\x00\x00\x0aSettingTab\x01\x03\x00\
\x00\x00\x06\xb3\xc4\xc6\xc0\xb9\xd0\x08\x00\x00\x00\x00\x06\x00\
\x00\x00\x04Help\x07\x00\x00\x00\x0aSett\
ingTab\x01\x03\x00\x00\x00\x04\xc5\xb8\xc5\xb4\
\x08\x00\x00\x00\x00\x06\x00\x00\x00\x08Langua\
ge\x07\x00\x00\x00\x0aSettingTa\
b\x01\x03\x00\x00\x00\x04\xbc\x1d\xac\x8c\x08\x00\x00\x00\x00\
\x06\x00\x00\x00\x05Light\x07\x00\x00\x00\x0aS\
ettingTab\x01\x03\x00\x00\x00\x14\xb3\
\xc4\xc6\xc0\xb9\xd0\x00 \xd3\x98\xc7t\xc9\xc0\x00 \xc5\
\xf4\xae0\x08\x00\x00\x00\x00\x06\x00\x00\x00\x0eOpe\
n help page\x07\x00\x00\x00\x0a\
SettingTab\x01\x03\x00\x00\x00\x14\
\xc1 \xd68\xd5X\xb2\x94\x00 \xc5\xb8\xc5\xb4\x00 \
\xc1$\xc8\x15\x08\x00\x00\x00\x00\x06\x00\x00\x00\x1bSe\
t your preferred\
 language\x07\x00\x00\x00\x0aSe\
ttingTab\x01\x03\x00\x00\x00 \x00U\
\x00I\xc5\xd0\x00 \xc0\xac\xc6\xa9\xd5`\x00 \xc1 \
\xd68\x00 \xc5\xb8\xc5\xb4\x00 \xc1$\xc8\x15\x08\x00\
\x00\x00\x00\x06\x00\x00\x00\x22Set your\
 preferred langu\
age for UI\x07\x00\x00\x00\x0aS\
ettingTab\x01\x03\x00\x00\x00\x04\xc1\
$\xc8\x15\x08\x00\x00\x00\x00\x06\x00\x00\x00\x08Set\
tings\x07\x00\x00\x00\x0aSettin\
gTab\x01\x03\x00\x00\x00\x16\xc11\xac\xf5\xc8\x01\
\xc7<\xb8\x5c\x00 \xc5\xc5\xb3p\xc7t\xd2\xb8\xb4(\
\x08\x00\x00\x00\x00\x06\x00\x00\x00\x14Update\
d successfully\x07\x00\
\x00\x00\x0aSettingTab\x01\x03\x00\
\x00\x00\x12\xc2\xdc\xc2\xa4\xd1\x5c\x00 \xc1$\xc8\x15\x00\
 \xc0\xac\xc6\xa9\x08\x00\x00\x00\x00\x06\x00\x00\x00\x12U\
se system settin\
g\x07\x00\x00\x00\x0aSettingTab\
\x01\x03\x00\x00\x00\x04\xbc\x84\xc8\x04\x08\x00\x00\x00\x00\x06\
\x00\x00\x00\x07Version\x07\x00\x00\x00\x0a\
SettingTab\x01\x03\x00\x00\x00\x10\
\xba\xa8\xb4P\x00 \xc7|\xc2\xdc\x00 \xc9\x11\xc9\xc0\
\x08\x00\x00\x00\x00\x06\x00\x00\x00\x09Pause \
All\x07\x00\x00\x00\x0bStartBut\
ton\x01\x03\x00\x00\x00\x0a\xba\xa8\xb4P\x00 \xc2\
\xdc\xc7\x91\x08\x00\x00\x00\x00\x06\x00\x00\x00\x09Sta\
rt All\x07\x00\x00\x00\x0bStart\
Button\x01\x03\x00\x00\x00\x04\xce\xa1\xcc\x98\
\x08\x00\x00\x00\x00\x06\x00\x00\x00\x07Captur\
e\x07\x00\x00\x00\x09StartCard\x01\
\x03\x00\x00\x00\x0e\xb8\x5c\xad\xf8\x00 \xb0\xb4\xbc\xf4\xb0\
\xb4\xae0\x08\x00\x00\x00\x00\x06\x00\x00\x00\x0bExp\
ort Logs\x07\x00\x00\x00\x09Sta\
rtCard\x01\x03\x00\x00\x00\x14\xac\x8c\xc7\x84\
\x00 \xcc=\x00 \xc5\xf0\xac\xb0\x00 \xb0J\xae@\
\x08\x00\x00\x00\x00\x06\x00\x00\x00\x18Game W\
indow Disconnect\
ed\x07\x00\x00\x00\x09StartCard\
\x01\x03\x00\x00\x00\x0a\xc1$\xceX\x00 \xd3\xf4\xb3T\
\x08\x00\x00\x00\x00\x06\x00\x00\x00\x0eInstal\
l Folder\x07\x00\x00\x00\x09Sta\
rtCard\x01\x03\x00\x00\x00\x0a\xc7|\xc2\xdc\
\x00 \xc9\x11\xc9\xc0\x08\x00\x00\x00\x00\x06\x00\x00\x00\x05\
Pause\x07\x00\x00\x00\x09StartC\
ard\x01\x03\x00\x00\x00:\xc7|\xc2\xdc\x00 \xc9\
\x11\xc9\xc0\xb4(\x00:\x00 \x00P\x00C\x00 \xac\
\x8c\xc7\x84\x00 \xcc=\xc7t\x00 \xc8\x04\xbat\xc5\
\xd0\x00 \xc7\x88\xc5\xb4\xc5|\x00 \xd5i\xb2\xc8\xb2\
\xe4\x00!\x08\x00\x00\x00\x00\x06\x00\x00\x00(Pau\
sed: PC Game Win\
dow Must Be in F\
ront!\x07\x00\x00\x00\x09StartC\
ard\x01\x03\x00\x00\x00\x08\xc0\xc8\xb8\x5c\xac\xe0\xce\
h\x08\x00\x00\x00\x00\x06\x00\x00\x00\x07Refre\
sh\x07\x00\x00\x00\x09StartCard\
\x01\x03\x00\x00\x00\x08\xc2\xe4\xd5\x89\x00 \xc9\x11\x08\x00\
\x00\x00\x00\x06\x00\x00\x00\x07Running\x07\
\x00\x00\x00\x09StartCard\x01\x03\x00\
\x00\x00\x04\xc2\xdc\xc7\x91\x08\x00\x00\x00\x00\x06\x00\x00\x00\
\x05Start\x07\x00\x00\x00\x09Start\
Card\x01\x03\x00\x00\x00\x0a\xac\x8c\xc7\x84\x00 \
\xc2\xdc\xc7\x91\x08\x00\x00\x00\x00\x06\x00\x00\x00\x0aSt\
art Game\x07\x00\x00\x00\x09Sta\
rtCard\x01\x03\x00\x00\x00\x0c\xd2\xb8\xb9\xac\
\xacp\x00 \xc7\x91\xc5\xc5\x08\x00\x00\x00\x00\x06\x00\x00\
\x00\x0dTrigger Tasks\x07\
\x00\x00\x00\x09StartCard\x01\x03\x00\
\x00\x00\x1a\xc2\xdc\xc7\x91\xd5`\x00 \xc7\x91\xc5\xc5\xc7\
D\x00 \xc1 \xd0\xdd\xd5X\xc18\xc6\x94\x08\x00\x00\
\x00\x00\x06\x00\x00\x00\x1eWaiting f\
or task to be en\
abled\x07\x00\x00\x00\x09StartC\
ard\x01\x03\x00\x00\x00L\x00,\x00 \xac\x8c\xc7\
\x84\x00 \xcc=\xc7t\x00 \xcd\x5c\xc1\x8c\xd6T\x00\
,\x00 \xd0l\xae0\x00 \xc8p\xc8\x15\x00 \xb6\
\x10\xb2\x94\x00 \xd6T\xbat\x00 \xbc\x16\xc5\xd0\x00\
 \xc7\x88\xb2\x94\xc9\xc0\x00 \xd6U\xc7x\xd5X\xc1\
8\xc6\x94\x00.\x08\x00\x00\x00\x00\x06\x00\x00\x00?,\
 check if game w\
indows is minimi\
zed, resized or \
out of screen.\x07\x00\
\x00\x00\x0fStartControll\
er\x01\x03\x00\x00\x00:\x00,\x00 \xc9\xc0\xc6\xd0\
\xb4\x18\xb2\x94\x00 \xcd\x5c\xc1\x8c\x00 \xd5t\xc0\xc1\
\xb3\xc4\xb2\x94\x00 \x00{\x00m\x00i\x00n\x00_\
\x00s\x00i\x00z\x00e\x00}\x00 \xc7\x85\xb2\xc8\
\xb2\xe4\x08\x00\x00\x00\x00\x06\x00\x00\x00,, th\
e supported min \
resolution is {m\
in_size}\x07\x00\x00\x00\x0fSta\
rtController\x01\x03\x00\x00\
\x00@\x00,\x00 \xc9\xc0\xc6\xd0\xb4\x18\xb2\x94\x00 \
\xbeD\xc7(\xc7@\x00 \x00{\x00s\x00u\x00p\
\x00p\x00o\x00r\x00t\x00e\x00d\x00_\x00r\
\x00a\x00t\x00i\x00o\x00}\x00 \xc7\x85\xb2\xc8\
\xb2\xe4\x08\x00\x00\x00\x00\x06\x00\x00\x00*, th\
e supported rati\
o is {supported_\
ratio}\x07\x00\x00\x00\x0fStart\
Controller\x01\x03\x00\x00\x002\
\xc7\x90\xb3\xd9\x00 \x00H\x00D\x00R\xc7t\x00 \
\xcf\x1c\xc88\x00 \xc7\x88\xc2\xb5\xb2\xc8\xb2\xe4\x00.\
\x00 \xba<\xc8\x00\x00 \xae\xbc\xc8\xfc\xc18\xc6\x94\
\x00.\x08\x00\x00\x00\x00\x06\x00\x00\x00.Auto\
 HDR is enabled,\
 please turn it \
off first.\x07\x00\x00\x00\x0fS\
tartController\x01\x03\
\x00\x00\x00R\xc7\x90\xb3\xd9\x00 \x00H\x00D\x00R\
\xc7t\x00 \xcf\x1c\xc88\x00 \xc7\x88\xc2\xb5\xb2\xc8\
\xb2\xe4\x00.\x00 \xc7\x91\xc5\xc5\xc7t\x00 \xc6,\
\xbc\x14\xb9t\xac\x8c\x00 \xc7\x91\xb3\xd9\xd5X\xc9\xc0\
\x00 \xc5J\xc7D\x00 \xc2\x18\x00 \xc7\x88\xc2\xb5\
\xb2\xc8\xb2\xe4\x00!\x08\x00\x00\x00\x00\x06\x00\x00\x004\
Auto HDR is enab\
led, tasks might\
 not work correc\
tly!\x07\x00\x00\x00\x0fStartCo\
ntroller\x01\x03\x00\x00\x00@\xac\x8c\
\xc7\x84\xc7D\x00 \xc2\xdc\xc7\x91\xd5`\x00 \xc2\x18\
\x00 \xc5\xc6\xc2\xb5\xb2\xc8\xb2\xe4\x00.\x00 \xac\x8c\
\xc7\x84\xc7t\x00 \xc1$\xceX\xb4\x18\xc5\xc8\xb2\x94\
\xc9\xc0\x00 \xd6U\xc7x\xd5X\xc18\xc6\x94\x08\x00\
\x00\x00\x00\x06\x00\x00\x001Can't st\
art game, make s\
ure the game is \
installed\x07\x00\x00\x00\x0fSt\
artController\x01\x03\x00\
\x00\x00$\xce\xa1\xcc\x98\x00 \xc2\xe4\xd3(\x00,\x00\
 \xac\x8c\xc7\x84\x00 \xcc=\xc7D\x00 \xd6U\xc7\
x\xd5X\xc18\xc6\x94\x08\x00\x00\x00\x00\x06\x00\x00\x00\
(Capture failed,\
 please check ga\
me window\x07\x00\x00\x00\x0fSt\
artController\x01\x03\x00\
\x00\x00F\xc5\xd0\xbb\xac\xb8\x08\xc7t\xd10\xac\x00\x00\
 \xc5\xf0\xac\xb0\xb4\x18\xc9\xc0\x00 \xc5J\xc5X\xc2\
\xb5\xb2\xc8\xb2\xe4\x00.\x00 \xba<\xc8\x00\x00 \xc5\
\xd0\xbb\xac\xb8\x08\xc7t\xd10\xb9|\x00 \xc2\xdc\xc7\
\x91\xd5X\xc18\xc6\x94\x00!\x08\x00\x00\x00\x00\x06\x00\
\x00\x004Emulator is n\
ot connected, st\
art the emulator\
 first!\x07\x00\x00\x00\x0fStar\
tController\x01\x03\x00\x00\x00\
\x16\x00G\x00P\x00U\x00 \xb4\xdc\xb7|\xc7t\xbc\
\x84\x00 \xac\xbd\xac\xe0\x08\x00\x00\x00\x00\x06\x00\x00\x00\
\x12GPU Driver Warn\
ing\x07\x00\x00\x00\x0fStartCon\
troller\x01\x03\x00\x00\x008\xac\x8c\xc7\
\x84\x00 \xac\xbd\xb8\x5c\xac\x00\x00 \xc5\xc6\xc2\xb5\xb2\
\xc8\xb2\xe4\x00.\x00 \xac\x8c\xc7\x84\xc7D\x00 \xc2\
\x18\xb3\xd9\xc7<\xb8\x5c\x00 \xc2\xdc\xc7\x91\xd5X\xc1\
8\xc6\x94\x00!\x08\x00\x00\x00\x00\x06\x00\x00\x004G\
ame path does no\
t exist, Please \
open game manual\
ly!\x07\x00\x00\x00\x0fStartCon\
troller\x01\x03\x00\x00\x00B\xac\x8c\xc7\
\x84\x00 \xd5t\xc0\xc1\xb3\xc4\x00 \x00{\x00r\x00\
e\x00s\x00o\x00l\x00u\x00t\x00i\x00o\x00\
n\x00}\xc7@\x00(\xb2\x94\x00)\x00 \xc9\xc0\xc6\
\xd0\xb4\x18\xc9\xc0\x00 \xc5J\xc2\xb5\xb2\xc8\xb2\xe4\x08\
\x00\x00\x00\x00\x06\x00\x00\x00-Game re\
solution {resolu\
tion} is not sup\
ported\x07\x00\x00\x00\x0fStart\
Controller\x01\x03\x00\x00\x00^\
\xc7t\xbb\xf8\xc9\xc0\x00 \xb9\xac\xc1\x8c\xc2\xa4\x00 \
\xb8\x5c\xb4\xdc\x00 \xc2\xe4\xd3(\x00,\x00 \xb2\xe4\
\xc2\xdc\x00 \xc1$\xceX\xd5t\x00 \xbc\xf4\xc18\
\xc6\x94\x00.\x00 \x00(\xc5q\xc7D\x00 \xb2\xe4\
\xc6\xb4\xb8\x5c\xb4\xdc\x00 \xd3\xf4\xb3T\xc5\xd0\x00 \
\xb4P\xc9\xc0\x00 \xb9\xc8\xc18\xc6\x94\x00)\x08\x00\
\x00\x00\x00\x06\x00\x00\x00\x5cImage re\
source load fail\
ed, please try i\
nstall again.(Do\
n't put the app \
in Downloads fol\
der)\x07\x00\x00\x00\x0fStartCo\
ntroller\x01\x03\x00\x00\x00\x1e\xac\x8c\
\xc7\x84\xc7D\x00 \xc1 \xd0\xdd\xd5X\xc9\xc0\x00 \
\xc5J\xc5X\xc2\xb5\xb2\xc8\xb2\xe4\x00!\x08\x00\x00\x00\
\x00\x06\x00\x00\x00\x11No game se\
lected!\x07\x00\x00\x00\x0fStar\
tController\x01\x03\x00\x00\x00\
Z\x00P\x00C\x00 \xbc\x84\xc8\x04\xc7@\x00 \xad\
\x00\xb9\xac\xc7\x90\x00 \xad\x8c\xd5\x5c\xc7t\x00 \xd5\
D\xc6\x94\xd5i\xb2\xc8\xb2\xe4\x00.\x00 \xad\x00\xb9\
\xac\xc7\x90\x00 \xad\x8c\xd5\x5c\xc7<\xb8\x5c\x00 \xc7\
t\x00 \xc5q\xc7D\x00 \xb2\xe4\xc2\xdc\x00 \xc2\
\xdc\xc7\x91\xd5X\xc18\xc6\x94\x00!\x08\x00\x00\x00\x00\
\x06\x00\x00\x00TPC version \
requires admin p\
rivileges, Pleas\
e restart this a\
pp with admin pr\
ivileges!\x07\x00\x00\x00\x0fSt\
artController\x01\x03\x00\
\x00\x00f\xd5t\xc0\xc1\xb3\xc4\x00 \x00{\x00r\x00\
e\x00s\x00o\x00l\x00u\x00t\x00i\x00o\x00\
n\x00}\x00 \xd6U\xc7x\x00 \xc2\xe4\xd3(\x00\
,\x00 \xc7|\xbd\x80\x00 \xc7\x91\xc5\xc5\xc7t\x00\
 \xc6,\xbc\x14\xb9t\xac\x8c\x00 \xc7\x91\xb3\xd9\xd5\
X\xc9\xc0\x00 \xc5J\xc7D\x00 \xc2\x18\x00 \xc7\
\x88\xc2\xb5\xb2\xc8\xb2\xe4\x00!\x08\x00\x00\x00\x00\x06\x00\
\x00\x00JResolution {r\
esolution} check\
 failed, some ta\
sks might not wo\
rk correctly!\x07\x00\x00\
\x00\x0fStartControlle\
r\x01\x03\x00\x00\x00B\xc1 \xd0\xdd\xd5\x5c\x00 \xce\
\xa1\xcc\x98\x00 \xbc)\xbc\x95\xc7t\x00 \xac\x8c\xc7\
\x84\x00 \xb6\x10\xb2\x94\x00 \xc2\xdc\xc2\xa4\xd1\x5c\xc5\
\xd0\xc1\x1c\x00 \xc9\xc0\xc6\xd0\xb4\x18\xc9\xc0\x00 \xc5\
J\xc2\xb5\xb2\xc8\xb2\xe4\x00!\x08\x00\x00\x00\x00\x06\x00\
\x00\x00DSelected capt\
ure method is no\
t supported by t\
he game or your \
system!\x07\x00\x00\x00\x0fStar\
tController\x01\x03\x00\x00\x00\
8\xac\x8c\xc7\x84\x00 \xc2\xdc\xc7\x91\x00 \xc2\xe4\xd3\
(\x00,\x00 \xba<\xc8\x00\x00 \xac\x8c\xc7\x84\xc7\
D\x00 \xc2\x18\xb3\xd9\xc7<\xb8\x5c\x00 \xc2\xdc\xc7\
\x91\xd5X\xc18\xc6\x94\x00!\x08\x00\x00\x00\x00\x06\x00\
\x00\x00*Start game fa\
iled, please sta\
rt game first\x07\x00\x00\
\x00\x0fStartControlle\
r\x01\x03\x00\x00\x00\x12\xc2\xdc\xc7\x91\x00 \xc2\xdc\xac\
\x04\x00 \xcd\x08\xac\xfc\x00!\x08\x00\x00\x00\x00\x06\x00\
\x00\x00\x13Start game ti\
meout!\x07\x00\x00\x00\x0fStart\
Controller\x01\x03\x00\x00\x00`\
\xac\x8c\xc7\x84\x00 \xcc=\xc7t\x00 \xcd\x5c\xc1\x8c\
\xd6T\xb4\x18\xc5\xc8\xacp\xb0\x98\x00 \xd6T\xbat\
\x00 \xbc\x16\xc5\xd0\x00 \xc7\x88\xc2\xb5\xb2\xc8\xb2\xe4\
\x00.\x00 \xc8\x04\xcc\xb4\x00 \xd6T\xbat\x00 \
\xc8\x04\xc6\xa9\x00 \xba\xa8\xb4\xdc\xb9|\x00 \xc0\xac\
\xc6\xa9\xd5X\xc9\xc0\x00 \xb9\xc8\xc18\xc6\x94\x00!\
\x08\x00\x00\x00\x00\x06\x00\x00\x00KWindow\
 is minimized or\
 out of screen, \
and do NOT use f\
ull-screen exclu\
sive!\x07\x00\x00\x00\x0fStartC\
ontroller\x01\x03\x00\x00\x00Z\xcc\
=\xc7t\x00 \xcd\x5c\xc1\x8c\xd6T\xb4\x18\xc5\xc8\xac\
p\xb0\x98\x00 \xd6T\xbat\x00 \xbc\x16\xc5\xd0\x00\
 \xc7\x88\xc2\xb5\xb2\xc8\xb2\xe4\x00.\x00 \xc8\x04\xcc\
\xb4\x00 \xd6T\xbat\x00 \xc8\x04\xc6\xa9\x00 \xba\
\xa8\xb4\xdc\xb9|\x00 \xc0\xac\xc6\xa9\xd5X\xc9\xc0\x00\
 \xb9\xc8\xc18\xc6\x94\x00!\x08\x00\x00\x00\x00\x06\x00\
\x00\x00OWindow is min\
imized or out of\
 screen, and don\
't use full-scre\
en exclusive mod\
e!\x07\x00\x00\x00\x0fStartCont\
roller\x01\x03\x00\x00\x00@\x00W\x00i\
\x00n\x00d\x00o\x00w\x00s\x00 \xc5|\xac\x04\
\x00 \xba\xa8\xb4\xdc\xac\x00\x00 \xcf\x1c\xc88\x00 \
\xc7\x88\xc2\xb5\xb2\xc8\xb2\xe4\x00.\x00 \xba<\xc8\x00\
\x00 \xae\xbc\xc8\xfc\xc18\xc6\x94\x00.\x08\x00\x00\x00\
\x00\x06\x00\x00\x009Windows ni\
ght light is ena\
bled, please tur\
n it off first.\x07\
\x00\x00\x00\x0fStartControl\
ler\x01\x03\x00\x00\x00`\x00W\x00i\x00n\x00\
d\x00o\x00w\x00s\x00 \xc5|\xac\x04\x00 \xba\
\xa8\xb4\xdc\xac\x00\x00 \xcf\x1c\xc88\x00 \xc7\x88\xc2\
\xb5\xb2\xc8\xb2\xe4\x00.\x00 \xc7\x91\xc5\xc5\xc7t\x00\
 \xc6,\xbc\x14\xb9t\xac\x8c\x00 \xc7\x91\xb3\xd9\xd5\
X\xc9\xc0\x00 \xc5J\xc7D\x00 \xc2\x18\x00 \xc7\
\x88\xc2\xb5\xb2\xc8\xb2\xe4\x00!\x08\x00\x00\x00\x00\x06\x00\
\x00\x00?Windows night\
 light is enable\
d, tasks might n\
ot work correctl\
y!\x07\x00\x00\x00\x0fStartCont\
roller\x01\x03\x00\x00\x00`\x00{\x00v\
\x00e\x00n\x00d\x00o\x00r\x00}\x00 \x00{\
\x00f\x00e\x00a\x00t\x00u\x00r\x00e\x00}\
\x00 \xae0\xb2\xa5\xc7t\x00 \xd6\x5c\xc11\xd6T\
\xb4\x18\xc5\xb4\x00 \xc7\x88\xc5\xb4\x00 \xc6$\xc7\x91\
\xb3\xd9\xc7D\x00 \xc7|\xc7<\xd0\xac\x00 \xc2\x18\
\x00 \xc7\x88\xc2\xb5\xb2\xc8\xb2\xe4\x00!\x08\x00\x00\x00\
\x00\x06\x00\x00\x009{vendor} {\
feature} is enab\
led and may caus\
e malfunctions!\x07\
\x00\x00\x00\x0fStartControl\
ler\x01\x03\x00\x00\x00N\x00{\x00}\xac\x8c\xc7\
\x84\x00 \xcc=\xc7t\x00 \xc5\xf0\xac\xb0\xb4\x18\xc9\
\xc0\x00 \xc5J\xc5X\xc2\xb5\xb2\xc8\xb2\xe4\x00.\x00\
 \xac\x8c\xc7\x84\x00 \xcc=\xac\xfc\x00 \xce\xa1\xcc\
\x98\x00 \xbc)\xbc\x95\xc7D\x00 \xc1 \xd0\xdd\xd5\
X\xc18\xc6\x94\x00.\x08\x00\x00\x00\x00\x06\x00\x00\x00\
3{} is not conne\
cted, please sel\
ect the game win\
dow.\x07\x00\x00\x00\x0fStartCo\
ntroller\x01\x03\x00\x00\x00\x08\xb8\x5c\
\xb5)\x00 \xc9\x11\x08\x00\x00\x00\x00\x06\x00\x00\x00\x07\
Loading\x07\x00\x00\x00\x12Star\
tLoadingDialog\x01\x03\
\x00\x00\x00<\xc2\xdc\xc7\x91\x00 \xc9\x11\x00,\x00 \
\x00{\x00s\x00e\x00c\x00o\x00n\x00d\x00s\
\x00_\x00l\x00e\x00f\x00t\x00}\xcd\x08\x00 \
\xd6\xc4\x00 \xc2\xdc\xac\x04\x00 \xcd\x08\xac\xfc\x00.\
\x08\x00\x00\x00\x00\x06\x00\x00\x00/Starti\
ng, timeout afte\
r {seconds_left}\
 seconds.\x07\x00\x00\x00\x12St\
artLoadingDialog\
\x01\x03\x00\x00\x00\x0e\x00A\x00n\x00d\x00r\x00o\
\x00i\x00d\x08\x00\x00\x00\x00\x06\x00\x00\x00\x07An\
droid\x07\x00\x00\x00\x08StartT\
ab\x01\x03\x00\x00\x00\x04\xce\xa1\xcc\x98\x08\x00\x00\x00\
\x00\x06\x00\x00\x00\x07Capture\x07\x00\x00\
\x00\x08StartTab\x01\x03\x00\x00\x00\x0a\
\xce\xa1\xcc\x98\x00 \xbc)\xc2\xdd\x08\x00\x00\x00\x00\x06\
\x00\x00\x00\x0eCapture Meth\
od\x07\x00\x00\x00\x08StartTab\x01\
\x03\x00\x00\x00\x10\xc0\xc1\xd68\x00 \xc7\x91\xc6\xa9\x00\
 \xc1 \xd0\xdd\x08\x00\x00\x00\x00\x06\x00\x00\x00\x12C\
hoose Interactio\
n\x07\x00\x00\x00\x08StartTab\x01\x03\
\x00\x00\x00\x08\xcc=\x00 \xc1 \xd0\xdd\x08\x00\x00\x00\
\x00\x06\x00\x00\x00\x0dChoose Win\
dow\x07\x00\x00\x00\x08StartTab\
\x01\x03\x00\x00\x00\x06\xc5\xf0\xac\xb0\xb4(\x08\x00\x00\x00\
\x00\x06\x00\x00\x00\x09Connected\x07\
\x00\x00\x00\x08StartTab\x01\x03\x00\x00\
\x00\x0a\xac\x1c\xbc\x1c\x00 \xb3\xc4\xadl\x08\x00\x00\x00\
\x00\x06\x00\x00\x00\x05Debug\x07\x00\x00\x00\x08\
StartTab\x01\x03\x00\x00\x00\x12\xbc\x15\
\xc2\xa4\x00 \xc0\xac\xc6\xa9\x00 \xc5H\x00 \xd5h\
\x08\x00\x00\x00\x00\x06\x00\x00\x00\x0dDisabl\
e Boxes\x07\x00\x00\x00\x08Star\
tTab\x01\x03\x00\x00\x00\x0a\xc5\xf0\xac\xb0\x00 \
\xb0J\xae@\x08\x00\x00\x00\x00\x06\x00\x00\x00\x0cDi\
sconnected\x07\x00\x00\x00\x08S\
tartTab\x01\x03\x00\x00\x00\x0a\xc5\xd0\xbb\
\xac\xb8\x08\xc7t\xd10\x08\x00\x00\x00\x00\x06\x00\x00\x00\
\x08Emulator\x07\x00\x00\x00\x08St\
artTab\x01\x03\x00\x00\x00\x0a\xbc\x15\xc2\xa4\
\x00 \xc0\xac\xc6\xa9\x08\x00\x00\x00\x00\x06\x00\x00\x00\x0c\
Enable Boxes\x07\x00\x00\x00\
\x08StartTab\x01\x03\x00\x00\x00\x0e\xb8\
\x5c\xad\xf8\x00 \xb0\xb4\xbc\xf4\xb0\xb4\xae0\x08\x00\x00\
\x00\x00\x06\x00\x00\x00\x0bExport Lo\
gs\x07\x00\x00\x00\x08StartTab\x01\
\x03\x00\x00\x00\x0a\xc1$\xceX\x00 \xd3\xf4\xb3T\x08\
\x00\x00\x00\x00\x06\x00\x00\x00\x0eInstall\
 Folder\x07\x00\x00\x00\x08Star\
tTab\x01\x03\x00\x00\x00\x0a\xb8\x5c\xad\xf8\x00 \
\xd3\xf4\xb3T\x08\x00\x00\x00\x00\x06\x00\x00\x00\x0aLo\
g Folder\x07\x00\x00\x00\x08Sta\
rtTab\x01\x03\x00\x00\x00\x06\x00O\x00C\x00\
R\x08\x00\x00\x00\x00\x06\x00\x00\x00\x03OCR\x07\x00\
\x00\x00\x08StartTab\x01\x03\x00\x00\x00\
\x0a\xb8\x5c\xad\xf8\x00 \xc5\xf4\xae0\x08\x00\x00\x00\x00\
\x06\x00\x00\x00\x09Open Logs\x07\x00\
\x00\x00\x08StartTab\x01\x03\x00\x00\x00\
\x04\x00P\x00C\x08\x00\x00\x00\x00\x06\x00\x00\x00\x02P\
C\x07\x00\x00\x00\x08StartTab\x01\x03\
\x00\x00\x00\x08\xc0\xc8\xb8\x5c\xac\xe0\xceh\x08\x00\x00\x00\
\x00\x06\x00\x00\x00\x07Refresh\x07\x00\x00\
\x00\x08StartTab\x01\x03\x00\x00\x00\x0c\
\xc0\xc8\xb8\x5c\xac\xe0\xceh\x00 \xc9\x11\x08\x00\x00\x00\
\x00\x06\x00\x00\x00\x0aRefreshing\
\x07\x00\x00\x00\x08StartTab\x01\x03\x00\
\x00\x00\x0e\xc2\xa4\xd0l\xb9\xb0\xc0\xf7\x00 \xd3\xf4\xb3\
T\x08\x00\x00\x00\x00\x06\x00\x00\x00\x11Scree\
nshot Folder\x07\x00\x00\x00\
\x08StartTab\x01\x03\x00\x00\x00\x0a\xb8\
\x5c\xad\xf8\x00 \xbc\xf4\xae0\x08\x00\x00\x00\x00\x06\x00\
\x00\x00\x08View Log\x07\x00\x00\x00\x08\
StartTab\x01\x03\x00\x00\x00V\x00N\
\x00P\x00U\x00 \xcd\x94\xb8`\x00 \xc6$\xb9X\
\x00,\x00 \x00I\x00n\x00t\x00e\x00l\x00 \
\x00N\x00P\x00U\x00 \xb4\xdc\xb7|\xc7t\xbc\x84\
\xb9|\x00 \xc5\xc5\xb3p\xc7t\xd2\xb8\xd5t\xc5|\
\x00 \xd5`\x00 \xc2\x18\x00 \xc7\x88\xc2\xb5\xb2\xc8\
\xb2\xe4\x00!\x08\x00\x00\x00\x00\x06\x00\x00\x00CNP\
U inferring Erro\
r, you might nee\
d to update the \
Intel NPU driver\
!\x07\x00\x00\x00\x04Task\x01\x03\x00\x00\x00\x04\
\xc6$\xb9X\x08\x00\x00\x00\x00\x06\x00\x00\x00\x05Er\
ror\x07\x00\x00\x00\x0bTaskButt\
ons\x01\x03\x00\x00\x00J\xac\x8c\xc7\x84\x00 \xcc\
=\xc7t\x00 \xc5\xf0\xac\xb0\xb4\x18\xc9\xc0\x00 \xc5\
J\xc5X\xc2\xb5\xb2\xc8\xb2\xe4\x00.\x00 \xac\x8c\xc7\
\x84\x00 \xcc=\xac\xfc\x00 \xce\xa1\xcc\x98\x00 \xbc\
)\xbc\x95\xc7D\x00 \xc1 \xd0\xdd\xd5X\xc18\xc6\
\x94\x00.\x08\x00\x00\x00\x00\x06\x00\x00\x00OGam\
e window is not \
connected, pleas\
e select the gam\
e window and cap\
ture method.\x07\x00\x00\x00\
\x0bTaskButtons\x01\x03\x00\x00\
\x00\x0a\xc7|\xc2\xdc\x00 \xc9\x11\xc9\xc0\x08\x00\x00\x00\
\x00\x06\x00\x00\x00\x05Pause\x07\x00\x00\x00\x0b\
TaskButtons\x01\x03\x00\x00\x00\
\x04\xac\xc4\xc1\x8d\x08\x00\x00\x00\x00\x06\x00\x00\x00\x06R\
esume\x07\x00\x00\x00\x0bTaskBu\
ttons\x01\x03\x00\x00\x00\x04\xc2\xdc\xc7\x91\x08\
\x00\x00\x00\x00\x06\x00\x00\x00\x05Start\x07\x00\
\x00\x00\x0bTaskButtons\x01\x03\
\x00\x00\x00\x04\xc9\x11\xc9\xc0\x08\x00\x00\x00\x00\x06\x00\x00\
\x00\x04Stop\x07\x00\x00\x00\x0bTaskB\
uttons\x01\x03\x00\x00\x00(\xc8\x15\xb9\xd0\
\xb8\x5c\x00 \x00{\x00}\xc7D\x00(\xb9|\x00)\
\x00 \xc0\xad\xc8\x1c\xd5X\xc2\xdc\xac\xa0\xc2\xb5\xb2\xc8\
\xaeL\x00?\x08\x00\x00\x00\x00\x06\x00\x00\x00\x22Ar\
e you sure you w\
ant to delete {}\
\x07\x00\x00\x00\x08TaskCard\x01\x03\x00\
\x00\x00\x04\xc0\xad\xc8\x1c\x08\x00\x00\x00\x00\x06\x00\x00\x00\
\x06Delete\x07\x00\x00\x00\x08Task\
Card\x01\x03\x00\x00\x00\x0a\xc7\x91\xc5\xc5\x00 \
\xc0\xad\xc8\x1c\x08\x00\x00\x00\x00\x06\x00\x00\x00\x0bDe\
lete Task\x07\x00\x00\x00\x08Ta\
skCard\x01\x03\x00\x00\x00\x0a\xbeD\xd6\x5c\
\xc11\xd6T\xb4(\x08\x00\x00\x00\x00\x06\x00\x00\x00\x08\
Disabled\x07\x00\x00\x00\x08Tas\
kCard\x01\x03\x00\x00\x00\x04\xd3\xb8\xc9\xd1\x08\
\x00\x00\x00\x00\x06\x00\x00\x00\x04Edit\x07\x00\x00\
\x00\x08TaskCard\x01\x03\x00\x00\x00\x08\
\xd6\x5c\xc11\xd6T\xb4(\x08\x00\x00\x00\x00\x06\x00\x00\
\x00\x07Enabled\x07\x00\x00\x00\x08Ta\
skCard\x01\x03\x00\x00\x00\x0a\xc0\xac\xc6\xa9\
\x00 \xc1$\xba\x85\x08\x00\x00\x00\x00\x06\x00\x00\x00\x0c\
Instructions\x07\x00\x00\x00\
\x08TaskCard\x01\x03\x00\x00\x00\x08\xc7\
|\xc2\xdc\xc8\x15\xc9\xc0\x08\x00\x00\x00\x00\x06\x00\x00\x00\
\x05Pause\x07\x00\x00\x00\x08TaskC\
ard\x01\x03\x00\x00\x00\x0c\xc1$\xc8\x15\x00 \xcd\
\x08\xae0\xd6T\x08\x00\x00\x00\x00\x06\x00\x00\x00\x0cR\
eset Config\x07\x00\x00\x00\x08\
TaskCard\x01\x03\x00\x00\x00\x04\xc7\xac\
\xac\x1c\x08\x00\x00\x00\x00\x06\x00\x00\x00\x06Resu\
me\x07\x00\x00\x00\x08TaskCard\x01\
\x03\x00\x00\x00\x04\xc2\xdc\xc7\x91\x08\x00\x00\x00\x00\x06\x00\
\x00\x00\x05Start\x07\x00\x00\x00\x08Tas\
kCard\x01\x03\x00\x00\x00\x04\xc9\x11\xc9\xc0\x08\
\x00\x00\x00\x00\x06\x00\x00\x00\x04Stop\x07\x00\x00\
\x00\x08TaskCard\x01\x03\x00\x00\x00,\
\x00{\x00t\x00a\x00s\x00k\x00_\x00n\x00a\
\x00m\x00e\x00}\x00 \xc7\x91\xc5\xc5\x00 \xc6D\
\xb8\xcc\x00 \xb3\x00\xae0\x00 \xc9\x11\x08\x00\x00\x00\
\x00\x06\x00\x00\x00,Waiting fo\
r {task_name} ta\
sk to be complet\
ed\x07\x00\x00\x00\x08TaskCard\x01\
\x03\x00\x00\x00\x08\xbeD\xd6\x5c\xc11\xd6T\x08\x00\x00\
\x00\x00\x06\x00\x00\x00\x07Disable\x07\x00\
\x00\x00\x0cTaskOpButton\x01\
\x03\x00\x00\x00\x06\xd6\x5c\xc11\xd6T\x08\x00\x00\x00\x00\
\x06\x00\x00\x00\x06Enable\x07\x00\x00\x00\x0c\
TaskOpButton\x01\x03\x00\x00\
\x00\x08\xcc=\x00 \xc1 \xd0\xdd\x08\x00\x00\x00\x00\x06\
\x00\x00\x00\x0dChoose Windo\
w\x07\x00\x00\x00\x07TaskTab\x01\x03\x00\
\x00\x00\x04\xb2\xeb\xae0\x08\x00\x00\x00\x00\x06\x00\x00\x00\
\x05Close\x07\x00\x00\x00\x07TaskT\
ab\x01\x03\x00\x00\x00\x06\xc6D\xb8\xcc\xb4(\x08\x00\
\x00\x00\x00\x06\x00\x00\x00\x09Complete\
d\x07\x00\x00\x00\x07TaskTab\x01\x03\x00\
\x00\x00\x0a\xc7\x91\xc5\xc5\x00 \xc0\xdd\xc11\x08\x00\x00\
\x00\x00\x06\x00\x00\x00\x0bCreate Ta\
sk\x07\x00\x00\x00\x07TaskTab\x01\x03\
\x00\x00\x00\x04\xc8\x15\xbc\xf4\x08\x00\x00\x00\x00\x06\x00\x00\
\x00\x04Info\x07\x00\x00\x00\x07TaskT\
ab\x01\x03\x00\x00\x00\x08\xc2\xe4\xd5\x89\x00 \xc9\x11\
\x08\x00\x00\x00\x00\x06\x00\x00\x00\x07Runnin\
g\x07\x00\x00\x00\x07TaskTab\x01\x03\x00\
\x00\x00\x0a\xac\xbd\xac\xfc\x00 \xc2\xdc\xac\x04\x08\x00\x00\
\x00\x00\x06\x00\x00\x00\x0cTime Elap\
sed\x07\x00\x00\x00\x07TaskTab\x01\
\x03\x00\x00\x00\x02\xac\x12\x08\x00\x00\x00\x00\x06\x00\x00\x00\
\x05Value\x07\x00\x00\x00\x07TaskT\
ab\x01\x03\x00\x00\x00\x04\xcd\xe8\xc1\x8c\x08\x00\x00\x00\
\x00\x06\x00\x00\x00\x06Cancel\x07\x00\x00\x00\
\x13TemplateInputDi\
alog\x01\x03\x00\x00\x00\x04\xd6U\xc7x\x08\x00\
\x00\x00\x00\x06\x00\x00\x00\x07Confirm\x07\
\x00\x00\x00\x13TemplateInpu\
tDialog\x01\x03\x00\x00\x00 \x00'\x00\
{\x00}\x00'\x00 \xb9|\x00 \xc0\xad\xc8\x1c\xd5\
X\xc2\xdc\xac\xa0\xc2\xb5\xb2\xc8\xaeL\x00?\x08\x00\x00\
\x00\x00\x06\x00\x00\x00%Are you s\
ure you want to \
delete '{}'?\x07\x00\x00\x00\
\x0bTemplateTab\x01\x03\x00\x00\
\x00\x04\xcd\xe8\xc1\x8c\x08\x00\x00\x00\x00\x06\x00\x00\x00\x06\
Cancel\x07\x00\x00\x00\x0bTempl\
ateTab\x01\x03\x00\x00\x00\x0a\xc0\xad\xc8\x1c\
\x00 \xd6U\xc7x\x08\x00\x00\x00\x00\x06\x00\x00\x00\x0e\
Confirm Delete\x07\x00\
\x00\x00\x0bTemplateTab\x01\x03\
\x00\x00\x00\x04\xc0\xad\xc8\x1c\x08\x00\x00\x00\x00\x06\x00\x00\
\x00\x06Delete\x07\x00\x00\x00\x0bTem\
plateTab\x01\x03\x00\x00\x00\x1e\xd5\x04\
\xb8\x08\xc7\x84\x00 \xce\xa1\xcc\x98\xc5\xd0\x00 \xc2\xe4\
\xd3(\xd5\x88\xc2\xb5\xb2\xc8\xb2\xe4\x00.\x08\x00\x00\x00\
\x00\x06\x00\x00\x00\x18Failed to \
capture frame.\x07\x00\
\x00\x00\x0bTemplateTab\x01\x03\
\x00\x00\x00\x1c\xb8\x08\xc7t\xbe\x14\x00 \x00e\x00n\
\x00u\x00m\x00 \xd3\x0c\xc7|\x00 \xc0\xdd\xc11\
\x08\x00\x00\x00\x00\x06\x00\x00\x00\x18Genera\
te label enum fi\
le\x07\x00\x00\x00\x0bTemplateT\
ab\x01\x03\x00\x00\x00\x1a\xc7t\xbb\xf8\xc9\xc0\xac\x00\
\x00 \xc0\xad\xc8\x1c\xb4\x18\xc5\xc8\xc2\xb5\xb2\xc8\xb2\xe4\
\x00.\x08\x00\x00\x00\x00\x06\x00\x00\x00\x0eImag\
e deleted.\x07\x00\x00\x00\x0bT\
emplateTab\x01\x03\x00\x00\x00L\
\xc7\x98\xba\xbb\xb4\x1c\x00 \xc0\xc1\xb3\x00\x00 \xac\xbd\
\xb8\x5c\xc7\x85\xb2\xc8\xb2\xe4\x00.\x00 \xc6\x08\x00:\
\x00 \x00o\x00k\x00_\x00t\x00a\x00s\x00k\
\x00s\x00/\x00L\x00a\x00b\x00e\x00l\x00E\
\x00n\x00u\x00m\x00.\x00p\x00y\x08\x00\x00\x00\
\x00\x06\x00\x00\x005Invalid re\
lative path. Exa\
mple: ok_tasks/L\
abelEnum.py\x07\x00\x00\x00\x0b\
TemplateTab\x01\x03\x00\x00\x00\
\x06\xb9\xc8\xd0l\xc5\xc5\x08\x00\x00\x00\x00\x06\x00\x00\x00\
\x06Markup\x07\x00\x00\x00\x0bTemp\
lateTab\x01\x03\x00\x00\x00\x1a\xc8\x00\xc7\
\xa5\xd5`\x00 \xc8\xfc\xc1\x1d\xc7t\x00 \xc5\xc6\xc2\
\xb5\xb2\xc8\xb2\xe4\x00.\x08\x00\x00\x00\x00\x06\x00\x00\x00\
\x17No annotations \
to save.\x07\x00\x00\x00\x0bTem\
plateTab\x01\x03\x00\x00\x00@\xce\xa1\
\xcc\x98\x00 \xbc)\xbc\x95\xc7D\x00 \xc0\xac\xc6\xa9\
\xd5`\x00 \xc2\x18\x00 \xc5\xc6\xc2\xb5\xb2\xc8\xb2\xe4\
\x00.\x00 \xba<\xc8\x00\x00 \xce\xa1\xcc\x98\xb9|\
\x00 \xc2\xdc\xc7\x91\xd5X\xc18\xc6\x94\x00.\x08\x00\
\x00\x00\x00\x06\x00\x00\x008No captu\
re method availa\
ble. Please star\
t capture first.\
\x07\x00\x00\x00\x0bTemplateTab\
\x01\x03\x00\x00\x00\x12\xd1\x5c\xd5\x0c\xb9\xbf\xc7t\x00 \
\xc5\xc6\xc2\xb5\xb2\xc8\xb2\xe4\x08\x00\x00\x00\x00\x06\x00\x00\
\x00\x10No templates y\
et\x07\x00\x00\x00\x0bTemplateT\
ab\x01\x03\x00\x00\x00\x04\xd6U\xc7x\x08\x00\x00\x00\
\x00\x06\x00\x00\x00\x02OK\x07\x00\x00\x00\x0bTem\
plateTab\x01\x03\x00\x00\x00>\xac\xbd\
\xb8\x5c\xb2\x94\x00 \xc6\xcc\xd0l\xc2\xa4\xd3\x98\xc7t\
\xc2\xa4\x00 \xb8\xe8\xd2\xb8\xb9|\x00 \xae0\xc9\x00\
\xc7<\xb8\x5c\x00 \xd5\x5c\x00 \xc0\xc1\xb3\x00\x00 \
\xac\xbd\xb8\x5c\xc7\x85\xb2\xc8\xb2\xe4\x00.\x08\x00\x00\x00\
\x00\x06\x00\x00\x00'Path is re\
lative to the wo\
rkspace root.\x07\x00\x00\
\x00\x0bTemplateTab\x01\x03\x00\
\x00\x00>\xc0\xc1\xb3\x00\x00 \xac\xbd\xb8\x5c\x00,\x00\
 \xc6\x08\x00:\x00 \x00o\x00k\x00_\x00t\x00\
a\x00s\x00k\x00s\x00/\x00L\x00a\x00b\x00\
e\x00l\x00E\x00n\x00u\x00m\x00.\x00p\x00\
y\x08\x00\x00\x00\x00\x06\x00\x00\x00)Relat\
ive path, e.g. o\
k_tasks/LabelEnu\
m.py\x07\x00\x00\x00\x0bTemplat\
eTab\x01\x03\x00\x00\x00\x04\xc8\x00\xc7\xa5\x08\x00\
\x00\x00\x00\x06\x00\x00\x00\x04Save\x07\x00\x00\x00\
\x0bTemplateTab\x01\x03\x00\x00\
\x00\x0a\xc8\x00\xc7\xa5\x00 \xc7\x04\xceX\x08\x00\x00\x00\
\x00\x06\x00\x00\x00\x07Save To\x07\x00\x00\
\x00\x0bTemplateTab\x01\x03\x00\
\x00\x00\x1a\xc11\xac\xf5\xc8\x01\xc7<\xb8\x5c\x00 \xc8\
\x00\xc7\xa5\xb4(\x00:\x00 \x00{\x00}\x08\x00\x00\
\x00\x00\x06\x00\x00\x00\x22Save comp\
leted successful\
ly to: {}\x07\x00\x00\x00\x0bTe\
mplateTab\x01\x03\x00\x00\x00\x08\xc2\
\xa4\xd0l\xb9\xb0\xc0\xf7\x08\x00\x00\x00\x00\x06\x00\x00\x00\
\x0aScreenshot\x07\x00\x00\x00\x0b\
TemplateTab\x01\x03\x00\x00\x00\
\x18\xc2\xa4\xd0l\xb9\xb0\xc0\xf7\x00 \xc8\x00\xc7\xa5\xb4\
(\x00:\x00 \x00{\x00}\x08\x00\x00\x00\x00\x06\x00\
\x00\x00\x14Screenshot sa\
ved: {}\x07\x00\x00\x00\x0bTemp\
lateTab\x01\x03\x00\x00\x00\x22\xc7t\xb9\
\x84\x00 \xb6\x10\xb2\x94\x00 \xcet\xd1L\xac\xe0\xb9\
\xac\xb8\x5c\x00 \xac\x80\xc0\xc9\x00.\x00.\x00.\x08\
\x00\x00\x00\x00\x06\x00\x00\x00\x1dSearch \
by name or categ\
ory...\x07\x00\x00\x00\x0bTempl\
ateTab\x01\x03\x00\x00\x00\x04\xc11\xac\xf5\
\x08\x00\x00\x00\x00\x06\x00\x00\x00\x07Succes\
s\x07\x00\x00\x00\x0bTemplateTa\
b\x01\x03\x00\x00\x00\x0e\xc2\xa4\xd0l\xb9\xb0\xc0\xf7\x00\
 \xcd,\xc6\x01\x08\x00\x00\x00\x00\x06\x00\x00\x00\x0fT\
ake Screenshot\x07\x00\
\x00\x00\x0bTemplateTab\x01\x03\
\x00\x00\x00\x22\x00a\x00s\x00s\x00e\x00t\x00s\
\x00 \x00(\xb3\xc5\xb9\xbd\x00 \xc2\xe4\xd5\x89\xd6\x15\
\x00 \xc5q\x00)\x08\x00\x00\x00\x00\x06\x00\x00\x00\x17\
assets (standalo\
ne app)\x07\x00\x00\x00\x0bTemp\
lateTab\x01\x03\x00\x00\x004\x00o\x00\
k\x00_\x00t\x00a\x00s\x00k\x00s\x00/\x00\
a\x00s\x00s\x00e\x00t\x00s\x00 \x00(\xc0\
\xac\xc6\xa9\xc7\x90\x00 \xc2\xa4\xd0l\xb9\xbd\xd2\xb8\x00\
)\x08\x00\x00\x00\x00\x06\x00\x00\x00 ok_ta\
sks/assets (cust\
om scripts)\x07\x00\x00\x00\x0b\
TemplateTab\x01\x03\x00\x00\x00\
\x12\xd1L\xc2\xa4\xd2\xb8\x00 \xbc\x84\xc8\x04\x00 \xd6\
U\xc7x\x08\x00\x00\x00\x00\x06\x00\x00\x00\x12Che\
ck Test Version\x07\
\x00\x00\x00\x0aUpdateCard\x01\x03\
\x00\x00\x00\x0e\xc5\xc5\xb3p\xc7t\xd2\xb8\x00 \xd6U\
\xc7x\x08\x00\x00\x00\x00\x06\x00\x00\x00\x11Chec\
k for updates\x07\x00\x00\
\x00\x0aUpdateCard\x01\x03\x00\x00\
\x00\x14\xc5\xc5\xb3p\xc7t\xd2\xb8\x00 \xd6U\xc7x\
\x00 \xc9\x11 &\x08\x00\x00\x00\x00\x06\x00\x00\x00\x17\
Checking for upd\
ates\xe2\x80\xa6\x07\x00\x00\x00\x0aUpda\
teCard\x01\x03\x00\x00\x00\x18\xd0t\xb9\xad\
\xd5X\xc5\xec\x00 \xc5\xc5\xb3p\xc7t\xd2\xb8\x00 \
\xd6U\xc7x\x08\x00\x00\x00\x00\x06\x00\x00\x00\x1aCl\
ick to check for\
 updates\x07\x00\x00\x00\x0aUpd\
ateCard\x01\x03\x00\x00\x00\x0a\xd6\x04\xc7\
\xac\x00 \xbc\x84\xc8\x04\x08\x00\x00\x00\x00\x06\x00\x00\x00\
\x0fCurrent version\
\x07\x00\x00\x00\x0aUpdateCard\x01\
\x03\x00\x00\x00\x0c\xb2\xe4\xc6\xb4\xad\xf8\xb8\x08\xc7t\xb4\
\xdc\x08\x00\x00\x00\x00\x06\x00\x00\x00\x09Downg\
rade\x07\x00\x00\x00\x0aUpdateC\
ard\x01\x03\x00\x00\x00\x08\xb2\xe4\xc6\xb4\xb8\x5c\xb4\
\xdc\x08\x00\x00\x00\x00\x06\x00\x00\x00\x08Downl\
oad\x07\x00\x00\x00\x0aUpdateCa\
rd\x01\x03\x00\x00\x00,\xc5\xc5\xb3p\xc7t\xd2\xb8\
\x00 \xb1x\xd2\xb8\x00 \xac\xc4\xc0\xb0\x00 \xc2\xe4\
\xd3(\x00:\x00 \x00{\x00e\x00r\x00r\x00o\
\x00r\x00}\x08\x00\x00\x00\x00\x06\x00\x00\x00)Fa\
iled to calculat\
e update notes: \
{error}\x07\x00\x00\x00\x0aUpda\
teCard\x01\x03\x00\x00\x00\x22\xbc\x84\xc8\x04\
\x00 \xbc\xc0\xac\xbd\x00 \xc2\xe4\xd3(\x00:\x00 \
\x00{\x00e\x00r\x00r\x00o\x00r\x00}\x08\x00\
\x00\x00\x00\x06\x00\x00\x00!Failed t\
o change version\
: {error}\x07\x00\x00\x00\x0aUp\
dateCard\x01\x03\x00\x00\x00&\xc5\xc5\
\xb3p\xc7t\xd2\xb8\x00 \xd6U\xc7x\x00 \xc2\xe4\
\xd3(\x00:\x00 \x00{\x00e\x00r\x00r\x00o\
\x00r\x00}\x08\x00\x00\x00\x00\x06\x00\x00\x00$Fa\
iled to check fo\
r updates: {erro\
r}\x07\x00\x00\x00\x0aUpdateCar\
d\x01\x03\x00\x00\x00\x1a\xb9\xb4\xb9\xac\xc2\xa4\x00 \xb1\
x\xd2\xb8\xac\x00\x00 \xc5\xc6\xc2\xb5\xb2\xc8\xb2\xe4\x00\
.\x08\x00\x00\x00\x00\x06\x00\x00\x00\x11No re\
lease notes.\x07\x00\x00\x00\
\x0aUpdateCard\x01\x03\x00\x00\x00\
$\xc0\xac\xc6\xa9\x00 \xac\x00\xb2\xa5\xd5\x5c\x00 \xc5\
\xc5\xb3p\xc7t\xd2\xb8\xac\x00\x00 \xc5\xc6\xc2\xb5\xb2\
\xc8\xb2\xe4\x00.\x08\x00\x00\x00\x00\x06\x00\x00\x00\x15N\
o updates availa\
ble.\x07\x00\x00\x00\x0aUpdateC\
ard\x01\x03\x00\x00\x00 \xc0\xac\xc6\xa9\x00 \xac\
\x00\xb2\xa5\xd5\x5c\x00 \xbc\x84\xc8\x04\xc7t\x00 \xc5\
\xc6\xc2\xb5\xb2\xc8\xb2\xe4\x00.\x08\x00\x00\x00\x00\x06\x00\
\x00\x00\x1aNo versions a\
re available.\x07\x00\x00\
\x00\x0aUpdateCard\x01\x03\x00\x00\
\x00,\x00{\x00v\x00e\x00r\x00s\x00i\x00o\
\x00n\x00}\x00(\xc7<\x00)\xb8\x5c\x00 \xbc\xc0\
\xac\xbd\x00 \xc2\xdc\xc7\x91\x00 \xc9\x11 &\x08\x00\
\x00\x00\x00\x06\x00\x00\x00\x1fStarting\
 change to {vers\
ion}\xe2\x80\xa6\x07\x00\x00\x00\x0aUpda\
teCard\x01\x03\x00\x00\x00\x08\xc5\xc5\xb3p\
\xc7t\xd2\xb8\x08\x00\x00\x00\x00\x06\x00\x00\x00\x06Up\
date\x07\x00\x00\x00\x0aUpdateC\
ard\x01\x03\x00\x00\x00D\xc7t\x00 \x00P\x00\
y\x00A\x00p\x00p\x00i\x00f\x00y\x00 \xbc\
\x84\xc8\x04\xc7@\x00 \xc5\xc5\xb3p\xc7t\xd2\xb8\x00\
 \xd6U\xc7x\xc7D\x00 \xc9\xc0\xc6\xd0\xd5X\xc9\
\xc0\x00 \xc5J\xc2\xb5\xb2\xc8\xb2\xe4\x00.\x08\x00\x00\
\x00\x00\x06\x00\x00\x00:Update ch\
ecking is not su\
pported by this \
PyAppify version\
.\x07\x00\x00\x00\x0aUpdateCard\
\x01\x03\x00\x00\x00J\xc5\xc5\xb3p\xc7t\xd2\xb8\x00 \
\xc6\x94\xcc\xad\xc7t\x00 \xc2\x18\xb7}\xb4\x18\xc5\xc8\
\xc2\xb5\xb2\xc8\xb2\xe4\x00.\x00 \xc8\x01\xc6\xa9\xc7D\
\x00 \xc7\x04\xd5t\x00 \xc5q\xc7t\x00 \xb2\xe4\
\xc2\xdc\x00 \xc2\xdc\xc7\x91\xb4)\xb2\xc8\xb2\xe4\x00.\
\x08\x00\x00\x00\x00\x06\x00\x00\x00:Update\
 request accepte\
d. The app will \
restart to apply\
 it.\x07\x00\x00\x00\x0aUpdateC\
ard\x01\x03\x00\x00\x00,\xc5\xc5\xb3p\xc7t\xd2\
\xb8\x00 \xb1x\xd2\xb8\x00 \xac\xc4\xc0\xb0\xc7D\x00\
 \xc9\xc0\xc6\xd0\xd5X\xc9\xc0\x00 \xc5J\xc2\xb5\xb2\
\xc8\xb2\xe4\x00.\x08\x00\x00\x00\x00\x06\x00\x00\x00)U\
pdate-note calcu\
lation is not su\
pported.\x07\x00\x00\x00\x0aUpd\
ateCard\x01\x03\x00\x00\x00>\xc7t\x00\
 \x00P\x00y\x00A\x00p\x00p\x00i\x00f\x00\
y\x00 \xbc\x84\xc8\x04\xc7@\x00 \xc5\xc5\xb3p\xc7\
t\xd2\xb8\xb9|\x00 \xc9\xc0\xc6\xd0\xd5X\xc9\xc0\x00\
 \xc5J\xc2\xb5\xb2\xc8\xb2\xe4\x00.\x08\x00\x00\x00\x00\
\x06\x00\x00\x003Updating is\
 not supported b\
y this PyAppify \
version.\x07\x00\x00\x00\x0aUpd\
ateCard\x01\x03\x00\x00\x00\x04\xbc\x84\xc8\
\x04\x08\x00\x00\x00\x00\x06\x00\x00\x00\x07Versi\
on\x07\x00\x00\x00\x0aUpdateCar\
d\x01\x03\x00\x00\x00H\xc8\x15\xb9\xd0\xb8\x5c\x00 \x00\
{\x00v\x00e\x00r\x00s\x00i\x00o\x00n\x00\
}\x00 \x00{\x00t\x00y\x00p\x00e\x00}\x00\
(\xc7<\x00)\xb8\x5c\x00 \xc5\xc5\xb3p\xc7t\xd2\
\xb8\xd5X\xc2\xdc\xac\xa0\xc2\xb5\xb2\xc8\xaeL\x00?\x08\
\x00\x00\x00\x00\x06\x00\x00\x004Are you\
 sure you want t\
o update to {ver\
sion} {type}?\x07\x00\x00\
\x00\x0bVersionCard\x01\x03\x00\
\x00\x00\x16\xc5\xc5\xb3p\xc7t\xd2\xb8\x00 \xd6U\xc7\
x\x00 \xc6$\xb9X\x00!\x08\x00\x00\x00\x00\x06\x00\
\x00\x00\x17Check for upd\
ate error!\x07\x00\x00\x00\x0bV\
ersionCard\x01\x03\x00\x00\x00\x0e\
\xc5\xc5\xb3p\xc7t\xd2\xb8\x00 \xd6U\xc7x\x08\x00\
\x00\x00\x00\x06\x00\x00\x00\x11Check fo\
r updates\x07\x00\x00\x00\x0bVe\
rsionCard\x01\x03\x00\x00\x00\x12\xc5\
\xc5\xb3p\xc7t\xd2\xb8\x00 \xd6U\xc7x\x00 \xc9\
\x11\x08\x00\x00\x00\x00\x06\x00\x00\x00\x14Check\
ing for updates\x07\
\x00\x00\x00\x0bVersionCard\x01\
\x03\x00\x00\x00\x06\xb5\x14\xbc\x84\xad\xf8\x08\x00\x00\x00\x00\
\x06\x00\x00\x00\x05Debug\x07\x00\x00\x00\x0bV\
ersionCard\x01\x03\x00\x00\x008\
\xb2\xe4\xc6\xb4\xb8\x5c\xb4\xdc\x00 \xc9\x11\x00 \x00{\
\x00p\x00r\x00o\x00g\x00r\x00e\x00s\x00s\
\x00}\x00 \x00{\x00p\x00e\x00r\x00c\x00e\
\x00n\x00t\x00}\x00%\x08\x00\x00\x00\x00\x06\x00\x00\
\x00!Downloading {p\
rogress} {percen\
t}%\x07\x00\x00\x00\x0bVersionC\
ard\x01\x03\x00\x00\x00\x18\xc0\xc8\x00 \xbc\x84\xc8\
\x04\xc7D\x00 \xcc>\xc5X\xc2\xb5\xb2\xc8\xb2\xe4\x00\
!\x08\x00\x00\x00\x00\x06\x00\x00\x00\x12Found\
 new version!\x07\x00\x00\
\x00\x0bVersionCard\x01\x03\x00\
\x00\x00\x04\xc8\x15\xbc\xf4\x08\x00\x00\x00\x00\x06\x00\x00\x00\
\x04Info\x07\x00\x00\x00\x0bVersio\
nCard\x01\x03\x00\x00\x00\x06\xb9\xb4\xb9\xac\xc2\
\xa4\x08\x00\x00\x00\x00\x06\x00\x00\x00\x07Relea\
se\x07\x00\x00\x00\x0bVersionCa\
rd\x01\x03\x00\x00\x00\x18\xc7t\xbb\xf8\x00 \xcd\x5c\
\xc2\xe0\x00 \xbc\x84\xc8\x04\xc7\x85\xb2\xc8\xb2\xe4\x00!\
\x08\x00\x00\x00\x00\x06\x00\x00\x00\x1bThis i\
s the newest ver\
sion!\x07\x00\x00\x00\x0bVersio\
nCard\x01\x03\x00\x00\x00\x0e\xc9\xc0\xae\x08\x00\
 \xc5\xc5\xb3p\xc7t\xd2\xb8\x08\x00\x00\x00\x00\x06\x00\
\x00\x00\x0aUpdate Now\x07\x00\x00\
\x00\x0bVersionCard\x01\x03\x00\
\x00\x002\x00{\x00v\x00e\x00r\x00s\x00i\x00\
o\x00n\x00}\x00 \x00{\x00t\x00y\x00p\x00\
e\x00}\x00(\xc7<\x00)\xb8\x5c\x00 \xc5\xc5\xb3\
p\xc7t\xd2\xb8\x08\x00\x00\x00\x00\x06\x00\x00\x00\x1aU\
pdate to {versio\
n} {type}\x07\x00\x00\x00\x0bVe\
rsionCard\x01\x03\x00\x00\x00D\xc7\
\x91\xc5\xc5\x00,\x00 \xd2\xb8\xb9\xac\xacp\x00 \xbc\
\x0f\x00 \xb7\xf0\xd0\xc0\xc7\x84\x00 \xc7t\xbc\xa4\xd2\
\xb8\xb9|\x00 \xc7\x04\xd5\x5c\x00 \xb8\x5c\xce\xec\x00\
 \xc8\x1c\xc5\xb4\x00 \xc1<\xd10\xc7\x85\xb2\xc8\xb2\
\xe4\x00.\x08\x00\x00\x00\x00\x06\x00\x00\x00?A l\
ocal command cen\
ter for tasks, t\
riggers, and run\
time events.\x07\x00\x00\x00\
\x05WebUI\x01\x03\x00\x00\x00\x04\xc8\x15\xbc\xf4\
\x08\x00\x00\x00\x00\x06\x00\x00\x00\x05About\x07\
\x00\x00\x00\x05WebUI\x01\x03\x00\x00\x00\x0a\xc7\
\x91\xc5\xc5\x00 \xc2\xe4\xd3(\x08\x00\x00\x00\x00\x06\x00\
\x00\x00\x0dAction failed\
\x07\x00\x00\x00\x05WebUI\x01\x03\x00\x00\x00\x04\
\xc7\x91\xc5\xc5\x08\x00\x00\x00\x00\x06\x00\x00\x00\x07Ac\
tions\x07\x00\x00\x00\x05WebUI\x01\
\x03\x00\x00\x00\x04\xcd\x94\xac\x00\x08\x00\x00\x00\x00\x06\x00\
\x00\x00\x03Add\x07\x00\x00\x00\x05WebUI\
\x01\x03\x00\x00\x00\x0a\xba\xa8\xb4\xe0\x00 \xb8\x08\xbc\xa8\
\x08\x00\x00\x00\x00\x06\x00\x00\x00\x0aAll Le\
vels\x07\x00\x00\x00\x05WebUI\x01\x03\
\x00\x00\x00\x08\xc5q\x00 \xc1$\xc8\x15\x08\x00\x00\x00\
\x00\x06\x00\x00\x00\x0aApp Config\
\x07\x00\x00\x00\x05WebUI\x01\x03\x00\x00\x00\x0c\
\xc5q\x00 \xc5\xc5\xb3p\xc7t\xd2\xb8\x08\x00\x00\x00\
\x00\x06\x00\x00\x00\x0aApp update\
\x07\x00\x00\x00\x05WebUI\x01\x03\x00\x00\x00\x12\
\xc5`\xd5\x0c\xb9\xac\xcf\x00\xc7t\xc1X\x00 \xd1L\
\xb9\xc8\x08\x00\x00\x00\x00\x06\x00\x00\x00\x11Appl\
ication Theme\x07\x00\x00\
\x00\x05WebUI\x01\x03\x00\x00\x00\x14\xba\x85\xc7\
|\xbc)\xc8\xfc\x00:\x00 \xc5\xd4\xb4\xdc\xd5D\xb4\
\xdc\x08\x00\x00\x00\x00\x06\x00\x00\x00\x13Arkni\
ghts: Endfield\x07\x00\
\x00\x00\x05WebUI\x01\x03\x00\x00\x00(\x00A\
\x00u\x00t\x00o\x00 \x00E\x00x\x00i\x00t\
\x00 \x00A\x00f\x00t\x00e\x00r\x00 \x00T\
\x00a\x00s\x00k\x08\x00\x00\x00\x00\x06\x00\x00\x00\x14\
Auto Exit After \
Task\x07\x00\x00\x00\x05WebUI\x01\x03\
\x00\x00\x00\x0c\xc7\x90\xb3\xd9\xd6T\x00 \xc8\x1c\xc5\xb4\
\x08\x00\x00\x00\x00\x06\x00\x00\x00\x12Automa\
tion control\x07\x00\x00\x00\
\x05WebUI\x01\x03\x00\x00\x00\x12\xc0\xac\xc6\xa9\
\x00 \xac\x00\xb2\xa5\xd5\x5c\x00 \xc65\xc1X\x08\x00\
\x00\x00\x00\x06\x00\x00\x00\x11Availabl\
e Options\x07\x00\x00\x00\x05We\
bUI\x01\x03\x00\x00\x00\x04\xb4\xa4\xb8\x5c\x08\x00\x00\
\x00\x00\x06\x00\x00\x00\x04Back\x07\x00\x00\x00\x05\
WebUI\x01\x03\x00\x00\x00\x0c\xbc\x14\xc6\xb4\xb5\
)\x00 \xbc\x15\xc2\xa4\x08\x00\x00\x00\x00\x06\x00\x00\x00\
\x0cBounding Box\x07\x00\x00\
\x00\x05WebUI\x01\x03\x00\x00\x00\x04\xcd\xe8\xc1\
\x8c\x08\x00\x00\x00\x00\x06\x00\x00\x00\x06Cance\
l\x07\x00\x00\x00\x05WebUI\x01\x03\x00\x00\x00\
\x0a\xce\xa1\xcc\x98\x00 \xbc)\xc2\xdd\x08\x00\x00\x00\x00\
\x06\x00\x00\x00\x07Capture\x07\x00\x00\x00\
\x05WebUI\x01\x03\x00\x00\x00\x0a\xce\xa1\xcc\x98\
\x00 \xbc)\xc2\xdd\x08\x00\x00\x00\x00\x06\x00\x00\x00\x0e\
Capture Method\x07\x00\
\x00\x00\x05WebUI\x01\x03\x00\x00\x00\x0e\xce\xa1\
\xcc\x98\x00 \xbb\xf8\xb9\xac\xbc\xf4\xae0\x08\x00\x00\x00\
\x00\x06\x00\x00\x00\x0fCapture Pr\
eview\x07\x00\x00\x00\x05WebUI\x01\
\x03\x00\x00\x00\x12\xce\xa1\xcc\x98\xb4\x1c\x00 \xac\x8c\xc7\
\x84\x00 \xd6T\xbat\x08\x00\x00\x00\x00\x06\x00\x00\x00\
\x13Captured game f\
rame\x07\x00\x00\x00\x05WebUI\x01\x03\
\x00\x00\x00\x0e\xcet\xd1L\xac\xe0\xb9\xac\x00 \xc7t\
\xb9\x84\x08\x00\x00\x00\x00\x06\x00\x00\x00\x0dCate\
gory name\x07\x00\x00\x00\x05We\
bUI\x01\x03\x00\x00\x00\x1a\xc5`\xd5\x0c\xb9\xac\xcf\
\x00\xc7t\xc1X\xc7X\x00 \xba\xa8\xc5\x91\x00 \xbc\
\xc0\xac\xbd\x08\x00\x00\x00\x00\x06\x00\x00\x00(Cha\
nge the appearan\
ce of the applic\
ation\x07\x00\x00\x00\x05WebUI\x01\
\x03\x00\x00\x00\x18\xcet\xc6$\xc2\xa4\x00 \xc8\x1c\xb8\
\x5c\x00 \xb0\x98\xc7t\xd2\xb8\xbaT\xc5\xb4\x08\x00\x00\
\x00\x00\x06\x00\x00\x00\x14Chaos Zer\
o Nightmare\x07\x00\x00\x00\x05\
WebUI\x01\x03\x00\x00\x00\x0c\xce\x90\xb9\xad\xd1\
0\x00 \xcfT\xb4\xdc\x08\x00\x00\x00\x00\x06\x00\x00\x00\
\x0eCharacter Code\x07\
\x00\x00\x00\x05WebUI\x01\x03\x00\x00\x00\x0c\xce\
\x90\xb9\xad\xd10\x00 \xc1$\xc8\x15\x08\x00\x00\x00\x00\
\x06\x00\x00\x00\x12Character S\
ettings\x07\x00\x00\x00\x05WebU\
I\x01\x03\x00\x00\x00\x12\xd1L\xc2\xa4\xd2\xb8\x00 \xbc\
\x84\xc8\x04\x00 \xd6U\xc7x\x08\x00\x00\x00\x00\x06\x00\
\x00\x00\x12Check Test Ve\
rsion\x07\x00\x00\x00\x05WebUI\x01\
\x03\x00\x00\x00\x0e\xc5\xc5\xb3p\xc7t\xd2\xb8\x00 \xd6\
U\xc7x\x08\x00\x00\x00\x00\x06\x00\x00\x00\x11Che\
ck for updates\x07\x00\
\x00\x00\x05WebUI\x01\x03\x00\x00\x00\x14\xc5\xc5\
\xb3p\xc7t\xd2\xb8\x00 \xd6U\xc7x\x00 \xc9\x11\
 &\x08\x00\x00\x00\x00\x06\x00\x00\x00\x17Chec\
king for updates\
\xe2\x80\xa6\x07\x00\x00\x00\x05WebUI\x01\x03\x00\
\x00\x00\x10\xc0\xc1\xd68\x00 \xc7\x91\xc6\xa9\x00 \xc1\
 \xd0\xdd\x08\x00\x00\x00\x00\x06\x00\x00\x00\x12Cho\
ose Interaction\x07\
\x00\x00\x00\x05WebUI\x01\x03\x00\x00\x00\x0c\xc7\
\x91\xc5\xc5\x00 \xc1 \xd0\xdd\x00:\x08\x00\x00\x00\x00\
\x06\x00\x00\x00\x0cChoose Task\
:\x07\x00\x00\x00\x05WebUI\x01\x03\x00\x00\x00\
\x08\xcc=\x00 \xc1 \xd0\xdd\x08\x00\x00\x00\x00\x06\x00\
\x00\x00\x0dChoose Window\
\x07\x00\x00\x00\x05WebUI\x01\x03\x00\x00\x00\x18\
\xd0t\xb7\x98\xc2\xa4\x00 \xc7t\xb9\x84\x00 \x00(\
\xc6\x01\xc5\xb4\xb9\xcc\x00)\x08\x00\x00\x00\x00\x06\x00\x00\
\x00\x19Class Name (En\
glish only)\x07\x00\x00\x00\x05\
WebUI\x01\x03\x00\x00\x00\x06\xc9\xc0\xc6\xb0\xae\
0\x08\x00\x00\x00\x00\x06\x00\x00\x00\x05Clear\
\x07\x00\x00\x00\x05WebUI\x01\x03\x00\x00\x00\x18\
\xd0t\xb9\xad\xd5X\xc5\xec\x00 \xc5\xc5\xb3p\xc7t\
\xd2\xb8\x00 \xd6U\xc7x\x08\x00\x00\x00\x00\x06\x00\x00\
\x00\x1aClick to check\
 for updates\x07\x00\x00\x00\
\x05WebUI\x01\x03\x00\x00\x00\x04\xb2\xeb\xae0\
\x08\x00\x00\x00\x00\x06\x00\x00\x00\x05Close\x07\
\x00\x00\x00\x05WebUI\x01\x03\x00\x00\x00\x06\xc6\
D\xb8\xcc\xb4(\x08\x00\x00\x00\x00\x06\x00\x00\x00\x09C\
ompleted\x07\x00\x00\x00\x05Web\
UI\x01\x03\x00\x00\x00\x04\xd6U\xc7x\x08\x00\x00\x00\
\x00\x06\x00\x00\x00\x07Confirm\x07\x00\x00\
\x00\x05WebUI\x01\x03\x00\x00\x00\x0a\xc0\xad\xc8\
\x1c\x00 \xd6U\xc7x\x08\x00\x00\x00\x00\x06\x00\x00\x00\
\x0eConfirm Delete\x07\
\x00\x00\x00\x05WebUI\x01\x03\x00\x00\x00\x0a\xc7\
\x91\xc5\xc5\x00 \xbc\xf5\xc0\xac\x08\x00\x00\x00\x00\x06\x00\
\x00\x00\x09Copy Task\x07\x00\x00\x00\
\x05WebUI\x01\x03\x00\x00\x00\x1c\xb8\x5c\xad\xf8\
\xb9|\x00 \xbd\x88\xb7\xec\xc6,\x00 \xc2\x18\x00 \
\xc5\xc6\xc2\xb5\xb2\xc8\xb2\xe4\x08\x00\x00\x00\x00\x06\x00\x00\
\x00\x13Could not load\
 logs\x07\x00\x00\x00\x05WebUI\x01\
\x03\x00\x00\x00&\xc7\x90\xb3\xd9\xd6T\x00 \xb7\xf0\xd0\
\xc0\xc7\x84\xc5\xd0\x00 \xc5\xf0\xac\xb0\xd5`\x00 \xc2\
\x18\x00 \xc5\xc6\xc2\xb5\xb2\xc8\xb2\xe4\x08\x00\x00\x00\x00\
\x06\x00\x00\x00&Could not r\
each the automat\
ion runtime\x07\x00\x00\x00\x05\
WebUI\x01\x03\x00\x00\x00\x04\xc0\xdd\xc11\x08\
\x00\x00\x00\x00\x06\x00\x00\x00\x06Create\x07\
\x00\x00\x00\x05WebUI\x01\x03\x00\x00\x00\x0e\xc0\
\xc8\x00 \xc7\x91\xc5\xc5\x00 \xc0\xdd\xc11\x08\x00\x00\
\x00\x00\x06\x00\x00\x00\x0fCreate Ne\
w Task\x07\x00\x00\x00\x05WebUI\
\x01\x03\x00\x00\x00\x10\xc6\x08\xc5}\x00 \xc7\x91\xc5\xc5\
\x00 \xc0\xdd\xc11\x08\x00\x00\x00\x00\x06\x00\x00\x00\x14\
Create Schedule \
Task\x07\x00\x00\x00\x05WebUI\x01\x03\
\x00\x00\x00\x0a\xc7\x91\xc5\xc5\x00 \xc0\xdd\xc11\x08\x00\
\x00\x00\x00\x06\x00\x00\x00\x0bCreate T\
ask\x07\x00\x00\x00\x05WebUI\x01\x03\x00\
\x00\x00\x16\x00C\x00u\x00r\x00r\x00e\x00n\x00\
t\x00 \x00A\x00p\x00p\x08\x00\x00\x00\x00\x06\x00\
\x00\x00\x0bCurrent App\x07\x00\
\x00\x00\x05WebUI\x01\x03\x00\x00\x00\x0a\xd6\x04\
\xc7\xac\x00 \xc7\x91\xc5\xc5\x08\x00\x00\x00\x00\x06\x00\x00\
\x00\x0cCurrent task\x07\x00\
\x00\x00\x05WebUI\x01\x03\x00\x00\x00\x0a\xd6\x04\
\xc7\xac\x00 \xbc\x84\xc8\x04\x08\x00\x00\x00\x00\x06\x00\x00\
\x00\x0fCurrent versio\
n\x07\x00\x00\x00\x05WebUI\x01\x03\x00\x00\x00\
\x06\xc5\xb4\xb4a\xac\x8c\x08\x00\x00\x00\x00\x06\x00\x00\x00\
\x04Dark\x07\x00\x00\x00\x05WebUI\x01\
\x03\x00\x00\x00\x02\xc7|\x08\x00\x00\x00\x00\x06\x00\x00\x00\
\x04Days\x07\x00\x00\x00\x05WebUI\x01\
\x03\x00\x00\x00\x0a\xac\x1c\xbc\x1c\x00 \xb3\xc4\xadl\x08\
\x00\x00\x00\x00\x06\x00\x00\x00\x05Debug\x07\x00\
\x00\x00\x05WebUI\x01\x03\x00\x00\x00\x04\xc0\xad\
\xc8\x1c\x08\x00\x00\x00\x00\x06\x00\x00\x00\x06Dele\
te\x07\x00\x00\x00\x05WebUI\x01\x03\x00\x00\
\x00\x0a\xc7\x91\xc5\xc5\x00 \xc0\xad\xc8\x1c\x08\x00\x00\x00\
\x00\x06\x00\x00\x00\x0bDelete Tas\
k\x07\x00\x00\x00\x05WebUI\x01\x03\x00\x00\x00\
\x0e\xc1$\xba\x85\x00 \x00(\xc1 \xd0\xdd\x00)\x08\
\x00\x00\x00\x00\x06\x00\x00\x00\x16Descrip\
tion (Optional)\x07\
\x00\x00\x00\x05WebUI\x01\x03\x00\x00\x00\x12\xbc\
\x15\xc2\xa4\x00 \xc0\xac\xc6\xa9\x00 \xc5H\x00 \xd5\
h\x08\x00\x00\x00\x00\x06\x00\x00\x00\x0dDisab\
le Boxes\x07\x00\x00\x00\x05Web\
UI\x01\x03\x00\x00\x00\x0a\xbeD\xd6\x5c\xc11\xd6T\
\xb4(\x08\x00\x00\x00\x00\x06\x00\x00\x00\x08Disa\
bled\x07\x00\x00\x00\x05WebUI\x01\x03\
\x00\x00\x00\x0a\xbat\xccE\x00 \xc8p\xd5m\x08\x00\
\x00\x00\x00\x06\x00\x00\x00\x0aDisclaim\
er\x07\x00\x00\x00\x05WebUI\x01\x03\x00\x00\
\x00\x0a\xc5\xf0\xac\xb0\x00 \xb0J\xae@\x08\x00\x00\x00\
\x00\x06\x00\x00\x00\x0cDisconnect\
ed\x07\x00\x00\x00\x05WebUI\x01\x03\x00\x00\
\x00\x0e\x00D\x00i\x00s\x00c\x00o\x00r\x00d\
\x08\x00\x00\x00\x00\x06\x00\x00\x00\x07Discor\
d\x07\x00\x00\x00\x05WebUI\x01\x03\x00\x00\x00\
\x0c\xb2\xe4\xc6\xb4\xad\xf8\xb8\x08\xc7t\xb4\xdc\x08\x00\x00\
\x00\x00\x06\x00\x00\x00\x09Downgrade\
\x07\x00\x00\x00\x05WebUI\x01\x03\x00\x00\x00\x14\
\xb4\xc0\xc5\xe3\x00 \xb0\x98\xc7t\xd2\xb8\x00 \xc5\xb4\
\xbeD\xc2\xa4\x08\x00\x00\x00\x00\x06\x00\x00\x00\x10Du\
et Night Abyss\x07\x00\
\x00\x00\x05WebUI\x01\x03\x00\x00\x00\x0a\xbc\x15\
\xc2\xa4\x00 \xc0\xac\xc6\xa9\x08\x00\x00\x00\x00\x06\x00\x00\
\x00\x0cEnable Boxes\x07\x00\
\x00\x00\x05WebUI\x01\x03\x00\x00\x00\x08\xd6\x5c\
\xc11\xd6T\xb4(\x08\x00\x00\x00\x00\x06\x00\x00\x00\x07\
Enabled\x07\x00\x00\x00\x05WebU\
I\x01\x03\x00\x00\x00\x06\xc2\xe4\xd5\x89\xae0\x08\x00\x00\
\x00\x00\x06\x00\x00\x00\x08Executor\x07\
\x00\x00\x00\x05WebUI\x01\x03\x00\x00\x00\x0e\xb8\
\x5c\xad\xf8\x00 \xb0\xb4\xbc\xf4\xb0\xb4\xae0\x08\x00\x00\
\x00\x00\x06\x00\x00\x00\x0bExport Lo\
gs\x07\x00\x00\x00\x05WebUI\x01\x03\x00\x00\
\x00\x06\x00F\x00A\x00Q\x08\x00\x00\x00\x00\x06\x00\x00\
\x00\x03FAQ\x07\x00\x00\x00\x05WebUI\x01\
\x03\x00\x00\x00\x22\xbc\x84\xc8\x04\x00 \xbc\xc0\xac\xbd\x00\
 \xc2\xe4\xd3(\x00:\x00 \x00{\x00e\x00r\x00\
r\x00o\x00r\x00}\x08\x00\x00\x00\x00\x06\x00\x00\x00\
!Failed to chang\
e version: {erro\
r}\x07\x00\x00\x00\x05WebUI\x01\x03\x00\x00\
\x00&\xc5\xc5\xb3p\xc7t\xd2\xb8\x00 \xd6U\xc7x\
\x00 \xc2\xe4\xd3(\x00:\x00 \x00{\x00e\x00r\
\x00r\x00o\x00r\x00}\x08\x00\x00\x00\x00\x06\x00\x00\
\x00$Failed to chec\
k for updates: {\
error}\x07\x00\x00\x00\x05WebUI\
\x01\x03\x00\x00\x00\x04\xd3\x0c\xc7|\x08\x00\x00\x00\x00\x06\
\x00\x00\x00\x04File\x07\x00\x00\x00\x05Web\
UI\x01\x03\x00\x00\x00\x10\xb8\x5c\xad\xf8\x00 \xd5D\
\xd10\x00.\x00.\x00.\x08\x00\x00\x00\x00\x06\x00\x00\
\x00\x0eFilter logs...\
\x07\x00\x00\x00\x05WebUI\x01\x03\x00\x00\x00\x0a\
\xc7\x91\xc5\xc5\x00 \xd5D\xd10\x08\x00\x00\x00\x00\x06\
\x00\x00\x00\x0cFilter tasks\
\x07\x00\x00\x00\x05WebUI\x01\x03\x00\x00\x00\x0c\
\xac\x8c\xc7\x84\x00 \xb2\xe8\xcd\x95\xd0\xa4\x08\x00\x00\x00\
\x00\x06\x00\x00\x00\x0cGame Hotke\
ys\x07\x00\x00\x00\x05WebUI\x01\x03\x00\x00\
\x00\x1c\xb8\x08\xc7t\xbe\x14\x00 \x00e\x00n\x00u\
\x00m\x00 \xd3\x0c\xc7|\x00 \xc0\xdd\xc11\x08\x00\
\x00\x00\x00\x06\x00\x00\x00\x18Generate\
 label enum file\
\x07\x00\x00\x00\x05WebUI\x01\x03\x00\x00\x00\x0c\
\xc1\x8c\xb1@\xc8\x04\xc1 \x00 \x002\x08\x00\x00\x00\
\x00\x06\x00\x00\x00\x12Girls' Fro\
ntline 2\x07\x00\x00\x00\x05Web\
UI\x01\x03\x00\x00\x00\x0c\x00G\x00i\x00t\x00H\
\x00u\x00b\x08\x00\x00\x00\x00\x06\x00\x00\x00\x06Gi\
tHub\x07\x00\x00\x00\x05WebUI\x01\x03\
\x00\x00\x00\x06\xac\x00\xc7t\xb4\xdc\x08\x00\x00\x00\x00\x06\
\x00\x00\x00\x05Guide\x07\x00\x00\x00\x05We\
bUI\x01\x03\x00\x00\x00\x04\xc2\xdc\xac\x04\x08\x00\x00\
\x00\x00\x06\x00\x00\x00\x04Hour\x07\x00\x00\x00\x05\
WebUI\x01\x03\x00\x00\x00\x04\xc2\xdc\xac\x04\x08\
\x00\x00\x00\x00\x06\x00\x00\x00\x05Hours\x07\x00\
\x00\x00\x05WebUI\x01\x03\x00\x00\x00\x04\xb3\x00\
\xae0\x08\x00\x00\x00\x00\x06\x00\x00\x00\x04Idle\
\x07\x00\x00\x00\x05WebUI\x01\x03\x00\x00\x00\x0a\
\xc1$\xceX\x00 \xd3\xf4\xb3T\x08\x00\x00\x00\x00\x06\
\x00\x00\x00\x0eInstall Fold\
er\x07\x00\x00\x00\x05WebUI\x01\x03\x00\x00\
\x00\x0a\xc0\xac\xc6\xa9\x00 \xc1$\xba\x85\x08\x00\x00\x00\
\x00\x06\x00\x00\x00\x0cInstructio\
ns\x07\x00\x00\x00\x05WebUI\x01\x03\x00\x00\
\x00\x04\xc5\xb8\xc5\xb4\x08\x00\x00\x00\x00\x06\x00\x00\x00\x08\
Language\x07\x00\x00\x00\x05Web\
UI\x01\x03\x00\x00\x00\x16\xcd\x5c\xad\xfc\x00 \xbaT\
\xc2\xdc\xc9\xc0\x00 \x001\x000\x000\xac\x1c\x08\x00\
\x00\x00\x00\x06\x00\x00\x00\x13Latest 1\
00 messages\x07\x00\x00\x00\x05\
WebUI\x01\x03\x00\x00\x00\x04\xbc\x1d\xac\x8c\x08\
\x00\x00\x00\x00\x06\x00\x00\x00\x05Light\x07\x00\
\x00\x00\x05WebUI\x01\x03\x00\x00\x00\x06\xc2\xe4\
\xc2\xdc\xac\x04\x08\x00\x00\x00\x00\x06\x00\x00\x00\x04Li\
ve\x07\x00\x00\x00\x05WebUI\x01\x03\x00\x00\
\x00\x0e\xc2\xe4\xc2\xdc\xac\x04\x00 \xc7t\xbc\xa4\xd2\xb8\
\x08\x00\x00\x00\x00\x06\x00\x00\x00\x0bLive e\
vents\x07\x00\x00\x00\x05WebUI\x01\
\x03\x00\x00\x00\x08\xb8\x5c\xb5)\x00 \xc9\x11\x08\x00\x00\
\x00\x00\x06\x00\x00\x00\x07Loading\x07\x00\
\x00\x00\x05WebUI\x01\x03\x00\x00\x00\x0a\xb8\x5c\
\xad\xf8\x00 \xd3\xf4\xb3T\x08\x00\x00\x00\x00\x06\x00\x00\
\x00\x0aLog Folder\x07\x00\x00\x00\
\x05WebUI\x01\x03\x00\x00\x00\x0a\xb8\x5c\xad\xf8\
\x00 \xb8\x08\xbc\xa8\x08\x00\x00\x00\x00\x06\x00\x00\x00\x09\
Log level\x07\x00\x00\x00\x05We\
bUI\x01\x03\x00\x00\x00\x06\xb9\xc8\xd0l\xc5\xc5\x08\
\x00\x00\x00\x00\x06\x00\x00\x00\x06Markup\x07\
\x00\x00\x00\x05WebUI\x01\x03\x00\x00\x00\x06\xcd\
\x5c\xb3\x00\xd6T\x08\x00\x00\x00\x00\x06\x00\x00\x00\x08M\
aximize\x07\x00\x00\x00\x05WebU\
I\x01\x03\x00\x00\x00\x06\xcd\x5c\xc1\x8c\xd6T\x08\x00\x00\
\x00\x00\x06\x00\x00\x00\x08Minimize\x07\
\x00\x00\x00\x05WebUI\x01\x03\x00\x00\x00\x02\xbd\
\x84\x08\x00\x00\x00\x00\x06\x00\x00\x00\x06Minut\
e\x07\x00\x00\x00\x05WebUI\x01\x03\x00\x00\x00\
\x04\xc2\x18\xc8\x15\x08\x00\x00\x00\x00\x06\x00\x00\x00\x06M\
odify\x07\x00\x00\x00\x05WebUI\x01\
\x03\x00\x00\x00\x10\xc6\x08\xc5}\x00 \xc7\x91\xc5\xc5\x00\
 \xc2\x18\xc8\x15\x08\x00\x00\x00\x00\x06\x00\x00\x00\x14M\
odify Schedule T\
ask\x07\x00\x00\x00\x05WebUI\x01\x03\x00\
\x00\x00\x0c\xc5D\xb7\x98\xb8\x5c\x00 \xc7t\xb3\xd9\x08\
\x00\x00\x00\x00\x06\x00\x00\x00\x09Move Do\
wn\x07\x00\x00\x00\x05WebUI\x01\x03\x00\x00\
\x00\x0a\xc7\x04\xb8\x5c\x00 \xc7t\xb3\xd9\x08\x00\x00\x00\
\x00\x06\x00\x00\x00\x07Move Up\x07\x00\x00\
\x00\x05WebUI\x01\x03\x00\x00\x00\x04\xc7t\xd6\
X\x08\x00\x00\x00\x00\x06\x00\x00\x00\x15Never\
ness to Everness\
\x07\x00\x00\x00\x05WebUI\x01\x03\x00\x00\x00\x0a\
\xb2\xe4\xc7L\x00 \xc2\xe4\xd5\x89\x08\x00\x00\x00\x00\x06\
\x00\x00\x00\x08Next Run\x07\x00\x00\x00\
\x05WebUI\x01\x03\x00\x00\x00\x22\xc0\xac\xc6\xa9\
\xd5`\x00 \xc2\x18\x00 \xc7\x88\xb2\x94\x00 \xc65\
\xc1X\xc7t\x00 \xc5\xc6\xc2\xb5\xb2\xc8\xb2\xe4\x08\x00\
\x00\x00\x00\x06\x00\x00\x00\x14No optio\
ns available\x07\x00\x00\x00\
\x05WebUI\x01\x03\x00\x00\x00\x1a\xb9\xb4\xb9\xac\
\xc2\xa4\x00 \xb1x\xd2\xb8\xac\x00\x00 \xc5\xc6\xc2\xb5\
\xb2\xc8\xb2\xe4\x00.\x08\x00\x00\x00\x00\x06\x00\x00\x00\x11\
No release notes\
.\x07\x00\x00\x00\x05WebUI\x01\x03\x00\x00\x00\
2 \x1c\x00{\x00q\x00u\x00e\x00r\x00y\x00\
} \x1d\xc6@\x00 \xc7|\xceX\xd5X\xb2\x94\x00\
 \xc7\x91\xc5\xc5\xc7t\x00 \xc5\xc6\xc2\xb5\xb2\xc8\xb2\
\xe4\x00.\x08\x00\x00\x00\x00\x06\x00\x00\x00\x1dNo \
tasks match \xe2\x80\x9c{\
query}\xe2\x80\x9d.\x07\x00\x00\x00\x05W\
ebUI\x01\x03\x00\x00\x00\x12\xd1\x5c\xd5\x0c\xb9\xbf\
\xc7t\x00 \xc5\xc6\xc2\xb5\xb2\xc8\xb2\xe4\x08\x00\x00\x00\
\x00\x06\x00\x00\x00\x10No templat\
es yet\x07\x00\x00\x00\x05WebUI\
\x01\x03\x00\x00\x00$\xc0\xac\xc6\xa9\x00 \xac\x00\xb2\xa5\
\xd5\x5c\x00 \xc5\xc5\xb3p\xc7t\xd2\xb8\xac\x00\x00 \
\xc5\xc6\xc2\xb5\xb2\xc8\xb2\xe4\x00.\x08\x00\x00\x00\x00\x06\
\x00\x00\x00\x15No updates a\
vailable.\x07\x00\x00\x00\x05We\
bUI\x01\x03\x00\x00\x00 \xc0\xac\xc6\xa9\x00 \xac\
\x00\xb2\xa5\xd5\x5c\x00 \xbc\x84\xc8\x04\xc7t\x00 \xc5\
\xc6\xc2\xb5\xb2\xc8\xb2\xe4\x00.\x08\x00\x00\x00\x00\x06\x00\
\x00\x00\x1aNo versions a\
re available.\x07\x00\x00\
\x00\x05WebUI\x01\x03\x00\x00\x00\x18\xcc=\xc7\
D\x00 \xcc>\xc7D\x00 \xc2\x18\x00 \xc5\xc6\xc2\
\xb5\xb2\xc8\xb2\xe4\x08\x00\x00\x00\x00\x06\x00\x00\x00\x10N\
o windows found\x07\
\x00\x00\x00\x05WebUI\x01\x03\x00\x00\x00\x04\xc5\
\xc6\xc7L\x08\x00\x00\x00\x00\x06\x00\x00\x00\x04Non\
e\x07\x00\x00\x00\x05WebUI\x01\x03\x00\x00\x00\
\x04\xc5L\xb9\xbc\x08\x00\x00\x00\x00\x06\x00\x00\x00\x0dN\
otifications\x07\x00\x00\x00\
\x05WebUI\x01\x03\x00\x00\x00\x04\xd6U\xc7x\
\x08\x00\x00\x00\x00\x06\x00\x00\x00\x02OK\x07\x00\x00\x00\
\x05WebUI\x01\x03\x00\x00\x00\x06\xc7|\xd6\x8c\
\xc11\x08\x00\x00\x00\x00\x06\x00\x00\x00\x08One-\
time\x07\x00\x00\x00\x05WebUI\x01\x03\
\x00\x00\x00\x06\xc7L\xc5\x91\xc0\xac\x08\x00\x00\x00\x00\x06\
\x00\x00\x00\x07Onmyoji\x07\x00\x00\x00\x05\
WebUI\x01\x03\x00\x00\x00\x14\xc2\xa4\xd0l\xb9\
\xb0\xc0\xf7\x00 \xd3\xf4\xb3T\x00 \xc5\xf4\xae0\x08\
\x00\x00\x00\x00\x06\x00\x00\x00\x16Open Sc\
reenshot Folder\x07\
\x00\x00\x00\x05WebUI\x01\x03\x00\x00\x00\x0e\xad\
\x00\xb8(\x00 \xd5\x04\xb8\x5c\xc8\x1d\xd2\xb8\x08\x00\x00\
\x00\x00\x06\x00\x00\x00\x0eOther Pro\
jects\x07\x00\x00\x00\x05WebUI\x01\
\x03\x00\x00\x00\x0a\xc7|\xc2\xdc\x00 \xc9\x11\xc9\xc0\x08\
\x00\x00\x00\x00\x06\x00\x00\x00\x05Pause\x07\x00\
\x00\x00\x05WebUI\x01\x03\x00\x00\x00\x0c\xc7|\
\xc2\xdc\x00 \xc9\x11\xc9\xc0\xb4(\x08\x00\x00\x00\x00\x06\
\x00\x00\x00\x06Paused\x07\x00\x00\x00\x05W\
ebUI\x01\x03\x00\x00\x00\x0a\xc7\xac\xc5\xf0\xac\xb0\
\x00 \xc9\x11\x08\x00\x00\x00\x00\x06\x00\x00\x00\x0cRe\
connecting\x07\x00\x00\x00\x05W\
ebUI\x01\x03\x00\x00\x00\x0a\xc0\xc8\xb8\x5c\x00 \
\xac\xe0\xceh\x08\x00\x00\x00\x00\x06\x00\x00\x00\x07Re\
fresh\x07\x00\x00\x00\x05WebUI\x01\
\x03\x00\x00\x00\x10\xc7\x91\xc5\xc5\x00 \xc0\xc8\xb8\x5c\x00\
 \xac\xe0\xceh\x08\x00\x00\x00\x00\x06\x00\x00\x00\x0dR\
efresh tasks\x07\x00\x00\x00\
\x05WebUI\x01\x03\x00\x00\x00\x0c\xc0\xc8\xb8\x5c\
\xac\xe0\xceh\x00 \xc9\x11\x08\x00\x00\x00\x00\x06\x00\x00\
\x00\x0aRefreshing\x07\x00\x00\x00\
\x05WebUI\x01\x03\x00\x00\x00>\xc0\xc1\xb3\x00\
\x00 \xac\xbd\xb8\x5c\x00,\x00 \xc6\x08\x00:\x00 \
\x00o\x00k\x00_\x00t\x00a\x00s\x00k\x00s\
\x00/\x00L\x00a\x00b\x00e\x00l\x00E\x00n\
\x00u\x00m\x00.\x00p\x00y\x08\x00\x00\x00\x00\x06\
\x00\x00\x00)Relative pat\
h, e.g. ok_tasks\
/LabelEnum.py\x07\x00\x00\
\x00\x05WebUI\x01\x03\x00\x00\x00\x04\xc8\x1c\xac\
p\x08\x00\x00\x00\x00\x06\x00\x00\x00\x06Remov\
e\x07\x00\x00\x00\x05WebUI\x01\x03\x00\x00\x00\
\x0a\xc6\x94\xcc\xad\x00 \xc2\xe4\xd3(\x08\x00\x00\x00\x00\
\x06\x00\x00\x00\x0eRequest fai\
led\x07\x00\x00\x00\x05WebUI\x01\x03\x00\
\x00\x00\x0c\xc1$\xc8\x15\x00 \xcd\x08\xae0\xd6T\x08\
\x00\x00\x00\x00\x06\x00\x00\x00\x0cReset C\
onfig\x07\x00\x00\x00\x05WebUI\x01\
\x03\x00\x00\x00\x04\xc7\xac\xac\x1c\x08\x00\x00\x00\x00\x06\x00\
\x00\x00\x06Resume\x07\x00\x00\x00\x05We\
bUI\x01\x03\x00\x00\x00\x04\xc2\xe4\xd5\x89\x08\x00\x00\
\x00\x00\x06\x00\x00\x00\x03Run\x07\x00\x00\x00\x05W\
ebUI\x01\x03\x00\x00\x00\x08\xc2\xe4\xd5\x89\x00 \
\xc9\x11\x08\x00\x00\x00\x00\x06\x00\x00\x00\x07Runn\
ing\x07\x00\x00\x00\x05WebUI\x01\x03\x00\
\x00\x00\x0c\xb7\xf0\xd0\xc0\xc7\x84\x00 \xc6$\xb9X\x08\
\x00\x00\x00\x00\x06\x00\x00\x00\x0dRuntime\
 error\x07\x00\x00\x00\x05WebUI\
\x01\x03\x00\x00\x00\x04\xc8\x00\xc7\xa5\x08\x00\x00\x00\x00\x06\
\x00\x00\x00\x04Save\x07\x00\x00\x00\x05Web\
UI\x01\x03\x00\x00\x00\x0a\xc8\x00\xc7\xa5\x00 \xc7\x04\
\xceX\x08\x00\x00\x00\x00\x06\x00\x00\x00\x07Save\
 To\x07\x00\x00\x00\x05WebUI\x01\x03\x00\
\x00\x00\x0a\x00S\x00a\x00v\x00e\x00d\x08\x00\x00\
\x00\x00\x06\x00\x00\x00\x05Saved\x07\x00\x00\x00\
\x05WebUI\x01\x03\x00\x00\x00\x04\xc7|\xc8\x15\
\x08\x00\x00\x00\x00\x06\x00\x00\x00\x08Schedu\
le\x07\x00\x00\x00\x05WebUI\x01\x03\x00\x00\
\x00\x08\xc2\xa4\xd0l\xb9\xb0\xc0\xf7\x08\x00\x00\x00\x00\x06\
\x00\x00\x00\x0aScreenshot\x07\x00\
\x00\x00\x05WebUI\x01\x03\x00\x00\x00\x0e\xc2\xa4\
\xd0l\xb9\xb0\xc0\xf7\x00 \xd3\xf4\xb3T\x08\x00\x00\x00\
\x00\x06\x00\x00\x00\x11Screenshot\
 Folder\x07\x00\x00\x00\x05WebU\
I\x01\x03\x00\x00\x00\x08\xc2\xa4\xd0l\xb9\xbd\xd2\xb8\x08\
\x00\x00\x00\x00\x06\x00\x00\x00\x06Script\x07\
\x00\x00\x00\x05WebUI\x01\x03\x00\x00\x00\x22\xc7\
t\xb9\x84\x00 \xb6\x10\xb2\x94\x00 \xcet\xd1L\xac\
\xe0\xb9\xac\xb8\x5c\x00 \xac\x80\xc0\xc9\x00.\x00.\x00\
.\x08\x00\x00\x00\x00\x06\x00\x00\x00\x1dSearc\
h by name or cat\
egory...\x07\x00\x00\x00\x05Web\
UI\x01\x03\x00\x00\x00\x12\xd1\x5c\xd5\x0c\xb9\xbf\x00 \
\xac\x80\xc0\xc9\x00.\x00.\x00.\x08\x00\x00\x00\x00\x06\
\x00\x00\x00\x13Search templ\
ates...\x07\x00\x00\x00\x05WebU\
I\x01\x03\x00\x00\x00\x22\xc8\x1c\xba\xa9\x00 \xb6\x10\xb2\
\x94\x00 \xc2\xe4\xd5\x89\x00 \xd3\x0c\xc7|\x00 \xac\
\x80\xc0\xc9\x00.\x00.\x00.\x08\x00\x00\x00\x00\x06\x00\
\x00\x00\x16Search title \
or exe...\x07\x00\x00\x00\x05We\
bUI\x01\x03\x00\x00\x00\x0a\xc7\x91\xc5\xc5\x00 \xc1\
 \xd0\xdd\x08\x00\x00\x00\x00\x06\x00\x00\x00\x0bSel\
ect Task\x07\x00\x00\x00\x05Web\
UI\x01\x03\x00\x00\x00&\x00S\x00e\x00l\x00e\
\x00c\x00t\x00 \x00t\x00a\x00s\x00k\x00 \
\x00t\x00o\x00 \x00e\x00d\x00i\x00t\x08\x00\
\x00\x00\x00\x06\x00\x00\x00\x13Select t\
ask to edit\x07\x00\x00\x00\x05\
WebUI\x01\x03\x00\x00\x00\x0c\xc1 \xd0\xdd\xd5\
\x5c\x00 \xc65\xc1X\x08\x00\x00\x00\x00\x06\x00\x00\x00\
\x10Selected Option\
s\x07\x00\x00\x00\x05WebUI\x01\x03\x00\x00\x00\
\x14\xc1 \xd68\xd5X\xb2\x94\x00 \xc5\xb8\xc5\xb4\x00\
 \xc1$\xc8\x15\x08\x00\x00\x00\x00\x06\x00\x00\x00\x1bS\
et your preferre\
d language\x07\x00\x00\x00\x05W\
ebUI\x01\x03\x00\x00\x00\x04\xc1$\xc8\x15\x08\x00\
\x00\x00\x00\x06\x00\x00\x00\x08Settings\
\x07\x00\x00\x00\x05WebUI\x01\x03\x00\x00\x00\x14\
\xb2\xe4\xc6\xb4\xb8\x5c\xb4\xdc\x00 \xb9\xc1\xd0l\x00 \
\xac\xf5\xc7 \x08\x00\x00\x00\x00\x06\x00\x00\x00\x05Sh\
are\x07\x00\x00\x00\x05WebUI\x01\x03\x00\
\x00\x00(\xac\xf5\xc7 \x00 \xb9\xc1\xd0l\xac\x00\x00\
 \xd0t\xb9\xbd\xbc\xf4\xb4\xdc\xc5\xd0\x00 \xbc\xf5\xc0\
\xac\xb4\x18\xc5\xc8\xc2\xb5\xb2\xc8\xb2\xe4\x08\x00\x00\x00\x00\
\x06\x00\x00\x00\x1eShare Link \
copied to clipbo\
ard\x07\x00\x00\x00\x05WebUI\x01\x03\x00\
\x00\x00\x04\xd6\xc4\xc6\xd0\x08\x00\x00\x00\x00\x06\x00\x00\x00\
\x07Sponsor\x07\x00\x00\x00\x05Web\
UI\x01\x03\x00\x00\x00\x0a\xbc\xc4\xc7X\x00 \xac\xf5\
\xba\x85\x08\x00\x00\x00\x00\x06\x00\x00\x00\x0eStar\
 Resonance\x07\x00\x00\x00\x05W\
ebUI\x01\x03\x00\x00\x00\x04\xc2\xdc\xc7\x91\x08\x00\
\x00\x00\x00\x06\x00\x00\x00\x05Start\x07\x00\x00\
\x00\x05WebUI\x01\x03\x00\x00\x00\x08\xc2\xdc\xc7\
\x91\x00 \xc9\x11\x08\x00\x00\x00\x00\x06\x00\x00\x00\x08S\
tarting\x07\x00\x00\x00\x05WebU\
I\x01\x03\x00\x00\x00,\x00{\x00v\x00e\x00r\x00\
s\x00i\x00o\x00n\x00}\x00(\xc7<\x00)\xb8\
\x5c\x00 \xbc\xc0\xac\xbd\x00 \xc2\xdc\xc7\x91\x00 \xc9\
\x11 &\x08\x00\x00\x00\x00\x06\x00\x00\x00\x1fSta\
rting change to \
{version}\xe2\x80\xa6\x07\x00\x00\x00\
\x05WebUI\x01\x03\x00\x00\x00\x04\xc0\xc1\xd0\xdc\
\x08\x00\x00\x00\x00\x06\x00\x00\x00\x06Status\
\x07\x00\x00\x00\x05WebUI\x01\x03\x00\x00\x00\x04\
\xc9\x11\xc9\xc0\x08\x00\x00\x00\x00\x06\x00\x00\x00\x04St\
op\x07\x00\x00\x00\x05WebUI\x01\x03\x00\x00\
\x00\x0a\xc7\x91\xc5\xc5\x00 \xc9\x11\xc9\xc0\x08\x00\x00\x00\
\x00\x06\x00\x00\x00\x09Stop task\x07\
\x00\x00\x00\x05WebUI\x01\x03\x00\x00\x00\x0e\xc2\
\xa4\xd0l\xb9\xb0\xc0\xf7\x00 \xcd,\xc6\x01\x08\x00\x00\
\x00\x00\x06\x00\x00\x00\x0fTake Scre\
enshot\x07\x00\x00\x00\x05WebUI\
\x01\x03\x00\x00\x00\x0a\xc7\x91\xc5\xc5\x00 \xc7t\xb9\x84\
\x08\x00\x00\x00\x00\x06\x00\x00\x00\x09Task N\
ame\x07\x00\x00\x00\x05WebUI\x01\x03\x00\
\x00\x00&\xc7\x91\xc5\xc5\xc7t\x00 \xc11\xac\xf5\xc8\
\x01\xc7<\xb8\x5c\x00 \xc7\xac\xadl\xc11\xb4\x18\xc5\
\xc8\xc2\xb5\xb2\xc8\xb2\xe4\x00.\x08\x00\x00\x00\x00\x06\x00\
\x00\x00\x1aTask rebuilt \
successfully.\x07\x00\x00\
\x00\x05WebUI\x01\x03\x00\x00\x00\x04\xc7\x91\xc5\
\xc5\x08\x00\x00\x00\x00\x06\x00\x00\x00\x05Tasks\
\x07\x00\x00\x00\x05WebUI\x01\x03\x00\x00\x00\x06\
\xd1\x5c\xd5\x0c\xb9\xbf\x08\x00\x00\x00\x00\x06\x00\x00\x00\x09\
Templates\x07\x00\x00\x00\x05We\
bUI\x01\x03\x00\x00\x00\x0a\xac\xbd\xac\xfc\x00 \xc2\
\xdc\xac\x04\x08\x00\x00\x00\x00\x06\x00\x00\x00\x0cTim\
e Elapsed\x07\x00\x00\x00\x05We\
bUI\x01\x03\x00\x00\x00\x0a\xc2\xdc\xac\x04\x00 \xcd\
\x08\xac\xfc\x08\x00\x00\x00\x00\x06\x00\x00\x00\x07Tim\
eout\x07\x00\x00\x00\x05WebUI\x01\x03\
\x00\x00\x00\x10\xd0\xd0\xc0\xc9\x00 \xbaT\xb2t\x00 \
\xc8\x04\xd6X\x08\x00\x00\x00\x00\x06\x00\x00\x00\x11To\
ggle navigation\x07\
\x00\x00\x00\x05WebUI\x01\x03\x00\x00\x00\x06\xd2\
\xb8\xb9\xac\xacp\x08\x00\x00\x00\x00\x06\x00\x00\x00\x07T\
rigger\x07\x00\x00\x00\x05WebUI\
\x01\x03\x00\x00\x00\x0c\xd2\xb8\xb9\xac\xacp\x00 \xc7 \
\xd6\x15\x08\x00\x00\x00\x00\x06\x00\x00\x00\x0cTrig\
ger Type\x07\x00\x00\x00\x05Web\
UI\x01\x03\x00\x00\x00\x0e\xc2\xe4\xc2\xdc\xac\x04\x00 \
\xd2\xb8\xb9\xac\xacp\x08\x00\x00\x00\x00\x06\x00\x00\x00\x08\
Triggers\x07\x00\x00\x00\x05Web\
UI\x01\x03\x00\x00\x00\x08\xc5\xc5\xb3p\xc7t\xd2\xb8\
\x08\x00\x00\x00\x00\x06\x00\x00\x00\x06Update\
\x07\x00\x00\x00\x05WebUI\x01\x03\x00\x00\x00\x16\
\xc5\xc5\xb3p\xc7t\xd2\xb8\xac\x00\x00 \xc7\x88\xc2\xb5\
\xb2\xc8\xb2\xe4\x00.\x08\x00\x00\x00\x00\x06\x00\x00\x00\x11\
Update available\
.\x07\x00\x00\x00\x05WebUI\x01\x03\x00\x00\x00\
J\xc5\xc5\xb3p\xc7t\xd2\xb8\x00 \xc6\x94\xcc\xad\xc7\
t\x00 \xc2\x18\xb7}\xb4\x18\xc5\xc8\xc2\xb5\xb2\xc8\xb2\
\xe4\x00.\x00 \xc8\x01\xc6\xa9\xc7D\x00 \xc7\x04\xd5\
t\x00 \xc5q\xc7t\x00 \xb2\xe4\xc2\xdc\x00 \xc2\
\xdc\xc7\x91\xb4)\xb2\xc8\xb2\xe4\x00.\x08\x00\x00\x00\x00\
\x06\x00\x00\x00:Update requ\
est accepted. Th\
e app will resta\
rt to apply it.\x07\
\x00\x00\x00\x05WebUI\x01\x03\x00\x00\x00\x12\xc2\
\xdc\xc2\xa4\xd1\x5c\x00 \xc1$\xc8\x15\x00 \xc0\xac\xc6\
\xa9\x08\x00\x00\x00\x00\x06\x00\x00\x00\x12Use s\
ystem setting\x07\x00\x00\
\x00\x05WebUI\x01\x03\x00\x00\x00\x04\xbc\x84\xc8\
\x04\x08\x00\x00\x00\x00\x06\x00\x00\x00\x07Versi\
on\x07\x00\x00\x00\x05WebUI\x01\x03\x00\x00\
\x00\x0a\xb8\x5c\xad\xf8\x00 \xbc\xf4\xae0\x08\x00\x00\x00\
\x00\x06\x00\x00\x00\x08View Log\x07\x00\
\x00\x00\x05WebUI\x01\x03\x00\x00\x00$\x00o\
\x00k\x00-\x00s\x00c\x00r\x00i\x00p\x00t\
\x00.\x00l\x00o\x00g\x00 \xb3\x00\xae0\x00 \
\xc9\x11\x08\x00\x00\x00\x00\x06\x00\x00\x00\x19Wait\
ing for ok-scrip\
t.log\x07\x00\x00\x00\x05WebUI\x01\
\x03\x00\x00\x00\x1a\xb7\xf0\xd0\xc0\xc7\x84\x00 \xc7t\xbc\
\xa4\xd2\xb8\x00 \xb3\x00\xae0\x00 \xc9\x11 &\x08\
\x00\x00\x00\x00\x06\x00\x00\x00\x1dWaiting\
 for runtime eve\
nts\xe2\x80\xa6\x07\x00\x00\x00\x05WebUI\
\x01\x03\x00\x00\x00,\x00{\x00t\x00a\x00s\x00k\
\x00_\x00n\x00a\x00m\x00e\x00}\x00 \xc7\x91\
\xc5\xc5\x00 \xc6D\xb8\xcc\x00 \xb3\x00\xae0\x00 \
\xc9\x11\x08\x00\x00\x00\x00\x06\x00\x00\x00,Wait\
ing for {task_na\
me} task to be c\
ompleted\x07\x00\x00\x00\x05Web\
UI\x01\x03\x00\x00\x00\x08\xc6\xf9\xc0\xac\xc7t\xd2\xb8\
\x08\x00\x00\x00\x00\x06\x00\x00\x00\x07Websit\
e\x07\x00\x00\x00\x05WebUI\x01\x03\x00\x00\x00\
\x16\xba\x85\xc8p\x00:\x00 \xc6\xcc\xb3T\xb9\xc1\x00\
 \xc6\xe8\xc7t\xbe\x0c\x08\x00\x00\x00\x00\x06\x00\x00\x00\
\x0fWuthering Waves\
\x07\x00\x00\x00\x05WebUI\x01\x03\x00\x00\x00\x22\
\x00a\x00s\x00s\x00e\x00t\x00s\x00 \x00(\
\xb3\xc5\xb9\xbd\x00 \xc2\xe4\xd5\x89\xd6\x15\x00 \xc5q\
\x00)\x08\x00\x00\x00\x00\x06\x00\x00\x00\x17asse\
ts (standalone a\
pp)\x07\x00\x00\x00\x05WebUI\x01\x03\x00\
\x00\x00\x02\xc9\x04\x08\x00\x00\x00\x00\x06\x00\x00\x00\x05l\
ines\x07\x00\x00\x00\x05WebUI\x01\x03\
\x00\x00\x00\x18\x00o\x00k\x00-\x00p\x00y\x00 \
\xc7\x90\xb3\xd9\xd6T\x00 \xb3\xc4\xadl\x08\x00\x00\x00\
\x00\x06\x00\x00\x00\x15ok-py Auto\
mation Tool\x07\x00\x00\x00\x05\
WebUI\x01\x03\x00\x00\x00\x1e\x00o\x00k\x00\
-\x00s\x00c\x00r\x00i\x00p\x00t\x00 \xc5\
q\x00 \xd1\x5c\xd5\x0c\xb9\xbf\x08\x00\x00\x00\x00\x06\x00\
\x00\x00\x16ok-script App\
 Template\x07\x00\x00\x00\x05We\
bUI\x01\x03\x00\x00\x004\x00o\x00k\x00_\x00\
t\x00a\x00s\x00k\x00s\x00/\x00a\x00s\x00\
s\x00e\x00t\x00s\x00 \x00(\xc0\xac\xc6\xa9\xc7\
\x90\x00 \xc2\xa4\xd0l\xb9\xbd\xd2\xb8\x00)\x08\x00\x00\
\x00\x00\x06\x00\x00\x00 ok_tasks/\
assets (custom s\
cripts)\x07\x00\x00\x00\x05WebU\
I\x01\x03\x00\x00\x00\x1c\x00{\x00c\x00o\x00u\x00\
n\x00t\x00}\xac\x1c\x00 \xc0\xac\xc6\xa9\x00 \xac\
\x00\xb2\xa5\x08\x00\x00\x00\x00\x06\x00\x00\x00\x11{co\
unt} available\x07\x00\
\x00\x00\x05WebUI\x01\x03\x00\x00\x00F\x00{\
\x00p\x00a\x00g\x00e\x00}\x00 \xd3\x98\xc7t\
\xc9\xc0\xb2\x94\x00 \xc5D\xc9\xc1\x00 \x00W\x00e\
\x00b\x00 \x00U\x00I\xc5\xd0\xc1\x1c\x00 \xc0\xac\
\xc6\xa9\xd5`\x00 \xc2\x18\x00 \xc5\xc6\xc2\xb5\xb2\xc8\
\xb2\xe4\x00.\x08\x00\x00\x00\x00\x06\x00\x00\x00*{p\
age} is not avai\
lable in the web\
 UI yet.\x07\x00\x00\x00\x05Web\
UI\x01\x03\x00\x00\x00\x04\xc5L\xb9\xbc\x08\x00\x00\x00\
\x00\x06\x00\x00\x00\x05Alert\x07\x00\x00\x00\x03\
app\x01\x03\x00\x00\x00\x1c\xc7t\xbb\xf8\x00 \xbc\
\x84\xc8\x04\xc7<\xb8\x5c\x00 \xc5\xc5\xb3p\xc7t\xd2\
\xb8\xb4(\x00:\x08\x00\x00\x00\x00\x06\x00\x00\x00\x1bA\
lready updated t\
o version:\x07\x00\x00\x00\x03a\
pp\x01\x03\x00\x00\x00&\xb2\xe4\xb9x\x00 \xc7x\
\xc2\xa4\xd14\xc2\xa4\xac\x00\x00 \xc7t\xbb\xf8\x00 \
\xc2\xe4\xd5\x89\x00 \xc9\x11\xc7\x85\xb2\xc8\xb2\xe4\x08\x00\
\x00\x00\x00\x06\x00\x00\x00#Another \
instance is alre\
ady running\x07\x00\x00\x00\x03\
app\x01\x03\x00\x00\x00\x0a\xc5q\x00 \xc2\xe4\xd5\
\x89\xae0\x08\x00\x00\x00\x00\x06\x00\x00\x00\x0cApp\
 Launcher\x07\x00\x00\x00\x03ap\
p\x01\x03\x00\x00\x00f\xc5q\x00 \xc2\xdc\xc7\x91\x00\
 \xc6$\xb9X\x00.\x00 \xc1$\xceX\x00 \xd3\
\xf4\xb3T\xb9|\x00 \x00W\x00i\x00n\x00d\x00\
o\x00w\x00s\x00 \x00D\x00e\x00f\x00e\x00\
n\x00d\x00e\x00r\x00 \xc6\x08\xc6x\xc5\xd0\x00\
 \xcd\x94\xac\x00\xd5X\xac\xe0\x00 \xb2\xe4\xc2\xdc\x00\
 \xc1$\xceX\xd5X\xc18\xc6\x94\x00:\x08\x00\x00\
\x00\x00\x06\x00\x00\x00fApp start\
up error. Please\
 add the install\
ation folder to \
the Windows Defe\
nder whitelist a\
nd reinstall:\x07\x00\x00\
\x00\x03app\x01\x03\x00\x00\x00\x04\xc7\x90\xb3\xd9\x08\
\x00\x00\x00\x00\x06\x00\x00\x00\x04Auto\x07\x00\x00\
\x00\x03app\x01\x03\x00\x00\x00\x1a\xac\x8c\xc7\x84\x00\
 \xcc=\x00 \xd0l\xae0\x00 \xc7\x90\xb3\xd9\x00\
 \xc8p\xc8\x08\x08\x00\x00\x00\x00\x06\x00\x00\x00\x17A\
uto Resize Game \
Window\x07\x00\x00\x00\x03app\x01\x03\
\x00\x00\x00\x10\xac\x8c\xc7\x84\x00 \xc7\x90\xb3\xd9\x00 \
\xc2\xdc\xc7\x91\x08\x00\x00\x00\x00\x06\x00\x00\x00\x0fAu\
to Start Game\x07\x00\x00\
\x00\x03app\x01\x03\x00\x00\x00\x1e\xc5q\x00 \xc2\
\xdc\xc7\x91\x00 \xc2\xdc\x00 \xac\x8c\xc7\x84\x00 \xc7\
\x90\xb3\xd9\x00 \xc2\xdc\xc7\x91\x08\x00\x00\x00\x00\x06\x00\
\x00\x00\x1fAuto Start Ga\
me When App Star\
ts\x07\x00\x00\x00\x03app\x01\x03\x00\x00\x00 \
\x00{\x00a\x00p\x00p\x00_\x00n\x00a\x00m\
\x00e\x00}\x00 \xc7\x90\xb3\xd9\x00 \xc2\xdc\xc7\x91\
\x08\x00\x00\x00\x00\x06\x00\x00\x00\x15Auto S\
tart {app_name}\x07\
\x00\x00\x00\x03app\x01\x03\x00\x00\x00\x0e\xc7\x90\xb3\
\xd9\x00 \xc5\xc5\xb3p\xc7t\xd2\xb8\x08\x00\x00\x00\x00\
\x06\x00\x00\x00\x0bAuto Update\
\x07\x00\x00\x00\x03app\x01\x03\x00\x00\x00\x1e\xac\x8c\
\xc7\x84\xc7t\x00 \xc8\x85\xb8\xcc\xb4\x18\xc5\xb4\x00 \
\xc7\x90\xb3\xd9\x00 \xc8\x85\xb8\xcc\xb4(\x08\x00\x00\x00\
\x00\x06\x00\x00\x00\x1dAuto exit \
because game exi\
ted\x07\x00\x00\x00\x03app\x01\x03\x00\x00\x00\
\x1c\xc7\x90\xb3\xd9\x00 \xc5\xc5\xb3p\xc7t\xd2\xb8\x00\
(\xc0\xac\xc8\x04\x00 \xcd\x9c\xc2\xdc\x00)\x08\x00\x00\
\x00\x00\x06\x00\x00\x00\x1eAutomatic\
 Update (Pre-rel\
ease)\x07\x00\x00\x00\x03app\x01\x03\x00\
\x00\x00 \xc7\x90\xb3\xd9\x00 \xc5\xc5\xb3p\xc7t\xd2\
\xb8\x00(\xc8\x15\xc2\xdd\x00 \xb9\xb4\xb9\xac\xc2\xa4\xb9\
\xcc\x00)\x08\x00\x00\x00\x00\x06\x00\x00\x00\x1eAut\
omatic Update(Re\
lease Only)\x07\x00\x00\x00\x03\
app\x01\x03\x00\x00\x00\x0a\xae0\xbc\xf8\x00 \xc6\
5\xc1X\x08\x00\x00\x00\x00\x06\x00\x00\x00\x0dBas\
ic Options\x07\x00\x00\x00\x03a\
pp\x01\x03\x00\x00\x00\x0a\xbc\xa0\xd0\xc0\x00 \xbc\x84\
\xc8\x04\x08\x00\x00\x00\x00\x06\x00\x00\x00\x0cBeta\
 Version\x07\x00\x00\x00\x03app\
\x01\x03\x00\x00\x00\x04\xbe\x14\xb7\xec\x08\x00\x00\x00\x00\x06\
\x00\x00\x00\x04Blur\x07\x00\x00\x00\x03app\
\x01\x03\x00\x00\x00\x0e\xac\x00\xb9\xbc\x00 \xc5L\xac\xe0\
\xb9\xac\xc9\x98\x08\x00\x00\x00\x00\x06\x00\x00\x00\x0eBl\
ur Algorithm\x07\x00\x00\x00\
\x03app\x01\x03\x00\x00\x00@\xac\x8c\xc7\x84\x00 \
\x00U\x00I\x00D\x00 \xb4\xf1\xc7D\x00 \xd7P\
\xb9\xac\xac\x8c\x00 \xd4\x5c\xc2\xdc\xd5X\xc5\xec\x00 \
\x00O\x00L\x00E\x00D\x00 \xc2\x18\xba\x85\xc7D\
\x00 \xb2\x98\xb9\xbd\xb2\xc8\xb2\xe4\x08\x00\x00\x00\x00\x06\
\x00\x00\x00&Blur Game UI\
D etc to enhance\
 OLED life\x07\x00\x00\x00\x03a\
pp\x01\x03\x00\x00\x00\x10\xac\x00\xb9\xbc\x00 \xd6U\
\xc7x\x00 \xac\x04\xac\xa9\x08\x00\x00\x00\x00\x06\x00\x00\
\x00\x0dBlur Interval\x07\
\x00\x00\x00\x03app\x01\x03\x00\x00\x00,\x00p\x00\
y\x00t\x00h\x00o\x00n\x00 \x00v\x00e\x00\
n\x00v\xb9|\x00 \xcc>\xc7D\x00 \xc2\x18\x00\
 \xc5\xc6\xc2\xb5\xb2\xc8\xb2\xe4\x08\x00\x00\x00\x00\x06\x00\
\x00\x00\x16Can't find py\
thon venv\x07\x00\x00\x00\x03ap\
p\x01\x03\x00\x00\x00\x04\xcd\xe8\xc1\x8c\x08\x00\x00\x00\x00\
\x06\x00\x00\x00\x06Cancel\x07\x00\x00\x00\x03\
app\x01\x03\x00\x00\x00\x12\xce\xa1\xcc\x98\x00 \xd5\
\x04\xb8\x08\xc7\x84\x00 \xc1\x8d\xb3\xc4\x08\x00\x00\x00\x00\
\x06\x00\x00\x00\x12Capture Fra\
me Rate\x07\x00\x00\x00\x03app\x01\
\x03\x00\x00\x00\x10\xce\xa1\xcc\x98\x00 \xc9\xc0\xc5\xf0\x00\
 \xc2\xdc\xac\x04\x08\x00\x00\x00\x00\x06\x00\x00\x00\x0fC\
apture Latency\x07\x00\
\x00\x00\x03app\x01\x03\x00\x00\x00\x04\xc9\x11\xadm\
\x08\x00\x00\x00\x00\x06\x00\x00\x00\x05China\x07\
\x00\x00\x00\x03app\x01\x03\x00\x00\x00,\xc2\xe4\xd5\
\x89\xae0\xc7X\x00 \xc5\xc5\xb3p\xc7t\xd2\xb8\x00\
 \xc1$\xceX\x00 \xbc)\xc2\xdd\xc7D\x00 \xc1\
 \xd0\xdd\xd5i\xb2\xc8\xb2\xe4\x08\x00\x00\x00\x00\x06\x00\
\x00\x00(Choose how th\
e launcher insta\
lls updates\x07\x00\x00\x00\x03\
app\x01\x03\x00\x00\x00t\xc5L\xb9\xbc\xc7D\x00\
 \xbc\x1b\xc7D\x00 \xc7\x04\xceX\xb9|\x00 \xc1\
 \xd0\xdd\xd5X\xc18\xc6\x94\x00.\x00 \xc5L\xb9\
\xbc\xc7@\x00 \xd5m\xc0\xc1\x00 \xc5q\xc5\xd0\x00\
 \xd4\x5c\xc2\xdc\xb4\x18\xbap\x00,\x00 \xcd\x94\xac\
\x00\xb8\x5c\x00 \xbc\x1b\xc7D\x00 \xac\xf5\xae\x09\xc7\
\x90\xb9|\x00 \xd6\x5c\xc11\xd6T\xd5`\x00 \xc2\
\x18\x00 \xc7\x88\xc2\xb5\xb2\xc8\xb2\xe4\x00.\x08\x00\x00\
\x00\x00\x06\x00\x00\x00\x8bChoose wh\
ere notification\
s are delivered.\
 Notifications a\
lways appear in \
the app; enable \
any additional p\
roviders you wan\
t to receive the\
m.\x07\x00\x00\x00\x03app\x01\x03\x00\x00\x00\x12\
\xc5L\xb9\xbc\x00 \xac\xf5\xae\x09\xc7\x90\x00 \xadl\
\xc11\x08\x00\x00\x00\x00\x06\x00\x00\x00 Conf\
igure notificati\
on providers\x07\x00\x00\x00\
\x03app\x01\x03\x00\x00\x00\x10\xc5q\x00 \xc2\xe4\
\xd5\x89\xae0\x00 \xadl\xc11\x08\x00\x00\x00\x00\x06\
\x00\x00\x00\x1aConfigure th\
e app launcher\x07\x00\
\x00\x00\x03app\x01\x03\x00\x00\x00\x04\xd6U\xc7x\
\x08\x00\x00\x00\x00\x06\x00\x00\x00\x07Confir\
m\x07\x00\x00\x00\x03app\x01\x03\x00\x00\x00\x16\x00\
v\x00e\x00n\x00v\x00 \xc0\xdd\xc11\x00 \xc2\
\xe4\xd3(\x00.\x08\x00\x00\x00\x00\x06\x00\x00\x00\x13C\
reate venv faile\
d.\x07\x00\x00\x00\x03app\x01\x03\x00\x00\x00*\
\xae0\xbc\xf8\x00 \xc2\x18\xc2\xe0\xc7\x90\x00 \x00(\
\xc5\xec\xb7\xec\x00 \xba\x85\xc7@\x00 \xc2|\xd4\x5c\
\xb8\x5c\x00 \xadl\xbd\x84\x00)\x08\x00\x00\x00\x00\x06\
\x00\x00\x00%Default reci\
pient(s), comma-\
separated\x07\x00\x00\x00\x03ap\
p\x01\x03\x00\x00\x00.\xae0\xbc\xf8\x00 \xbc\x1c\xc2\
\xe0\xc7\x90\x00 \xc7t\xbaT\xc7|\x00 \xc8\xfc\xc1\
\x8c\x00 \x00(\x00F\x00r\x00o\x00m\x00 \xd5\
\xe4\xb3T\x00)\x08\x00\x00\x00\x00\x06\x00\x00\x00*D\
efault sender em\
ail address (Fro\
m header)\x07\x00\x00\x00\x03ap\
p\x01\x03\x00\x00\x00\x14\xc7X\xc8t\xc11\x00 \xc0\
\xad\xc8\x1c\x00 \xc11\xac\xf5\x00!\x08\x00\x00\x00\x00\
\x06\x00\x00\x00\x1cDelete depe\
ndencies success\
!\x07\x00\x00\x00\x03app\x01\x03\x00\x00\x00\x04\xc9\
\xc4\xb2\xe8\x08\x00\x00\x00\x00\x06\x00\x00\x00\x09Dia\
gnosis\x07\x00\x00\x00\x03app\x01\x03\
\x00\x00\x00\x14\x00D\x00i\x00s\x00c\x00o\x00r\
\x00d\x00 \xc5L\xb9\xbc\x08\x00\x00\x00\x00\x06\x00\x00\
\x00\x14Discord Notifi\
cation\x07\x00\x00\x00\x03app\x01\x03\
\x00\x00\x00\x16\x00D\x00i\x00s\x00c\x00o\x00r\
\x00d\x00 \xc6\xf9\xd6\xc4\xd0l\x08\x00\x00\x00\x00\x06\
\x00\x00\x00\x0fDiscord Webh\
ook\x07\x00\x00\x00\x03app\x01\x03\x00\x00\x00\
$\x00D\x00i\x00s\x00c\x00o\x00r\x00d\x00\
 \xccD\xb1\x10\x00 \xc6\xf9\xd6\xc4\xd0l\x00 \x00\
U\x00R\x00L\x08\x00\x00\x00\x00\x06\x00\x00\x00\x1bD\
iscord channel w\
ebhook URL\x07\x00\x00\x00\x03a\
pp\x01\x03\x00\x00\x00\x0a\xbe\x14\xb7\xec\x00 \xc0\xac\
\xc6\xa9\x08\x00\x00\x00\x00\x06\x00\x00\x00\x0bEnab\
le Blur\x07\x00\x00\x00\x03app\x01\
\x03\x00\x00\x00\x1e\xae0\xc5\xc5\x00 \x00W\x00e\x00\
C\x00h\x00a\x00t\x00 \xc6\xf9\xd6\xc5\x00 \xc5\
L\xb9\xbc\x08\x00\x00\x00\x00\x06\x00\x00\x00&Ent\
erprise WeChat W\
ebhook Notificat\
ion\x07\x00\x00\x00\x03app\x01\x03\x00\x00\x00\
 \xae0\xc5\xc5\x00 \x00W\x00e\x00C\x00h\x00\
a\x00t\x00 \xc6\xf9\xd6\xc5\x00 \x00U\x00R\x00\
L\x08\x00\x00\x00\x00\x06\x00\x00\x00\x1dEnter\
prise WeChat Web\
hook URL\x07\x00\x00\x00\x03app\
\x01\x03\x00\x00\x00*\xae0\xc5\xc5\x00 \x00W\x00e\
\x00C\x00h\x00a\x00t\x00 \xad\xf8\xb8\xf9\x00 \
\xbd\x07\x00 \xc6\xf9\xd6\xc5\x00 \x00U\x00R\x00L\
\x08\x00\x00\x00\x00\x06\x00\x00\x00'Enterp\
rise WeChat grou\
p bot webhook UR\
L\x07\x00\x00\x00\x03app\x01\x03\x00\x00\x00\x04\xc6\
$\xb9X\x08\x00\x00\x00\x00\x06\x00\x00\x00\x05Err\
or\x07\x00\x00\x00\x03app\x01\x03\x00\x00\x00\x1e\
\x00Q\x00Q\x00 \xc5\xf0\xb7}\xcc\x98\xc7X\x00 \
\xc8\x15\xd6U\xd5\x5c\x00 \xb2\xc9\xb1$\xc7\x84\x08\x00\
\x00\x00\x00\x06\x00\x00\x00\x19Exact QQ\
 contact nicknam\
e\x07\x00\x00\x00\x03app\x01\x03\x00\x00\x00&\x00\
W\x00e\x00C\x00h\x00a\x00t\x00 \xc5\xf0\xb7\
}\xcc\x98\xc7X\x00 \xc8\x15\xd6U\xd5\x5c\x00 \xb2\
\xc9\xb1$\xc7\x84\x08\x00\x00\x00\x00\x06\x00\x00\x00\x1dE\
xact WeChat cont\
act nickname\x07\x00\x00\x00\
\x03app\x01\x03\x00\x00\x00\x0e\xc7\x91\xc5\xc5\x00 \
\xd6\xc4\x00 \xc8\x85\xb8\xcc\x08\x00\x00\x00\x00\x06\x00\x00\
\x00\x0fExit After Tas\
k\x07\x00\x00\x00\x03app\x01\x03\x00\x00\x00\x18\xac\
\x8c\xc7\x84\x00 \xc8\x85\xb8\xcc\x00 \xc2\xdc\x00 \xc5\
q\x00 \xc8\x85\xb8\xcc\x08\x00\x00\x00\x00\x06\x00\x00\x00\
\x18Exit App when G\
ame Exits\x07\x00\x00\x00\x03ap\
p\x01\x03\x00\x00\x00\x18\xac\x8c\xc7\x84\xc7t\x00 \xc8\
\x85\xb8\xcc\xb4\x18\xc5\xb4\x00 \xc8\x85\xb8\xcc\xb4(\x08\
\x00\x00\x00\x00\x06\x00\x00\x00\x18Exit be\
cause game exite\
d\x07\x00\x00\x00\x03app\x01\x03\x00\x00\x000\xc7\
\x91\xc5\xc5\xc7t\x00 \xc11\xac\xf5\xc8\x01\xc7<\xb8\
\x5c\x00 \xc2\xe4\xd5\x89\xb4\x1c\x00 \xd6\xc4\x00 \xac\
\x8c\xc7\x84\xac\xfc\x00 \xc5q\x00 \xc8\x85\xb8\xcc\x08\
\x00\x00\x00\x00\x06\x00\x00\x00?Exit th\
e Game and the A\
pp after Success\
fully Executing \
the Task\x07\x00\x00\x00\x03app\
\x01\x03\x00\x00\x00\x0e\xc2\xe4\xd5\x89\x00 \xd6\xc4\x00 \
\xc8\x85\xb8\xcc\x08\x00\x00\x00\x00\x06\x00\x00\x00\x14Ex\
it_After_Executi\
on\x07\x00\x00\x00\x03app\x01\x03\x00\x00\x00\x22\
\xc6\xd0\xac\xa9\x00 \xbc\x84\xc8\x04\x00 \xba\xa9\xb8]\
\x00 \xac\x00\xc88\xc6$\xae0\x00 \xc6$\xb9X\
\x00!\x08\x00\x00\x00\x00\x06\x00\x00\x00 Fetc\
h remote version\
 list error!\x07\x00\x00\x00\
\x03app\x01\x03\x00\x00\x00\x0e\xcd\x1d\x00 \xd5\x04\
\xb8\x08\xc7\x84\x00 \xc2\x18\x08\x00\x00\x00\x00\x06\x00\x00\
\x00\x0bFrame Count\x07\x00\x00\
\x00\x03app\x01\x03\x00\x00\x00\x0c\xac\x8c\xc7\x84\x00\
 \xd5t\xc0\xc1\xb3\xc4\x08\x00\x00\x00\x00\x06\x00\x00\x00\
\x0fGame Resolution\
\x07\x00\x00\x00\x03app\x01\x03\x00\x00\x00\x0c\xac\x8c\
\xc7\x84\x00 \xc0\xac\xc6\xb4\xb4\xdc\x08\x00\x00\x00\x00\x06\
\x00\x00\x00\x0aGame Sound\x07\x00\
\x00\x00\x03app\x01\x03\x00\x00\x00\x06\xae\x00\xb8\x5c\
\xbc\x8c\x08\x00\x00\x00\x00\x06\x00\x00\x00\x06Glob\
al\x07\x00\x00\x00\x03app\x01\x03\x00\x00\x00\x06\
\xb2\xe8\xcd\x95\xd0\xa4\x08\x00\x00\x00\x00\x06\x00\x00\x00\x06\
HotKey\x07\x00\x00\x00\x03app\x01\x03\
\x00\x00\x00Z\x00C\x00P\x00U\x00/\x00G\x00P\
\x00U\x00 \xc0\xac\xc6\xa9\xb7\xc9\xc7D\x00 \xc9\x04\
\xc7t\xae0\x00 \xc7\x04\xd5t\x00 \xd2\xb8\xb9\xac\
\xacp\x00 \xc7\x91\xc5\xc5\x00 \xc0\xac\xc7t\xc7X\
\x00 \xc9\xc0\xc5\xf0\x00 \xc2\xdc\xac\x04\x00 \xb2\x98\
\xb9\xac\xae0\x00(\xbc\x00\xb9\xac\xcd\x08\x00)\x08\x00\
\x00\x00\x00\x06\x00\x00\x00JIncrease\
 Delay between T\
rigger Tasks to \
Reduce CPU/GPU U\
sage(Millisecond\
s)\x07\x00\x00\x00\x03app\x01\x03\x00\x00\x00\x04\
\xc8\x15\xbc\xf4\x08\x00\x00\x00\x00\x06\x00\x00\x00\x04In\
fo\x07\x00\x00\x00\x03app\x01\x03\x00\x00\x00\x08\
\xc7x\xd3\x98\xc7x\xd2\xb8\x08\x00\x00\x00\x00\x06\x00\x00\
\x00\x07Inpaint\x07\x00\x00\x00\x03ap\
p\x01\x03\x00\x00\x00\x5c\xc7X\xc8t\xc11\x00 \xc1\
$\xceX\x00 \xc2\xe4\xd3(\x00,\x00 \xc5\xc5\xb3\
p\xc7t\xd2\xb8\x00 \xc1\x8c\xc2\xa4\xb9|\x00 \xbc\
\xc0\xac\xbd\xd5X\xacp\xb0\x98\x00 \xc8\x04\xcc\xb4\x00\
 \xbc\x84\xc8\x04\xc7D\x00 \xb2\xe4\xc2\xdc\x00 \xb2\
\xe4\xc6\xb4\xb8\x5c\xb4\xdc\xd5t\x00 \xbc\xf4\xc18\xc6\
\x94\x00!\x08\x00\x00\x00\x00\x06\x00\x00\x00]Ins\
tall dependencie\
s failed, try ch\
anging the updat\
e source, or re-\
download the ful\
l version!\x07\x00\x00\x00\x03a\
pp\x01\x03\x00\x00\x00P\xc1$\xceX\x00 \xac\xbd\
\xb8\x5c\x00 \x00{\x00p\x00a\x00t\x00h\x00}\
\xb2\x94\x00 \xc6\x01\xbb8\x00 \xac\xbd\xb8\x5c\xc5\xec\
\xc5|\x00 \xd5i\xb2\xc8\xb2\xe4\x00.\x00 \xb2\xe4\
\xb9x\x00 \xac\xbd\xb8\x5c\xb8\x5c\x00 \xc7t\xb3\xd9\
\xd5X\xc18\xc6\x94\x00.\x08\x00\x00\x00\x00\x06\x00\x00\
\x00AInstall dir {p\
ath} must be an \
English path, mo\
ve to another pa\
th.\x07\x00\x00\x00\x03app\x01\x03\x00\x00\x00\
\x14\xc2\xdc\xc7\x91\x00 \xd6\xc4\x00 \xb7\xf0\xcc\x98\x00\
 \xc8\x85\xb8\xcc\x08\x00\x00\x00\x00\x06\x00\x00\x00\x19K\
ill Launcher Aft\
er Start\x07\x00\x00\x00\x03app\
\x01\x03\x00\x00\x00\x10\x00D\x00X\x001\x001\xb8\x5c\
\x00 \xc2\xdc\xc7\x91\x08\x00\x00\x00\x00\x06\x00\x00\x00\x10\
Launch with DX11\
\x07\x00\x00\x00\x03app\x01\x03\x00\x00\x00\x06\xc2\xe4\
\xd5\x89\xae0\x08\x00\x00\x00\x00\x06\x00\x00\x00\x08La\
uncher\x07\x00\x00\x00\x03app\x01\x03\
\x00\x00\x00\x16\xb8\x5c\xce\xec\x00 \xd0t\xb7|\xc7t\
\xc5\xb8\xd2\xb8\x00 \xc5L\xb9\xbc\x08\x00\x00\x00\x00\x06\
\x00\x00\x00\x19Local Client\
 Notification\x07\x00\x00\
\x00\x03app\x01\x03\x00\x00\x00\x0e\xc2\x18\xb3\xd9\x00\
 \xc5\xc5\xb3p\xc7t\xd2\xb8\x08\x00\x00\x00\x00\x06\x00\
\x00\x00\x0dManual Update\
\x07\x00\x00\x00\x03app\x01\x03\x00\x00\x00\x06\xbaT\
\xba\xa8\xb9\xac\x08\x00\x00\x00\x00\x06\x00\x00\x00\x06Me\
mory\x07\x00\x00\x00\x03app\x01\x03\x00\x00\
\x00\x22\xc1$\xc8\x15\xb4\x1c\x00 \xc6\x01\xc5\xed\xc7D\
\x00 \xac\x00\xb9\xac\xb2\x94\x00 \xcc\x98\xb9\xac\x00 \
\xbc)\xbc\x95\x08\x00\x00\x00\x00\x06\x00\x00\x00'Me\
thod used to obs\
cure configured \
areas\x07\x00\x00\x00\x03app\x01\x03\x00\
\x00\x00(\xb2\xeb\xc7D\x00 \xb5L\x00 \xcc=\xc7\
D\x00 \xc2\xdc\xc2\xa4\xd1\x5c\x00 \xd2\xb8\xb8\x08\xc7\
t\xb8\x5c\x00 \xcd\x5c\xc1\x8c\xd6T\x08\x00\x00\x00\x00\
\x06\x00\x00\x00+Minimize Wi\
ndow to System T\
ray when Closing\
\x07\x00\x00\x00\x03app\x01\x03\x00\x00\x00\x1c\xbc1\
\xad\xf8\xb7|\xc6\xb4\xb4\xdc\xc5\xd0\xc1\x1c\x00 \xac\x8c\
\xc7\x84\x00 \xc7L\xc1\x8c\xacp\x08\x00\x00\x00\x00\x06\
\x00\x00\x00\x1dMute Game wh\
ile in Backgroun\
d\x07\x00\x00\x00\x03app\x01\x03\x00\x00\x00\x1a\xc0\
\xc8\x00 \xbc\x84\xc8\x04\x00 \x00{\x00}\x00 \xc0\
\xac\xc6\xa9\x00 \xac\x00\xb2\xa5\x08\x00\x00\x00\x00\x06\x00\
\x00\x00\x18New Version {\
} Available\x07\x00\x00\x00\x03\
app\x01\x03\x00\x00\x00\x06\xc5D\xb2\xc8\xc6\x94\x08\
\x00\x00\x00\x00\x06\x00\x00\x00\x02No\x07\x00\x00\x00\x03\
app\x01\x03\x00\x00\x00\x04\xc5\xc6\xc7L\x08\x00\x00\
\x00\x00\x06\x00\x00\x00\x04None\x07\x00\x00\x00\x03\
app\x01\x03\x00\x00\x00\x04\xc5L\xb9\xbc\x08\x00\x00\
\x00\x00\x06\x00\x00\x00\x0cNotificat\
ion\x07\x00\x00\x00\x03app\x01\x03\x00\x00\x00\
\x12\x00O\x00C\x00R\x00 \xc9\xc0\xc5\xf0\x00 \xc2\
\xdc\xac\x04\x08\x00\x00\x00\x00\x06\x00\x00\x00\x0bOCR\
 Latency\x07\x00\x00\x00\x03app\
\x01\x03\x00\x00\x00\x0c\xc2\xe4\xd5\x89\xae0\x00 \xc5\xf4\
\xae0\x08\x00\x00\x00\x00\x06\x00\x00\x00\x0dOpen\
 Launcher\x07\x00\x00\x00\x03ap\
p\x01\x03\x00\x00\x00*\xc5q\x00 \xc2\xe4\xd5\x89\xae\
0\xb9|\x00 \xc5\xf4\xc5\xb4\x00 \xc5\xc5\xb3p\xc7\
t\xd2\xb8\xb9|\x00 \xad\x00\xb9\xac\xd5i\xb2\xc8\xb2\
\xe4\x08\x00\x00\x00\x00\x06\x00\x00\x00'Open \
the app launcher\
 to manage updat\
es\x07\x00\x00\x00\x03app\x01\x03\x00\x00\x00\x04\
\xc7\x91\xc5\xc5\x08\x00\x00\x00\x00\x06\x00\x00\x00\x09Op\
eration\x07\x00\x00\x00\x03app\x01\
\x03\x00\x00\x00(\x00S\x00M\x00T\x00P\x00 \xbe\
D\xbc\x00\xbc\x88\xd68\x00 \xb6\x10\xb2\x94\x00 \xc5\
q\x00 \xc8\x04\xc6\xa9\x00 \xd1\xa0\xd0p\x08\x00\x00\
\x00\x00\x06\x00\x00\x00'Password \
or app-specific \
token for SMTP\x07\x00\
\x00\x00\x03app\x01\x03\x00\x00\x00\x1e\xac\x8c\xc7\x84\
\xc7t\x00 \xc8\x85\xb8\xcc\xb4\x18\xc5\xb4\x00 \xc7|\
\xc2\xdc\x00 \xc9\x11\xc9\xc0\xb4(\x08\x00\x00\x00\x00\x06\
\x00\x00\x00\x1aPaused becau\
se game exited\x07\x00\
\x00\x00\x03app\x01\x03\x00\x00\x00<\xac\x8c\xc7\x84\
\x00 \xcc=\xc7t\x00 \xcd\x5c\xc1\x8c\xd6T\xb4\x18\
\xc5\xc8\xacp\xb0\x98\x00 \xd6T\xbat\x00 \xbc\x16\
\xc5\xd0\x00 \xc7\x88\xc5\xb4\x00 \xc7|\xc2\xdc\x00 \
\xc9\x11\xc9\xc0\xb4(\x00!\x08\x00\x00\x00\x00\x06\x00\x00\
\x009Paused because\
 game window is \
minimized or out\
 of screen!\x07\x00\x00\x00\x03\
app\x01\x03\x00\x00\x00\x0c\xc11\xb2\xa5\x00 \xd1\
L\xc2\xa4\xd2\xb8\x08\x00\x00\x00\x00\x06\x00\x00\x00\x10P\
erformance Test\x07\
\x00\x00\x00\x03app\x01\x03\x00\x00\x00D\x00M\x00\
u\x00M\x00u\x00P\x00l\x00a\x00y\x00e\x00\
r\x00 \xc1$\xc8\x15\xc5\xd0\xc1\x1c\x00 \xbc1\xad\
\xf8\xb7|\xc6\xb4\xb4\xdc\x00 \xc7 \xc9\xc0\x00 \xd6\
\x5c\xc11\xd6T\xb9|\x00 \xae\xbc\xc8\xfc\xc18\xc6\
\x94\x08\x00\x00\x00\x00\x06\x00\x00\x00CPleas\
e turn off enabl\
e background kee\
p alive in MuMuP\
layer settings\x07\x00\
\x00\x00\x03app\x01\x03\x00\x00\x00\x12\xcc\x98\xb9\xac\
\x00 \xd5\x04\xb8\x08\xc7\x84\x00 \xc1\x8d\xb3\xc4\x08\x00\
\x00\x00\x00\x06\x00\x00\x00\x12Process \
Frame Rate\x07\x00\x00\x00\x03a\
pp\x01\x03\x00\x00\x00\x1a\x00Q\x00Q\x00 \xbd\x07\
\x00 \x00A\x00P\x00I\x00 \xc5q\x00 \x00I\
\x00D\x08\x00\x00\x00\x00\x06\x00\x00\x00\x11QQ B\
ot API App ID\x07\x00\x00\
\x00\x03app\x01\x03\x00\x00\x00\x1c\x00Q\x00Q\x00\
 \xbd\x07\x00 \x00A\x00P\x00I\x00 \xccD\xb1\
\x10\x00 \x00I\x00D\x08\x00\x00\x00\x00\x06\x00\x00\x00\
\x15QQ Bot API Chan\
nel ID\x07\x00\x00\x00\x03app\x01\x03\
\x00\x00\x00\x16\x00Q\x00Q\x00 \xbd\x07\x00 \x00A\
\x00P\x00I\x00 \xc5L\xb9\xbc\x08\x00\x00\x00\x00\x06\
\x00\x00\x00\x17QQ Bot API N\
otification\x07\x00\x00\x00\x03\
app\x01\x03\x00\x00\x00\x16\x00Q\x00Q\x00 \xbd\
\x07\x00 \x00A\x00P\x00I\x00 \xd1\xa0\xd0p\x08\
\x00\x00\x00\x00\x06\x00\x00\x00\x10QQ Bot \
API Token\x07\x00\x00\x00\x03ap\
p\x01\x03\x00\x00\x00\x1c\x00Q\x00Q\x00 \xbd\x07\x00\
 \xc7Q\xc6\xa9\xd5\x04\xb8\x5c\xad\xf8\xb7\xa8\x00 \x00\
I\x00D\x08\x00\x00\x00\x00\x06\x00\x00\x00\x15QQ \
Bot application \
ID\x07\x00\x00\x00\x03app\x01\x03\x00\x00\x00\x1c\
\x00Q\x00Q\x00 \xbd\x07\x00 \xc7Q\xc6\xa9\xd5\x04\
\xb8\x5c\xad\xf8\xb7\xa8\x00 \xd1\xa0\xd0p\x08\x00\x00\x00\
\x00\x06\x00\x00\x00\x18QQ Bot app\
lication token\x07\x00\
\x00\x00\x03app\x01\x03\x00\x00\x00\x16\x00Q\x00Q\
\x00 \xb3p\xc2\xa4\xd0l\xd1\xb1\x00 \xb2\xc9\xb1$\
\xc7\x84\x08\x00\x00\x00\x00\x06\x00\x00\x00\x13QQ D\
esktop Nickname\x07\
\x00\x00\x00\x03app\x01\x03\x00\x00\x00*\x00Q\x00\
Q\x00 \xb3p\xc2\xa4\xd0l\xd1\xb1\x00 \xc5L\xb9\
\xbc\x00 \x00(\xc2\xe0\xb8\xb0\xd5`\x00 \xc2\x18\x00\
 \xc5\xc6\xc7L\x00)\x08\x00\x00\x00\x00\x06\x00\x00\x00\
&QQ Desktop Noti\
fication (Not Re\
liable)\x07\x00\x00\x00\x03app\x01\
\x03\x00\x00\x00\x1e\xc5L\xb9\xbc\xc7D\x00 \xbc\x1b\xc7\
D\x00 \x00Q\x00Q\x00 \xccD\xb1\x10\x00 \x00\
I\x00D\x08\x00\x00\x00\x00\x06\x00\x00\x00&QQ \
channel ID to re\
ceive notificati\
ons\x07\x00\x00\x00\x03app\x01\x03\x00\x00\x00\
@\xb8\x5c\xce\xec\x00 \x00Q\x00Q\x00 \xd0t\xb7\
|\xc7t\xc5\xb8\xd2\xb8\x00 \xcc=\xc7t\x00 \xc5\
\xf4\xb8$\x00 \xc7\x88\xac\xe0\x00 \xc2\xe4\xd5\x89\x00\
 \xc9\x11\xc7t\xc5\xb4\xc5|\x00 \xd5i\xb2\xc8\xb2\
\xe4\x08\x00\x00\x00\x00\x06\x00\x00\x00:Requi\
res the local QQ\
 client window t\
o be open and ru\
nning\x07\x00\x00\x00\x03app\x01\x03\x00\
\x00\x00T\xb8\x5c\xce\xec\x00 \x00Q\x00Q\x00 \xb6\
\x10\xb2\x94\x00 \x00W\x00e\x00C\x00h\x00a\x00\
t\x00 \xd0t\xb7|\xc7t\xc5\xb8\xd2\xb8\x00 \xcc\
=\xc7t\x00 \xc5\xf4\xb8$\x00 \xc7\x88\xac\xe0\x00\
 \xc2\xe4\xd5\x89\x00 \xc9\x11\xc7t\xc5\xb4\xc5|\x00\
 \xd5i\xb2\xc8\xb2\xe4\x08\x00\x00\x00\x00\x06\x00\x00\x00\
DRequires the lo\
cal QQ or WeChat\
 client window t\
o be open and ru\
nning\x07\x00\x00\x00\x03app\x01\x03\x00\
\x00\x00H\xb8\x5c\xce\xec\x00 \x00W\x00e\x00C\x00\
h\x00a\x00t\x00 \xd0t\xb7|\xc7t\xc5\xb8\xd2\
\xb8\x00 \xcc=\xc7t\x00 \xc5\xf4\xb8$\x00 \xc7\
\x88\xac\xe0\x00 \xc2\xe4\xd5\x89\x00 \xc9\x11\xc7t\xc5\
\xb4\xc5|\x00 \xd5i\xb2\xc8\xb2\xe4\x08\x00\x00\x00\x00\
\x06\x00\x00\x00>Requires th\
e local WeChat c\
lient window to \
be open and runn\
ing\x07\x00\x00\x00\x03app\x01\x03\x00\x00\x00\
\x16\x00S\x00M\x00T\x00P\x00 \xae0\xbc\xf8\x00\
 \xc2\x18\xc2\xe0\xc7\x90\x08\x00\x00\x00\x00\x06\x00\x00\x00\
\x16SMTP Default Re\
cipient\x07\x00\x00\x00\x03app\x01\
\x03\x00\x00\x00\x16\x00S\x00M\x00T\x00P\x00 \xae\
0\xbc\xf8\x00 \xbc\x1c\xc2\xe0\xc7\x90\x08\x00\x00\x00\x00\
\x06\x00\x00\x00\x13SMTP Defaul\
t Sender\x07\x00\x00\x00\x03app\
\x01\x03\x00\x00\x00\x10\x00S\x00M\x00T\x00P\x00 \
\xd68\xc2\xa4\xd2\xb8\x08\x00\x00\x00\x00\x06\x00\x00\x00\x09\
SMTP Host\x07\x00\x00\x00\x03ap\
p\x01\x03\x00\x00\x00\x0e\x00S\x00M\x00T\x00P\x00\
 \xc5L\xb9\xbc\x08\x00\x00\x00\x00\x06\x00\x00\x00\x11S\
MTP Notification\
\x07\x00\x00\x00\x03app\x01\x03\x00\x00\x00\x12\x00S\
\x00M\x00T\x00P\x00 \xbeD\xbc\x00\xbc\x88\xd68\
\x08\x00\x00\x00\x00\x06\x00\x00\x00\x0dSMTP P\
assword\x07\x00\x00\x00\x03app\x01\
\x03\x00\x00\x00\x0e\x00S\x00M\x00T\x00P\x00 \xd3\
\xec\xd2\xb8\x08\x00\x00\x00\x00\x06\x00\x00\x00\x09SMT\
P Port\x07\x00\x00\x00\x03app\x01\x03\
\x00\x00\x00\x16\x00S\x00M\x00T\x00P\x00 \x00T\
\x00L\x00S\x00 \xc0\xac\xc6\xa9\x08\x00\x00\x00\x00\x06\
\x00\x00\x00\x0cSMTP Use TLS\
\x07\x00\x00\x00\x03app\x01\x03\x00\x00\x00\x16\x00S\
\x00M\x00T\x00P\x00 \xc0\xac\xc6\xa9\xc7\x90\x00 \
\xc7t\xb9\x84\x08\x00\x00\x00\x00\x06\x00\x00\x00\x0dSM\
TP Username\x07\x00\x00\x00\x03\
app\x01\x03\x00\x00\x00>\x00S\x00M\x00T\x00\
P\x00 \xc1\x1c\xbc\x84\x00 \xd68\xc2\xa4\xd2\xb8\x00\
 \x00(\xc6\x08\x00:\x00 \x00s\x00m\x00t\x00\
p\x00.\x00g\x00m\x00a\x00i\x00l\x00.\x00\
c\x00o\x00m\x00)\x08\x00\x00\x00\x00\x06\x00\x00\x00\
&SMTP server hos\
t (e.g. smtp.gma\
il.com)\x07\x00\x00\x00\x03app\x01\
\x03\x00\x00\x004\x00S\x00M\x00T\x00P\x00 \xc1\
\x1c\xbc\x84\x00 \xd3\xec\xd2\xb8\x00 \x00(\x00S\x00\
T\x00A\x00R\x00T\x00T\x00L\x00S\xb2\x94\x00\
 \x005\x008\x007\x00)\x08\x00\x00\x00\x00\x06\x00\
\x00\x00#SMTP server p\
ort (587 for STA\
RTTLS)\x07\x00\x00\x00\x03app\x01\x03\
\x00\x00\x00&\xcc\x98\xb9\xac\xb4\x1c\x00 \xc6$\xbc\x84\
\xb8\x08\xc7t\x00 \xc5\xc5\xb3p\xc7t\xd2\xb8\x00 \
\xac\x04\xac\xa9\x00(\xcd\x08\x00)\x08\x00\x00\x00\x00\x06\
\x00\x00\x00)Seconds betw\
een processed ov\
erlay updates\x07\x00\x00\
\x00\x03app\x01\x03\x00\x00\x00.\xae0\xc5\xc5\x00\
 \x00W\x00e\x00C\x00h\x00a\x00t\x00 \xad\
\xf8\xb8\xf9\x00 \xbd\x07\xc7<\xb8\x5c\x00 \xc5L\xb9\
\xbc\x00 \xbc\xf4\xb0\xb4\xae0\x08\x00\x00\x00\x00\x06\x00\
\x00\x009Send notifica\
tions through an\
 Enterprise WeCh\
at group bot\x07\x00\x00\x00\
\x03app\x01\x03\x00\x00\x00*\x00S\x00M\x00T\
\x00P\x00 \xbaT\xc7|\x00 \xc1\x1c\xbc\x84\xb9|\
\x00 \xd1\xb5\xd5t\x00 \xc5L\xb9\xbc\x00 \xbc\xf4\
\xb0\xb4\xae0\x08\x00\x00\x00\x00\x06\x00\x00\x00/Se\
nd notifications\
 through an SMTP\
 email server\x07\x00\x00\
\x00\x03app\x01\x03\x00\x00\x00&\x00Q\x00Q\x00\
 \xae(\xb4\xdc\x00 \xbd\x07\x00 \x00A\x00P\x00\
I\xb8\x5c\x00 \xc5L\xb9\xbc\x00 \xbc\xf4\xb0\xb4\xae\
0\x08\x00\x00\x00\x00\x06\x00\x00\x00/Send \
notifications th\
rough the QQ Gui\
ld Bot API\x07\x00\x00\x00\x03a\
pp\x01\x03\x00\x00\x000\x00T\x00e\x00l\x00e\
\x00g\x00r\x00a\x00m\x00 \x00B\x00o\x00t\
\x00 \x00A\x00P\x00I\xb8\x5c\x00 \xc5L\xb9\xbc\
\x00 \xbc\xf4\xb0\xb4\xae0\x08\x00\x00\x00\x00\x06\x00\x00\
\x00/Send notificat\
ions through the\
 Telegram Bot AP\
I\x07\x00\x00\x00\x03app\x01\x03\x00\x00\x00$\x00\
D\x00i\x00s\x00c\x00o\x00r\x00d\x00 \xc6\
\xf9\xd6\xc4\xd0l\xb8\x5c\x00 \xc5L\xb9\xbc\x00 \xc8\
\x04\xc1\xa1\x08\x00\x00\x00\x00\x06\x00\x00\x00'Sen\
d notifications \
to a Discord web\
hook\x07\x00\x00\x00\x03app\x01\x03\x00\x00\
\x00 \xb8\x5c\xce\xec\x00 \x00Q\x00Q\x00 \xc5\xf0\
\xb7}\xcc\x98\xb8\x5c\x00 \xc5L\xb9\xbc\x00 \xc8\x04\
\xc1\xa1\x08\x00\x00\x00\x00\x06\x00\x00\x00(Send\
 notifications t\
o a local QQ con\
tact\x07\x00\x00\x00\x03app\x01\x03\x00\x00\
\x00(\xb8\x5c\xce\xec\x00 \x00W\x00e\x00C\x00h\
\x00a\x00t\x00 \xc5\xf0\xb7}\xcc\x98\xb8\x5c\x00 \
\xc5L\xb9\xbc\x00 \xc8\x04\xc1\xa1\x08\x00\x00\x00\x00\x06\
\x00\x00\x00,Send notific\
ations to a loca\
l WeChat contact\
\x07\x00\x00\x00\x03app\x01\x03\x00\x00\x00.\x00W\
\x00i\x00n\x00d\x00o\x00w\x00s\x00 \xc2\xdc\
\xc2\xa4\xd1\x5c\x00 \xd2\xb8\xb8\x08\xc7t\xc5\xd0\xc1\x1c\
\x00 \xc5L\xb9\xbc\x00 \xd4\x5c\xc2\xdc\x08\x00\x00\x00\
\x00\x06\x00\x00\x000Show notif\
ications using t\
he Windows syste\
m tray\x07\x00\x00\x00\x03app\x01\x03\
\x00\x00\x00\x0a\xc5H\xc8\x15\x00 \xbc\x84\xc8\x04\x08\x00\
\x00\x00\x00\x06\x00\x00\x00\x0eStable V\
ersion\x07\x00\x00\x00\x03app\x01\x03\
\x00\x00\x00\x10\xc5q\x00 \xc2\xdc\xc7\x91\x00 \xc6\x08\
\xc6x\x00:\x08\x00\x00\x00\x00\x06\x00\x00\x00\x14St\
art App Exceptio\
n:\x07\x00\x00\x00\x03app\x01\x03\x00\x00\x00\x0e\
\xb2\xe4\xc6\xb4\xb8\x5c\xb4\xdc\x00 \xc2\xdc\xc7\x91\x08\x00\
\x00\x00\x00\x06\x00\x00\x00\x11Start do\
wnloading\x07\x00\x00\x00\x03ap\
p\x01\x03\x00\x00\x000\xb8\x5c\xad\xf8\xc7x\xd5`\x00\
 \xb5L\x00 \xc5q\x00 \xc2\xe4\xd5\x89\xae0\xb9\
|\x00 \xc7\x90\xb3\xd9\xc7<\xb8\x5c\x00 \xc2\xdc\xc7\
\x91\xd5i\xb2\xc8\xb2\xe4\x08\x00\x00\x00\x00\x06\x00\x00\x00\
1Start the launc\
her automaticall\
y when you sign \
in\x07\x00\x00\x00\x03app\x01\x03\x00\x00\x00\x0a\
\xc2\xdc\xc7\x91\x00/\xc9\x11\xc9\xc0\x08\x00\x00\x00\x00\x06\
\x00\x00\x00\x0aStart/Stop\x07\x00\
\x00\x00\x03app\x01\x03\x00\x00\x00\x06\xc9\x11\xc9\xc0\
\xb4(\x08\x00\x00\x00\x00\x06\x00\x00\x00\x07Stop\
ped\x07\x00\x00\x00\x03app\x01\x03\x00\x00\x00\
@\xc7\x91\xc5\xc5\xc7t\x00 \xc11\xac\xf5\xc8\x01\xc7\
<\xb8\x5c\x00 \xc2\xe4\xd5\x89\xb4\x18\xc5\xc8\xc2\xb5\xb2\
\xc8\xb2\xe4\x00.\x00 \xac\x8c\xc7\x84\xac\xfc\x00 \xc5\
q\xc7D\x00 \xc8\x85\xb8\xcc\xd5i\xb2\xc8\xb2\xe4\x00\
!\x08\x00\x00\x00\x00\x06\x00\x00\x001Succe\
ssfully Executed\
 Task, Exiting G\
ame and App!\x07\x00\x00\x00\
\x03app\x01\x03\x00\x00\x00.\xb2\xe4\xc5\x91\xd5\x5c\
\x00 \x00W\x00i\x00n\x00d\x00o\x00w\x00s\
\x00 \xce\xa1\xcc\x98\x00 \xbc)\xc2\xdd\x00 \xac\x04\
\xc5\xd0\x00 \xc8\x04\xd6X\x08\x00\x00\x00\x00\x06\x00\x00\
\x000Switch between\
 different Windo\
ws capture metho\
ds\x07\x00\x00\x00\x03app\x01\x03\x00\x00\x00\x0c\
\xc2\xdc\xc2\xa4\xd1\x5c\x00 \xc5L\xb9\xbc\x08\x00\x00\x00\
\x00\x06\x00\x00\x00\x13System Not\
ification\x07\x00\x00\x00\x03ap\
p\x01\x03\x00\x00\x00 \xb3\x00\xc0\xc1\x00 \xcc=\x00\
 \xd6\x5c\xc11\xd6T\x00:\x00 \xb1y\xd6T\x00\
 \xc7\xac\xac\x1c\xb4(\x08\x00\x00\x00\x00\x06\x00\x00\x00\
'Target window a\
ctive: Recording\
 resumed\x07\x00\x00\x00\x03app\
\x01\x03\x00\x00\x00&\xb3\x00\xc0\xc1\x00 \xcc=\x00 \
\xbeD\xd6\x5c\xc11\x00:\x00 \xb1y\xd6T\x00 \
\xc7|\xc2\xdc\x00 \xc8\x15\xc9\xc0\xb4(\x08\x00\x00\x00\
\x00\x06\x00\x00\x00(Target win\
dow inactive: Re\
cording paused\x07\x00\
\x00\x00\x03app\x01\x03\x00\x00\x00\x1a\x00T\x00e\
\x00l\x00e\x00g\x00r\x00a\x00m\x00 \xbd\x07\
\x00 \xd1\xa0\xd0p\x08\x00\x00\x00\x00\x06\x00\x00\x00\x12\
Telegram Bot Tok\
en\x07\x00\x00\x00\x03app\x01\x03\x00\x00\x00\x1c\
\x00T\x00e\x00l\x00e\x00g\x00r\x00a\x00m\
\x00 \xccD\xd3\x05\x00 \x00I\x00D\x08\x00\x00\x00\
\x00\x06\x00\x00\x00\x10Telegram C\
hat ID\x07\x00\x00\x00\x03app\x01\x03\
\x00\x00\x00\x16\x00T\x00e\x00l\x00e\x00g\x00r\
\x00a\x00m\x00 \xc5L\xb9\xbc\x08\x00\x00\x00\x00\x06\
\x00\x00\x00\x15Telegram Not\
ification\x07\x00\x00\x00\x03ap\
p\x01\x03\x00\x00\x008\x00B\x00o\x00t\x00F\x00\
a\x00t\x00h\x00e\x00r\xc5\xd0\xc1\x1c\x00 \xbc\
\x1b\xc7@\x00 \x00T\x00e\x00l\x00e\x00g\x00\
r\x00a\x00m\x00 \xbd\x07\x00 \xd1\xa0\xd0p\x08\
\x00\x00\x00\x00\x06\x00\x00\x00!Telegra\
m bot token from\
 BotFather\x07\x00\x00\x00\x03a\
pp\x01\x03\x00\x00\x008\x00T\x00e\x00l\x00e\
\x00g\x00r\x00a\x00m\x00 \xc0\xac\xc6\xa9\xc7\x90\
\x00,\x00 \xad\xf8\xb8\xf9\x00 \xb6\x10\xb2\x94\x00 \
\xccD\xb1\x10\x00 \xccD\xd3\x05\x00 \x00I\x00D\
\x08\x00\x00\x00\x00\x06\x00\x00\x00(Telegr\
am user, group, \
or channel chat \
ID\x07\x00\x00\x00\x03app\x01\x03\x00\x00\x00\x06\
\xd1M\xc2\xa4\xd2\xb8\x08\x00\x00\x00\x00\x06\x00\x00\x00\x05\
Texts\x07\x00\x00\x00\x03app\x01\x03\x00\
\x00\x006\xd6\x04\xc7\xac\x00 \xbc\x84\xc8\x04\x00 \x00\
{\x00}\xc7@\x00(\xb2\x94\x00)\x00 \xbc\x18\xb4\
\xdc\xc2\xdc\x00 \xc5\xc5\xb3p\xc7t\xd2\xb8\xd5t\xc5\
|\x00 \xd5i\xb2\xc8\xb2\xe4\x08\x00\x00\x00\x00\x06\x00\
\x00\x00&The current v\
ersion {} must b\
e updated\x07\x00\x00\x00\x03ap\
p\x01\x03\x00\x00\x00\x0c\xd2\xb8\xb9\xac\xacp\x00 \xac\
\x04\xac\xa9\x08\x00\x00\x00\x00\x06\x00\x00\x00\x10Tri\
gger Interval\x07\x00\x00\
\x00\x03app\x01\x03\x00\x00\x00\x0a\xc5\xc5\xb3p\xc7\
t\xd2\xb8\x00:\x08\x00\x00\x00\x00\x06\x00\x00\x00\x08U\
pdates:\x07\x00\x00\x00\x03app\x01\
\x03\x00\x00\x00\x16\x00D\x00i\x00r\x00e\x00c\x00\
t\x00M\x00L\x00 \xc0\xac\xc6\xa9\x08\x00\x00\x00\x00\
\x06\x00\x00\x00\x0cUse DirectM\
L\x07\x00\x00\x00\x03app\x01\x03\x00\x00\x00\x1e\x00\
G\x00P\x00U\xb9|\x00 \xc0\xac\xc6\xa9\xd5X\xc5\
\xec\x00 \xc11\xb2\xa5\x00 \xd5\xa5\xc0\xc1\x08\x00\x00\
\x00\x00\x06\x00\x00\x00\x1eUse GPU t\
o Improve Perfor\
mance\x07\x00\x00\x00\x03app\x01\x03\x00\
\x00\x006\x00S\x00T\x00A\x00R\x00T\x00T\x00\
L\x00S\x00 \xc5T\xd68\xd6T\x00 \xc0\xac\xc6\
\xa9\x00 \x00(\x005\x008\x007\x00 \xd3\xec\xd2\
\xb8\x00 \xad\x8c\xc7\xa5\x00)\x08\x00\x00\x00\x00\x06\x00\
\x00\x002Use STARTTLS \
encryption (reco\
mmended for port\
 587)\x07\x00\x00\x00\x03app\x01\x03\x00\
\x00\x00\x1c\x00S\x00M\x00T\x00P\x00 \xc7x\xc9\
\x9d\x00 \xc0\xac\xc6\xa9\xc7\x90\x00 \xc7t\xb9\x84\x08\
\x00\x00\x00\x00\x06\x00\x00\x00 Usernam\
e for SMTP authe\
ntication\x07\x00\x00\x00\x03ap\
p\x01\x03\x00\x00\x00\x1e\x00W\x00e\x00C\x00h\x00\
a\x00t\x00 \xb3p\xc2\xa4\xd0l\xd1\xb1\x00 \xb2\
\xc9\xb1$\xc7\x84\x08\x00\x00\x00\x00\x06\x00\x00\x00\x17W\
eChat Desktop Ni\
ckname\x07\x00\x00\x00\x03app\x01\x03\
\x00\x00\x002\x00W\x00e\x00C\x00h\x00a\x00t\
\x00 \xb3p\xc2\xa4\xd0l\xd1\xb1\x00 \xc5L\xb9\xbc\
\x00 \x00(\xc2\xe0\xb8\xb0\xd5`\x00 \xc2\x18\x00 \
\xc5\xc6\xc7L\x00)\x08\x00\x00\x00\x00\x06\x00\x00\x00*\
WeChat Desktop N\
otification (Not\
 Reliable)\x07\x00\x00\x00\x03a\
pp\x01\x03\x00\x00\x00\x08\xcc=\x00 \xc1$\xc8\x15\
\x08\x00\x00\x00\x00\x06\x00\x00\x00\x0dWindow\
 Config\x07\x00\x00\x00\x03app\x01\
\x03\x00\x00\x00\x1a\x00W\x00i\x00n\x00d\x00o\x00\
w\x00s\x00 \xce\xa1\xcc\x98\x00 \xbc)\xc2\xdd\x08\
\x00\x00\x00\x00\x06\x00\x00\x00\x0fWindows\
 Capture\x07\x00\x00\x00\x03app\
\x01\x03\x00\x00\x00\x02\xc6\x08\x08\x00\x00\x00\x00\x06\x00\x00\
\x00\x03Yes\x07\x00\x00\x00\x03app\x01\x03\x00\
\x00\x00\x0a\x00{\x00}\x00 \xb7\xf0\xcc\x98\x08\x00\x00\
\x00\x00\x06\x00\x00\x00\x0b{} Launch\
er\x07\x00\x00\x00\x03app\x01\
\x00\x00\xfa\xd0\
<\
\xb8d\x18\xca\xef\x9c\x95\xcd!\x1c\xbf`\xa1\xbd\xdd\xa7\
\x00\x00\x00\x05zh_CNB\x00\x00\x1c`\x00\x00\
\x05;\x00\x00\x0a|\x00\x00\x05;\x00\x00 v\x00\x00\
\x05;\x00\x00\x84>\x00\x00\x05;\x00\x00\xa5\xc0\x00\x00\
\x05C\x00\x00yk\x00\x00\x05O\x00\x00>\x83\x00\x00\
\x05O\x00\x00\xc8I\x00\x00\x07\xb2\x00\x007q\x00\x00\
5\xa8\x00\x00\x0ct\x00\x005\xa8\x00\x00K/\x00\x00\
E\x82\x00\x00\x18F\x00\x00G\xa4\x00\x00\x07`\x00\x00\
G\xa4\x00\x00H\x5c\x00\x00G\xa4\x00\x00\x92\x1d\x00\x00\
Ih\x00\x00\x18\xc8\x00\x00Ja\x00\x00?9\x00\x00\
Ja\x00\x00\x9d\xbe\x00\x00Q\xc9\x00\x00\x1e\xf1\x00\x00\
S\x82\x00\x00 M\x00\x00V\xfe\x00\x00Am\x00\x00\
Y\xbe\x00\x00\x22\xfb\x00\x00Y\xbe\x00\x00\xa8\xb7\x00\x00\
[\xb3\x00\x00_j\x00\x00_\xc3\x00\x00>\xb0\x00\x00\
_\xc3\x00\x00\xde\x00\x00\x00hp\x00\x00R\x9c\x00\x00\
ih\x00\x00)\xe7\x00\x00u\xa2\x00\x004\x9a\x00\x04\
<4\x00\x00\x84\x06\x00\x04<4\x00\x00\xa4\x90\x00\x04\
\x87\x9b\x00\x00\x93\xf1\x00\x04\x8c\xaf\x00\x00\xb6\xa5\x00\x04\
\x93\xc2\x00\x00\xb96\x00\x04\x98,\x00\x00\x13E\x00\x04\
\x9c\xb9\x00\x00]\xd3\x00\x04\xa8\x8b\x00\x00\x08\x8f\x00\x04\
\xa8\x8b\x00\x00c\xc2\x00\x04\xa8\x8b\x00\x00\x9a\xe1\x00\x04\
\xa9\x03\x00\x00\x0e\x89\x00\x04\xa9\x03\x00\x00L\xc0\x00\x04\
\xa9\x03\x00\x00\x9b\x03\x00\x04\xb8w\x00\x00@\xb7\x00\x04\
\xbb\x04\x00\x00}\x1b\x00\x04\xcf\x04\x00\x00Co\x00\x04\
\xd0%\x00\x00\x1c\xac\x00\x04\xd0%\x00\x00\x9e\x92\x00\x04\
\xec0\x00\x00d\x91\x00\x04\xf6\xc2\x00\x00\x0e\xbc\x00\x04\
\xf6\xc2\x00\x00L\xf3\x00\x04\xf6\xc2\x00\x00\xa0\x0b\x00\x04\
\xfb%\x00\x00\xa0N\x00\x05\x04\xcf\x00\x00C\x96\x00\x05\
\x04\xcf\x00\x00Q\xeb\x00\x05\x04\xcf\x00\x00\x7f\xda\x00\x05\
\x04\xcf\x00\x00\x8f\xe9\x00\x05\x04\xcf\x00\x00\xc4X\x00\x05\
0\xc5\x00\x00\xa1X\x00\x05VE\x00\x00\xa5u\x00\x05\
VE\x00\x00\xc8e\x00\x05d\x95\x00\x00\x0f\xdb\x00\x05\
d\x95\x00\x00NM\x00\x05d\x95\x00\x00Z\x9b\x00\x05\
\x98\xc5\x00\x00#\x22\x00\x05\x98\xc5\x00\x00\x85F\x00\x05\
\x98\xc5\x00\x00\xa90\x00\x05\xab`\x00\x00%3\x00\x05\
\xab`\x00\x00|\x1a\x00\x05\xab`\x00\x00~?\x00\x05\
\xab`\x00\x00\xad\xca\x00\x06\x87\x9b\x00\x00)\xbf\x00\x06\
\xd0D\x00\x00-\x81\x00\x07F\xc5\x00\x003\xd5\x00\x0a\
\xf2\xce\x00\x00_\xb5\x00\x0bN\x8e\x00\x00s\xa0\x00\x16\
\xad\x8d\x00\x00\x16\x9a\x00\x17\xe6\x93\x00\x00\x02\xee\x00\x17\
\xe6\x93\x00\x00\x9c\xe0\x00\x18Y\x81\x00\x00r\xfd\x00\x18\
\xed\xf2\x00\x00\xbc\xaa\x00!\xab>\x00\x00\x8b\xd3\x00&\
\x9ed\x00\x000\x9e\x00+d\x91\x00\x00h\x05\x000\
\x01\x17\x00\x00\x94\xbc\x00=G\xa5\x00\x00eD\x00=\
G\xa5\x00\x00\xab\xc9\x00=\xfa\x15\x00\x00\x09\xb6\x00=\
\xfa\x15\x00\x00\x95(\x00C\x00\xa7\x00\x00m{\x00D\
'\xc5\x00\x004\x01\x00G\x96\xc4\x00\x00B\x91\x00G\
\x96\xc4\x00\x00b\x1b\x00G\x96\xc4\x00\x00\x91\xa6\x00H\
,\x94\x00\x00\xb4\xd8\x00I\xf0A\x00\x00\xba\xf8\x00J\
+\x82\x00\x00@i\x00J+\x82\x00\x00\x97\xcd\x00J\
6\x95\x00\x00@\x90\x00J6\x95\x00\x00\x7f[\x00J\
6\x95\x00\x00\x980\x00Jd\x95\x00\x00.\xe4\x00J\
\x809\x00\x00\x0eS\x00J\x809\x00\x00L\x8a\x00J\
\x809\x00\x00Y>\x00J\xb9\xb7\x00\x00C\x1b\x00J\
\xb9\xb7\x00\x00w\xc0\x00J\xb9\xb7\x00\x00\x8f\x0d\x00J\
\xb9\xb7\x00\x00\x9b#\x00L\x99b\x00\x00CG\x00L\
\x99b\x00\x00S\xe8\x00L\x99b\x00\x00z\xdc\x00L\
\x99b\x00\x00\xc0\x91\x00N\xbf\xa5\x00\x00\x1dM\x00N\
\xbf\xa5\x00\x00\x9f\xe8\x00Ol\x93\x00\x00\x0e\xef\x00O\
l\x93\x00\x00M&\x00Ol\x93\x00\x00\xa0+\x00P\
FE\x00\x00\xa2q\x00R\xfd\xf4\x00\x00\x08\xbb\x00R\
\xfd\xf4\x00\x00d\xe3\x00R\xfd\xf4\x00\x00\xa15\x00T\
l\x95\x00\x00\x1f\xb2\x00V\x80\x04\x00\x00\xc4x\x00V\
\x8c\x95\x00\x00AF\x00V\x8c\x95\x00\x00g\xde\x00V\
\x8c\x95\x00\x00{\x9e\x00V\x8c\x95\x00\x00}\x9b\x00V\
\x8c\x95\x00\x00\xa6\x99\x00V\xae\xc2\x00\x00!*\x00X\
\xb7\xb9\x00\x00Z\xc9\x00Y\x8c\xb4\x00\x00\xa9y\x00Y\
\xe8\x85\x00\x00?\x90\x00Y\xe8\x85\x00\x00\xac0\x00Z\
\x8a#\x00\x00Ew\x00Z\x8a#\x00\x00\xae\xb5\x00Z\
\xa8\x94\x00\x00h\xc1\x00Z\xa8\x94\x00\x00{\xf1\x00Z\
\xa8\x94\x00\x00~\x19\x00Z\xa8\x94\x00\x00\xad\x00\x00Z\
\xcf\xb3\x00\x00\xda\xc0\x00Z\xec5\x00\x00\x08\xe8\x00\x5c\
V\xfe\x00\x00A\xba\x00\x5c\x83\xb5\x00\x00RF\x00\x5c\
\x83\xb5\x00\x00\x80U\x00i2\xb4\x00\x00,\x17\x00j\
/\x9b\x00\x00+>\x00s\x04\xc3\x00\x00\xb3\x0b\x00v\
vN\x00\x00&\x15\x00v\x8c\x95\x00\x004\xff\x00z\
+\xc0\x00\x006\x82\x00z\xe0e\x00\x007\x12\x00}\
\x9e\x01\x00\x00m\x09\x00\x81(i\x00\x00\x5c-\x00\x84\
\x03\xb4\x00\x00\xd0\xa0\x00\x857\xe7\x00\x00>N\x00\x8d\
\x9c\x0e\x00\x00`\x17\x00\x90\x9dK\x00\x00\x932\x00\x97\
\x96\x04\x00\x00Y\x9d\x00\x97\x96\x04\x00\x00|\xf0\x00\x97\
\x96\x04\x00\x00\x9c\x0a\x00\xaa\xb4\xe3\x00\x00\x9e\xea\x00\xaf\
\x88w\x00\x00\x02J\x00\xc0\xb8\x84\x00\x00.Y\x00\xcd\
&\x11\x00\x00\x003\x00\xec/\x9c\x00\x00\xbf\xd9\x00\xff\
\xffG\x00\x00\xce\xaf\x01\x10\xaa^\x00\x00EB\x01!\
\xadg\x00\x00U\x95\x01*\xd0\x97\x00\x00\x0b\x16\x01*\
\xd0\x97\x00\x009|\x01*\xd0\x97\x00\x009\xb5\x01*\
\xd0\x97\x00\x00}\xc1\x01*\xd0\x97\x00\x00\xa8e\x011\
\x0a\x17\x00\x00\xa6\xe2\x016$q\x00\x00t\xd0\x01<\
\xdf5\x00\x00\xdb\xcf\x01?\xf9>\x00\x00\xbd\x0d\x01@\
\x1dG\x00\x00B\x13\x01@\x1dG\x00\x00\xb1d\x01C\
`n\x00\x00#\xb4\x01L\x05#\x00\x00\x88\x14\x01L\
\x05#\x00\x00\x8e\x96\x01L\x05#\x00\x00\x96\x7f\x01c\
\xaa\x09\x00\x00\x11\x87\x01c\xaa\x09\x00\x00PE\x01d\
\xa2o\x00\x00'\xf2\x01m\x04\xf4\x00\x00\x91\xc9\x01t\
#\xfd\x00\x00\x85\x9b\x01\x80\xad\x22\x00\x00g\xaa\x01\x80\
\xad\x22\x00\x00x\xdb\x01\x80\xad\x22\x00\x00\xa0p\x01\xaa\
\xde>\x00\x00\xc5J\x01\xb8\x13D\x00\x00\x17\xfe\x01\xc1\
\xf0\x05\x00\x00XS\x01\xcaE\x8f\x00\x00\x07\xee\x01\xca\
E\x8f\x00\x00\x80\xdd\x01\xcb0[\x00\x00\x9a\x82\x01\xd4\
VT\x00\x00\xc9\xe0\x01\xd7k\xaa\x00\x00\xd64\x01\xe2\
c\xa5\x00\x00\xd1<\x01\xe7\xf5T\x00\x00ck\x01\xfb\
0\xd4\x00\x00x\x1e\x01\xfb0\xd4\x00\x00\x9c^\x02\x05\
\xb7\xb4\x00\x00\xd9V\x02\x06F5\x00\x006\xde\x02\x0b\
\x08\x8e\x00\x00E\xcb\x02\x19\xde;\x00\x00R\xc8\x021\
\xe1\x8e\x00\x00;\x13\x024\xfb\xbe\x00\x00\x1d\xe0\x028\
s\xd2\x00\x00*\x10\x028\xd4R\x00\x00\xbfN\x02:\
\x84\xbe\x00\x00\xcc\x83\x02;\xe2\x87\x00\x00\xb5<\x02C\
\x04~\x00\x00&\xee\x02C\x04~\x00\x00\xaes\x02l\
\x99\x03\x00\x00\xd2Z\x02q6u\x00\x00\xb7\x06\x02v\
\xb8\x09\x00\x00^\xe1\x02\x88I\x03\x00\x00\x96\x13\x02\x97\
\xd63\x00\x00\x88\x90\x02\x97\xd63\x00\x00\x97\xf0\x02\x98\
\x1cY\x00\x00\xdd<\x02\xa1\x0c\xf6\x00\x00\x8bL\x02\xa1\
\x0c\xf6\x00\x00\xadM\x02\xadpR\x00\x00G\xe5\x02\xb0\
\xd9[\x00\x00\xd4s\x02\xb5t\xf4\x00\x00\xcb\xa4\x02\xc7\
\x06\xe3\x00\x00\xa79\x02\xcc\xfb\x95\x00\x00\x95\xe3\x02\xd9\
@\xf9\x00\x00\xc8\xab\x02\xdc Q\x00\x00\xc2\xba\x02\xdc\
\xb7%\x00\x00\xb4!\x02\xdf\xec\x84\x00\x00\xdaR\x02\xe1\
pU\x00\x00\xa3\xc2\x02\xe7 \xf5\x00\x00\x08T\x02\xe7\
 \xf5\x00\x00\x19O\x02\xe7 \xf5\x00\x00Qz\x02\xe7\
 \xf5\x00\x00\x81f\x02\xe7 \xf5\x00\x00\x98\xa1\x03\x00\
(\x14\x00\x00\xd8c\x03\x09\xa2\x9e\x00\x00&\xa5\x03\x14\
q\x19\x00\x00\xbd\xa1\x03\x15*u\x00\x00\x1cv\x03%\
\xdek\x00\x00U\xe7\x03(\xfe\xad\x00\x00\x8a&\x03(\
\xfe\xad\x00\x00\x9e8\x03:-$\x00\x00\xd5<\x03C\
L9\x00\x00\x1c\xd4\x03K\xef\xe5\x00\x005\xb3\x03O\
\x17\x85\x00\x008'\x03P\xba\x9e\x00\x00C\xbd\x03S\
\xb0\xcb\x00\x00\x0d\x83\x03S\xb0\xcb\x00\x00\x99\xe0\x03W\
\xb0\x17\x00\x00u\xe6\x03W\xb0\x17\x00\x00\xa1\xa7\x03X\
\x11u\x00\x00c8\x03]\xe0\x17\x00\x00\x1f\x18\x03d\
\xa1\xce\x00\x00@\xdd\x03d\xa1\xce\x00\x00\x9e\xb4\x03v\
\xe01\x00\x00m\xc1\x03\x88q\x14\x00\x00\x00\xde\x03\x88\
q\x14\x00\x00\x92\xf5\x03\x8d\x17\xe3\x00\x00xx\x03\x8d\
\x17\xe3\x00\x00\x9d\x12\x03\x9d\xfdE\x00\x00`\xee\x03\xab\
G\xff\x00\x00P\x9d\x03\xb1^C\x00\x00\x04\xdf\x03\xb1\
^C\x00\x00\xb2\x93\x03\xc3[\xd2\x00\x00\xd9\xdd\x03\xc5\
\xefz\x00\x00\x19\x19\x03\xc5\xefz\x00\x00\x97)\x03\xcc\
\xfa\xa3\x00\x00\x03\xb8\x03\xcc\xfa\xa3\x00\x00\xa6i\x03\xcd\
G\xa5\x00\x00/\x14\x03\xee\xf3\xfa\x00\x00#~\x04\x03\
\xb0\xf4\x00\x00\xd2\xb7\x04\x14S\xf5\x00\x00\x13\xd1\x04\x18\
\xab=\x00\x00\x89\xca\x04\x18\xab=\x00\x00\x9d\xe1\x04\x1b\
\xf0d\x00\x00\xca\xa1\x04\x1e9\x0b\x00\x00\xbe\xaa\x04\x1f\
\x0c\x09\x00\x00\xd5\x9a\x04(U\xc4\x00\x00\xd8\xb8\x04K\
+\x03\x00\x00H\x88\x04K+\x03\x00\x00\x93\xbe\x04L\
\xedM\x00\x00\x90\xbf\x04d`5\x00\x0032\x04e\
\xafi\x00\x00\x0fZ\x04e\xafi\x00\x00N\x15\x04e\
\xafi\x00\x00Z4\x04g\xce\x0e\x00\x00\xa45\x04l\
u\x90\x00\x00I\xd5\x04lu\x90\x00\x00\xa3@\x04r\
\x80\xd4\x00\x00QH\x04r\x80\xd4\x00\x00\x7f\x80\x04r\
\x80\xd4\x00\x00\x98S\x04r\xd0\x03\x00\x00E\x9f\x04r\
\xd0\x03\x00\x00\xae\xd8\x04\x7f\x9e\xf4\x00\x00\xcf\xb3\x04\x84\
\xabU\x00\x00\xa5\xe0\x04\x87p\xc8\x00\x00.\x9b\x04\x8f\
\x07Y\x00\x00^\x19\x04\x90\x894\x00\x00\x5c\xcd\x04\x91\
\x10\x19\x00\x00\xdc5\x04\x94\xa8\x84\x00\x00n7\x04\x98\
I\xbc\x00\x00\x07\x8d\x04\x98I\xbc\x00\x00\x09\x8d\x04\x98\
I\xbc\x00\x00\x0bI\x04\x98I\xbc\x00\x00\x0d\x15\x04\x98\
I\xbc\x00\x00\x11\xdf\x04\x98I\xbc\x00\x00\x18\xef\x04\x98\
I\xbc\x00\x009\xed\x04\x98I\xbc\x00\x00:\xae\x04\x98\
I\xbc\x00\x00H\xc6\x04\x98I\xbc\x00\x00K\xd0\x04\x98\
I\xbc\x00\x00S\x1e\x04\x98I\xbc\x00\x00\x80x\x04\x98\
I\xbc\x00\x00\x81<\x04\x98I\xbc\x00\x00\x94?\x04\x98\
I\xbc\x00\x00\xbau\x04\x99n\x95\x00\x00=Q\x04\xa0\
\xb2*\x00\x00$\xea\x04\xa1L\x85\x00\x00$\xac\x04\xa2\
\xcb\xd7\x00\x00bC\x04\xa2\xcb\xd7\x00\x00\x92j\x04\xa8\
\xb8\xa5\x00\x00\x0dL\x04\xa8\xb8\xa5\x00\x00\x99\x89\x04\xac\
,\xa5\x00\x00S\x83\x04\xac,\xa5\x00\x00Ym\x04\xac\
,\xa5\x00\x00|\x99\x04\xac,\xa5\x00\x00\x81\x9c\x04\xac\
,\xa5\x00\x00\x9bJ\x04\xac\xab]\x00\x00\x0d\xd0\x04\xac\
\xab]\x00\x00L\x07\x04\xac\xab]\x00\x00Y\x0c\x04\xc2\
\x8f\xa2\x00\x00xM\x04\xc4y%\x00\x00~\xff\x04\xcf\
v\x94\x00\x00\x1b\x8e\x04\xd1\x1fR\x00\x00y\x0e\x04\xd1\
\x1fR\x00\x00\xa1\xce\x04\xd5P\xa4\x00\x000n\x04\xd5\
Z\xc4\x00\x001\x0e\x04\xd5n\xc4\x00\x001o\x04\xe0\
9\xf5\x00\x00\x04\x1c\x04\xe09\xf5\x00\x00\xac\xd0\x04\xe0\
\x8f\xb2\x00\x00?a\x04\xe0\x8f\xb2\x00\x00\x9f\xbc\x04\xe3\
X|\x00\x00\xc3\x88\x04\xe6\xf1\xdf\x00\x00\x8d\xd3\x04\xed\
Y\xc4\x00\x00\x16\x00\x04\xf4\x18N\x00\x00%\x86\x04\xf6\
\x91\xc9\x00\x00\xc3\xaa\x04\xfa\x12\xa3\x00\x00\xc7\x06\x04\xfe\
\xcdy\x00\x00\xd3\x8d\x05\x14\x8d9\x00\x00G\xa1\x05\x17\
60\x00\x00\x1f\xdb\x05\x1d\xcf\x09\x00\x00\xb8\x95\x05\x22\
?\xe9\x00\x00e\x8a\x05#k\x81\x00\x00zJ\x05(\
J\xd3\x00\x00@9\x05(J\xd3\x00\x00\x92>\x051\
\x10\xbe\x00\x006\x1a\x056\x8ay\x00\x00\xba\xc9\x058\
\x92\xc0\x00\x00\x83\x1d\x058\x92\xc0\x00\x00\xa2%\x05<\
F\x99\x00\x00\xc6\xe4\x05@\x5c\xa5\x00\x00\x0f%\x05@\
\x5c\xa5\x00\x00M\x5c\x05@\x5c\xa5\x00\x00\xa2\x99\x05B\
\xdd\xac\x00\x00\xdb\x97\x05E\x84\xee\x00\x00\x88\xd5\x05E\
\x84\xee\x00\x00\x9a\xb0\x05E\xaf\xd9\x00\x00It\x05E\
\xaf\xd9\x00\x00J\xb5\x05E\xaf\xd9\x00\x00M\x91\x05E\
\xaf\xd9\x00\x00Z\x04\x05E\xaf\xd9\x00\x00\xa2\xbb\x05K\
\xe0\xd4\x00\x00w\x94\x05OV\xf5\x00\x00\xdd\x01\x05_\
/R\x00\x000\xdc\x05fj\xa7\x00\x00\xd6n\x05h\
\xc9\xb4\x00\x00\xa6\xbc\x05iH\xe4\x00\x00\xcb\xed\x05o\
/\xe3\x00\x00T\x9f\x05v*I\x00\x00O\x05\x05v\
\xf5\xce\x00\x00\xaa\xd3\x05|\x9eD\x00\x00\xabD\x05}\
@\x03\x00\x00\x03X\x05}@\x03\x00\x00\xa3e\x05\x80\
W\xc4\x00\x00a\xc5\x05\x8b\xa6\x84\x00\x00!\xb9\x05\x8c\
F\xc5\x00\x00J\x05\x05\x8cF\xc5\x00\x00\xa8\x11\x05\x8c\
\xac5\x00\x00A\x92\x05\x8c\xac5\x00\x00{\xc7\x05\x8c\
\xac5\x00\x00}\xf2\x05\x8c\xac5\x00\x00\xa8\x93\x05\x8c\
\xec\xc5\x00\x00\x94\xed\x05\x8ec\xb5\x00\x00\xb7\xd3\x05\x93\
\xca\x17\x00\x00^\xa4\x05\x9a\x90t\x00\x00D\xee\x05\x9a\
\x90t\x00\x00\xaa'\x05\x9c}.\x00\x00\x86c\x05\x9c\
}.\x00\x00\xaaK\x05\xa6\xecX\x00\x00-\xa9\x05\xaa\
\x8b\xc3\x00\x00[+\x05\xaa\x8b\xc3\x00\x00\xad\xa6\x05\xac\
\xdcQ\x00\x00\x06{\x05\xb4\x98\xde\x00\x00!S\x05\xb8\
\x03\xbe\x00\x00\x8a\xc3\x05\xb8\x03\xbe\x00\x00\xa4\xc2\x05\xbd\
\xf7S\x00\x00/\xc2\x05\xc6\xa8\xa5\x00\x00F\xab\x05\xc6\
\xa8\xa5\x00\x00\x8b\xaa\x05\xc6\xa8\xa5\x00\x00\xb0\x08\x05\xd4\
\x8fX\x00\x00+\x96\x05\xd6\x03\xff\x00\x002\x9b\x05\xdb\
\xc29\x00\x00\x11P\x05\xdb\xc29\x00\x00P\x0e\x05\xdb\
\xc29\x00\x00[\xfd\x05\xdd\xf9D\x00\x00\x1dv\x05\xdf\
\xba\xba\x00\x00\x0a\xa1\x05\xe0Kg\x00\x00(\xe5\x05\xe7\
\x0c5\x00\x00e\x0b\x06\x09\xcd\xf4\x00\x00q\xab\x06\x0d\
t\x8e\x00\x00\xb0,\x06#\xc0[\x00\x006\xab\x06'\
\xf2+\x00\x00\xad\xec\x06,\xce\xa9\x00\x00 \x9c\x06.\
!\xe5\x00\x007;\x06.\x8e)\x00\x00n\xb0\x06C\
\x1f\x15\x00\x00\xc6\xb7\x06QV\xe9\x00\x00\xc3\xce\x06U\
\x06Y\x00\x00\x03\x8e\x06U\x06Y\x00\x00\xa6\x06\x06e\
2`\x00\x006O\x06e\xa0.\x00\x00J4\x06{\
\xedR\x00\x00\xcf\xf5\x06\x80\xab\x84\x00\x00\x1d\xab\x06\x81\
6D\x00\x00\xc7\xc0\x06\x81O\x0c\x00\x00\x93\x88\x06\x95\
x>\x00\x00b\xdf\x06\x95x>\x00\x00\x95W\x06\x9f\
\xc9\xc3\x00\x00\xa1z\x06\xa2\x1a]\x00\x00|B\x06\xa8\
\xa9\xaa\x00\x00\xdbm\x06\xacWc\x00\x00/\x90\x06\xae\
\xa4>\x00\x00\x83\x90\x06\xb0\xbe\xae\x00\x00\x03\xeb\x06\xb0\
\xbe\xae\x00\x00\xd6\x08\x06\xb5\x04\x22\x00\x000\x03\x06\xb8\
\x91\xde\x00\x00$k\x06\xb8\x91\xde\x00\x00\xaa\x98\x06\xbb\
]a\x00\x00r\x5c\x06\xc4y%\x00\x00,\xe0\x06\xc9\
\xb1\x80\x00\x003\xa5\x06\xd0\xbaQ\x00\x00\xc4\x9f\x06\xe3\
v\xd4\x00\x00,F\x06\xe51\xc4\x00\x00?\x10\x06\xe5\
1\xc4\x00\x00Rp\x06\xe51\xc4\x00\x00\x897\x06\xe8\
\xc3G\x00\x00l\xa5\x07\x02\x06\x83\x00\x00\xbb\x19\x07\x05\
\xe4d\x00\x00\xc3\x04\x07\x09W\xa2\x00\x001\xd1\x07\x0c\
HY\x00\x00\x17Y\x07\x0cT\xd7\x00\x00\xcf9\x07\x11\
\x5c$\x00\x00\x15\xad\x07\x1f\x97[\x00\x00\x1a8\x07\x1f\
\x97[\x00\x00\x99\xad\x07!\x88\xad\x00\x00\x89b\x074\
'\x12\x00\x00Gi\x0773\xdb\x00\x00\xc2\x0f\x07=\
\x00N\x00\x00\xb4b\x07Io~\x00\x00\xc3-\x07P\
\xb3\xaa\x00\x00\x1d\x1b\x07Wf\x07\x00\x00\xb6\xc5\x07^\
\xb4t\x00\x00\xc3^\x07h\x80$\x00\x00\x13j\x07r\
T%\x00\x00\x05S\x07rT%\x00\x00\xb3m\x07\x85\
\x93\xd1\x00\x00\x8eS\x07\x90\xde\xae\x00\x00\xd9\x9a\x07\x9a\
\x96,\x00\x005\x89\x07\xa6)3\x00\x00\xcd\xdb\x07\xa6\
_\x19\x00\x00\xd3\xfc\x07\xa9\xbc\x84\x00\x00X\x9e\x07\xab\
\x06\x13\x00\x00X\xdb\x07\xab\x06\x13\x00\x00\x91\xf8\x07\xab\
\x08\x98\x00\x007\xed\x07\xab\x1aR\x00\x008g\x07\xb4\
5q\x00\x00t5\x07\xb5\xe2\xfb\x00\x00\x0b\xa4\x07\xb5\
\xe2\xfb\x00\x00\x19\xb0\x07\xb5\xe2\xfb\x00\x00\x98\xd1\x07\xb7\
U\xe4\x00\x00iO\x07\xc2/\x85\x00\x00\x00\xaf\x07\xc2\
/\x85\x00\x00\x92\x96\x07\xdf\x0e\xf3\x00\x00\x15m\x07\xe3\
\xfd\x9b\x00\x00U(\x07\xe5$\xf3\x00\x00\xbeE\x08\x02\
\x1e\x16\x00\x00\xb1\xb7\x08\x03\xeft\x00\x00\x0a\xcc\x08\x09\
\x7fd\x00\x00\x0aD\x08\x0abr\x00\x008\xdd\x08\x0f\
tN\x00\x00\xd6\xa3\x08\x16\xcc9\x00\x00\xd1\xe9\x08\x18\
B%\x00\x00\xc8\x05\x087\x99\xfd\x00\x00\xb7\x88\x08=\
\xe1s\x00\x00bt\x08B\xf3Q\x00\x00\xbe\x05\x08E\
=\x0e\x00\x00\x01\x1e\x08E=\x0e\x00\x00\xb9\x0c\x08F\
k\xe2\x00\x00\xde\x1d\x08J\x95A\x00\x00k\xa4\x08K\
\x95\xb4\x00\x00v\xa2\x08N\xb2\xf5\x00\x00d\xb8\x08N\
\xb2\xf5\x00\x00\xa0\xce\x08i5\xf4\x00\x00\xda\xe9\x08i\
\x8d\x8c\x00\x00)\x0f\x08j\x89\x87\x00\x00\xce5\x08m\
\x80\x83\x00\x00\x98\xfc\x08n\xd9n\x00\x00v\x1a\x08u\
`l\x00\x00\xdb;\x08\x7f\xa2\xae\x00\x00\x8c\xd5\x08\x81\
(\x11\x00\x00q\x1d\x08\x83`2\x00\x00\x03#\x08\x83\
`2\x00\x00\x9f\x8a\x08\x89)\xf9\x00\x00G4\x08\x96\
\x1e\x8c\x00\x00f\xdb\x08\x9aE\xee\x00\x0006\x08\xa2\
\x93\xc7\x00\x00\x90\x8d\x08\xb4\xac\x0e\x00\x00i\x9b\x08\xba\
h\xc3\x00\x00Bj\x08\xbd\x8c\xc8\x00\x00V0\x08\xbd\
\x8c\xc8\x00\x00hm\x08\xbd\x8c\xc8\x00\x00y\x90\x08\xbd\
\x8c\xc8\x00\x00\xa7\x14\x08\xc2\xb8\xc5\x00\x00Dd\x08\xc2\
\xb8\xc5\x00\x00\x90\x11\x08\xc4\x9b\xe2\x00\x00\xc6R\x08\xcc\
e\x97\x00\x00y\xb8\x08\xcce\x97\x00\x00\xa7h\x08\xce\
\x01\x9e\x00\x004j\x08\xd1\x12\xd2\x00\x00\xa6-\x08\xd6\
t\x12\x00\x00y\xe7\x08\xd6t\x12\x00\x00\xa9\xf4\x08\xf0\
F5\x00\x00\xa2I\x08\xfd\xd9#\x00\x00F|\x08\xfd\
\xd9#\x00\x00\xaf\xde\x09\x06\xb5i\x00\x00\x87\x18\x09\x06\
\xb5i\x00\x00\xb2\xc0\x09\x0bI\xc9\x00\x00\x1b \x09\x15\
\xcbC\x00\x00\xd1\x02\x09\x16(\xb1\x00\x00o\xc3\x09$\
\xce\x84\x00\x00\xd04\x09%N\xb4\x00\x00\xd0\xd3\x09)\
\xe2\x83\x00\x00g5\x09)\xe2\x83\x00\x00x\xab\x09)\
\xe2\x83\x00\x00\x9d\x91\x09+`\xfc\x00\x00]\x1f\x090\
\x8f%\x00\x00\x8f8\x096vN\x00\x00&]\x09?\
h\x89\x00\x00\x0c\xae\x09?h\x89\x00\x00Ki\x09J\
*\xb9\x00\x00\x05\xa2\x09Q\xd8\xce\x00\x00\x82P\x09Z\
\x7f\xad\x00\x00\x86\x1d\x09\x5c\xa9e\x00\x00\x00\x00\x09`\
\x06\xb5\x00\x00\x10P\x09`\x06\xb5\x00\x00N\x82\x09a\
~\xb5\x00\x00h\xe8\x09h\xa4N\x00\x00\x8b\x05\x09h\
\xa4N\x00\x00\xa4\xff\x09i\xf6$\x00\x00\xd4\xde\x09k\
\xd7]\x00\x00\x01\xb7\x09m\xf9T\x00\x00\x1b\xb8\x09q\
\x01\xe0\x00\x00\xd7\x04\x09r\x9f\xec\x00\x00\xa1\xfa\x09{\
\x8fc\x00\x00\xbc`\x09\x87\xbc\xc5\x00\x00B\xb9\x09\x87\
\xbc\xc5\x00\x00g\x0c\x09\x87\xbc\xc5\x00\x00v\xcc\x09\x87\
\xbc\xc5\x00\x00\x94c\x09\x88\xbd\xa3\x00\x00c\xe9\x09\x8c\
u\xff\x00\x00\x85n\x09\x8cu\xff\x00\x00\xa9R\x09\x91\
\xe0\x92\x00\x002\x03\x09\x9cu\xa3\x00\x00\x17\x22\x09\xaa\
\xaa\x89\x00\x00\x84\xc3\x09\xaa\xaa\x89\x00\x00\xa7\x94\x09\xb2\
\xf0\x1e\x00\x003s\x09\xb9l\xde\x00\x00\xdc\xb5\x09\xc5\
P\x17\x00\x00R\x16\x09\xc5P\x17\x00\x00Z\xf8\x09\xc5\
P\x17\x00\x00h\x96\x09\xc5P\x17\x00\x00\x7f\xfe\x09\xc5\
P\x17\x00\x00\xa8\xd8\x09\xc5\xb8\x8a\x00\x00\xb5\xd3\x09\xd1\
\x8d\xf1\x00\x00r\x1b\x09\xd5\x1e\xb5\x00\x00\x13\x0f\x09\xd5\
\x1e\xb5\x00\x00OS\x09\xd5\x1e\xb5\x00\x00[[\x09\xd5\
\x1e\xb5\x00\x00\xaeH\x09\xd7\xa4d\x00\x00*\x85\x09\xd8\
\x09\x8c\x00\x00\xc0,\x09\xde\xd1\x8d\x00\x00j.\x09\xeb\
\xbf\xb5\x00\x00D\xbf\x09\xeb\xbf\xb5\x00\x00\xa9\xa2\x09\xfd\
]\xb5\x00\x00\x11\x0f\x09\xfd]\xb5\x00\x00O\xcd\x09\xfd\
]\xb5\x00\x00[\x92\x09\xfd]\xb5\x00\x00\xaf\xb0\x0a\x04\
^\xce\x00\x00\x91\x1d\x0a\x10d-\x00\x00\x17\x9f\x0a\x1e\
e\xb4\x00\x00W\x94\x0a!\xa6o\x00\x00\x18o\x0a\x22\
\xd2k\x00\x005(\x0a#SR\x00\x00\x01\x88\x0a#\
SR\x00\x00\x9c2\x0a0\xab\x94\x00\x00\x1b\xed\x0a<\
j+\x00\x00\x10\x10\x0a<j+\x00\x00\xab\x17\x0a=\
\x0e\x95\x00\x00=\x84\x0a?#\x1b\x00\x00\x12\x8e\x0a?\
#\x1b\x00\x00\x1aq\x0a?#\x1b\x00\x00SL\x0a?\
#\x1b\x00\x00\x7f\xab\x0a?#\x1b\x00\x00\x9a\x1a\x0a?\
j[\x00\x00\x1a\xa4\x0a?j[\x00\x00S\xb1\x0a?\
j[\x00\x00|\xc0\x0a?j[\x00\x00\x9bn\x0aL\
MT\x00\x00\xa85\x0aT\x05\xf2\x00\x00\xd3$\x0aZ\
\xcc\xc5\x00\x004:\x0a_\xbe\x83\x00\x00-\xf1\x0aa\
\x13>\x00\x00{\x05\x0ad\xd0\xcd\x00\x00\x07\xbd\x0ad\
\xd0\xcd\x00\x00\x0bv\x0ad\xd0\xcd\x00\x00\x12^\x0ad\
\xd0\xcd\x00\x00:L\x0ad\xd0\xcd\x00\x00:\xe0\x0ad\
\xd0\xcd\x00\x00H/\x0ad\xd0\xcd\x00\x00ID\x0ad\
\xd0\xcd\x00\x00\x80\xaa\x0ad\xd0\xcd\x00\x00\x98|\x0ad\
\xd0\xcd\x00\x00\xbc\xea\x0ae\xb9\x1c\x00\x00\x19\x85\x0ah\
\xf6\xd5\x00\x00.%\x0aiA\x82\x00\x00=\xc0\x0am\
\x82\xfc\x00\x009\x13\x0atg\x19\x00\x00\x12\xc6\x0at\
g\x19\x00\x00\x9b\x9b\x0atmN\x00\x00\xbej\x0av\
\x1d\x99\x00\x00\x1fC\x0avZ2\x00\x00@\x11\x0av\
Z2\x00\x00\xac\xab\x0awr\xd7\x00\x00\x09\x15\x0ay\
_\x07\x00\x00'6\x0a\x84\xfb\xa8\x00\x00)\x87\x0a\x89\
\xab\xe7\x00\x00\xad#\x0a\x95m\xe4\x00\x00-\x0e\x0a\x96\
ke\x00\x00\x0f\x92\x0a\x9a\xaaZ\x00\x00\x02\x7f\x0a\xa2\
\xfa7\x00\x00\xdd\x94\x0a\xa7\xd1>\x00\x00;\x8d\x0a\xb6\
*\xbe\x00\x00\xd0e\x0a\xb6v\xe4\x00\x00\xd70\x0a\xb9\
\x9c\xf3\x00\x00%[\x0a\xb9\x9c\xf3\x00\x00V\xd3\x0a\xb9\
\x9c\xf3\x00\x00\x86\xb6\x0a\xbe J\x00\x00\x09\xea\x0a\xce\
\x01\x9e\x00\x00\xc8\x83\x0a\xd0_d\x00\x00\x86\xe1\x0a\xd0\
_d\x00\x00\xae\x17\x0a\xd2\xc0\xe5\x00\x00+\xe1\x0a\xd8\
\xc4\x11\x00\x00o\x80\x0a\xdb\x09\xe4\x00\x00\xc5\xd9\x0a\xe1\
\xb0\x85\x00\x00\xb9\x84\x0a\xe7\x93\x14\x00\x00gf\x0a\xe8\
\xd6\x1e\x00\x00\x84d\x0a\xebf\x09\x00\x00=\x0b\x0a\xff\
e\xee\x00\x00\x83G\x0b\x03\xc6\x94\x00\x00\x10\xd3\x0b\x03\
\xc6\x94\x00\x00O\x91\x0b\x03\xc6\x94\x00\x00\xaf+\x0b\x09\
yE\x00\x00,\x81\x0b\x09ye\x00\x00~\xd3\x0b\x09\
\xa6\xc4\x00\x00>\xde\x0b\x09\xa6\xc4\x00\x00\x9c\x8a\x0b%\
\xf5\x11\x00\x00\x075\x0b08\xf9\x00\x00\x14\xf9\x0b6\
\x01k\x00\x00TZ\x0b6\x08+\x00\x00T\x15\x0b=\
#\xbc\x00\x00\x05\x0f\x0b=#\xbc\x00\x00\xb3,\x0bD\
\xcf\xa5\x00\x00\xcdL\x0bF\xc9\x94\x00\x00\xbdJ\x0bH\
2\xae\x00\x00\x8a\x85\x0bH2\xae\x00\x00\xa3\xfc\x0bH\
B\xd9\x00\x00\x0c'\x0bHB\xd9\x00\x00J\xe2\x0b`\
\xb6\xd5\x00\x008\xa9\x0bc\xe2\x94\x00\x00l.\x0bd\
\xdd\xbd\x00\x00\x1c\x22\x0bom\xd4\x00\x00\xa5A\x0b\x88\
3H\x00\x00+\x0f\x0b\x8aE>\x00\x00\xd9\x10\x0b\x8f\
\xdd\x92\x00\x00\xaf\x89\x0b\x8f\xdd\xb2\x00\x007\x97\x0b\x91\
\x1f\xcc\x00\x00\x14\x8c\x0b\x92\x14 \x00\x00)J\x0b\x99\
7\x8e\x00\x00um\x0b\x9e\x96Y\x00\x00f\x08\x0b\xab\
\x94\x0e\x00\x00w'\x0b\xab\x94\x0e\x00\x00\x96\xf1\x0b\xad\
\xdde\x00\x00\xc0\xf9\x0b\xb1\x0f^\x00\x00\xbf}\x0b\xb3\
,C\x00\x00\x9f\x18\x0b\xb7p\xde\x00\x00 \x08\x0b\xbd\
\xf2c\x00\x00\x8e\xd1\x0b\xc0\x05\xe4\x00\x00\x85\xef\x0b\xc0\
\x05\xe4\x00\x00\xa9\xcc\x0b\xc2\x05\xe4\x00\x005[\x0b\xc5\
\x09q\x00\x00\x07\x0a\x0b\xcb\x00\xae\x00\x00$!\x0b\xdb\
\x22C\x00\x00\xb79\x0b\xe3\xea\x81\x00\x00\x90>\x0b\xeb\
\xbf\xde\x00\x00\x8d1\x0b\xee\x00\xe4\x00\x00?\xbe\x0b\xee\
\x00\xe4\x00\x00\xac[\x0c\x01\x9e\xd1\x00\x00\xca(\x0c\x04\
\xa05\x00\x00D\x90\x0c\x05\x83\x83\x00\x00\x16\xee\x0c\x05\
\x83\x83\x00\x00A\x17\x0c\x05\x83\x83\x00\x00y=\x0c\x10\
\xbf.\x00\x00\x81\xc6\x0c\x13\xf8\xce\x00\x00\x0b\xd8\x0c\x15\
*\xee\x00\x00k,\x0c\x1cQ\xbe\x00\x00\xcc:\x0c\x1c\
\x81\xf0\x00\x00\x9aG\x0c!\x99\xcb\x00\x00\xc1B\x0c*\
$W\x00\x00:\x17\x0c*$W\x00\x00Q\x10\x0c*\
$W\x00\x00wb\x0c*$W\x00\x00\x7f*\x0c*\
$W\x00\x00\x97Y\x0cB\x17\xa3\x00\x00w\xea\x0cB\
\x17\xa3\x00\x00\x9b\xd9\x0cC\xbb\xe2\x00\x00\xb5\xa5\x0cG\
\x92\xf4\x00\x00Y\xd1\x0cG\x92\xf4\x00\x00}@\x0cG\
\x92\xf4\x00\x00\x9dB\x0cJfY\x00\x005\xea\x0cR\
V\x8e\x00\x00[\xcc\x0cV\x8c\xe5\x00\x007\xc2\x0cV\
\xb7\xad\x00\x00\x19\xe1\x0cX\x09e\x00\x00\xcbr\x0cZ\
\xcf\x1d\x00\x00\x16<\x0c^T\xf9\x00\x00\x12\x0e\x0c^\
T\xf9\x00\x00\x97\x88\x0cb{,\x00\x00\xbe\xef\x0co\
\x11\x8b\x00\x00\x06\xe0\x0cu\x02\xbe\x00\x00I\xa3\x0cu\
\x02\xbe\x00\x00\xa3\x19\x0cz\xc3\x9e\x00\x00\x14L\x0cz\
\xdb7\x00\x00\xc7_\x0c{\x85\x9f\x00\x00'o\x0c\x80\
\x8a\x83\x00\x00#J\x0c\x84\xfes\x00\x00\xd7\xc4\x0c\x88\
\xfa>\x00\x00\xc9`\x0c\x90\xd8\xbc\x00\x00\xb9\xf8\x0c\x92\
\xbc\xa1\x00\x00pk\x0c\x97\x12\xac\x00\x00f\xaa\x0c\x9a\
\x01\xda\x00\x00(\x8c\x0c\xa1\xa9\x84\x00\x001\x9f\x0c\xa3\
\x80I\x00\x00F\xfd\x0c\xa4\x91\xb5\x00\x00/O\x0c\xa8\
h\x87\x00\x00fC\x0c\xa8h\x87\x00\x00\xb0\xdd\x0c\xa9\
_$\x00\x00:w\x0c\xbb\x01s\x00\x00E\x17\x0c\xbb\
\x01s\x00\x00e\xdd\x0c\xbb\x01s\x00\x00\xac\x0a\x0c\xbd\
\xa1\xce\x00\x00\x8cV\x0c\xbd\xa1\xce\x00\x00\xb0c\x0c\xc9\
\xa0\x0e\x00\x00f\x80\x0c\xc9\xa0\x0e\x00\x00\x8d\xa9\x0c\xc9\
\xa0\x0e\x00\x00\xb1\x15\x0c\xce\x0f\x1f\x00\x00!\xe3\x0c\xdf\
\x8d\xc8\x00\x00\x09\x5c\x0c\xdf\x8d\xc8\x00\x00\x94\x13\x0c\xe0\
\x1a\xf3\x00\x00\xa5\x95\x0c\xe4\xcc\x0e\x00\x00\xbbq\x0c\xea\
\xb1\x9e\x00\x00\xcd\x08\x0c\xee\xd9[\x00\x00T\xe3\x0c\xf6\
\x5c\xfe\x00\x00Ze\x0c\xf6\x5c\xfe\x00\x00\xa3\x98\x0d\x04\
,\xaf\x00\x004\xcb\x0d\x05Rs\x00\x00\x13\x9d\x0d\x10\
.\xe0\x00\x00\xc9\x85\x0d\x18\x90\xf2\x00\x00>\x0e\x0d\x1f\
N\x94\x00\x00V_\x0d1\x07\xc5\x00\x00\xdd\xc1\x0d4\
\xb3\xee\x00\x009E\x0dGc\xb4\x00\x00v\xf4\x0dG\
c\xb4\x00\x00\x94\x8c\x0dL\xdb\xf1\x00\x00\xd7U\x0dU\
\x94\xe2\x00\x001>\x0dZ\xca\xe7\x00\x0029\x0d\x5c\
\xa9\x15\x00\x00*\xc7\x0d\x5c\xec2\x00\x002j\x0d_\
\xd6C\x00\x00,\xb0\x0d`\x90\xc3\x00\x00\xa0\xf4\x0d\x89\
P\x17\x00\x00(\xba\x0d\x89P\x17\x00\x00<\xd8\x0d\x93\
x%\x00\x00\x02\xb7\x0d\x98h\x19\x00\x00\xd1q\x0d\xa3\
\xcb\xa9\x00\x00\xcd\x85\x0d\xacz\xf3\x00\x00\x14\x0d\x0d\xb0\
\x8e\xd4\x00\x00aa\x0d\xb9\xa0\xf5\x00\x00\xb2n\x0d\xc5\
\x9e\xbe\x00\x00`\x85\x0d\xd3\x034\x00\x00\xc1\xbd\x0d\xd5\
\xf0#\x00\x00Jx\x0d\xd5\xf0#\x00\x00\xab\x97\x0d\xd8\
\xc9)\x00\x00\xb8K\x0d\xf6\xbb~\x00\x00\xafT\x0d\xfb\
\x81\xde\x00\x00\x87\xd7\x0d\xfb\x81\xde\x00\x00\x96G\x0d\xfc\
\x13'\x00\x002\xcb\x0e\x0dDn\x00\x00\x1eP\x0e\x11\
\x9a\xe6\x00\x00\xba)\x0e\x12\x05s\x00\x00\xc9\x09\x0e!\
}d\x00\x00~d\x0e!}d\x00\x00\xb2\x02\x0e/\
\xa2t\x00\x00\x14\xbb\x0e1\xac*\x00\x00\xb4\xf9\x0e;\
\xcd\x81\x00\x00\xc6\x1a\x0eD\xcd+\x00\x00M\xc8\x0eD\
\xcd+\x00\x00\xa2\xdf\x0eF\xc4\xc3\x00\x00-G\x0eN\
\xcc\xc5\x00\x00\x89\x0b\x0eN\xcc\xc5\x00\x00\x9c\xb9\x0eb\
\xa1\xae\x00\x00\xc2\x80\x0ee@\x89\x00\x00\x87i\x0ee\
@\x89\x00\x00\xb3\xb9\x0eg\x84\xbb\x00\x002\xfe\x0er\
\xa2\x0e\x00\x00\x22]\x0e\xa7\x1c\x85\x00\x00\x995\x0e\xa9\
)\x02\x00\x00\xa8\xff\x0e\xafo\xc3\x00\x00}j\x0e\xaf\
o\xc3\x00\x00\xa0\xa0\x0e\xb17\x93\x00\x00V\x99\x0e\xba\
\xcf\xa2\x00\x00\x9di\x0e\xbf\xdf:\x00\x00\x0a\x18\x0e\xcb\
%\xa2\x00\x00B\xe7\x0e\xd3\x02\xed\x00\x00j\xac\x0e\xe1\
~\xa3\x00\x00\x10\x8f\x0e\xe1~\xa3\x00\x00N\xc1\x0e\xe8\
\x9b\xb2\x00\x00\xc8\xda\x0e\xf3\x11C\x00\x00\xb8\xdf\x0f\x02\
\xcd\xe4\x00\x00\xcc\xc5\x0f\x03\xb7\xa1\x00\x00\x8f\xad\x0f\x07\
gi\x00\x00W\x02\x0f\x0e\x89.\x00\x00H\xf5\x0f\x19\
\x22<\x00\x00\x0e\x09\x0f\x19\x22<\x00\x00L@\x0f \
s\xf1\x00\x00\x060\x0f!o\xdd\x00\x00\x04O\x0f'\
\xa1v\x00\x00\x88L\x0f'\xa1v\x00\x00\x96\xb2\x0f'\
\xf1\xfb\x00\x00\x06\x0c\x0f'\xf1\xfb\x00\x00F\xd8\x0f3\
\x9a\x85\x00\x00\x82\x08\x0f3\x9a\x85\x00\x00\x9fH\x0f9\
@\xe8\x00\x00\x06W\x0fKe5\x00\x00\xc0\xb2\x0fL\
\xa1\xb3\x00\x00\x1fz\x0fW\xb8i\x00\x00X\x09\x0fX\
\x1aC\x00\x00\xca\xd1\x0fXZD\x00\x00Q\xb3\x0fn\
1U\x00\x00]\x90\x0f\x85\xef\xbe\x00\x00%\xce\x0f\x8a\
3\xb5\x00\x00b\xa7\x0f\x8a3\xb5\x00\x00\x92\xc2\x0f\x93\
gi\x00\x00WK\x0f\x96\xf2!\x00\x00C\xf0\x0f\x98\
N\xf4\x00\x00\x80'\x0f\x98N\xf4\x00\x00\xae\xff\x0f\x99\
+e\x00\x00\xba\x97\x0f\x9eH$\x00\x00\xb7\xfe\x0f\xa1\
3H\x00\x00+g\x0f\xadN]\x00\x00\xb9V\x0f\xc0\
w!\x00\x00\x06\xaf\x0f\xc4\xac.\x00\x00\xd80\x0f\xc9\
X\x97\x00\x00A\xe5\x0f\xc9X\x97\x00\x00z\x1d\x0f\xc9\
X\x97\x00\x00\xb1:\x0f\xcc\xa8\xc4\x00\x00\x1a\xd7\x0f\xd4\
\x9eI\x00\x00\x82\x8a\x0f\xd5U\xb3\x00\x00i\x18\x0f\xd8\
\xdc\x1e\x00\x00\xc6x\x0f\xee\x1e\xe5\x00\x00\x01M\x0f\xee\
\x1e\xe5\x00\x00\x95\xab\x0f\xef/\xd4\x00\x00W\xcf\x0f\xf4\
\xee^\x00\x00*R\x0f\xf5]#\x00\x00\xc1si\x00\
\x00\xdeL\x03\x00\x00\x00\x08f\xf4e\xb0rHg,\
\x08\x00\x00\x00\x00\x06\x00\x00\x00\x0eVersio\
n Update\x07\x00\x00\x00\x08@de\
fault\x01\x03\x00\x00\x00.\x00{\x00k\x00\
e\x00y\x00}\x00 \x8f\xd9y\xcdc\x09\x95.f\
/e\xe0eHv\x84\xff\x0c\x8b\xf7h\xc0g\xe5p\
\xed\x95.\x91M\x7fn\xff\x01\x08\x00\x00\x00\x00\x06\x00\
\x00\x001{key} is inva\
lid, please chec\
k the hotkey con\
fig!\x07\x00\x00\x00\x08@defaul\
t\x01\x03\x00\x00\x00\x08^\x94u(f\xf4e\xb0\x08\
\x00\x00\x00\x00\x06\x00\x00\x00\x0aApp upd\
ate\x07\x00\x00\x00\x08AboutTab\
\x01\x03\x00\x00\x00\x10f\x0ee\xe5e\xb9\x82\x1f\xff\x1a\
~\xc8g+W0\x08\x00\x00\x00\x00\x06\x00\x00\x00\x13\
Arknights: Endfi\
eld\x07\x00\x00\x00\x08AboutTab\
\x01\x03\x00\x00\x00\x06mK\x8b\xd5rH\x08\x00\x00\x00\
\x00\x06\x00\x00\x00\x0cBeta Versi\
on\x07\x00\x00\x00\x08AboutTab\x01\
\x03\x00\x00\x00\x0aSaS\x84`\x1dh\xa6X\x83\x08\
\x00\x00\x00\x00\x06\x00\x00\x00\x14Chaos Z\
ero Nightmare\x07\x00\x00\
\x00\x08AboutTab\x01\x03\x00\x00\x00\x08\
QM\x8d#X\xf0f\x0e\x08\x00\x00\x00\x00\x06\x00\x00\
\x00\x0aDisclaimer\x07\x00\x00\x00\
\x08AboutTab\x01\x03\x00\x00\x00F\x96\
M~\xa7b\x10R\x9f\x00 \x00{\x00f\x00r\x00\
o\x00m\x00_\x00v\x00e\x00r\x00s\x00i\x00\
o\x00n\x00}\x00 \x00-\x00>\x00 \x00{\x00\
t\x00o\x00_\x00v\x00e\x00r\x00s\x00i\x00\
o\x00n\x00}\x08\x00\x00\x00\x00\x06\x00\x00\x000D\
owngrade success\
 {from_version} \
-> {to_version}\x07\
\x00\x00\x00\x08AboutTab\x01\x03\x00\x00\
\x00\x0aN\x0b\x8f}_\x00S\xd1rH\x08\x00\x00\x00\
\x00\x06\x00\x00\x00\x0eDownload D\
ebug\x07\x00\x00\x00\x08AboutTa\
b\x01\x03\x00\x00\x00\x0cN\x0b\x8f}\x95\x19\x8b\xef\x00\
:\x00 \x08\x00\x00\x00\x00\x06\x00\x00\x00\x0fDow\
nload Error:\x07\x00\x00\x00\
\x08AboutTab\x01\x03\x00\x00\x00\x0aN\
\x0b\x8f}kc_\x0frH\x08\x00\x00\x00\x00\x06\x00\
\x00\x00\x10Download Rele\
ase\x07\x00\x00\x00\x08AboutTab\
\x01\x03\x00\x00\x00\x08N\x8c\x91\xcd\x87\xbae\xcb\x08\x00\
\x00\x00\x00\x06\x00\x00\x00\x10Duet Nig\
ht Abyss\x07\x00\x00\x00\x08Abo\
utTab\x01\x03\x00\x00\x00\x06\x5c\x11RM\x00\
2\x08\x00\x00\x00\x00\x06\x00\x00\x00\x12Girls\
' Frontline 2\x07\x00\x00\
\x00\x08AboutTab\x01\x03\x00\x00\x00\x04\
_\x02s\xaf\x08\x00\x00\x00\x00\x06\x00\x00\x00\x15Ne\
verness to Evern\
ess\x07\x00\x00\x00\x08AboutTab\
\x01\x03\x00\x00\x00\x06\x964\x963^\x08\x08\x00\x00\x00\
\x00\x06\x00\x00\x00\x07Onmyoji\x07\x00\x00\
\x00\x08AboutTab\x01\x03\x00\x00\x00\x08\
v\xf8Qs\x98yv\xee\x08\x00\x00\x00\x00\x06\x00\x00\
\x00\x0eOther Projects\
\x07\x00\x00\x00\x08AboutTab\x01\x03\x00\
\x00\x00\x06kc_\x0frH\x08\x00\x00\x00\x00\x06\x00\
\x00\x00\x0eStable Versio\
n\x07\x00\x00\x00\x08AboutTab\x01\x03\
\x00\x00\x00\x08f\x1fu\xd5Qq\x9e#\x08\x00\x00\x00\
\x00\x06\x00\x00\x00\x0eStar Reson\
ance\x07\x00\x00\x00\x08AboutTa\
b\x01\x03\x00\x00\x00Ff\xf4e\xb0b\x10R\x9f\x00\
 \x00{\x00f\x00r\x00o\x00m\x00_\x00v\x00\
e\x00r\x00s\x00i\x00o\x00n\x00}\x00 \x00\
-\x00>\x00 \x00{\x00t\x00o\x00_\x00v\x00\
e\x00r\x00s\x00i\x00o\x00n\x00}\x08\x00\x00\
\x00\x00\x06\x00\x00\x00-Update su\
ccess {from_vers\
ion} -> {to_vers\
ion}\x07\x00\x00\x00\x08AboutTa\
b\x01\x03\x00\x00\x00\x04\x9e#on\x08\x00\x00\x00\x00\
\x06\x00\x00\x00\x0fWuthering W\
aves\x07\x00\x00\x00\x08AboutTa\
b\x01\x03\x00\x00\x00\x12\x00o\x00k\x00-\x00p\x00\
yc\x09\x95.|\xbepu\x08\x00\x00\x00\x00\x06\x00\
\x00\x00\x15ok-py Automat\
ion Tool\x07\x00\x00\x00\x08Abo\
utTab\x01\x03\x00\x00\x00\x1c\x00o\x00k\x00\
-\x00s\x00c\x00r\x00i\x00p\x00t\x00 ^\
\x94u(j!g\x7f\x08\x00\x00\x00\x00\x06\x00\x00\x00\
\x16ok-script App T\
emplate\x07\x00\x00\x00\x08Abou\
tTab\x01\x03\xff\xff\xff\xff\x08\x00\x00\x00\x00\x06\
\x00\x00\x00L\xe4\xbd\xa0\xe7\x9a\x84\xe6\xb8\xb8\xe6\x88\x8f\
\xe7\xbc\x96\xe5\x8f\xb7, \xe5\xa6\x8210263\
0612345, \xe5\xb0\x86\xe4\xbc\x9a\xe7\
\xbb\x91\xe5\xae\x9a\xe6\xad\xa4\xe8\xb4\xa6\xe5\x8f\xb7\xe4\xbd\
\xbf\xe7\x94\xa8\xe6\x97\xa0\xe6\xb3\x95\xe6\x9b\xb4\xe6\x94\xb9\
\x07\x00\x00\x00\x09ActWindow\x01\x03\
\xff\xff\xff\xff\x08\x00\x00\x00\x00\x06\x00\x00\x00\x06\xe6\xbf\
\x80\xe6\xb4\xbb\x07\x00\x00\x00\x09ActWind\
ow\x01\x03\xff\xff\xff\xff\x08\x00\x00\x00\x00\x06\x00\x00\
\x00\x09\xe6\xbf\x80\xe6\xb4\xbb\xe7\xa0\x81\x07\x00\x00\x00\x09\
ActWindow\x01\x03\xff\xff\xff\xff\x08\
\x00\x00\x00\x00\x06\x00\x00\x00\x06\xe8\xaf\x95\xe7\x94\xa8\x07\
\x00\x00\x00\x09ActWindow\x01\x03\xff\
\xff\xff\xff\x08\x00\x00\x00\x00\x06\x00\x00\x00\x16\xe8\xaf\xb7\
\xe8\xbe\x93\xe5\x85\xa5\xe6\xb8\xb8\xe6\x88\x8f\xe7\xbc\x96\xe5\
\x8f\xb7!\x07\x00\x00\x00\x09ActWindo\
w\x01\x03\xff\xff\xff\xff\x08\x00\x00\x00\x00\x06\x00\x00\x00\
\x13\xe8\xaf\xb7\xe8\xbe\x93\xe5\x85\xa5\xe6\xbf\x80\xe6\xb4\xbb\
\xe7\xa0\x81!\x07\x00\x00\x00\x09ActWind\
ow\x01\x03\xff\xff\xff\xff\x08\x00\x00\x00\x00\x06\x00\x00\
\x00\x0c\xe8\xbd\xaf\xe4\xbb\xb6\xe6\xbf\x80\xe6\xb4\xbb\x07\x00\
\x00\x00\x09ActWindow\x01\x03\xff\xff\
\xff\xff\x08\x00\x00\x00\x00\x06\x00\x00\x00\x0d\xe9\xaa\x8c\xe8\
\xaf\x81\xe5\xa4\xb1\xe8\xb4\xa5!\x07\x00\x00\x00\x09Ac\
tWindow\x01\x03\xff\xff\xff\xff\x08\x00\x00\
\x00\x00\x06\x00\x00\x00\x0d\xe9\xaa\x8c\xe8\xaf\x81\xe6\x88\x90\
\xe5\x8a\x9f!\x07\x00\x00\x00\x09ActWind\
ow\x01\x03\x00\x00\x00\x04m\xfbR\xa0\x08\x00\x00\x00\
\x00\x06\x00\x00\x00\x03Add\x07\x00\x00\x00\x11Ad\
dTextMessageBox\x01\
\x03\x00\x00\x00\x04S\xd6m\x88\x08\x00\x00\x00\x00\x06\x00\
\x00\x00\x06Cancel\x07\x00\x00\x00\x11Ad\
dTextMessageBox\x01\
\x03\x00\x00\x00\x04xn\x8b\xa4\x08\x00\x00\x00\x00\x06\x00\
\x00\x00\x07Confirm\x07\x00\x00\x00\x11A\
ddTextMessageBox\
\x01\x03\x00\x00\x00\x1c`\xa8xn[\x9a\x89\x81R \
\x96d\x00 \x00'\x00{\x00}\x00'\x00 T\x17\
\xff\x1f\x08\x00\x00\x00\x00\x06\x00\x00\x00%Are \
you sure you wan\
t to delete '{}'\
?\x07\x00\x00\x00\x10Annotation\
Canvas\x01\x03\x00\x00\x00\x08xn\x8b\xa4\
R \x96d\x08\x00\x00\x00\x00\x06\x00\x00\x00\x0eCo\
nfirm Delete\x07\x00\x00\x00\
\x10AnnotationCanva\
s\x01\x03\x00\x00\x00\x04m\xf1\x82r\x08\x00\x00\x00\x00\
\x06\x00\x00\x00\x04Dark\x07\x00\x00\x00\x0fAp\
pConfigWidget\x01\x03\x00\
\x00\x00\x04mE\x82r\x08\x00\x00\x00\x00\x06\x00\x00\x00\
\x05Light\x07\x00\x00\x00\x0fAppCo\
nfigWidget\x01\x03\x00\x00\x00\x04\
N;\x98\x98\x08\x00\x00\x00\x00\x06\x00\x00\x00\x05Th\
eme\x07\x00\x00\x00\x0fAppConfi\
gWidget\x01\x03\x00\x00\x00\x12]\xf2[\
XW(N\x8e\x00 \x00'\x00{\x00}\x00'\x08\
\x00\x00\x00\x00\x06\x00\x00\x00\x16Already\
 exists in '{}'\x07\
\x00\x00\x00\x0aBBoxDialog\x01\x03\
\x00\x00\x00\x06\x8f\xb9uLhF\x08\x00\x00\x00\x00\x06\
\x00\x00\x00\x0cBounding Box\
\x07\x00\x00\x00\x0aBBoxDialog\x01\
\x03\x00\x00\x00\x04S\xd6m\x88\x08\x00\x00\x00\x00\x06\x00\
\x00\x00\x06Cancel\x07\x00\x00\x00\x0aBB\
oxDialog\x01\x03\x00\x00\x00\x08R\x06\
|{T\x0dy\xf0\x08\x00\x00\x00\x00\x06\x00\x00\x00\x0d\
Category name\x07\x00\x00\
\x00\x0aBBoxDialog\x01\x03\x00\x00\
\x00\x06R\x06|{\x00:\x08\x00\x00\x00\x00\x06\x00\x00\
\x00\x09Category:\x07\x00\x00\x00\x0a\
BBoxDialog\x01\x03\x00\x00\x00\x06\
\x9a\xd8^\xa6\x00:\x08\x00\x00\x00\x00\x06\x00\x00\x00\x07\
Height:\x07\x00\x00\x00\x0aBBox\
Dialog\x01\x03\x00\x00\x00\x0cT\x0dy\xf0\
N\x0d\x80\xfdN:zz\x08\x00\x00\x00\x00\x06\x00\x00\
\x00\x0dName required\x07\
\x00\x00\x00\x0aBBoxDialog\x01\x03\
\x00\x00\x00\x04xn[\x9a\x08\x00\x00\x00\x00\x06\x00\x00\
\x00\x02OK\x07\x00\x00\x00\x0aBBoxDia\
log\x01\x03\x00\x00\x00\x06[\xbd^\xa6\x00:\x08\
\x00\x00\x00\x00\x06\x00\x00\x00\x06Width:\x07\
\x00\x00\x00\x0aBBoxDialog\x01\x03\
\x00\x00\x00\x14m\xfbR\xa0_\x00Y\xcb\x83\xdcSU\
_\xebcwe\xb9_\x0f\x08\x00\x00\x00\x00\x06\x00\x00\
\x00\x17Add Start Menu\
 Shortcut\x07\x00\x00\x00\x0aCo\
nfigCard\x01\x03\x00\x00\x00\x08\x91\xcd\
\x7fn\x91M\x7fn\x08\x00\x00\x00\x00\x06\x00\x00\x00\x0c\
Reset Config\x07\x00\x00\x00\
\x0aConfigCard\x01\x03\x00\x00\x00\
\x04S\xd6m\x88\x08\x00\x00\x00\x00\x06\x00\x00\x00\x06C\
ancel\x07\x00\x00\x00\x0eCopyTa\
skDialog\x01\x03\x00\x00\x00\x04xn\
\x8b\xa4\x08\x00\x00\x00\x00\x06\x00\x00\x00\x07Conf\
irm\x07\x00\x00\x00\x0eCopyTask\
Dialog\x01\x03\x00\x00\x00\x08Y\x0dR6\
N\xfbR\xa1\x08\x00\x00\x00\x00\x06\x00\x00\x00\x09Co\
py Task\x07\x00\x00\x00\x0eCopy\
TaskDialog\x01\x03\x00\x00\x00\x16\
\x90\x09b\xe9\x89\x81Y\x0dR6v\x84N\xfbR\xa1\
\x00.\x00.\x00.\x08\x00\x00\x00\x00\x06\x00\x00\x00\x16\
Select task to c\
opy...\x07\x00\x00\x00\x0eCopyT\
askDialog\x01\x03\x00\x00\x00\x12\xff\
\x08\x000\x00 \x00=\x00 N\x0dT/u(\xff\
\x09\x08\x00\x00\x00\x00\x06\x00\x00\x00\x0e(0 = \
disabled)\x07\x00\x00\x00\x18Cr\
eateScheduleTask\
Dialog\x01\x03\x00\x00\x00\x0a\x002\x004\
\x5c\x0fe\xf6R6\x08\x00\x00\x00\x00\x06\x00\x00\x00\x03\
24h\x07\x00\x00\x00\x18CreateSc\
heduleTaskDialog\
\x01\x03\x00\x00\x00\x1cN\xfbR\xa1[\x8cb\x10T\x0e\
\x81\xeaR\xa8\x90\x00Q\xfa\x00 \x00(\x00-\x00e\
\x00)\x08\x00\x00\x00\x00\x06\x00\x00\x00\x1eAuto\
 exit after task\
 done (-e)\x07\x00\x00\x00\x18C\
reateScheduleTas\
kDialog\x01\x03\x00\x00\x00\x04S\xd6m\
\x88\x08\x00\x00\x00\x00\x06\x00\x00\x00\x06Cance\
l\x07\x00\x00\x00\x18CreateSche\
duleTaskDialog\x01\x03\
\x00\x00\x00\x04R\x1b^\xfa\x08\x00\x00\x00\x00\x06\x00\x00\
\x00\x06Create\x07\x00\x00\x00\x18Cre\
ateScheduleTaskD\
ialog\x01\x03\x00\x00\x00\x0cR\x1b^\xfa\x8b\
\xa1R\x12N\xfbR\xa1\x08\x00\x00\x00\x00\x06\x00\x00\x00\
\x14Create Schedule\
 Task\x07\x00\x00\x00\x18Create\
ScheduleTaskDial\
og\x01\x03\x00\x00\x00\x06\x81\xea[\x9aNI\x08\x00\
\x00\x00\x00\x06\x00\x00\x00\x06Custom\x07\x00\
\x00\x00\x18CreateSchedul\
eTaskDialog\x01\x03\x00\x00\x00\
\x0e\x81\xea[\x9aNIe\xf6\x95\xf4\x8b\xbe\x7fn\x08\
\x00\x00\x00\x00\x06\x00\x00\x00\x0fCustom \
Interval\x07\x00\x00\x00\x18Cre\
ateScheduleTaskD\
ialog\x01\x03\x00\x00\x00\x04k\xcfY)\x08\
\x00\x00\x00\x00\x06\x00\x00\x00\x05Daily\x07\x00\
\x00\x00\x18CreateSchedul\
eTaskDialog\x01\x03\x00\x00\x00\
\x02Y)\x08\x00\x00\x00\x00\x06\x00\x00\x00\x04Day\
s\x07\x00\x00\x00\x18CreateSche\
duleTaskDialog\x01\x03\
\x00\x00\x00\x02e\xf6\x08\x00\x00\x00\x00\x06\x00\x00\x00\x04\
Hour\x07\x00\x00\x00\x18CreateS\
cheduleTaskDialo\
g\x01\x03\x00\x00\x00\x04\x5c\x0fe\xf6\x08\x00\x00\x00\x00\
\x06\x00\x00\x00\x05Hours\x07\x00\x00\x00\x18C\
reateScheduleTas\
kDialog\x01\x03\x00\x00\x00\x02R\x06\x08\
\x00\x00\x00\x00\x06\x00\x00\x00\x06Minute\x07\
\x00\x00\x00\x18CreateSchedu\
leTaskDialog\x01\x03\x00\x00\
\x00\x04k\xcfg\x08\x08\x00\x00\x00\x00\x06\x00\x00\x00\x07\
Monthly\x07\x00\x00\x00\x18Crea\
teScheduleTaskDi\
alog\x01\x03\x00\x00\x00\x0ae\xe0S\xefu(\
N\xfbR\xa1\x08\x00\x00\x00\x00\x06\x00\x00\x00\x12No\
 tasks available\
\x07\x00\x00\x00\x18CreateSched\
uleTaskDialog\x01\x03\x00\
\x00\x00\x04N\x00k!\x08\x00\x00\x00\x00\x06\x00\x00\x00\
\x04Once\x07\x00\x00\x00\x18Create\
ScheduleTaskDial\
og\x01\x03\x00\x00\x00\x08\x90\x09b\xe9N\xfbR\xa1\
\x08\x00\x00\x00\x00\x06\x00\x00\x00\x0bSelect\
 Task\x07\x00\x00\x00\x18Create\
ScheduleTaskDial\
og\x01\x03\x00\x00\x00\x08_\x00Y\xcbe\xf6\x95\xf4\
\x08\x00\x00\x00\x00\x06\x00\x00\x00\x0aStart \
Time\x07\x00\x00\x00\x18CreateS\
cheduleTaskDialo\
g\x01\x03\x00\x00\x00\x08T/R\xa8\x90\x09\x98y\x08\
\x00\x00\x00\x00\x06\x00\x00\x00\x0fStartup\
 Options\x07\x00\x00\x00\x18Cre\
ateScheduleTaskD\
ialog\x01\x03\x00\x00\x00\x08\x8d\x85e\xf6e\
\xf6\x95\xf4\x08\x00\x00\x00\x00\x06\x00\x00\x00\x07Tim\
eout\x07\x00\x00\x00\x18CreateS\
cheduleTaskDialo\
g\x01\x03\x00\x00\x00\x08\x89\xe6S\xd1|{W\x8b\x08\
\x00\x00\x00\x00\x06\x00\x00\x00\x0cTrigger\
 Type\x07\x00\x00\x00\x18Create\
ScheduleTaskDial\
og\x01\x03\x00\x00\x00\x04k\xcfTh\x08\x00\x00\x00\
\x00\x06\x00\x00\x00\x06Weekly\x07\x00\x00\x00\
\x18CreateScheduleT\
askDialog\x01\x03\x00\x00\x00\x16\x5c\
\x0fe\xf6\xff\x08\x000\x00 \x00=\x00 e\xe0\x96\
PR6\xff\x09\x08\x00\x00\x00\x00\x06\x00\x00\x00\x15h\
ours (0 = unlimi\
ted)\x07\x00\x00\x00\x18CreateS\
cheduleTaskDialo\
g\x01\x03\x00\x00\x00\x04S\xd6m\x88\x08\x00\x00\x00\x00\
\x06\x00\x00\x00\x06Cancel\x07\x00\x00\x00\x10\
CreateTaskDialog\
\x01\x03\x00\x00\x00\x12|{T\x0d\x00 \x00(N\xc5\
\x96P\x82\xf1e\x87\x00)\x08\x00\x00\x00\x00\x06\x00\x00\
\x00\x19Class Name (En\
glish only)\x07\x00\x00\x00\x10\
CreateTaskDialog\
\x01\x03\x00\x00\x00\x04xn\x8b\xa4\x08\x00\x00\x00\x00\x06\
\x00\x00\x00\x07Confirm\x07\x00\x00\x00\x10\
CreateTaskDialog\
\x01\x03\x00\x00\x00\x08R\x1b^\xfaN\xfbR\xa1\x08\x00\
\x00\x00\x00\x06\x00\x00\x00\x0bCreate T\
ask\x07\x00\x00\x00\x10CreateTa\
skDialog\x01\x03\x00\x00\x00\x0ec\xcf\
\x8f\xf0\x00 \x00(S\xef\x90\x09\x00)\x08\x00\x00\x00\
\x00\x06\x00\x00\x00\x16Descriptio\
n (Optional)\x07\x00\x00\x00\
\x10CreateTaskDialo\
g\x01\x03\x00\x00\x00\x08N\xfbR\xa1T\x0dy\xf0\x08\
\x00\x00\x00\x00\x06\x00\x00\x00\x09Task Na\
me\x07\x00\x00\x00\x10CreateTas\
kDialog\x01\x03\x00\x00\x00\x04\x8c\x03u\
(\x08\x00\x00\x00\x00\x06\x00\x00\x00\x04Call\x07\
\x00\x00\x00\x08DebugTab\x01\x03\x00\x00\
\x00\x04b*V\xfe\x08\x00\x00\x00\x00\x06\x00\x00\x00\x12\
Capture Screensh\
ot\x07\x00\x00\x00\x08DebugTab\x01\
\x03\x00\x00\x00\x08b*V\xfeb\x10R\x9f\x08\x00\x00\
\x00\x00\x06\x00\x00\x00\x0fCapture S\
uccess\x07\x00\x00\x00\x08Debug\
Tab\x01\x03\x00\x00\x00\x0ab*V\xfe\x8f\xd4V\
\xdezz\x08\x00\x00\x00\x00\x06\x00\x00\x00\x15Cap\
ture returned No\
ne\x07\x00\x00\x00\x08DebugTab\x01\
\x03\x00\x00\x00\x10\x7f\x16\x8b\xd1\x00i\x001\x008\x00\
ne\x87N\xf6\x08\x00\x00\x00\x00\x06\x00\x00\x00\x12C\
onvert i18n file\
s\x07\x00\x00\x00\x08DebugTab\x01\x03\
\x00\x00\x00\x10\x8c\x03u(\x00T\x00a\x00s\x00k\
e\xb9l\xd5\x08\x00\x00\x00\x00\x06\x00\x00\x00\x13De\
bug Task Functio\
n\x07\x00\x00\x00\x08DebugTab\x01\x03\
\x00\x00\x00\x08\x8c\x03\x8b\xd5]\xe5Qw\x08\x00\x00\x00\
\x00\x06\x00\x00\x00\x0aDebug Tool\
\x07\x00\x00\x00\x08DebugTab\x01\x03\x00\
\x00\x00\x08\x90\x09b\xe9b*V\xfe\x08\x00\x00\x00\x00\
\x06\x00\x00\x00\x19Drop or Sel\
ect Screenshot\x07\x00\
\x00\x00\x08DebugTab\x01\x03\x00\x00\x00\
8\x00D\x00u\x00m\x00p\x00 \x00T\x00h\x00\
r\x00e\x00a\x00d\x00s\x00(_\xebcw\x95\
.\x00:\x00C\x00t\x00r\x00l\x00+\x00A\x00\
l\x00t\x00+\x00D\x00)\x08\x00\x00\x00\x00\x06\x00\
\x00\x00\x1fDump Threads(\
HotKey:Ctrl+Alt+\
D)\x07\x00\x00\x00\x08DebugTab\x01\
\x03\x00\x00\x00\x10u\x1fb\x10\x00i\x001\x008\x00\
ne\x87N\xf6\x08\x00\x00\x00\x00\x06\x00\x00\x00\x13G\
enerate i18n fil\
es\x07\x00\x00\x00\x08DebugTab\x01\
\x03\x00\x00\x00\x16b*V\xfee\xb9_\x0fN\x0dS\
\xefu(b\x16g*\x90\x09b\xe9\x08\x00\x00\x00\x00\
\x06\x00\x00\x00 No Capture \
Available or Sel\
ected\x07\x00\x00\x00\x08DebugT\
ab\x01\x03\x00\x00\x00\x0el\xa1g\x09\x91M\x7fn\
\x00O\x00C\x00R\x08\x00\x00\x00\x00\x06\x00\x00\x00\x11\
No OCR configure\
d\x07\x00\x00\x00\x08DebugTab\x01\x03\
\x00\x00\x00(l\xa1g\x09\x5c^`'b\x16e\xb9\
l\xd5\x00:\x00 \x00{\x00f\x00u\x00n\x00c\
\x00_\x00n\x00a\x00m\x00e\x00}\x08\x00\x00\x00\
\x00\x06\x00\x00\x00\x19No such at\
tr: {func_name}\x07\
\x00\x00\x00\x08DebugTab\x01\x03\x00\x00\
\x00\x22\x00O\x00C\x00R\x8c\x03u(b\x10R\x9f\
\x00:\x00 \x00{\x00r\x00e\x00s\x00u\x00l\
\x00t\x00}\x08\x00\x00\x00\x00\x06\x00\x00\x00\x15OC\
R success: {resu\
lt}\x07\x00\x00\x00\x08DebugTab\
\x01\x03\x00\x00\x00\x0ebS_\x00e\xe5_\xd7e\x87\
N\xf6Y9\x08\x00\x00\x00\x00\x06\x00\x00\x00\x09Op\
en Logs\x07\x00\x00\x00\x08Debu\
gTab\x01\x03\x00\x00\x00\x08\x90\x09b\xe9b*\
V\xfe\x08\x00\x00\x00\x00\x06\x00\x00\x00\x12Sele\
ct Screenshots\x07\x00\
\x00\x00\x08DebugTab\x01\x03\x00\x00\x00\
\x0e\x8f\x93Qee\xb9l\xd5b\x16\x5c^`'\x08\
\x00\x00\x00\x00\x06\x00\x00\x00\x1bType a \
function or prop\
erty\x07\x00\x00\x00\x08DebugTa\
b\x01\x03\x00\x00\x00,\x8c\x03u(b\x10R\x9f\x00\
 \x00s\x00u\x00c\x00c\x00e\x00s\x00s\x00\
:\x00 \x00{\x00r\x00e\x00s\x00u\x00l\x00\
t\x00}\x08\x00\x00\x00\x00\x06\x00\x00\x00\x16cal\
l success: {resu\
lt}\x07\x00\x00\x00\x08DebugTab\
\x01\x03\x00\x00\x00\x16]\xf2\x90\x09b\xe9\x00{\x00n\
\x00u\x00m\x00}N*V\xferG\x08\x00\x00\x00\
\x00\x06\x00\x00\x00\x15{num} imag\
es selected\x07\x00\x00\x00\x08\
DebugTab\x01\x03\x00\x00\x00\x06\x00A\
\x00D\x00B\x08\x00\x00\x00\x00\x06\x00\x00\x00\x03AD\
B\x07\x00\x00\x00\x0bEditTaskTa\
b\x01\x03\x00\x00\x00\x16xn[\x9a\x89\x81R \x96\
d\x00 \x00{\x00}\x00 T\x17\xff\x1f\x08\x00\x00\
\x00\x00\x06\x00\x00\x00#Are you s\
ure you want to \
delete {}?\x07\x00\x00\x00\x0bE\
ditTaskTab\x01\x03\x00\x00\x00\x04\
S:W\xdf\x08\x00\x00\x00\x00\x06\x00\x00\x00\x03Bo\
x\x07\x00\x00\x00\x0bEditTaskTa\
b\x01\x03\x00\x00\x00\x04S\xd6m\x88\x08\x00\x00\x00\x00\
\x06\x00\x00\x00\x06Cancel\x07\x00\x00\x00\x0b\
EditTaskTab\x01\x03\x00\x00\x00\
\x0a\x90\x09b\xe9N\xfbR\xa1\x00:\x08\x00\x00\x00\x00\
\x06\x00\x00\x00\x0cChoose Task\
:\x07\x00\x00\x00\x0bEditTaskTa\
b\x01\x03\x00\x00\x00\x08xn\x8b\xa4R \x96d\x08\
\x00\x00\x00\x00\x06\x00\x00\x00\x0eConfirm\
 Delete\x07\x00\x00\x00\x0bEdit\
TaskTab\x01\x03\x00\x00\x00\x04c\xa7R\
6\x08\x00\x00\x00\x00\x06\x00\x00\x00\x07Contr\
ol\x07\x00\x00\x00\x0bEditTaskT\
ab\x01\x03\x00\x00\x00\x08Y\x0dR6N\xfbR\xa1\
\x08\x00\x00\x00\x00\x06\x00\x00\x00\x09Copy T\
ask\x07\x00\x00\x00\x0bEditTask\
Tab\x01\x03\x00\x00\x00\x16b~N\x0dR0\x00\
 \x00{\x00}\x00 v\x84n\x90e\x87N\xf6\x08\
\x00\x00\x00\x00\x06\x00\x00\x00!Could n\
ot find source f\
ile for {}\x07\x00\x00\x00\x0bE\
ditTaskTab\x01\x03\x00\x00\x00\x0a\
R\x1b^\xfae\xb0N\xfbR\xa1\x08\x00\x00\x00\x00\x06\
\x00\x00\x00\x0fCreate New T\
ask\x07\x00\x00\x00\x0bEditTask\
Tab\x01\x03\x00\x00\x00\x08R\x1b^\xfaN\xfbR\
\xa1\x08\x00\x00\x00\x00\x06\x00\x00\x00\x0bCreat\
e Task\x07\x00\x00\x00\x0bEditT\
askTab\x01\x03\x00\x00\x00\x08R \x96d\
N\xfbR\xa1\x08\x00\x00\x00\x00\x06\x00\x00\x00\x0bDe\
lete Task\x07\x00\x00\x00\x0bEd\
itTaskTab\x01\x03\x00\x00\x00\x0e\x81\
\x1ag,v\x84f>y:T\x0dy\xf0\x08\x00\x00\
\x00\x00\x06\x00\x00\x00\x1bDisplay n\
ame for the scri\
pt\x07\x00\x00\x00\x0bEditTaskT\
ab\x01\x03\x00\x00\x00 N\xc5\x96P\x82\xf1e\x87\
0\x01ep[WT\x8cg\x09eHv\x84e\x87\
N\xf6T\x0d[W{&\x08\x00\x00\x00\x00\x06\x00\x00\
\x00.English, numbe\
rs and valid fil\
ename chars only\
\x07\x00\x00\x00\x0bEditTaskTab\
\x01\x03\x00\x00\x00\x04[\xfcQ\xfa\x08\x00\x00\x00\x00\x06\
\x00\x00\x00\x06Export\x07\x00\x00\x00\x0bE\
ditTaskTab\x01\x03\x00\x00\x00\x08\
[\xfcQ\xfa\x81\x1ag,\x08\x00\x00\x00\x00\x06\x00\x00\
\x00\x0dExport Script\x07\
\x00\x00\x00\x0bEditTaskTab\x01\
\x03\x00\x00\x00\x08[\xfcQ\xfaY1\x8d%\x08\x00\x00\
\x00\x00\x06\x00\x00\x00\x0dExport fa\
iled\x07\x00\x00\x00\x0bEditTas\
kTab\x01\x03\x00\x00\x00\x16\x8b\xfbS\xd6n\x90\
e\x87N\xf6Y1\x8d%\x00:\x00 \x00{\x00}\
\x08\x00\x00\x00\x00\x06\x00\x00\x00\x1eFailed\
 to read source \
file: {}\x07\x00\x00\x00\x0bEdi\
tTaskTab\x01\x03\x00\x00\x00\x08O\xdd\
[XY1\x8d%\x08\x00\x00\x00\x00\x06\x00\x00\x00\x0e\
Failed to save\x07\x00\
\x00\x00\x0bEditTaskTab\x01\x03\
\x00\x00\x00\x04e\x87N\xf6\x08\x00\x00\x00\x00\x06\x00\x00\
\x00\x04File\x07\x00\x00\x00\x0bEditT\
askTab\x01\x03\x00\x00\x00\x10e\x87N\xf6\
]\xf2\x88\xabY\x16\x90\xe8O\xeee9\x08\x00\x00\x00\
\x00\x06\x00\x00\x00\x17File Chang\
ed Externally\x07\x00\x00\
\x00\x0bEditTaskTab\x01\x03\x00\
\x00\x00\x08e\x87N\xf6T\x0d\xff\x1a\x08\x00\x00\x00\x00\
\x06\x00\x00\x00\x0aFile Name:\x07\
\x00\x00\x00\x0bEditTaskTab\x01\
\x03\x00\x00\x00\x04eYz\x0b\x08\x00\x00\x00\x00\x06\x00\
\x00\x00\x05Guide\x07\x00\x00\x00\x0bEdi\
tTaskTab\x01\x03\x00\x00\x00\x08[\xfc\
Qe\x81\x1ag,\x08\x00\x00\x00\x00\x06\x00\x00\x00\x0d\
Import Script\x07\x00\x00\
\x00\x0bEditTaskTab\x01\x03\x00\
\x00\x00\x08[\xfcQeY1\x8d%\x08\x00\x00\x00\x00\
\x06\x00\x00\x00\x0dImport fail\
ed\x07\x00\x00\x00\x0bEditTaskT\
ab\x01\x03\x00\x00\x00\x1c|{T\x0de\xe0eH\
0\x02S\xea\x80\xfdO\x7fu(\x82\xf1e\x87[W\
{&0\x02\x08\x00\x00\x00\x00\x06\x00\x00\x004In\
valid Class Name\
. Must be Englis\
h characters onl\
y.\x07\x00\x00\x00\x0bEditTaskT\
ab\x01\x03\x00\x00\x006e\xe0eHv\x84e\x87\
N\xf6T\x0d0\x02S\xea\x80\xfdO\x7fu(\x82\xf1\
e\x87[Wk\xcd0\x01ep[W0\x01N\x0b\
R\x12~\xbfT\x8c\x8f\xde[W{&0\x02\x08\x00\
\x00\x00\x00\x06\x00\x00\x00KInvalid \
file name. Use E\
nglish letters, \
numbers, undersc\
ores, hyphens on\
ly.\x07\x00\x00\x00\x0bEditTask\
Tab\x01\x03\x00\x00\x00\x04c\x09\x95.\x08\x00\x00\
\x00\x00\x06\x00\x00\x00\x03Key\x07\x00\x00\x00\x0bE\
ditTaskTab\x01\x03\x00\x00\x00\x04\
e\xe5_\xd7\x08\x00\x00\x00\x00\x06\x00\x00\x00\x07Lo\
gging\x07\x00\x00\x00\x0bEditTa\
skTab\x01\x03\x00\x00\x00\x08e\xe0\x96P_\
\xaas\xaf\x08\x00\x00\x00\x00\x06\x00\x00\x00\x0fLoo\
p infinitely\x07\x00\x00\x00\
\x0bEditTaskTab\x01\x03\x00\x00\
\x00\x0c_\xaas\xafc\x07[\x9ak!ep\x08\x00\
\x00\x00\x00\x06\x00\x00\x00\x0cLoop x t\
imes\x07\x00\x00\x00\x0bEditTas\
kTab\x01\x03\x00\x00\x00\x04\x9f h\x07\x08\x00\
\x00\x00\x00\x06\x00\x00\x00\x05Mouse\x07\x00\x00\
\x00\x0bEditTaskTab\x01\x03\x00\
\x00\x00\x06N\x0d_\xaas\xaf\x08\x00\x00\x00\x00\x06\x00\
\x00\x00\x07No loop\x07\x00\x00\x00\x0bE\
ditTaskTab\x01\x03\x00\x00\x00\x12\
l\xa1g\x09S\xef[\xfcQ\xfav\x84N\xfbR\xa1\
0\x02\x08\x00\x00\x00\x00\x06\x00\x00\x00\x13No t\
asks to export.\x07\
\x00\x00\x00\x0bEditTaskTab\x01\
\x03\x00\x00\x00\x06\x00O\x00C\x00R\x08\x00\x00\x00\x00\
\x06\x00\x00\x00\x03OCR\x07\x00\x00\x00\x0bEdi\
tTaskTab\x01\x03\x00\x00\x00\x04xn\
[\x9a\x08\x00\x00\x00\x00\x06\x00\x00\x00\x02OK\x07\x00\
\x00\x00\x0bEditTaskTab\x01\x03\
\x00\x00\x00D\x00O\x00K\x00S\x00c\x00r\x00i\
\x00p\x00t\x00 e\x87N\xf6\x00 \x00(\x00*\
\x00.\x00o\x00k\x00s\x00c\x00r\x00i\x00p\
\x00t\x00)\x00;\x00;b@g\x09e\x87N\xf6\
\x00 \x00(\x00*\x00)\x08\x00\x00\x00\x00\x06\x00\x00\
\x00*OKScript Files\
 (*.okscript);;A\
ll Files (*)\x07\x00\x00\x00\
\x0bEditTaskTab\x01\x03\x00\x00\
\x00\x04QvN\xd6\x08\x00\x00\x00\x00\x06\x00\x00\x00\x05\
Other\x07\x00\x00\x00\x0bEditTa\
skTab\x01\x03\x00\x00\x00\x1c\x8b\xf7\x81\xf3\x5c\
\x11\x90\x09b\xe9N\x00N*N\xfbR\xa1\x8f\xdb\x88\
L[\xfcQ\xfa0\x02\x08\x00\x00\x00\x00\x06\x00\x00\x00\
*Please select a\
t least one task\
 to export.\x07\x00\x00\x00\x0b\
EditTaskTab\x01\x03\x00\x00\x00\
\x04_UR6\x08\x00\x00\x00\x00\x06\x00\x00\x00\x06R\
ecord\x07\x00\x00\x00\x0bEditTa\
skTab\x01\x03\x00\x00\x00\x22_UR6\x5c\
\x06\x89\x86v\xd6_SRM\x81\x1ag,\x90;\x8f\
\x910\x02f/T&~\xe7~\xed\xff\x1f\x08\x00\x00\
\x00\x00\x06\x00\x00\x008Record wi\
ll override the \
current script l\
ogic. Continue?\x07\
\x00\x00\x00\x0bEditTaskTab\x01\
\x03\x00\x00\x00@W(z\x97S\xe3\x00 \x00'\x00\
{\x00h\x00w\x00n\x00d\x00_\x00n\x00a\x00\
m\x00e\x00}\x00'\x00 Y\x04N\x8em;R\
\xa8r\xb6`\x01e\xf6\xff\x0c\x5c\x06_\x00Y\xcb_\
UR60\x02\x08\x00\x00\x00\x00\x06\x00\x00\x00>R\
ecording will st\
art when window \
'{hwnd_name}' be\
comes active.\x07\x00\x00\
\x00\x0bEditTaskTab\x01\x03\x00\
\x00\x00\x04\x8f\xd0\x88L\x08\x00\x00\x00\x00\x06\x00\x00\x00\
\x03Run\x07\x00\x00\x00\x0bEditTas\
kTab\x01\x03\x00\x00\x00\x04O\xdd[X\x08\x00\
\x00\x00\x00\x06\x00\x00\x00\x04Save\x07\x00\x00\x00\
\x0bEditTaskTab\x01\x03\x00\x00\
\x00\x08O\xdd[Xf\xf4e9\x08\x00\x00\x00\x00\x06\
\x00\x00\x00\x0cSave Changes\
\x07\x00\x00\x00\x0bEditTaskTab\
\x01\x03\x00\x00\x00\x0a\x81\x1ag,T\x0dy\xf0\xff\x1a\
\x08\x00\x00\x00\x00\x06\x00\x00\x00\x0cScript\
 Name:\x07\x00\x00\x00\x0bEditT\
askTab\x01\x03\x00\x00\x00\x1c\x81\x1ag,\
]\xf2b\x10R\x9f[\xfcQ\xfaR0N\x0b\x8f}\
e\x87N\xf6Y90\x02\x08\x00\x00\x00\x00\x06\x00\x00\
\x001Script exporte\
d successfully t\
o Downloads fold\
er.\x07\x00\x00\x00\x0bEditTask\
Tab\x01\x03\x00\x00\x00\x12\x81\x1ag,T\x0dy\
\xf0N:_\xc5Xk\x98y0\x02\x08\x00\x00\x00\x00\
\x06\x00\x00\x00\x18Script name\
 is required.\x07\x00\x00\
\x00\x0bEditTaskTab\x01\x03\x00\
\x00\x00\x0ed\x1c}\x22j!g\x7f\x00.\x00.\x00\
.\x08\x00\x00\x00\x00\x06\x00\x00\x00\x13Searc\
h templates...\x07\x00\
\x00\x00\x0bEditTaskTab\x01\x03\
\x00\x00\x00\x0c\x90\x09b\xe9\x81\x1ag,e\x87N\xf6\
\x08\x00\x00\x00\x00\x06\x00\x00\x00\x12Select\
 Script File\x07\x00\x00\x00\
\x0bEditTaskTab\x01\x03\x00\x00\
\x00\x12\x90\x09b\xe9\x89\x81[\xfcQ\xfav\x84N\xfb\
R\xa1\xff\x1a\x08\x00\x00\x00\x00\x06\x00\x00\x00\x17Se\
lect tasks to ex\
port:\x07\x00\x00\x00\x0bEditTa\
skTab\x01\x03\x00\x00\x00\x04P\x5ckb\x08\
\x00\x00\x00\x00\x06\x00\x00\x00\x04Stop\x07\x00\x00\
\x00\x0bEditTaskTab\x01\x03\x00\
\x00\x00\x04b\x10R\x9f\x08\x00\x00\x00\x00\x06\x00\x00\x00\
\x07Success\x07\x00\x00\x00\x0bEdi\
tTaskTab\x01\x03\x00\x00\x00\x12N\xfb\
R\xa1T\x0dy\xf0N\x0d\x80\xfdN:zz0\x02\
\x08\x00\x00\x00\x00\x06\x00\x00\x00\x16Task N\
ame is required.\
\x07\x00\x00\x00\x0bEditTaskTab\
\x01\x03\x00\x00\x00\x0eN\xfbR\xa1Y\x0dR6b\x10\
R\x9f0\x02\x08\x00\x00\x00\x00\x06\x00\x00\x00\x19Ta\
sk copied succes\
sfully.\x07\x00\x00\x00\x0bEdit\
TaskTab\x01\x03\x00\x00\x00\x0eN\xfbR\
\xa1R\x1b^\xfab\x10R\x9f0\x02\x08\x00\x00\x00\x00\
\x06\x00\x00\x00\x1aTask create\
d successfully.\x07\
\x00\x00\x00\x0bEditTaskTab\x01\
\x03\x00\x00\x00\x0eN\xfbR\xa1R \x96db\x10R\
\x9f0\x02\x08\x00\x00\x00\x00\x06\x00\x00\x00\x1aTas\
k deleted succes\
sfully.\x07\x00\x00\x00\x0bEdit\
TaskTab\x01\x03\x00\x00\x00\x10N\xfbR\
\xa1e\x87N\xf6]\xf2[XW(0\x02\x08\x00\x00\
\x00\x00\x06\x00\x00\x00\x19Task file\
 already exists.\
\x07\x00\x00\x00\x0bEditTaskTab\
\x01\x03\x00\x00\x00\x0eN\xfbR\xa1\x91\xcd^\xfab\x10\
R\x9f0\x02\x08\x00\x00\x00\x00\x06\x00\x00\x00\x1aTa\
sk rebuilt succe\
ssfully.\x07\x00\x00\x00\x0bEdi\
tTaskTab\x01\x03\x00\x00\x00\x08j!\
g\x7fS9\x91M\x08\x00\x00\x00\x00\x06\x00\x00\x00\x11\
Template Matchin\
g\x07\x00\x00\x00\x0bEditTaskTa\
b\x01\x03\x00\x00\x00$_SRMN\xfbR\xa1g\
\x09g*O\xdd[Xv\x84f\xf4e90\x02f\
/T&\x89\x81O\xdd[X\xff\x1f\x08\x00\x00\x00\x00\
\x06\x00\x00\x00?The current\
 task has unsave\
d changes. Do yo\
u want to save t\
hem?\x07\x00\x00\x00\x0bEditTas\
kTab\x01\x03\x00\x00\x00*e\x87N\xf6]\xf2\
\x88\xabY\x16\x90\xe8O\xeee90\x02f/T&\
\x89\x81\x89\x86v\xd6g*O\xdd[Xv\x84f\xf4\
e9\xff\x1f\x08\x00\x00\x00\x00\x06\x00\x00\x00PTh\
e file was modif\
ied externally. \
Do you want to o\
verwrite your un\
saved changes?\x07\x00\
\x00\x00\x0bEditTaskTab\x01\x03\
\x00\x00\x00\x06rHg,\xff\x1a\x08\x00\x00\x00\x00\x06\
\x00\x00\x00\x08Version:\x07\x00\x00\x00\
\x0bEditTaskTab\x01\x03\x00\x00\
\x00\x04\x8bfTJ\x08\x00\x00\x00\x00\x06\x00\x00\x00\x07\
Warning\x07\x00\x00\x00\x0bEdit\
TaskTab\x01\x03\x00\x00\x00\x04z\x97S\
\xe3\x08\x00\x00\x00\x00\x06\x00\x00\x00\x06Windo\
w\x07\x00\x00\x00\x0bEditTaskTa\
b\x01\x03\x00\x00\x00\x12\x00A\x00D\x00B\x00 \x00\
S\x00h\x00e\x00l\x00l\x08\x00\x00\x00\x00\x06\x00\
\x00\x00\x09adb_shell\x07\x00\x00\x00\
\x0bEditTaskTab\x01\x03\x00\x00\
\x00\x12\x00A\x00D\x00B\x00 \x00U\x00I\x00 \
[\xfcQ\xfa\x08\x00\x00\x00\x00\x06\x00\x00\x00\x0bad\
b_ui_dump\x07\x00\x00\x00\x0bEd\
itTaskTab\x01\x03\x00\x00\x00\x0cm\
\xfbR\xa0e\x87g,O\xeekc\x08\x00\x00\x00\x00\
\x06\x00\x00\x00\x0cadd_text_fi\
x\x07\x00\x00\x00\x0bEditTaskTa\
b\x01\x03\x00\x00\x00\x04\x8f\xd4V\xde\x08\x00\x00\x00\x00\
\x06\x00\x00\x00\x04back\x07\x00\x00\x00\x0bEd\
itTaskTab\x01\x03\x00\x00\x00\x06w\
\xe9_bhF\x08\x00\x00\x00\x00\x06\x00\x00\x00\x03b\
ox\x07\x00\x00\x00\x0bEditTaskT\
ab\x01\x03\x00\x00\x00\x0al4^s\x5cEN-\
hF\x08\x00\x00\x00\x00\x06\x00\x00\x00\x18box_\
in_horizontal_ce\
nter\x07\x00\x00\x00\x0bEditTas\
kTab\x01\x03\x00\x00\x00\x06\x5cO^UhF\
\x08\x00\x00\x00\x00\x06\x00\x00\x00\x0dbox_of\
_screen\x07\x00\x00\x00\x0bEdit\
TaskTab\x01\x03\x00\x00\x00\x0e\x7f)e\
>T\x0ev\x84\x5cO^UhF\x08\x00\x00\x00\x00\
\x06\x00\x00\x00\x14box_of_scre\
en_scaled\x07\x00\x00\x00\x0bEd\
itTaskTab\x01\x03\x00\x00\x00\x0e\x8b\
\xa1{\x97\x98\x9c\x82rv~R\x06k\xd4\x08\x00\x00\
\x00\x00\x06\x00\x00\x00\x1acalculate\
_color_percentag\
e\x07\x00\x00\x00\x0bEditTaskTa\
b\x01\x03\x00\x00\x00\x06n\x05\x96dhF\x08\x00\x00\
\x00\x00\x06\x00\x00\x00\x09clear_box\
\x07\x00\x00\x00\x0bEditTaskTab\
\x01\x03\x00\x00\x00\x04p\xb9Q\xfb\x08\x00\x00\x00\x00\x06\
\x00\x00\x00\x05click\x07\x00\x00\x00\x0bEd\
itTaskTab\x01\x03\x00\x00\x00\x06p\
\xb9Q\xfbhF\x08\x00\x00\x00\x00\x06\x00\x00\x00\x09c\
lick_box\x07\x00\x00\x00\x0bEdi\
tTaskTab\x01\x03\x00\x00\x00\x14Y\x82\
g\x9cT\x0dy\xf0S9\x91MR\x19p\xb9Q\xfb\
hF\x08\x00\x00\x00\x00\x06\x00\x00\x00\x17clic\
k_box_if_name_ma\
tch\x07\x00\x00\x00\x0bEditTask\
Tab\x01\x03\x00\x00\x00\x08v\xf8[\xf9p\xb9Q\
\xfb\x08\x00\x00\x00\x00\x06\x00\x00\x00\x0eclick\
_relative\x07\x00\x00\x00\x0bEd\
itTaskTab\x01\x03\x00\x00\x00\x06R\
j\x8d4g\x7f\x08\x00\x00\x00\x00\x06\x00\x00\x00\x09c\
lipboard\x07\x00\x00\x00\x0bEdi\
tTaskTab\x01\x03\x00\x00\x00\x0cR\x1b\
^\xfa_\xebcwe\xb9_\x0f\x08\x00\x00\x00\x00\x06\
\x00\x00\x00\x0fcreate_short\
cut\x07\x00\x00\x00\x0bEditTask\
Tab\x01\x03\x00\x00\x00\x08y\x81u(N\xfbR\
\xa1\x08\x00\x00\x00\x00\x06\x00\x00\x00\x07disab\
le\x07\x00\x00\x00\x0bEditTaskT\
ab\x01\x03\x00\x00\x00\x06~\xd8R6hF\x08\x00\
\x00\x00\x00\x06\x00\x00\x00\x0adraw_box\
es\x07\x00\x00\x00\x0bEditTaskT\
ab\x01\x03\x00\x00\x00\x08T/u(N\xfbR\xa1\
\x08\x00\x00\x00\x00\x06\x00\x00\x00\x06enable\
\x07\x00\x00\x00\x0bEditTaskTab\
\x01\x03\x00\x00\x00\x0axnO\xddW(g\x00RM\
\x08\x00\x00\x00\x00\x06\x00\x00\x00\x0fensure\
_in_front\x07\x00\x00\x00\x0bEd\
itTaskTab\x01\x03\x00\x00\x00\x0cr\
y_\x81f/T&[XW(\x08\x00\x00\x00\x00\
\x06\x00\x00\x00\x0efeature_exi\
sts\x07\x00\x00\x00\x0bEditTask\
Tab\x01\x03\x00\x00\x00\x04g\xe5b~\x08\x00\x00\
\x00\x00\x06\x00\x00\x00\x04find\x07\x00\x00\x00\x0b\
EditTaskTab\x01\x03\x00\x00\x00\
\x12W(hFQ\x85g\xe5b~g\x00OsS\
9\x91M\x08\x00\x00\x00\x00\x06\x00\x00\x00\x16fin\
d_best_match_in_\
box\x07\x00\x00\x00\x0bEditTask\
Tab\x01\x03\x00\x00\x00\x0ag\xe5b~Y\x1aN\
*hF\x08\x00\x00\x00\x00\x06\x00\x00\x00\x0afin\
d_boxes\x07\x00\x00\x00\x0bEdit\
TaskTab\x01\x03\x00\x00\x00\x08g\xe5b\
~ry_\x81\x08\x00\x00\x00\x00\x06\x00\x00\x00\x0cf\
ind_feature\x07\x00\x00\x00\x0b\
EditTaskTab\x01\x03\x00\x00\x00\
\x0eg\xe5b~ry_\x81^v\x8b\xbe\x7fn\x08\
\x00\x00\x00\x00\x06\x00\x00\x00\x14find_fe\
ature_and_set\x07\x00\x00\
\x00\x0bEditTaskTab\x01\x03\x00\
\x00\x00\x12W(hFQ\x85g\xe5b~\x99\x96N\
*S9\x91M\x08\x00\x00\x00\x00\x06\x00\x00\x00\x17f\
ind_first_match_\
in_box\x07\x00\x00\x00\x0bEditT\
askTab\x01\x03\x00\x00\x00\x08g\xe5b~\
N\x00N*\x08\x00\x00\x00\x00\x06\x00\x00\x00\x08fi\
nd_one\x07\x00\x00\x00\x0bEditT\
askTab\x01\x03\x00\x00\x00\x0cc\x09T\x0d\
y\xf0\x83\xb7S\xd6hF\x08\x00\x00\x00\x00\x06\x00\x00\
\x00\x0fget_box_by_nam\
e\x07\x00\x00\x00\x0bEditTaskTa\
b\x01\x03\x00\x00\x00\x0ec\x09T\x0dy\xf0\x83\xb7S\
\xd6ry_\x81\x08\x00\x00\x00\x00\x06\x00\x00\x00\x13g\
et_feature_by_na\
me\x07\x00\x00\x00\x0bEditTaskT\
ab\x01\x03\x00\x00\x00\x08\x83\xb7S\xd6r\xb6`\x01\
\x08\x00\x00\x00\x00\x06\x00\x00\x00\x0aget_st\
atus\x07\x00\x00\x00\x0bEditTas\
kTab\x01\x03\x00\x00\x00\x10\x90\x1a\x8f\xc7|{\
T\x0d\x83\xb7S\xd6N\xfbR\xa1\x08\x00\x00\x00\x00\x06\
\x00\x00\x00\x11get_task_by_\
class\x07\x00\x00\x00\x0bEditTa\
skTab\x01\x03\x00\x00\x00\x0a\x8flR0h\
\x07{~\x98u\x08\x00\x00\x00\x00\x06\x00\x00\x00\x09g\
o_to_tab\x07\x00\x00\x00\x0bEdi\
tTaskTab\x01\x03\x00\x00\x00\x08\x5cO\
^U\x9a\xd8^\xa6\x08\x00\x00\x00\x00\x06\x00\x00\x00\x10\
height_of_screen\
\x07\x00\x00\x00\x0bEditTaskTab\
\x01\x03\x00\x00\x00\x08O\xe1`oX\x9eR\xa0\x08\x00\
\x00\x00\x00\x06\x00\x00\x00\x08info_add\
\x07\x00\x00\x00\x0bEditTaskTab\
\x01\x03\x00\x00\x00\x0eO\xe1`om\xfbR\xa0R0\
R\x17\x88h\x08\x00\x00\x00\x00\x06\x00\x00\x00\x10in\
fo_add_to_list\x07\x00\
\x00\x00\x0bEditTaskTab\x01\x03\
\x00\x00\x00\x08O\xe1`on\x05\x96d\x08\x00\x00\x00\
\x00\x06\x00\x00\x00\x0ainfo_clear\
\x07\x00\x00\x00\x0bEditTaskTab\
\x01\x03\x00\x00\x00\x08O\xe1`o\x83\xb7S\xd6\x08\x00\
\x00\x00\x00\x06\x00\x00\x00\x08info_get\
\x07\x00\x00\x00\x0bEditTaskTab\
\x01\x03\x00\x00\x00\x08O\xe1`o\x90\x12X\x9e\x08\x00\
\x00\x00\x00\x06\x00\x00\x00\x09info_inc\
r\x07\x00\x00\x00\x0bEditTaskTa\
b\x01\x03\x00\x00\x00\x08O\xe1`o\x8b\xbe\x7fn\x08\
\x00\x00\x00\x00\x06\x00\x00\x00\x08info_se\
t\x07\x00\x00\x00\x0bEditTaskTa\
b\x01\x03\x00\x00\x00\x08\x8f\x93Qee\x87g,\x08\
\x00\x00\x00\x00\x06\x00\x00\x00\x0ainput_t\
ext\x07\x00\x00\x00\x0bEditTask\
Tab\x01\x03\x00\x00\x00\x0cf/T&N:\x00\
A\x00D\x00B\x08\x00\x00\x00\x00\x06\x00\x00\x00\x06i\
s_adb\x07\x00\x00\x00\x0bEditTa\
skTab\x01\x03\x00\x00\x00\x0cf/T&N\
:mO\x89\xc8Vh\x08\x00\x00\x00\x00\x06\x00\x00\x00\
\x0ais_browser\x07\x00\x00\x00\x0b\
EditTaskTab\x01\x03\x00\x00\x00\
\x08\x8b\xb0_U\x8c\x03\x8b\xd5\x08\x00\x00\x00\x00\x06\x00\
\x00\x00\x09log_debug\x07\x00\x00\x00\
\x0bEditTaskTab\x01\x03\x00\x00\
\x00\x08\x8b\xb0_U\x95\x19\x8b\xef\x08\x00\x00\x00\x00\x06\
\x00\x00\x00\x09log_error\x07\x00\x00\
\x00\x0bEditTaskTab\x01\x03\x00\
\x00\x00\x08\x8b\xb0_UO\xe1`o\x08\x00\x00\x00\x00\
\x06\x00\x00\x00\x08log_info\x07\x00\x00\
\x00\x0bEditTaskTab\x01\x03\x00\
\x00\x00\x08\x8b\xb0_U\x8bfTJ\x08\x00\x00\x00\x00\
\x06\x00\x00\x00\x0blog_warning\
\x07\x00\x00\x00\x0bEditTaskTab\
\x01\x03\x00\x00\x00\x08N-\x95.p\xb9Q\xfb\x08\x00\
\x00\x00\x00\x06\x00\x00\x00\x0cmiddle_c\
lick\x07\x00\x00\x00\x0bEditTas\
kTab\x01\x03\x00\x00\x00\x0cv\xf8[\xf9N-\
\x95.p\xb9Q\xfb\x08\x00\x00\x00\x00\x06\x00\x00\x00\x15\
middle_click_rel\
ative\x07\x00\x00\x00\x0bEditTa\
skTab\x01\x03\x00\x00\x00\x08\x9f h\x07c\
\x09N\x0b\x08\x00\x00\x00\x00\x06\x00\x00\x00\x0amou\
se_down\x07\x00\x00\x00\x0bEdit\
TaskTab\x01\x03\x00\x00\x00\x08\x9f h\
\x07g~_\x00\x08\x00\x00\x00\x00\x06\x00\x00\x00\x08m\
ouse_up\x07\x00\x00\x00\x0bEdit\
TaskTab\x01\x03\x00\x00\x00\x08y\xfbR\
\xa8\x9f h\x07\x08\x00\x00\x00\x00\x06\x00\x00\x00\x04m\
ove\x07\x00\x00\x00\x0bEditTask\
Tab\x01\x03\x00\x00\x00\x0cv\xf8[\xf9y\xfbR\
\xa8\x9f h\x07\x08\x00\x00\x00\x00\x06\x00\x00\x00\x0dm\
ove_relative\x07\x00\x00\x00\
\x0bEditTaskTab\x01\x03\x00\x00\
\x00\x06N\x0bN\x00^'\x08\x00\x00\x00\x00\x06\x00\x00\
\x00\x0anext_frame\x07\x00\x00\x00\
\x0bEditTaskTab\x01\x03\x00\x00\
\x00\x04\x90\x1aw\xe5\x08\x00\x00\x00\x00\x06\x00\x00\x00\x0c\
notification\x07\x00\x00\x00\
\x0bEditTaskTab\x01\x03\x00\x00\
\x00\x0e\x00O\x00C\x00Re\x87[W\x8b\xc6R+\
\x08\x00\x00\x00\x00\x06\x00\x00\x00\x03ocr\x07\x00\x00\
\x00\x0bEditTaskTab\x01\x03\x00\
\x00\x00\x08\x8d\x85Q\xfak\xd4O\x8b\x08\x00\x00\x00\x00\
\x06\x00\x00\x00\x0cout_of_rati\
o\x07\x00\x00\x00\x0bEditTaskTa\
b\x01\x03\x00\x00\x00\x04f\x82P\x5c\x08\x00\x00\x00\x00\
\x06\x00\x00\x00\x05pause\x07\x00\x00\x00\x0bE\
ditTaskTab\x01\x03\x00\x00\x00\x08\
S\xf3\x95.p\xb9Q\xfb\x08\x00\x00\x00\x00\x06\x00\x00\
\x00\x0bright_click\x07\x00\x00\
\x00\x0bEditTaskTab\x01\x03\x00\
\x00\x00\x04b*V\xfe\x08\x00\x00\x00\x00\x06\x00\x00\x00\
\x0ascreenshot\x07\x00\x00\x00\x0b\
EditTaskTab\x01\x03\x00\x00\x00\
\x04n\xdaR\xa8\x08\x00\x00\x00\x00\x06\x00\x00\x00\x06s\
croll\x07\x00\x00\x00\x0bEditTa\
skTab\x01\x03\x00\x00\x00\x08v\xf8[\xf9n\
\xdaR\xa8\x08\x00\x00\x00\x00\x06\x00\x00\x00\x0fscr\
oll_relative\x07\x00\x00\x00\
\x0bEditTaskTab\x01\x03\x00\x00\
\x00\x08S\xd1\x90\x01c\x09\x95.\x08\x00\x00\x00\x00\x06\
\x00\x00\x00\x08send_key\x07\x00\x00\x00\
\x0bEditTaskTab\x01\x03\x00\x00\
\x00\x08c\x09N\x0bc\x09\x95.\x08\x00\x00\x00\x00\x06\
\x00\x00\x00\x0dsend_key_dow\
n\x07\x00\x00\x00\x0bEditTaskTa\
b\x01\x03\x00\x00\x00\x08g~_\x00c\x09\x95.\x08\
\x00\x00\x00\x00\x06\x00\x00\x00\x0bsend_ke\
y_up\x07\x00\x00\x00\x0bEditTas\
kTab\x01\x03\x00\x00\x00\x04O\x11w \x08\x00\
\x00\x00\x00\x06\x00\x00\x00\x05sleep\x07\x00\x00\
\x00\x0bEditTaskTab\x01\x03\x00\
\x00\x00\x08O\x11w h\xc0g\xe5\x08\x00\x00\x00\x00\
\x06\x00\x00\x00\x0bsleep_check\
\x07\x00\x00\x00\x0bEditTaskTab\
\x01\x03\x00\x00\x00\x08T/R\xa8\x8b\xbeY\x07\x08\x00\
\x00\x00\x00\x06\x00\x00\x00\x0cstart_de\
vice\x07\x00\x00\x00\x0bEditTas\
kTab\x01\x03\x00\x00\x00\x04n\xd1R\xa8\x08\x00\
\x00\x00\x00\x06\x00\x00\x00\x05swipe\x07\x00\x00\
\x00\x0bEditTaskTab\x01\x03\x00\
\x00\x00\x08v\xf8[\xf9n\xd1R\xa8\x08\x00\x00\x00\x00\
\x06\x00\x00\x00\x0eswipe_relat\
ive\x07\x00\x00\x00\x0bEditTask\
Tab\x01\x03\x00\x00\x00\x04\x7f\xfb\x8b\xd1\x08\x00\x00\
\x00\x00\x06\x00\x00\x00\x02tr\x07\x00\x00\x00\x0bEd\
itTaskTab\x01\x03\x00\x00\x00\x04\x89\
\xe6S\xd1\x08\x00\x00\x00\x00\x06\x00\x00\x00\x07tri\
gger\x07\x00\x00\x00\x0bEditTas\
kTab\x01\x03\x00\x00\x00\x04`bY\x0d\x08\x00\
\x00\x00\x00\x06\x00\x00\x00\x07unpause\x07\
\x00\x00\x00\x0bEditTaskTab\x01\
\x03\x00\x00\x00\x0c{I_\x85^vp\xb9Q\xfbh\
F\x08\x00\x00\x00\x00\x06\x00\x00\x00\x0ewait_\
click_box\x07\x00\x00\x00\x0bEd\
itTaskTab\x01\x03\x00\x00\x00\x0e{\
I_\x85^vp\xb9Q\xfbry_\x81\x08\x00\x00\
\x00\x00\x06\x00\x00\x00\x12wait_clic\
k_feature\x07\x00\x00\x00\x0bEd\
itTaskTab\x01\x03\x00\x00\x00\x14{\
I_\x85^vp\xb9Q\xfb\x00O\x00C\x00Re\
\x87[W\x08\x00\x00\x00\x00\x06\x00\x00\x00\x0ewai\
t_click_ocr\x07\x00\x00\x00\x0b\
EditTaskTab\x01\x03\x00\x00\x00\
\x08{I_\x85ry_\x81\x08\x00\x00\x00\x00\x06\x00\
\x00\x00\x0cwait_feature\x07\
\x00\x00\x00\x0bEditTaskTab\x01\
\x03\x00\x00\x00\x0e{I_\x85\x00O\x00C\x00Re\
\x87[W\x08\x00\x00\x00\x00\x06\x00\x00\x00\x08wai\
t_ocr\x07\x00\x00\x00\x0bEditTa\
skTab\x01\x03\x00\x00\x00\x08{I_\x85v\
\xf4R0\x08\x00\x00\x00\x00\x06\x00\x00\x00\x0awai\
t_until\x07\x00\x00\x00\x0bEdit\
TaskTab\x01\x03\x00\x00\x00\x08\x5cO^\
U[\xbd^\xa6\x08\x00\x00\x00\x00\x06\x00\x00\x00\x0fw\
idth_of_screen\x07\x00\
\x00\x00\x0bEditTaskTab\x01\x03\
\x00\x00\x00\x08\x91\xcd\x7fn\x91M\x7fn\x08\x00\x00\x00\
\x00\x06\x00\x00\x00\x0cReset Conf\
ig\x07\x00\x00\x00\x10GlobalCon\
figCard\x01\x03\x00\x00\x00\x08\x91\xcd\x7f\
n\x91M\x7fn\x08\x00\x00\x00\x00\x06\x00\x00\x00\x0cR\
eset Config\x07\x00\x00\x00\x0f\
GlobalConfigTab\x01\
\x03\x00\x00\x00\x04S\xd6m\x88\x08\x00\x00\x00\x00\x06\x00\
\x00\x00\x06Cancel\x07\x00\x00\x00\x0bHw\
ndChooser\x01\x03\x00\x00\x00\x08\x90\
\x09b\xe9z\x97S\xe3\x08\x00\x00\x00\x00\x06\x00\x00\x00\
\x0dChoose Window\x07\x00\
\x00\x00\x0bHwndChooser\x01\x03\
\x00\x00\x00\x04xn\x8b\xa4\x08\x00\x00\x00\x00\x06\x00\x00\
\x00\x07Confirm\x07\x00\x00\x00\x0bHw\
ndChooser\x01\x03\x00\x00\x00\x0c\x00\
{\x00}\x00 ]\xf2\x90\x09b\xe9\x08\x00\x00\x00\x00\
\x06\x00\x00\x00\x0b{} Selected\
\x07\x00\x00\x00\x0bHwndChooser\
\x01\x03\x00\x00\x00\x04S\xd6m\x88\x08\x00\x00\x00\x00\x06\
\x00\x00\x00\x06Cancel\x07\x00\x00\x00\x13I\
mportWarningDial\
og\x01\x03\x00\x00\x00\x04xn\x8b\xa4\x08\x00\x00\x00\
\x00\x06\x00\x00\x00\x07Confirm\x07\x00\x00\
\x00\x13ImportWarningD\
ialog\x01\x03\x00\x00\x00\x1cb\x11N\x86\x89\
\xe3\x98\xce\x96i^v^\x0cg\x1b[\xfcQek\
d\x81\x1ag,0\x02\x08\x00\x00\x00\x00\x06\x00\x00\x00\
6I understand th\
e risks and want\
 to import this \
script.\x07\x00\x00\x00\x13Impo\
rtWarningDialog\x01\
\x03\x00\x00\x00x\x8b\xf7xnO\xdd`\xa8O\xe1N\
\xfb\x81\x1ag,S\xd1^\x03\x80\x05\xff\x0cg*~\
\xcf\x9a\x8c\x8b\xc1v\x84\x81\x1ag,S\xef\x80\xfdO\
\x1a\xff\x08OFN\x0d\x96PN\x8e\xff\x09z\x83S\
\xd6`\xa8v\x84\x8d&b7\x00/epcn\x00\
/\x91\xd1\x94\xb1\xff\x0cx4WO`\xa8v\x84e\
pcn\xff\x0cb\x16c_WO\x00/c\xa7R\
6`\xa8v\x84\x8b\xa1{\x97g:0\x02\x08\x00\x00\
\x00\x00\x06\x00\x00\x00\xabMake sure\
 that you trust \
the script publi\
sher, unverified\
 script can and \
not limited to s\
teal your accoun\
t/ data money, d\
estroy your data\
, harm/ controll\
ing your compute\
r.\x07\x00\x00\x00\x13ImportWar\
ningDialog\x01\x03\x00\x00\x00\x04\
\x8bfTJ\x08\x00\x00\x00\x00\x06\x00\x00\x00\x07Wa\
rning\x07\x00\x00\x00\x13Import\
WarningDialog\x01\x03\x00\
\x00\x00\x10b@g\x09e\x87N\xf6\x00 \x00(\x00\
*\x00)\x08\x00\x00\x00\x00\x06\x00\x00\x00\x0dAll\
 Files (*)\x07\x00\x00\x00\x14L\
abelAndFileSelec\
tor\x01\x03\x00\x00\x00\x04mO\x89\xc8\x08\x00\x00\
\x00\x00\x06\x00\x00\x00\x06Browse\x07\x00\x00\
\x00\x14LabelAndFileSe\
lector\x01\x03\x00\x00\x00\x08\x90\x09b\xe9\
e\x87N\xf6\x08\x00\x00\x00\x00\x06\x00\x00\x00\x0bSe\
lect File\x07\x00\x00\x00\x14La\
belAndFileSelect\
or\x01\x03\x00\x00\x00\x10\x90\x09b\xe9e\x87N\xf6\
b\x16e\x87N\xf6Y9\x08\x00\x00\x00\x00\x06\x00\x00\
\x00\x15Select File or\
 Folder\x07\x00\x00\x00\x14Labe\
lAndFileSelector\
\x01\x03\x00\x00\x00\x0a\x90\x09b\xe9e\x87N\xf6Y9\
\x08\x00\x00\x00\x00\x06\x00\x00\x00\x0dSelect\
 Folder\x07\x00\x00\x00\x14Labe\
lAndFileSelector\
\x01\x03\x00\x00\x00\x06S\xbb\x8b\xbe\x7fn\x08\x00\x00\x00\
\x00\x06\x00\x00\x00\x0cGo to Conf\
ig\x07\x00\x00\x00\x0eLabelAndG\
lobal\x01\x03\x00\x00\x00\x02T&\x08\x00\x00\
\x00\x00\x06\x00\x00\x00\x02No\x07\x00\x00\x00\x14La\
belAndSwitchButt\
on\x01\x03\x00\x00\x00\x02f/\x08\x00\x00\x00\x00\x06\
\x00\x00\x00\x03Yes\x07\x00\x00\x00\x14Labe\
lAndSwitchButton\
\x01\x03\x00\x00\x00\x0e\x00D\x00i\x00s\x00c\x00o\
\x00r\x00d\x08\x00\x00\x00\x00\x06\x00\x00\x00\x07Di\
scord\x07\x00\x00\x00\x08LinksB\
ar\x01\x03\x00\x00\x00\x04N\x0b\x8f}\x08\x00\x00\x00\
\x00\x06\x00\x00\x00\x08Download\x07\x00\
\x00\x00\x08LinksBar\x01\x03\x00\x00\x00\
\x08^8\x89\xc1\x95\xee\x98\x98\x08\x00\x00\x00\x00\x06\x00\
\x00\x00\x03FAQ\x07\x00\x00\x00\x08Links\
Bar\x01\x03\x00\x00\x00\x0c\x00G\x00i\x00t\x00\
H\x00u\x00b\x08\x00\x00\x00\x00\x06\x00\x00\x00\x06G\
itHub\x07\x00\x00\x00\x08LinksB\
ar\x01\x03\x00\x00\x00\x0cR\x06N\xabN\x0b\x8f}\
\x94\xfec\xa5\x08\x00\x00\x00\x00\x06\x00\x00\x00\x05Sh\
are\x07\x00\x00\x00\x08LinksBar\
\x01\x03\x00\x00\x00\x18R\x06N\xab\x94\xfec\xa5]\xf2\
~\xcfY\x0dR6R0RjR\x07g\x7f\x08\x00\
\x00\x00\x00\x06\x00\x00\x00\x1eShare Li\
nk copied to cli\
pboard\x07\x00\x00\x00\x08Links\
Bar\x01\x03\x00\x00\x00\x04\x8d^R\xa9\x08\x00\x00\
\x00\x00\x06\x00\x00\x00\x07Sponsor\x07\x00\
\x00\x00\x08LinksBar\x01\x03\x00\x00\x00\
\x08Qh\x90\xe8~\xa7R+\x08\x00\x00\x00\x00\x06\x00\
\x00\x00\x0aAll Levels\x07\x00\x00\
\x00\x09LogWindow\x01\x03\x00\x00\x00\
\x04n\x05zz\x08\x00\x00\x00\x00\x06\x00\x00\x00\x05C\
lear\x07\x00\x00\x00\x09LogWind\
ow\x01\x03\x00\x00\x00\x04Qs\x95\xed\x08\x00\x00\x00\
\x00\x06\x00\x00\x00\x05Close\x07\x00\x00\x00\x09\
LogWindow\x01\x03\x00\x00\x00\x04b\
\xd6R\xa8\x08\x00\x00\x00\x00\x06\x00\x00\x00\x04Dra\
g\x07\x00\x00\x00\x09LogWindow\x01\
\x03\x00\x00\x00\x0e\x8f\xc7n\xe4e\xe5_\xd7\x00.\x00\
.\x00.\x08\x00\x00\x00\x00\x06\x00\x00\x00\x0eFil\
ter logs...\x07\x00\x00\x00\x09\
LogWindow\x01\x03\x00\x00\x00\x08b\
S_\x00e\xe5_\xd7\x08\x00\x00\x00\x00\x06\x00\x00\x00\
\x09Open Logs\x07\x00\x00\x00\x09L\
ogWindow\x01\x03\x00\x00\x00\x04f\x82\
P\x5c\x08\x00\x00\x00\x00\x06\x00\x00\x00\x05Paus\
e\x07\x00\x00\x00\x09LogWindow\x01\
\x03\x00\x00\x00\x04\x7fn\x98v\x08\x00\x00\x00\x00\x06\x00\
\x00\x00\x03Pin\x07\x00\x00\x00\x09LogWi\
ndow\x01\x03\x00\x00\x00\x04~\xe7~\xed\x08\x00\
\x00\x00\x00\x06\x00\x00\x00\x06Resume\x07\x00\
\x00\x00\x09LogWindow\x01\x03\x00\x00\
\x00\x08S\xd6m\x88\x7fn\x98v\x08\x00\x00\x00\x00\x06\
\x00\x00\x00\x05Unpin\x07\x00\x00\x00\x09Lo\
gWindow\x01\x03\x00\x00\x00\x08g\xe5w\
\x0be\xe5_\xd7\x08\x00\x00\x00\x00\x06\x00\x00\x00\x08V\
iew Log\x07\x00\x00\x00\x09LogW\
indow\x01\x03\x00\x00\x00 {I_\x85\x00\
 \x00o\x00k\x00-\x00s\x00c\x00r\x00i\x00\
p\x00t\x00.\x00l\x00o\x00g\x08\x00\x00\x00\x00\
\x06\x00\x00\x00\x19Waiting for\
 ok-script.log\x07\x00\
\x00\x00\x09LogWindow\x01\x03\x00\x00\
\x00\x02ga\x08\x00\x00\x00\x00\x06\x00\x00\x00\x07re\
cords\x07\x00\x00\x00\x09LogWin\
dow\x01\x03\x00\x00\x00\x04QsN\x8e\x08\x00\x00\
\x00\x00\x06\x00\x00\x00\x05About\x07\x00\x00\x00\
\x0aMainWindow\x01\x03\x00\x00\x00\
\x08b*V\xfee\xb9_\x0f\x08\x00\x00\x00\x00\x06\x00\
\x00\x00\x07Capture\x07\x00\x00\x00\x0aM\
ainWindow\x01\x03\x00\x00\x00\x08b\
*V\xfe\x95\x19\x8b\xef\x08\x00\x00\x00\x00\x06\x00\x00\x00\
\x0dCapture Error\x07\x00\
\x00\x00\x0aMainWindow\x01\x03\x00\
\x00\x00\x08_\x00S\xd1]\xe5Qw\x08\x00\x00\x00\x00\
\x06\x00\x00\x00\x05Debug\x07\x00\x00\x00\x0aM\
ainWindow\x01\x03\x00\x00\x00\x04\x95\
\x19\x8b\xef\x08\x00\x00\x00\x00\x06\x00\x00\x00\x05Err\
or\x07\x00\x00\x00\x0aMainWindo\
w\x01\x03\x00\x00\x00\x04\x90\x00Q\xfa\x08\x00\x00\x00\x00\
\x06\x00\x00\x00\x04Exit\x07\x00\x00\x00\x0aMa\
inWindow\x01\x03\x00\x00\x00\x04c\xd0\
y:\x08\x00\x00\x00\x00\x06\x00\x00\x00\x04Info\
\x07\x00\x00\x00\x0aMainWindow\x01\
\x03\x00\x00\x00\x06]\xf2f\x82P\x5c\x08\x00\x00\x00\x00\
\x06\x00\x00\x00\x0ePause Succe\
ss.\x07\x00\x00\x00\x0aMainWind\
ow\x01\x03\x00\x00\x00\x1a\x8b\xf7h\xc0g\xe5n8\
b\x0fz\x97S\xe3f/T&kcxn\x90\x09\
b\xe9\x08\x00\x00\x00\x00\x06\x00\x00\x00;Plea\
se check whether\
 the game window\
 is selected cor\
rectly!\x07\x00\x00\x00\x0aMain\
Window\x01\x03\x00\x00\x00\x06kc_\x0f\
rH\x08\x00\x00\x00\x00\x06\x00\x00\x00\x07Rele\
ase\x07\x00\x00\x00\x0aMainWind\
ow\x01\x03\x00\x00\x00\x08\x8f\xd0\x88LN\xe3x\x01\
\x08\x00\x00\x00\x00\x06\x00\x00\x00\x08Run Co\
de\x07\x00\x00\x00\x0aMainWindo\
w\x01\x03\x00\x00\x00\x08\x8b\xa1R\x12N\xfbR\xa1\x08\
\x00\x00\x00\x00\x06\x00\x00\x00\x08Schedul\
e\x07\x00\x00\x00\x0aMainWindow\
\x01\x03\x00\x00\x00\x04\x81\x1ag,\x08\x00\x00\x00\x00\x06\
\x00\x00\x00\x06Script\x07\x00\x00\x00\x0aM\
ainWindow\x01\x03\x00\x00\x00\x04\x8b\
\xbe\x7fn\x08\x00\x00\x00\x00\x06\x00\x00\x00\x08Set\
tings\x07\x00\x00\x00\x0aMainWi\
ndow\x01\x03\x00\x00\x00\x08T/R\xa8b\x10\
R\x9f\x08\x00\x00\x00\x00\x06\x00\x00\x00\x0eStar\
t Success.\x07\x00\x00\x00\x0aM\
ainWindow\x01\x03\x00\x00\x00\x04N\
\xfbR\xa1\x08\x00\x00\x00\x00\x06\x00\x00\x00\x05Tas\
ks\x07\x00\x00\x00\x0aMainWindo\
w\x01\x03\x00\x00\x00\x04j!g\x7f\x08\x00\x00\x00\x00\
\x06\x00\x00\x00\x09Templates\x07\x00\
\x00\x00\x0aMainWindow\x01\x03\x00\
\x00\x008\x8f\xd9f/N\x00N*QM\x8d9\x8f\
oN\xf6\x00,\x00 Y\x82g\x9cO`N\xceN\
\xfbOUW0e\xb9\x8d-Np\x00,\x00 \x8b\
\xf7u3\x8b\xf7\x90\x00k>\x00!\x08\x00\x00\x00\x00\
\x06\x00\x00\x00ZThis is a f\
ree software. If\
 you purchased t\
his anywhere, re\
quest a refund f\
rom the seller.\x07\
\x00\x00\x00\x0aMainWindow\x01\x03\
\x00\x00\x00\x08[\x9ee\xf6\x89\xe6S\xd1\x08\x00\x00\x00\
\x00\x06\x00\x00\x00\x08Triggers\x07\x00\
\x00\x00\x0aMainWindow\x01\x03\x00\
\x00\x00\x08f\xf4e\xb0rHg,\x08\x00\x00\x00\x00\
\x06\x00\x00\x00\x06Update\x07\x00\x00\x00\x0a\
MainWindow\x01\x03\xff\xff\xff\xff\
\x08\x00\x00\x00\x00\x06\x00\x00\x00\x06\xe6\xbf\x80\xe6\xb4\xbb\
\x07\x00\x00\x00\x0aMainWindow\x01\
\x03\x00\x00\x00\x0cR \x96d\x00 \x00(\x00D\x00\
)\x08\x00\x00\x00\x00\x06\x00\x00\x00\x0aDelet\
e (D)\x07\x00\x00\x00\x0cMarkUp\
Window\x01\x03\x00\x00\x00\x0c~\xd8R6\
\x00 \x00(\x00R\x00)\x08\x00\x00\x00\x00\x06\x00\x00\
\x00\x08Draw (R)\x07\x00\x00\x00\x0cM\
arkUpWindow\x01\x03\x00\x00\x00\
\x0ah\x07l\xe8\x7f\x16\x8f\x91Vh\x08\x00\x00\x00\x00\
\x06\x00\x00\x00\x0dMarkup Edit\
or\x07\x00\x00\x00\x0cMarkUpWin\
dow\x01\x03\x00\x00\x00\x0eO\xeee9\x00 \x00\
(S\xccQ\xfb\x00)\x08\x00\x00\x00\x00\x06\x00\x00\x00\
\x15Modify (Double \
Click)\x07\x00\x00\x00\x0cMarkU\
pWindow\x01\x03\x00\x00\x00\x10S\xf3\x95\
.p\xb9Q\xfbY\x0dR6\x98\x9c\x82r\x08\x00\x00\
\x00\x00\x06\x00\x00\x00\x19Right cli\
ck to copy color\
\x07\x00\x00\x00\x0cMarkUpWindo\
w\x01\x03\x00\x00\x00\x04xn\x8b\xa4\x08\x00\x00\x00\x00\
\x06\x00\x00\x00\x07Confirm\x07\x00\x00\x00\
\x0dMessageWindow\x01\x03\
\x00\x00\x00\x04m\xfbR\xa0\x08\x00\x00\x00\x00\x06\x00\x00\
\x00\x03Add\x07\x00\x00\x00\x10Modify\
ListDialog\x01\x03\x00\x00\x00\x08\
S\xefu(\x90\x09\x98y\x08\x00\x00\x00\x00\x06\x00\x00\
\x00\x11Available Opti\
ons\x07\x00\x00\x00\x10ModifyLi\
stDialog\x01\x03\x00\x00\x00\x04S\xd6\
m\x88\x08\x00\x00\x00\x00\x06\x00\x00\x00\x06Canc\
el\x07\x00\x00\x00\x10ModifyLis\
tDialog\x01\x03\x00\x00\x00\x10p\xb9Q\
\xfb\x90\x09\x98yN\xe5m\xfbR\xa00\x02\x08\x00\x00\
\x00\x00\x06\x00\x00\x00\x1aClick an \
option to add it\
.\x07\x00\x00\x00\x10ModifyList\
Dialog\x01\x03\x00\x00\x00\x04xn\x8b\xa4\
\x08\x00\x00\x00\x00\x06\x00\x00\x00\x07Confir\
m\x07\x00\x00\x00\x10ModifyList\
Dialog\x01\x03\x00\x00\x00\x04O\xeee9\
\x08\x00\x00\x00\x00\x06\x00\x00\x00\x06Modify\
\x07\x00\x00\x00\x10ModifyListD\
ialog\x01\x03\x00\x00\x00\x04N\x0by\xfb\x08\
\x00\x00\x00\x00\x06\x00\x00\x00\x09Move Do\
wn\x07\x00\x00\x00\x10ModifyLis\
tDialog\x01\x03\x00\x00\x00\x04N\x0ay\
\xfb\x08\x00\x00\x00\x00\x06\x00\x00\x00\x07Move \
Up\x07\x00\x00\x00\x10ModifyLis\
tDialog\x01\x03\x00\x00\x00\x04y\xfb\x96\
d\x08\x00\x00\x00\x00\x06\x00\x00\x00\x06Remov\
e\x07\x00\x00\x00\x10ModifyList\
Dialog\x01\x03\x00\x00\x00\x0ed\x1c}\x22\
\x90\x09\x98y\x00.\x00.\x00.\x08\x00\x00\x00\x00\x06\
\x00\x00\x00\x11Search optio\
ns...\x07\x00\x00\x00\x10Modify\
ListDialog\x01\x03\x00\x00\x00\x08\
]\xf2\x90\x09\x90\x09\x98y\x08\x00\x00\x00\x00\x06\x00\x00\
\x00\x10Selected Optio\
ns\x07\x00\x00\x00\x10ModifyLis\
tDialog\x01\x03\x00\x00\x00\x04O\xeee\
9\x08\x00\x00\x00\x00\x06\x00\x00\x00\x06Modif\
y\x07\x00\x00\x00\x0eModifyList\
Item\x01\x03\x00\x00\x00\x12\xff\x08\x000\x00 \
\x00=\x00 N\x0dT/u(\xff\x09\x08\x00\x00\x00\
\x00\x06\x00\x00\x00\x0e(0 = disab\
led)\x07\x00\x00\x00\x18ModifyS\
cheduleTaskDialo\
g\x01\x03\x00\x00\x00\x0a\x002\x004\x5c\x0fe\xf6R\
6\x08\x00\x00\x00\x00\x06\x00\x00\x00\x0324h\x07\x00\
\x00\x00\x18ModifySchedul\
eTaskDialog\x01\x03\x00\x00\x00\
\x1cN\xfbR\xa1[\x8cb\x10T\x0e\x81\xeaR\xa8\x90\
\x00Q\xfa\x00 \x00(\x00-\x00e\x00)\x08\x00\x00\
\x00\x00\x06\x00\x00\x00\x1eAuto exit\
 after task done\
 (-e)\x07\x00\x00\x00\x18Modify\
ScheduleTaskDial\
og\x01\x03\x00\x00\x00\x04S\xd6m\x88\x08\x00\x00\x00\
\x00\x06\x00\x00\x00\x06Cancel\x07\x00\x00\x00\
\x18ModifyScheduleT\
askDialog\x01\x03\x00\x00\x00\x06\x81\
\xea[\x9aNI\x08\x00\x00\x00\x00\x06\x00\x00\x00\x06C\
ustom\x07\x00\x00\x00\x18Modify\
ScheduleTaskDial\
og\x01\x03\x00\x00\x00\x0e\x81\xea[\x9aNIe\xf6\
\x95\xf4\x8b\xbe\x7fn\x08\x00\x00\x00\x00\x06\x00\x00\x00\x0f\
Custom Interval\x07\
\x00\x00\x00\x18ModifySchedu\
leTaskDialog\x01\x03\x00\x00\
\x00\x04k\xcfY)\x08\x00\x00\x00\x00\x06\x00\x00\x00\x05\
Daily\x07\x00\x00\x00\x18Modify\
ScheduleTaskDial\
og\x01\x03\x00\x00\x00\x02Y)\x08\x00\x00\x00\x00\x06\
\x00\x00\x00\x04Days\x07\x00\x00\x00\x18Mod\
ifyScheduleTaskD\
ialog\x01\x03\x00\x00\x00\x02e\xf6\x08\x00\x00\
\x00\x00\x06\x00\x00\x00\x04Hour\x07\x00\x00\x00\x18\
ModifyScheduleTa\
skDialog\x01\x03\x00\x00\x00\x04\x5c\x0f\
e\xf6\x08\x00\x00\x00\x00\x06\x00\x00\x00\x05Hour\
s\x07\x00\x00\x00\x18ModifySche\
duleTaskDialog\x01\x03\
\x00\x00\x00\x02R\x06\x08\x00\x00\x00\x00\x06\x00\x00\x00\x06\
Minute\x07\x00\x00\x00\x18Modif\
yScheduleTaskDia\
log\x01\x03\x00\x00\x00\x04O\xeee9\x08\x00\x00\
\x00\x00\x06\x00\x00\x00\x06Modify\x07\x00\x00\
\x00\x18ModifySchedule\
TaskDialog\x01\x03\x00\x00\x00\x0c\
O\xeee9\x8b\xa1R\x12N\xfbR\xa1\x08\x00\x00\x00\
\x00\x06\x00\x00\x00\x14Modify Sch\
edule Task\x07\x00\x00\x00\x18M\
odifyScheduleTas\
kDialog\x01\x03\x00\x00\x00\x04k\xcfg\
\x08\x08\x00\x00\x00\x00\x06\x00\x00\x00\x07Month\
ly\x07\x00\x00\x00\x18ModifySch\
eduleTaskDialog\x01\
\x03\x00\x00\x00\x04N\x00k!\x08\x00\x00\x00\x00\x06\x00\
\x00\x00\x04Once\x07\x00\x00\x00\x18Modi\
fyScheduleTaskDi\
alog\x01\x03\x00\x00\x00\x08_\x00Y\xcbe\xf6\
\x95\xf4\x08\x00\x00\x00\x00\x06\x00\x00\x00\x0aStar\
t Time\x07\x00\x00\x00\x18Modif\
yScheduleTaskDia\
log\x01\x03\x00\x00\x00\x08T/R\xa8\x90\x09\x98\
y\x08\x00\x00\x00\x00\x06\x00\x00\x00\x0fStart\
up Options\x07\x00\x00\x00\x18M\
odifyScheduleTas\
kDialog\x01\x03\x00\x00\x00\x12N\xfbR\
\xa1}\x22_\x15\x00 \x00(\x00-\x00t\x00)\x08\
\x00\x00\x00\x00\x06\x00\x00\x00\x0fTask In\
dex (-t)\x07\x00\x00\x00\x18Mod\
ifyScheduleTaskD\
ialog\x01\x03\x00\x00\x00\x08N\xfbR\xa1T\
\x0dy\xf0\x08\x00\x00\x00\x00\x06\x00\x00\x00\x09Tas\
k Name\x07\x00\x00\x00\x18Modif\
yScheduleTaskDia\
log\x01\x03\x00\x00\x00\x08\x8d\x85e\xf6e\xf6\x95\
\xf4\x08\x00\x00\x00\x00\x06\x00\x00\x00\x07Timeo\
ut\x07\x00\x00\x00\x18ModifySch\
eduleTaskDialog\x01\
\x03\x00\x00\x00\x08\x89\xe6S\xd1|{W\x8b\x08\x00\x00\
\x00\x00\x06\x00\x00\x00\x0cTrigger T\
ype\x07\x00\x00\x00\x18ModifySc\
heduleTaskDialog\
\x01\x03\x00\x00\x00\x04k\xcfTh\x08\x00\x00\x00\x00\x06\
\x00\x00\x00\x06Weekly\x07\x00\x00\x00\x18M\
odifyScheduleTas\
kDialog\x01\x03\x00\x00\x00\x16\x5c\x0fe\
\xf6\xff\x08\x000\x00 \x00=\x00 e\xe0\x96PR\
6\xff\x09\x08\x00\x00\x00\x00\x06\x00\x00\x00\x15hou\
rs (0 = unlimite\
d)\x07\x00\x00\x00\x18ModifySch\
eduleTaskDialog\x01\
\x03\x00\x00\x00 O`xn[\x9a\x89\x81R \x96\
d\x81\x1ag,\x00 \x00\x22\x00{\x00}\x00\x22\x00\
 T\x17\xff\x1f\x08\x00\x00\x00\x00\x06\x00\x00\x000A\
re you sure you \
want to delete t\
he script \x22{}\x22?\x07\
\x00\x00\x00\x0eOneTimeTaskT\
ab\x01\x03\x00\x00\x00\x08\x90\x09b\xe9z\x97S\xe3\
\x08\x00\x00\x00\x00\x06\x00\x00\x00\x0dChoose\
 Window\x07\x00\x00\x00\x0eOneT\
imeTaskTab\x01\x03\x00\x00\x00\x06\
]\xf2[\x8cb\x10\x08\x00\x00\x00\x00\x06\x00\x00\x00\x09\
Completed\x07\x00\x00\x00\x0eOn\
eTimeTaskTab\x01\x03\x00\x00\
\x00\x08xn\x8b\xa4R \x96d\x08\x00\x00\x00\x00\x06\
\x00\x00\x00\x0eConfirm Dele\
te\x07\x00\x00\x00\x0eOneTimeTa\
skTab\x01\x03\x00\x00\x00\x08R \x96d\x81\
\x1ag,\x08\x00\x00\x00\x00\x06\x00\x00\x00\x0dDel\
ete Script\x07\x00\x00\x00\x0eO\
neTimeTaskTab\x01\x03\x00\
\x00\x00\x04O\xe1`o\x08\x00\x00\x00\x00\x06\x00\x00\x00\
\x04Info\x07\x00\x00\x00\x0eOneTim\
eTaskTab\x01\x03\x00\x00\x00\x06\x8f\xd0\
\x88LN-\x08\x00\x00\x00\x00\x06\x00\x00\x00\x07Ru\
nning\x07\x00\x00\x00\x0eOneTim\
eTaskTab\x01\x03\x00\x00\x00\x02P<\
\x08\x00\x00\x00\x00\x06\x00\x00\x00\x05Value\x07\
\x00\x00\x00\x0eOneTimeTaskT\
ab\x01\x03\x00\x00\x00\x04N\x0b\x8f}\x08\x00\x00\x00\
\x00\x06\x00\x00\x00\x08Download\x07\x00\
\x00\x00\x0bProjectCard\x01\x03\
\x00\x00\x00\x04\x95\x19\x8b\xef\x08\x00\x00\x00\x00\x06\x00\x00\
\x00\x03app\x07\x00\x00\x00\x10QCoreA\
pplication\x01\x03\x00\x00\x00\x0e\
xn[\x9a\x89\x81R \x96dN\xfbR\xa1\x08\x00\
\x00\x00\x00\x06\x00\x00\x00$Are you \
sure you want to\
 delete task\x07\x00\x00\x00\
\x0fScheduleTaskTab\
\x01\x03\x00\x00\x00\x04S\xd6m\x88\x08\x00\x00\x00\x00\x06\
\x00\x00\x00\x06Cancel\x07\x00\x00\x00\x0fS\
cheduleTaskTab\x01\x03\
\x00\x00\x00\x08R\x1b^\xfaN\xfbR\xa1\x08\x00\x00\x00\
\x00\x06\x00\x00\x00\x0bCreate Tas\
k\x07\x00\x00\x00\x0fScheduleTa\
skTab\x01\x03\x00\x00\x00\x04R \x96d\x08\
\x00\x00\x00\x00\x06\x00\x00\x00\x06Delete\x07\
\x00\x00\x00\x0fScheduleTask\
Tab\x01\x03\x00\x00\x00\x08R \x96dN\xfbR\
\xa1\x08\x00\x00\x00\x00\x06\x00\x00\x00\x0bDelet\
e Task\x07\x00\x00\x00\x0fSched\
uleTaskTab\x01\x03\x00\x00\x00\x04\
\x95\x19\x8b\xef\x08\x00\x00\x00\x00\x06\x00\x00\x00\x05Er\
ror\x07\x00\x00\x00\x0fSchedule\
TaskTab\x01\x03\x00\x00\x00\x0cR\x1b^\
\xfaN\xfbR\xa1Y1\x8d%\x08\x00\x00\x00\x00\x06\x00\
\x00\x00\x15Failed to cre\
ate task\x07\x00\x00\x00\x0fSch\
eduleTaskTab\x01\x03\x00\x00\
\x00\x0cR \x96dN\xfbR\xa1Y1\x8d%\x08\x00\
\x00\x00\x00\x06\x00\x00\x00\x15Failed t\
o delete task\x07\x00\x00\
\x00\x0fScheduleTaskTa\
b\x01\x03\x00\x00\x00\x0cR\xa0\x8f}N\xfbR\xa1Y\
1\x8d%\x08\x00\x00\x00\x00\x06\x00\x00\x00\x14Fai\
led to load task\
s\x07\x00\x00\x00\x0fScheduleTa\
skTab\x01\x03\x00\x00\x00\x0cO\xeee9N\
\xfbR\xa1Y1\x8d%\x08\x00\x00\x00\x00\x06\x00\x00\x00\
\x15Failed to modif\
y task\x07\x00\x00\x00\x0fSched\
uleTaskTab\x01\x03\x00\x00\x00\x1c\
O\xeee9N\xfbR\xa1Y1\x8d%\xff\x1ae\xe0\
l\xd5R \x96de\xe7N\xfbR\xa1\x08\x00\x00\x00\
\x00\x06\x00\x00\x00-Failed to \
modify task: can\
not delete old t\
ask\x07\x00\x00\x00\x0fSchedule\
TaskTab\x01\x03\x00\x00\x00\x12bS_\
\x00O\xeee9[\xf9\x8b\xddhFY1\x8d%\x08\
\x00\x00\x00\x00\x06\x00\x00\x00\x1cFailed \
to open modify d\
ialog\x07\x00\x00\x00\x0fSchedu\
leTaskTab\x01\x03\x00\x00\x00\x10R\
\x07cbN\xfbR\xa1r\xb6`\x01Y1\x8d%\x08\
\x00\x00\x00\x00\x06\x00\x00\x00\x15Failed \
to toggle task\x07\x00\
\x00\x00\x0fScheduleTaskT\
ab\x01\x03\x00\x00\x00\x04R7e\xb0\x08\x00\x00\x00\
\x00\x06\x00\x00\x00\x07Refresh\x07\x00\x00\
\x00\x0fScheduleTaskTa\
b\x01\x03\x00\x00\x00\x08R7e\xb0Y1\x8d%\x08\
\x00\x00\x00\x00\x06\x00\x00\x00\x0eRefresh\
 failed\x07\x00\x00\x00\x0fSche\
duleTaskTab\x01\x03\x00\x00\x00\
\x08\x8b\xa1R\x12N\xfbR\xa1\x08\x00\x00\x00\x00\x06\x00\
\x00\x00\x0eSchedule Task\
s\x07\x00\x00\x00\x0fScheduleTa\
skTab\x01\x03\x00\x00\x00\x04b\x10R\x9f\x08\
\x00\x00\x00\x00\x06\x00\x00\x00\x07Success\
\x07\x00\x00\x00\x0fScheduleTas\
kTab\x01\x03\x00\x00\x00\x0cN\xfbR\xa1R\x1b\
^\xfab\x10R\x9f\x08\x00\x00\x00\x00\x06\x00\x00\x00\x19\
Task created suc\
cessfully\x07\x00\x00\x00\x0fSc\
heduleTaskTab\x01\x03\x00\
\x00\x00\x0cN\xfbR\xa1R \x96db\x10R\x9f\x08\
\x00\x00\x00\x00\x06\x00\x00\x00\x19Task de\
leted successful\
ly\x07\x00\x00\x00\x0fScheduleT\
askTab\x01\x03\x00\x00\x00\x0aN\xfbR\xa1\
]\xf2y\x81u(\x08\x00\x00\x00\x00\x06\x00\x00\x00\x0d\
Task disabled\x07\x00\x00\
\x00\x0fScheduleTaskTa\
b\x01\x03\x00\x00\x00\x0aN\xfbR\xa1]\xf2T/u\
(\x08\x00\x00\x00\x00\x06\x00\x00\x00\x0cTask \
enabled\x07\x00\x00\x00\x0fSche\
duleTaskTab\x01\x03\x00\x00\x00\
\x0cN\xfbR\xa1O\xeee9b\x10R\x9f\x08\x00\x00\
\x00\x00\x06\x00\x00\x00\x1aTask modi\
fied successfull\
y\x07\x00\x00\x00\x0fScheduleTa\
skTab\x01\x03\x00\x00\x00\x10\x7f\x13[XN\
-g*b~R0N\xfbR\xa1\x08\x00\x00\x00\x00\
\x06\x00\x00\x00\x17Task not fo\
und in cache\x07\x00\x00\x00\
\x0fScheduleTaskTab\
\x01\x03\x00\x00\x00\x0aN\xfbR\xa1]\xf2R7e\xb0\
\x08\x00\x00\x00\x00\x06\x00\x00\x00\x0fTasks \
refreshed\x07\x00\x00\x00\x0fSc\
heduleTaskTab\x01\x03\x00\
\x00\x00\x04d\xcdO\x5c\x08\x00\x00\x00\x00\x06\x00\x00\x00\
\x07Actions\x07\x00\x00\x00\x11Sch\
eduleTaskTable\x01\x03\
\x00\x00\x00\x06\x81\xea[\x9aNI\x08\x00\x00\x00\x00\x06\
\x00\x00\x00\x06Custom\x07\x00\x00\x00\x11S\
cheduleTaskTable\
\x01\x03\x00\x00\x00\x04k\xcfY)\x08\x00\x00\x00\x00\x06\
\x00\x00\x00\x05Daily\x07\x00\x00\x00\x11Sc\
heduleTaskTable\x01\
\x03\x00\x00\x00\x04R \x96d\x08\x00\x00\x00\x00\x06\x00\
\x00\x00\x06Delete\x07\x00\x00\x00\x11Sc\
heduleTaskTable\x01\
\x03\x00\x00\x00\x06]\xf2y\x81u(\x08\x00\x00\x00\x00\
\x06\x00\x00\x00\x08Disabled\x07\x00\x00\
\x00\x11ScheduleTaskTa\
ble\x01\x03\x00\x00\x00\x06]\xf2T/u(\x08\
\x00\x00\x00\x00\x06\x00\x00\x00\x07Enabled\
\x07\x00\x00\x00\x11ScheduleTas\
kTable\x01\x03\x00\x00\x00\x04O\xeee9\
\x08\x00\x00\x00\x00\x06\x00\x00\x00\x06Modify\
\x07\x00\x00\x00\x11ScheduleTas\
kTable\x01\x03\x00\x00\x00\x04k\xcfg\x08\
\x08\x00\x00\x00\x00\x06\x00\x00\x00\x07Monthl\
y\x07\x00\x00\x00\x11ScheduleTa\
skTable\x01\x03\x00\x00\x00\x08N\x0bk\
!\x8f\xd0\x88L\x08\x00\x00\x00\x00\x06\x00\x00\x00\x08N\
ext Run\x07\x00\x00\x00\x11Sche\
duleTaskTable\x01\x03\x00\
\x00\x00\x04N\x00k!\x08\x00\x00\x00\x00\x06\x00\x00\x00\
\x04Once\x07\x00\x00\x00\x11Schedu\
leTaskTable\x01\x03\x00\x00\x00\
\x04\x5c1~\xea\x08\x00\x00\x00\x00\x06\x00\x00\x00\x05R\
eady\x07\x00\x00\x00\x11Schedul\
eTaskTable\x01\x03\x00\x00\x00\x06\
\x8f\xd0\x88LN-\x08\x00\x00\x00\x00\x06\x00\x00\x00\x07\
Running\x07\x00\x00\x00\x11Sche\
duleTaskTable\x01\x03\x00\
\x00\x00\x04r\xb6`\x01\x08\x00\x00\x00\x00\x06\x00\x00\x00\
\x06Status\x07\x00\x00\x00\x11Sche\
duleTaskTable\x01\x03\x00\
\x00\x00\x08N\xfbR\xa1T\x0dy\xf0\x08\x00\x00\x00\x00\
\x06\x00\x00\x00\x09Task Name\x07\x00\
\x00\x00\x11ScheduleTaskT\
able\x01\x03\x00\x00\x00\x08\x89\xe6S\xd1|{\
W\x8b\x08\x00\x00\x00\x00\x06\x00\x00\x00\x0cTrig\
ger Type\x07\x00\x00\x00\x11Sch\
eduleTaskTable\x01\x03\
\x00\x00\x00\x04g*w\xe5\x08\x00\x00\x00\x00\x06\x00\x00\
\x00\x07Unknown\x07\x00\x00\x00\x11Sc\
heduleTaskTable\x01\
\x03\x00\x00\x00\x04k\xcfTh\x08\x00\x00\x00\x00\x06\x00\
\x00\x00\x06Weekly\x07\x00\x00\x00\x11Sc\
heduleTaskTable\x01\
\x03\x00\x00\x006\x00A\x00D\x00Bb*V\xfe\x00\
(e/c\x01T\x0eS\xf0\x00,\x00 Q|[\
\xb9`'\x9a\xd8\x00,\x00 \x90\x1f^\xa6ab\x00\
,\x00 ^\xf6\x8f\xdf\x9a\xd8\x00)\x08\x00\x00\x00\x00\
\x06\x00\x00\x00@ADB(Support\
s Background, Sl\
ow, High Compati\
bility, High Lat\
ency)\x07\x00\x00\x00\x15Select\
CaptureListView\x01\
\x03\x00\x00\x00\x22\x00B\x00i\x00t\x00B\x00l\x00\
t\x00 \x00-\x00 g\x00_\xeb\xff\x0cQ|[\
\xb9`'g\x00]\xee\x08\x00\x00\x00\x00\x06\x00\x00\x00\
\x06BitBlt\x07\x00\x00\x00\x15Sele\
ctCaptureListVie\
w\x01\x03\x00\x00\x006\x00B\x00i\x00t\x00B\x00\
l\x00t\x00_\x00R\x00e\x00n\x00d\x00e\x00\
r\x00F\x00u\x00l\x00l\x00 \x00-\x00 a\
b\xff\x0cQ|[\xb9`'g\x00Y}\x08\x00\x00\
\x00\x00\x06\x00\x00\x00\x11BitBlt_Re\
nderFull\x07\x00\x00\x00\x15Sel\
ectCaptureListVi\
ew\x01\x03\x00\x00\x00\x0amO\x89\xc8Vhb*\
V\xfe\x08\x00\x00\x00\x00\x06\x00\x00\x00\x0fBrow\
ser Capture\x07\x00\x00\x00\x15\
SelectCaptureLis\
tView\x01\x03\x00\x00\x00\x18\x00D\x00X\x00\
G\x00I\x00 \x00-\x00 g\x00ab\xff\x0cY\
\x07u(\x08\x00\x00\x00\x00\x06\x00\x00\x00\x04DXG\
I\x07\x00\x00\x00\x15SelectCapt\
ureListView\x01\x03\x00\x00\x00\
*j!b\xdfVhz\x97S\xe3\x00(e/c\
\x01T\x0eS\xf0\x00,\x00 \x90\x1f^\xa6_\xeb\x00\
,\x00 ^\xf6\x8f\xdfON\x00)\x08\x00\x00\x00\x00\
\x06\x00\x00\x007Emulator Wi\
ndow(Supports Ba\
ckground, Fast, \
Low Latency)\x07\x00\x00\x00\
\x15SelectCaptureLi\
stView\x01\x03\x00\x00\x00\x08n8b\x0f\
z\x97S\xe3\x08\x00\x00\x00\x00\x06\x00\x00\x00\x0bGa\
me Window\x07\x00\x00\x00\x15Se\
lectCaptureListV\
iew\x01\x03\x00\x00\x00>S\x9fu\x1f\x00(\x00\
M\x00u\x00M\x00u\x00P\x00l\x00a\x00y\x00\
e\x00r\x001\x002\x00 \x00v\x00e\x00r\x00\
s\x00i\x00o\x00n\x00 \x00>\x00=\x00 \x00\
4\x00.\x000\x00)\x08\x00\x00\x00\x00\x06\x00\x00\x00\
!Ipc (MuMuPlayer\
12 version >= 4.\
0)\x07\x00\x00\x00\x15SelectCap\
tureListView\x01\x03\x00\x00\
\x00\x1e\x00W\x00G\x00C\x00 \x00-\x00 \x00>\
\x00=\x00W\x00i\x00n\x001\x000\xff\x0c_\xeb\
\x08\x00\x00\x00\x00\x06\x00\x00\x00\x03WGC\x07\x00\x00\
\x00\x15SelectCaptureL\
istView\x01\x03\x00\x00\x00&\x00A\x00\
D\x00B\x00I\x00n\x00t\x00e\x00r\x00a\x00\
c\x00t\x00i\x00o\x00n\x00 \x00-\x00 T\
\x0eS\xf0\x08\x00\x00\x00\x00\x06\x00\x00\x00\x0eADB\
Interaction\x07\x00\x00\x00\x19\
SelectInteractio\
nListView\x01\x03\x00\x00\x00.\x00\
B\x00r\x00o\x00w\x00s\x00e\x00r\x00I\x00\
n\x00t\x00e\x00r\x00a\x00c\x00t\x00i\x00\
o\x00n\x00 \x00-\x00 T\x0eS\xf0\x08\x00\x00\
\x00\x00\x06\x00\x00\x00\x12BrowserIn\
teraction\x07\x00\x00\x00\x19Se\
lectInteractionL\
istView\x01\x03\x00\x00\x004\x00G\x00\
e\x00n\x00s\x00h\x00i\x00n\x00 \x00-\x00\
 T\x0eS\xf0\xff\x0ce/c\x01\x90\xe8R\x06\x00\
 \x00U\x00n\x00i\x00t\x00y\x00 n8b\
\x0f\x08\x00\x00\x00\x00\x06\x00\x00\x00\x07Gensh\
in\x07\x00\x00\x00\x19SelectInt\
eractionListView\
\x01\x03\x00\x00\x00:\x00P\x00o\x00s\x00t\x00M\
\x00e\x00s\x00s\x00a\x00g\x00e\x00 \x00-\
\x00 T\x0eS\xf0\xff\x0cQ|[\xb9Y'Y\x1a\
ep^\x94u(T\x8c\x5c\x11epn8b\x0f\
\x08\x00\x00\x00\x00\x06\x00\x00\x00\x0bPostMe\
ssage\x07\x00\x00\x00\x19Select\
InteractionListV\
iew\x01\x03\x00\x00\x00.\x00P\x00y\x00D\x00\
i\x00r\x00e\x00c\x00t\x00 \x00-\x00 R\
MS\xf0\xff\x0c\x00P\x00y\x00n\x00p\x00u\x00\
t\x00 Y\x07u(\x08\x00\x00\x00\x00\x06\x00\x00\x00\
\x08PyDirect\x07\x00\x00\x00\x19Se\
lectInteractionL\
istView\x01\x03\x00\x00\x00\x22\x00P\x00\
y\x00n\x00p\x00u\x00t\x00 \x00-\x00 R\
MS\xf0\xff\x0cQ|[\xb9`'g\x00Y}\x08\
\x00\x00\x00\x00\x06\x00\x00\x00\x06Pynput\x07\
\x00\x00\x00\x19SelectIntera\
ctionListView\x01\x03\x00\
\x00\x00\x04QsN\x8e\x08\x00\x00\x00\x00\x06\x00\x00\x00\
\x05About\x07\x00\x00\x00\x0aSetti\
ngTab\x01\x03\x00\x00\x00\x08\x8foN\xf6\x8b\
\xbe\x7fn\x08\x00\x00\x00\x00\x06\x00\x00\x00\x0aApp\
 Config\x07\x00\x00\x00\x0aSett\
ingTab\x01\x03\x00\x00\x00\x08\x8foN\xf6\
\x8b\xbe\x7fn\x08\x00\x00\x00\x00\x06\x00\x00\x00\x0cAp\
p Settings\x07\x00\x00\x00\x0aS\
ettingTab\x01\x03\x00\x00\x00\x08^\
\x94u(N;\x98\x98\x08\x00\x00\x00\x00\x06\x00\x00\x00\
\x11Application The\
me\x07\x00\x00\x00\x0aSettingTa\
b\x01\x03\x00\x00\x00\x12e9S\xd8^\x94u(z\
\x0b^\x8fv\x84Y\x16\x89\xc2\x08\x00\x00\x00\x00\x06\x00\
\x00\x00(Change the ap\
pearance of the \
application\x07\x00\x00\x00\x0a\
SettingTab\x01\x03\x00\x00\x00\x08\
h\xc0g\xe5f\xf4e\xb0\x08\x00\x00\x00\x00\x06\x00\x00\
\x00\x0cCheck update\x07\x00\
\x00\x00\x0aSettingTab\x01\x03\x00\
\x00\x00\x10\x91M\x7fnW(\x91\xcdT/T\x0eu\
\x1feH\x08\x00\x00\x00\x00\x06\x00\x00\x00(Con\
figuration takes\
 effect after re\
start\x07\x00\x00\x00\x0aSettin\
gTab\x01\x03\x00\x00\x00\x04m\xf1\x82r\x08\x00\
\x00\x00\x00\x06\x00\x00\x00\x04Dark\x07\x00\x00\x00\
\x0aSettingTab\x01\x03\x00\x00\x00\
DS\xd1s\xb0e\xb0R\x9f\x80\xfd^v[fN\
`g\x09Qs\x00P\x00y\x00Q\x00t\x00-\x00\
F\x00l\x00u\x00e\x00n\x00t\x00-\x00W\x00\
i\x00d\x00g\x00e\x00t\x00sv\x84g\x09u\
(c\xd0y:\x08\x00\x00\x00\x00\x06\x00\x00\x00ED\
iscover new feat\
ures and learn u\
seful tips about\
 PyQt-Fluent-Wid\
gets\x07\x00\x00\x00\x0aSetting\
Tab\x01\x03\x00\x00\x00\x04^.R\xa9\x08\x00\x00\
\x00\x00\x06\x00\x00\x00\x04Help\x07\x00\x00\x00\x0a\
SettingTab\x01\x03\x00\x00\x00\x04\
\x8b\xed\x8a\x00\x08\x00\x00\x00\x00\x06\x00\x00\x00\x08La\
nguage\x07\x00\x00\x00\x0aSetti\
ngTab\x01\x03\x00\x00\x00\x04mE\x82r\x08\
\x00\x00\x00\x00\x06\x00\x00\x00\x05Light\x07\x00\
\x00\x00\x0aSettingTab\x01\x03\x00\
\x00\x00\x0cbS_\x00^.R\xa9\x98u\x97b\x08\
\x00\x00\x00\x00\x06\x00\x00\x00\x0eOpen he\
lp page\x07\x00\x00\x00\x0aSett\
ingTab\x01\x03\x00\x00\x00\x0c\x90\x09b\xe9\
O`v\x84\x8b\xed\x8a\x00\x08\x00\x00\x00\x00\x06\x00\x00\
\x00\x1bSet your prefe\
rred language\x07\x00\x00\
\x00\x0aSettingTab\x01\x03\x00\x00\
\x00\x12\x8b\xbe\x7fn\x00U\x00Iv\x84\x99\x96\x90\x09\
\x8b\xed\x8a\x00\x08\x00\x00\x00\x00\x06\x00\x00\x00\x22Se\
t your preferred\
 language for UI\
\x07\x00\x00\x00\x0aSettingTab\x01\
\x03\x00\x00\x00\x04\x8b\xbe\x7fn\x08\x00\x00\x00\x00\x06\x00\
\x00\x00\x08Settings\x07\x00\x00\x00\x0a\
SettingTab\x01\x03\x00\x00\x00\x08\
f\xf4e\xb0b\x10R\x9f\x08\x00\x00\x00\x00\x06\x00\x00\
\x00\x14Updated succes\
sfully\x07\x00\x00\x00\x0aSetti\
ngTab\x01\x03\x00\x00\x00\x0cO\x7fu(|\
\xfb~\xdf\x8b\xbe\x7fn\x08\x00\x00\x00\x00\x06\x00\x00\x00\
\x12Use system sett\
ing\x07\x00\x00\x00\x0aSettingT\
ab\x01\x03\x00\x00\x00\x04rHg,\x08\x00\x00\x00\
\x00\x06\x00\x00\x00\x07Version\x07\x00\x00\
\x00\x0aSettingTab\x01\x03\x00\x00\
\x00\x08f\x82P\x5cQh\x90\xe8\x08\x00\x00\x00\x00\x06\
\x00\x00\x00\x09Pause All\x07\x00\x00\
\x00\x0bStartButton\x01\x03\x00\
\x00\x00\x08_\x00Y\xcbQh\x90\xe8\x08\x00\x00\x00\x00\
\x06\x00\x00\x00\x09Start All\x07\x00\
\x00\x00\x0bStartButton\x01\x03\
\x00\x00\x00\x04b*V\xfe\x08\x00\x00\x00\x00\x06\x00\x00\
\x00\x07Capture\x07\x00\x00\x00\x09St\
artCard\x01\x03\x00\x00\x00\x08[\xfcQ\
\xfae\xe5_\xd7\x08\x00\x00\x00\x00\x06\x00\x00\x00\x0bE\
xport Logs\x07\x00\x00\x00\x09S\
tartCard\x01\x03\x00\x00\x00\x0en8\
b\x0fz\x97S\xe3]\xf2e\xad_\x00\x08\x00\x00\x00\
\x00\x06\x00\x00\x00\x18Game Windo\
w Disconnected\x07\x00\
\x00\x00\x09StartCard\x01\x03\x00\x00\
\x00\x08[\x89\x88\xc5v\xee_U\x08\x00\x00\x00\x00\x06\
\x00\x00\x00\x0eInstall Fold\
er\x07\x00\x00\x00\x09StartCard\
\x01\x03\x00\x00\x00\x04f\x82P\x5c\x08\x00\x00\x00\x00\x06\
\x00\x00\x00\x05Pause\x07\x00\x00\x00\x09St\
artCard\x01\x03\x00\x00\x00\x22]\xf2f\
\x82P\x5c\xff\x1a\x00P\x00CrHn8b\x0fz\
\x97S\xe3_\xc5\x98{W(RMS\xf0\xff\x01\x08\
\x00\x00\x00\x00\x06\x00\x00\x00(Paused:\
 PC Game Window \
Must Be in Front\
!\x07\x00\x00\x00\x09StartCard\x01\
\x03\x00\x00\x00\x04R7e\xb0\x08\x00\x00\x00\x00\x06\x00\
\x00\x00\x07Refresh\x07\x00\x00\x00\x09S\
tartCard\x01\x03\x00\x00\x00\x06\x8f\xd0\
\x88LN-\x08\x00\x00\x00\x00\x06\x00\x00\x00\x07Ru\
nning\x07\x00\x00\x00\x09StartC\
ard\x01\x03\x00\x00\x00\x04_\x00Y\xcb\x08\x00\x00\
\x00\x00\x06\x00\x00\x00\x05Start\x07\x00\x00\x00\
\x09StartCard\x01\x03\x00\x00\x00\x08\
T/R\xa8n8b\x0f\x08\x00\x00\x00\x00\x06\x00\x00\
\x00\x0aStart Game\x07\x00\x00\x00\
\x09StartCard\x01\x03\x00\x00\x00\x0c\
[\x9ee\xf6\x89\xe6S\xd1N\xfbR\xa1\x08\x00\x00\x00\
\x00\x06\x00\x00\x00\x0dTrigger Ta\
sks\x07\x00\x00\x00\x09StartCar\
d\x01\x03\x00\x00\x00\x10p\xb9Q\xfb\x90\x09b\xe9N\
\xfbR\xa1_\x00Y\xcb\x08\x00\x00\x00\x00\x06\x00\x00\x00\
\x1eWaiting for tas\
k to be enabled\x07\
\x00\x00\x00\x09StartCard\x01\x03\x00\
\x00\x000\x00,\x00 xn\x8b\xa4n8b\x0fz\
\x97S\xe3f/T&\x88\xabb\xc9O8\x00,\x96\
\x90\x85\xcf\x00,b\x16\x80\x05W(\x5cO^UY\
\x16\x00.\x08\x00\x00\x00\x00\x06\x00\x00\x00?, c\
heck if game win\
dows is minimize\
d, resized or ou\
t of screen.\x07\x00\x00\x00\
\x0fStartController\
\x01\x03\x00\x00\x00.\x00,\x00 e/c\x01v\x84\
g\x00\x5c\x0fR\x06\x8f\xa8s\x87f/\x00 \x00 \
\x00{\x00m\x00i\x00n\x00_\x00s\x00i\x00z\
\x00e\x00}\x08\x00\x00\x00\x00\x06\x00\x00\x00,, \
the supported mi\
n resolution is \
{min_size}\x07\x00\x00\x00\x0fS\
tartController\x01\x03\
\x00\x00\x002e/c\x01v\x84z\x97S\xe3k\xd4\
O\x8bf/\x00{\x00s\x00u\x00p\x00p\x00o\
\x00r\x00t\x00e\x00d\x00_\x00r\x00a\x00t\
\x00i\x00o\x00}\x08\x00\x00\x00\x00\x06\x00\x00\x00*\
, the supported \
ratio is {suppor\
ted_ratio}\x07\x00\x00\x00\x0fS\
tartController\x01\x03\
\x00\x00\x00&f>y:\x8b\xbe\x7fn\x81\xeaR\xa8\
\x00H\x00D\x00R]\xf2bS_\x00\x00,\x00 \
\x8b\xf7QHQs\x95\xed\x00!\x08\x00\x00\x00\x00\x06\
\x00\x00\x00.Auto HDR is \
enabled, please \
turn it off firs\
t.\x07\x00\x00\x00\x0fStartCont\
roller\x01\x03\x00\x00\x002f>y:\
\x8b\xbe\x7fn\x81\xeaR\xa8\x00H\x00D\x00R]\xf2\
bS_\x00\x00,\x00 S\xef\x80\xfd[\xfc\x81\xf4\
N\xfbR\xa1\x8f\xd0\x88L_\x02^8\x00!\x08\x00\
\x00\x00\x00\x06\x00\x00\x004Auto HDR\
 is enabled, tas\
ks might not wor\
k correctly!\x07\x00\x00\x00\
\x0fStartController\
\x01\x03\x00\x00\x00\x22e\xe0l\xd5T/R\xa8n8\
b\x0f\x00,\x00 \x8b\xf7xn\x8b\xa4n8b\x0f\
]\xf2[\x89\x88\xc5\x00!\x08\x00\x00\x00\x00\x06\x00\x00\
\x001Can't start ga\
me, make sure th\
e game is instal\
led\x07\x00\x00\x00\x0fStartCon\
troller\x01\x03\x00\x00\x00\x18b*V\
\xfeY1\x8d%\x00,\x8b\xf7h\xc0g\xe5n8b\
\x0fz\x97S\xe3\x08\x00\x00\x00\x00\x06\x00\x00\x00(C\
apture failed, p\
lease check game\
 window\x07\x00\x00\x00\x0fStar\
tController\x01\x03\x00\x00\x00\
\x1aj!b\xdfVhg*\x8f\xdec\xa5\x00,\x00\
 \x8b\xf7QHT/R\xa8\x00!\x08\x00\x00\x00\x00\
\x06\x00\x00\x004Emulator is\
 not connected, \
start the emulat\
or first!\x07\x00\x00\x00\x0fSt\
artController\x01\x03\x00\
\x00\x00\x10\x00G\x00P\x00U\x00 \x9aqR\xa8\x8b\
fTJ\x08\x00\x00\x00\x00\x06\x00\x00\x00\x12GPU\
 Driver Warning\x07\
\x00\x00\x00\x0fStartControl\
ler\x01\x03\x00\x00\x00\x1ee\xe0l\xd5T/R\
\xa8n8b\x0f\x00,\x00 \x8b\xf7bKR\xa8b\
S_\x00n8b\x0f\x08\x00\x00\x00\x00\x06\x00\x00\x00\
4Game path does \
not exist, Pleas\
e open game manu\
ally!\x07\x00\x00\x00\x0fStartC\
ontroller\x01\x03\x00\x00\x00(N\
\x0de/c\x01_SRMR\x06\x8f\xa8s\x87\x00\
{\x00r\x00e\x00s\x00o\x00l\x00u\x00t\x00\
i\x00o\x00n\x00}\x08\x00\x00\x00\x00\x06\x00\x00\x00\
-Game resolution\
 {resolution} is\
 not supported\x07\x00\
\x00\x00\x0fStartControll\
er\x01\x03\x00\x00\x00Pj!g\x7fV\xferG\
R\xa0\x8f}Y1\x8d%\x00,\x8b\xf7\x91\xcde\xb0\
[\x89\x88\xc5\x00.\x00(N\x0d\x89\x81e>W(\
N\x0b\x8f}v\xee_U{IS\xef\x80\xfdO\x1a\
\x88\xab\x81\xeaR\xa8R \x96dV\xferGv\x84\
v\xee_U\x00.\x00)\x08\x00\x00\x00\x00\x06\x00\x00\
\x00\x5cImage resource\
 load failed, pl\
ease try install\
 again.(Don't pu\
t the app in Dow\
nloads folder)\x07\x00\
\x00\x00\x0fStartControll\
er\x01\x03\x00\x00\x00\x0eg*\x90\x09b\xe9n8\
b\x0fz\x97S\xe3\x08\x00\x00\x00\x00\x06\x00\x00\x00\x11\
No game selected\
!\x07\x00\x00\x00\x0fStartContr\
oller\x01\x03\x00\x00\x000\x00P\x00Cr\
H\x97\x00\x89\x81{\xa1t\x06TXgC\x96P\xff\
\x0c\x8b\xf7N\xe5{\xa1t\x06TXgC\x96P\x91\
\xcdT/kd^\x94u(\xff\x01\x08\x00\x00\x00\x00\
\x06\x00\x00\x00TPC version \
requires admin p\
rivileges, Pleas\
e restart this a\
pp with admin pr\
ivileges!\x07\x00\x00\x00\x0fSt\
artController\x01\x03\x00\
\x00\x00DR\x06\x8f\xa8s\x87\x00{\x00r\x00e\x00\
s\x00o\x00l\x00u\x00t\x00i\x00o\x00n\x00\
}h\xc0g\xe5Y1\x8d%\x00,\x00 \x90\xe8R\
\x06N\xfbR\xa1S\xef\x80\xfde\xe0l\xd5kc^\
8\x8f\xd0\x88L\x00!\x08\x00\x00\x00\x00\x06\x00\x00\x00\
JResolution {res\
olution} check f\
ailed, some task\
s might not work\
 correctly!\x07\x00\x00\x00\x0f\
StartController\x01\
\x03\x00\x00\x00&_SRMn8b\x0fb\x16j\
!b\xdfVhN\x0de/c\x01\x90\x09b\xe9v\
\x84b*V\xfee\xb9_\x0f\x00!\x08\x00\x00\x00\x00\
\x06\x00\x00\x00DSelected ca\
pture method is \
not supported by\
 the game or you\
r system!\x07\x00\x00\x00\x0fSt\
artController\x01\x03\x00\
\x00\x00\x22T/R\xa8n8b\x0fY1\x8d%\x00\
,\x00 \x8b\xf7QHbKR\xa8T/R\xa8n\
8b\x0f\x00!\x08\x00\x00\x00\x00\x06\x00\x00\x00*S\
tart game failed\
, please start g\
ame first\x07\x00\x00\x00\x0fSt\
artController\x01\x03\x00\
\x00\x00\x0aT/R\xa8\x8d\x85e\xf6\x00!\x08\x00\x00\
\x00\x00\x06\x00\x00\x00\x13Start gam\
e timeout!\x07\x00\x00\x00\x0fS\
tartController\x01\x03\
\x00\x00\x002n8b\x0fz\x97S\xe3g\x00\x5c\x0f\
S\x16b\x16\x80\x05\x90\xe8R\x06W(\x5cO^U\
Y\x16\x00,N\x0d\x89\x81O\x7fu(r\xecS`\
Qh\x5cO\x00!\x08\x00\x00\x00\x00\x06\x00\x00\x00K\
Window is minimi\
zed or out of sc\
reen, and do NOT\
 use full-screen\
 exclusive!\x07\x00\x00\x00\x0f\
StartController\x01\
\x03\x00\x00\x000z\x97S\xe3\x88\xabg\x00\x5c\x0fS\
\x16b\x16W(\x5cO^UY\x16\x00,\x00 N\
\x0d\x89\x81O\x7fu(r\xecS`Qh\x5cOj\
!_\x0f\x00!\x08\x00\x00\x00\x00\x06\x00\x00\x00OW\
indow is minimiz\
ed or out of scr\
een, and don't u\
se full-screen e\
xclusive mode!\x07\x00\
\x00\x00\x0fStartControll\
er\x01\x03\x00\x00\x008\x00W\x00i\x00n\x00d\
\x00o\x00w\x00sf>y:\x8b\xbe\x7fnY\x1c\
po\x00/b\xa4w<j!_\x0f]\xf2bS\
_\x00\x00,\x00 \x8b\xf7QHQs\x95\xed\x00!\
\x08\x00\x00\x00\x00\x06\x00\x00\x009Window\
s night light is\
 enabled, please\
 turn it off fir\
st.\x07\x00\x00\x00\x0fStartCon\
troller\x01\x03\x00\x00\x008\x00W\x00\
i\x00n\x00d\x00o\x00w\x00sf>y:\x8b\
\xbe\x7fnY\x1cpo\x00/b\xa4w<j!_\
\x0f]\xf2bS_\x00\x00,\x00 \x8b\xf7QHQ\
s\x95\xed\x00!\x08\x00\x00\x00\x00\x06\x00\x00\x00?W\
indows night lig\
ht is enabled, t\
asks might not w\
ork correctly!\x07\x00\
\x00\x00\x0fStartControll\
er\x01\x03\x00\x00\x00@\x00{\x00v\x00e\x00n\
\x00d\x00o\x00r\x00}\x00 \x00{\x00f\x00e\
\x00a\x00t\x00u\x00r\x00e\x00}\x00 ]\xf2\
T/u(\xff\x0cS\xef\x80\xfd[\xfc\x81\xf4R\x9f\
\x80\xfd_\x02^8\xff\x01\x08\x00\x00\x00\x00\x06\x00\x00\
\x009{vendor} {feat\
ure} is enabled \
and may cause ma\
lfunctions!\x07\x00\x00\x00\x0f\
StartController\x01\
\x03\x00\x00\x00\x22\x00{\x00}g*\x8f\xdec\xa5\xff\
\x0c\x8b\xf7\x90\x09b\xe9kcxnv\x84n8b\
\x0fz\x97S\xe30\x02\x08\x00\x00\x00\x00\x06\x00\x00\x00\
3{} is not conne\
cted, please sel\
ect the game win\
dow.\x07\x00\x00\x00\x0fStartCo\
ntroller\x01\x03\x00\x00\x00\x06R\xa0\
\x8f}N-\x08\x00\x00\x00\x00\x06\x00\x00\x00\x07Lo\
ading\x07\x00\x00\x00\x12StartL\
oadingDialog\x01\x03\x00\x00\
\x002kcW(T/R\xa8\x00,\x00 \x00{\
\x00s\x00e\x00c\x00o\x00n\x00d\x00s\x00_\
\x00l\x00e\x00f\x00t\x00}y\xd2T\x0e\x8d\x85\
e\xf6\x00.\x08\x00\x00\x00\x00\x06\x00\x00\x00/St\
arting, timeout \
after {seconds_l\
eft} seconds.\x07\x00\x00\
\x00\x12StartLoadingDi\
alog\x01\x03\x00\x00\x00\x06[\x89SSrH\
\x08\x00\x00\x00\x00\x06\x00\x00\x00\x07Androi\
d\x07\x00\x00\x00\x08StartTab\x01\x03\
\x00\x00\x00\x04b*V\xfe\x08\x00\x00\x00\x00\x06\x00\x00\
\x00\x07Capture\x07\x00\x00\x00\x08St\
artTab\x01\x03\x00\x00\x00\x08b*V\xfe\
e\xb9_\x0f\x08\x00\x00\x00\x00\x06\x00\x00\x00\x0eCa\
pture Method\x07\x00\x00\x00\
\x08StartTab\x01\x03\x00\x00\x00\x0c\x90\
\x09b\xe9N\xa4N\x92e\xb9_\x0f\x08\x00\x00\x00\x00\
\x06\x00\x00\x00\x12Choose Inte\
raction\x07\x00\x00\x00\x08Star\
tTab\x01\x03\x00\x00\x00\x08\x90\x09b\xe9z\x97\
S\xe3\x08\x00\x00\x00\x00\x06\x00\x00\x00\x0dChoo\
se Window\x07\x00\x00\x00\x08St\
artTab\x01\x03\x00\x00\x00\x06]\xf2\x8f\xde\
c\xa5\x08\x00\x00\x00\x00\x06\x00\x00\x00\x09Conn\
ected\x07\x00\x00\x00\x08StartT\
ab\x01\x03\x00\x00\x00\x08_\x00S\xd1]\xe5Qw\
\x08\x00\x00\x00\x00\x06\x00\x00\x00\x05Debug\x07\
\x00\x00\x00\x08StartTab\x01\x03\x00\x00\
\x00\x0ay\x81u(h\x07\x8b\xb0hF\x08\x00\x00\x00\
\x00\x06\x00\x00\x00\x0dDisable Bo\
xes\x07\x00\x00\x00\x08StartTab\
\x01\x03\x00\x00\x00\x06]\xf2e\xad_\x00\x08\x00\x00\x00\
\x00\x06\x00\x00\x00\x0cDisconnect\
ed\x07\x00\x00\x00\x08StartTab\x01\
\x03\x00\x00\x00\x06j!b\xdfVh\x08\x00\x00\x00\x00\
\x06\x00\x00\x00\x08Emulator\x07\x00\x00\
\x00\x08StartTab\x01\x03\x00\x00\x00\x0a\
T/u(h\x07\x8b\xb0hF\x08\x00\x00\x00\x00\x06\
\x00\x00\x00\x0cEnable Boxes\
\x07\x00\x00\x00\x08StartTab\x01\x03\x00\
\x00\x00\x08[\xfcQ\xfae\xe5_\xd7\x08\x00\x00\x00\x00\
\x06\x00\x00\x00\x0bExport Logs\
\x07\x00\x00\x00\x08StartTab\x01\x03\x00\
\x00\x00\x08[\x89\x88\xc5v\xee_U\x08\x00\x00\x00\x00\
\x06\x00\x00\x00\x0eInstall Fol\
der\x07\x00\x00\x00\x08StartTab\
\x01\x03\x00\x00\x00\x08e\xe5_\xd7v\xee_U\x08\x00\
\x00\x00\x00\x06\x00\x00\x00\x0aLog Fold\
er\x07\x00\x00\x00\x08StartTab\x01\
\x03\x00\x00\x00\x08bS_\x00e\xe5_\xd7\x08\x00\x00\
\x00\x00\x06\x00\x00\x00\x09Open Logs\
\x07\x00\x00\x00\x08StartTab\x01\x03\x00\
\x00\x00\x06\x00P\x00CrH\x08\x00\x00\x00\x00\x06\x00\
\x00\x00\x02PC\x07\x00\x00\x00\x08StartT\
ab\x01\x03\x00\x00\x00\x04R7e\xb0\x08\x00\x00\x00\
\x00\x06\x00\x00\x00\x07Refresh\x07\x00\x00\
\x00\x08StartTab\x01\x03\x00\x00\x00\x08\
kcW(R7e\xb0\x08\x00\x00\x00\x00\x06\x00\x00\
\x00\x0aRefreshing\x07\x00\x00\x00\
\x08StartTab\x01\x03\x00\x00\x00\x08b\
*V\xfev\xee_U\x08\x00\x00\x00\x00\x06\x00\x00\x00\
\x11Screenshot Fold\
er\x07\x00\x00\x00\x08StartTab\x01\
\x03\x00\x00\x00\x08g\xe5w\x0be\xe5_\xd7\x08\x00\x00\
\x00\x00\x06\x00\x00\x00\x08View Log\x07\
\x00\x00\x00\x08StartTab\x01\x03\x00\x00\
\x006\x00N\x00P\x00Uc\xa8t\x06\x95\x19\x8b\xef\
\xff\x0c`\xa8S\xef\x80\xfd\x97\x00\x89\x81f\xf4e\xb0\
\x00I\x00n\x00t\x00e\x00l\x00 \x00N\x00P\
\x00U\x9aqR\xa8\xff\x01\x08\x00\x00\x00\x00\x06\x00\x00\
\x00CNPU inferring \
Error, you might\
 need to update \
the Intel NPU dr\
iver!\x07\x00\x00\x00\x04Task\x01\x03\
\x00\x00\x00\x04\x95\x19\x8b\xef\x08\x00\x00\x00\x00\x06\x00\x00\
\x00\x05Error\x07\x00\x00\x00\x0bTask\
Buttons\x01\x03\x00\x00\x00*n8b\
\x0fz\x97S\xe3g*\x8f\xdec\xa5\xff\x0c\x8b\xf7\x90\
\x09b\xe9n8b\x0fz\x97S\xe3T\x8cb*V\
\xfee\xb9_\x0f0\x02\x08\x00\x00\x00\x00\x06\x00\x00\x00\
OGame window is \
not connected, p\
lease select the\
 game window and\
 capture method.\
\x07\x00\x00\x00\x0bTaskButtons\
\x01\x03\x00\x00\x00\x04f\x82P\x5c\x08\x00\x00\x00\x00\x06\
\x00\x00\x00\x05Pause\x07\x00\x00\x00\x0bTa\
skButtons\x01\x03\x00\x00\x00\x04~\
\xe7~\xed\x08\x00\x00\x00\x00\x06\x00\x00\x00\x06Res\
ume\x07\x00\x00\x00\x0bTaskButt\
ons\x01\x03\x00\x00\x00\x04_\x00Y\xcb\x08\x00\x00\
\x00\x00\x06\x00\x00\x00\x05Start\x07\x00\x00\x00\
\x0bTaskButtons\x01\x03\x00\x00\
\x00\x04P\x5ckb\x08\x00\x00\x00\x00\x06\x00\x00\x00\x04\
Stop\x07\x00\x00\x00\x0bTaskBut\
tons\x01\x03\x00\x00\x00\x18O`xn[\x9a\
\x89\x81R \x96d\x00 \x00{\x00}\x00 T\x17\
\x00?\x08\x00\x00\x00\x00\x06\x00\x00\x00\x22Are \
you sure you wan\
t to delete {}\x07\x00\
\x00\x00\x08TaskCard\x01\x03\x00\x00\x00\
\x04R \x96d\x08\x00\x00\x00\x00\x06\x00\x00\x00\x06D\
elete\x07\x00\x00\x00\x08TaskCa\
rd\x01\x03\x00\x00\x00\x08R \x96dN\xfbR\xa1\
\x08\x00\x00\x00\x00\x06\x00\x00\x00\x0bDelete\
 Task\x07\x00\x00\x00\x08TaskCa\
rd\x01\x03\x00\x00\x00\x06g*T/u(\x08\x00\
\x00\x00\x00\x06\x00\x00\x00\x08Disabled\
\x07\x00\x00\x00\x08TaskCard\x01\x03\x00\
\x00\x00\x04\x7f\x16\x8f\x91\x08\x00\x00\x00\x00\x06\x00\x00\x00\
\x04Edit\x07\x00\x00\x00\x08TaskCa\
rd\x01\x03\x00\x00\x00\x06]\xf2T/u(\x08\x00\
\x00\x00\x00\x06\x00\x00\x00\x07Enabled\x07\
\x00\x00\x00\x08TaskCard\x01\x03\x00\x00\
\x00\x08O\x7fu(\x8b\xf4f\x0e\x08\x00\x00\x00\x00\x06\
\x00\x00\x00\x0cInstructions\
\x07\x00\x00\x00\x08TaskCard\x01\x03\x00\
\x00\x00\x04f\x82P\x5c\x08\x00\x00\x00\x00\x06\x00\x00\x00\
\x05Pause\x07\x00\x00\x00\x08TaskC\
ard\x01\x03\x00\x00\x00\x08\x91\xcd\x7fn\x91M\x7f\
n\x08\x00\x00\x00\x00\x06\x00\x00\x00\x0cReset\
 Config\x07\x00\x00\x00\x08Task\
Card\x01\x03\x00\x00\x00\x04~\xe7~\xed\x08\x00\
\x00\x00\x00\x06\x00\x00\x00\x06Resume\x07\x00\
\x00\x00\x08TaskCard\x01\x03\x00\x00\x00\
\x04_\x00Y\xcb\x08\x00\x00\x00\x00\x06\x00\x00\x00\x05S\
tart\x07\x00\x00\x00\x08TaskCar\
d\x01\x03\x00\x00\x00\x04P\x5ckb\x08\x00\x00\x00\x00\
\x06\x00\x00\x00\x04Stop\x07\x00\x00\x00\x08Ta\
skCard\x01\x03\x00\x00\x00&{I_\x85\
\x00 \x00{\x00t\x00a\x00s\x00k\x00_\x00n\
\x00a\x00m\x00e\x00}\x00 N\xfbR\xa1[\x8c\
b\x10\x08\x00\x00\x00\x00\x06\x00\x00\x00,Wait\
ing for {task_na\
me} task to be c\
ompleted\x07\x00\x00\x00\x08Tas\
kCard\x01\x03\x00\x00\x00\x04y\x81u(\x08\
\x00\x00\x00\x00\x06\x00\x00\x00\x07Disable\
\x07\x00\x00\x00\x0cTaskOpButto\
n\x01\x03\x00\x00\x00\x04T/u(\x08\x00\x00\x00\x00\
\x06\x00\x00\x00\x06Enable\x07\x00\x00\x00\x0c\
TaskOpButton\x01\x03\x00\x00\
\x00\x08\x90\x09b\xe9z\x97S\xe3\x08\x00\x00\x00\x00\x06\
\x00\x00\x00\x0dChoose Windo\
w\x07\x00\x00\x00\x07TaskTab\x01\x03\x00\
\x00\x00\x04Qs\x95\xed\x08\x00\x00\x00\x00\x06\x00\x00\x00\
\x05Close\x07\x00\x00\x00\x07TaskT\
ab\x01\x03\x00\x00\x00\x06]\xf2[\x8cb\x10\x08\x00\
\x00\x00\x00\x06\x00\x00\x00\x09Complete\
d\x07\x00\x00\x00\x07TaskTab\x01\x03\x00\
\x00\x00\x08R\x1b^\xfaN\xfbR\xa1\x08\x00\x00\x00\x00\
\x06\x00\x00\x00\x0bCreate Task\
\x07\x00\x00\x00\x07TaskTab\x01\x03\x00\x00\
\x00\x04O\xe1`o\x08\x00\x00\x00\x00\x06\x00\x00\x00\x04\
Info\x07\x00\x00\x00\x07TaskTab\
\x01\x03\x00\x00\x00\x06\x8f\xd0\x88LN-\x08\x00\x00\x00\
\x00\x06\x00\x00\x00\x07Running\x07\x00\x00\
\x00\x07TaskTab\x01\x03\x00\x00\x00\x06]\
\xf2\x8f\xd0\x88L\x08\x00\x00\x00\x00\x06\x00\x00\x00\x0cT\
ime Elapsed\x07\x00\x00\x00\x07\
TaskTab\x01\x03\x00\x00\x00\x02P<\x08\
\x00\x00\x00\x00\x06\x00\x00\x00\x05Value\x07\x00\
\x00\x00\x07TaskTab\x01\x03\x00\x00\x00\x04\
S\xd6m\x88\x08\x00\x00\x00\x00\x06\x00\x00\x00\x06Ca\
ncel\x07\x00\x00\x00\x13Templat\
eInputDialog\x01\x03\x00\x00\
\x00\x04xn\x8b\xa4\x08\x00\x00\x00\x00\x06\x00\x00\x00\x07\
Confirm\x07\x00\x00\x00\x13Temp\
lateInputDialog\x01\
\x03\x00\x00\x00\x1axn[\x9a\x89\x81R \x96d\x00\
 \x00'\x00{\x00}\x00'\x00 T\x17\xff\x1f\x08\
\x00\x00\x00\x00\x06\x00\x00\x00%Are you\
 sure you want t\
o delete '{}'?\x07\x00\
\x00\x00\x0bTemplateTab\x01\x03\
\x00\x00\x00\x04S\xd6m\x88\x08\x00\x00\x00\x00\x06\x00\x00\
\x00\x06Cancel\x07\x00\x00\x00\x0bTem\
plateTab\x01\x03\x00\x00\x00\x08xn\
\x8b\xa4R \x96d\x08\x00\x00\x00\x00\x06\x00\x00\x00\x0e\
Confirm Delete\x07\x00\
\x00\x00\x0bTemplateTab\x01\x03\
\x00\x00\x00\x04R \x96d\x08\x00\x00\x00\x00\x06\x00\x00\
\x00\x06Delete\x07\x00\x00\x00\x0bTem\
plateTab\x01\x03\x00\x00\x00\x0ab*\
V\xfeY1\x8d%0\x02\x08\x00\x00\x00\x00\x06\x00\x00\
\x00\x18Failed to capt\
ure frame.\x07\x00\x00\x00\x0bT\
emplateTab\x01\x03\x00\x00\x00\x10\
u\x1fb\x10h\x07{~g\x9aN>e\x87N\xf6\
\x08\x00\x00\x00\x00\x06\x00\x00\x00\x18Genera\
te label enum fi\
le\x07\x00\x00\x00\x0bTemplateT\
ab\x01\x03\x00\x00\x00\x0cV\xferG]\xf2R \
\x96d0\x02\x08\x00\x00\x00\x00\x06\x00\x00\x00\x0eIm\
age deleted.\x07\x00\x00\x00\
\x0bTemplateTab\x01\x03\x00\x00\
\x00>v\xf8[\xf9\x8d\xef_\x84e\xe0eH0\x02\
y:O\x8b\xff\x1a\x00o\x00k\x00_\x00t\x00a\
\x00s\x00k\x00s\x00/\x00L\x00a\x00b\x00e\
\x00l\x00E\x00n\x00u\x00m\x00.\x00p\x00y\
\x08\x00\x00\x00\x00\x06\x00\x00\x005Invali\
d relative path.\
 Example: ok_tas\
ks/LabelEnum.py\x07\
\x00\x00\x00\x0bTemplateTab\x01\
\x03\x00\x00\x00\x04h\x07l\xe8\x08\x00\x00\x00\x00\x06\x00\
\x00\x00\x06Markup\x07\x00\x00\x00\x0bTe\
mplateTab\x01\x03\x00\x00\x00\x12l\
\xa1g\x09h\x07l\xe8\x97\x00\x89\x81O\xdd[X0\
\x02\x08\x00\x00\x00\x00\x06\x00\x00\x00\x17No an\
notations to sav\
e.\x07\x00\x00\x00\x0bTemplateT\
ab\x01\x03\x00\x00\x00\x1eb*V\xfee\xb9_\x0f\
N\x0dS\xefu(0\x02\x8b\xf7QHT/R\xa8\
b*V\xfe0\x02\x08\x00\x00\x00\x00\x06\x00\x00\x008\
No capture metho\
d available. Ple\
ase start captur\
e first.\x07\x00\x00\x00\x0bTem\
plateTab\x01\x03\x00\x00\x00\x08f\x82\
e\xe0j!g\x7f\x08\x00\x00\x00\x00\x06\x00\x00\x00\x10\
No templates yet\
\x07\x00\x00\x00\x0bTemplateTab\
\x01\x03\x00\x00\x00\x04xn[\x9a\x08\x00\x00\x00\x00\x06\
\x00\x00\x00\x02OK\x07\x00\x00\x00\x0bTempl\
ateTab\x01\x03\x00\x00\x00\x18\x8d\xef_\x84\
v\xf8[\xf9N\x8e]\xe5O\x5cS:h9v\xee\
_U0\x02\x08\x00\x00\x00\x00\x06\x00\x00\x00'Pa\
th is relative t\
o the workspace \
root.\x07\x00\x00\x00\x0bTempla\
teTab\x01\x03\x00\x00\x00:v\xf8[\xf9\x8d\
\xef_\x84\xff\x0cO\x8bY\x82\xff\x1a\x00o\x00k\x00\
_\x00t\x00a\x00s\x00k\x00s\x00/\x00L\x00\
a\x00b\x00e\x00l\x00E\x00n\x00u\x00m\x00\
.\x00p\x00y\x08\x00\x00\x00\x00\x06\x00\x00\x00)R\
elative path, e.\
g. ok_tasks/Labe\
lEnum.py\x07\x00\x00\x00\x0bTem\
plateTab\x01\x03\x00\x00\x00\x04O\xdd\
[X\x08\x00\x00\x00\x00\x06\x00\x00\x00\x04Save\
\x07\x00\x00\x00\x0bTemplateTab\
\x01\x03\x00\x00\x00\x06O\xdd[XR0\x08\x00\x00\x00\
\x00\x06\x00\x00\x00\x07Save To\x07\x00\x00\
\x00\x0bTemplateTab\x01\x03\x00\
\x00\x00\x12O\xdd[Xb\x10R\x9fR0\x00:\x00\
 \x00{\x00}\x08\x00\x00\x00\x00\x06\x00\x00\x00\x22S\
ave completed su\
ccessfully to: {\
}\x07\x00\x00\x00\x0bTemplateTa\
b\x01\x03\x00\x00\x00\x04b*V\xfe\x08\x00\x00\x00\x00\
\x06\x00\x00\x00\x0aScreenshot\x07\
\x00\x00\x00\x0bTemplateTab\x01\
\x03\x00\x00\x00\x12b*V\xfe]\xf2O\xdd[X\x00\
:\x00 \x00{\x00}\x08\x00\x00\x00\x00\x06\x00\x00\x00\
\x14Screenshot save\
d: {}\x07\x00\x00\x00\x0bTempla\
teTab\x01\x03\x00\x00\x00\x16c\x09T\x0dy\
\xf0b\x16R\x06|{d\x1c}\x22\x00.\x00.\x00\
.\x08\x00\x00\x00\x00\x06\x00\x00\x00\x1dSearc\
h by name or cat\
egory...\x07\x00\x00\x00\x0bTem\
plateTab\x01\x03\x00\x00\x00\x04b\x10\
R\x9f\x08\x00\x00\x00\x00\x06\x00\x00\x00\x07Succ\
ess\x07\x00\x00\x00\x0bTemplate\
Tab\x01\x03\x00\x00\x00\x08b*S\xd6\x5cO^\
U\x08\x00\x00\x00\x00\x06\x00\x00\x00\x0fTake \
Screenshot\x07\x00\x00\x00\x0bT\
emplateTab\x01\x03\x00\x00\x00\x1a\
\x00a\x00s\x00s\x00e\x00t\x00s\x00 \x00(\
r\xecz\xcb^\x94u(\x00)\x08\x00\x00\x00\x00\x06\
\x00\x00\x00\x17assets (stan\
dalone app)\x07\x00\x00\x00\x0b\
TemplateTab\x01\x03\x00\x00\x00\
.\x00o\x00k\x00_\x00t\x00a\x00s\x00k\x00\
s\x00/\x00a\x00s\x00s\x00e\x00t\x00s\x00\
 \x00(\x81\xea[\x9aNI\x81\x1ag,\x00)\x08\
\x00\x00\x00\x00\x06\x00\x00\x00 ok_task\
s/assets (custom\
 scripts)\x07\x00\x00\x00\x0bTe\
mplateTab\x01\x03\x00\x00\x00\x0ch\
\xc0g\xe5mK\x8b\xd5rHg,\x08\x00\x00\x00\x00\
\x06\x00\x00\x00\x12Check Test \
Version\x07\x00\x00\x00\x0aUpda\
teCard\x01\x03\x00\x00\x00\x08h\xc0g\xe5\
f\xf4e\xb0\x08\x00\x00\x00\x00\x06\x00\x00\x00\x11Ch\
eck for updates\x07\
\x00\x00\x00\x0aUpdateCard\x01\x03\
\x00\x00\x00\x0ekcW(h\xc0g\xe5f\xf4e\xb0\
 &\x08\x00\x00\x00\x00\x06\x00\x00\x00\x17Chec\
king for updates\
\xe2\x80\xa6\x07\x00\x00\x00\x0aUpdateCa\
rd\x01\x03\x00\x00\x00\x0cp\xb9Q\xfbh\xc0g\xe5\
f\xf4e\xb0\x08\x00\x00\x00\x00\x06\x00\x00\x00\x1aCl\
ick to check for\
 updates\x07\x00\x00\x00\x0aUpd\
ateCard\x01\x03\x00\x00\x00\x08_SR\
MrHg,\x08\x00\x00\x00\x00\x06\x00\x00\x00\x0fC\
urrent version\x07\x00\
\x00\x00\x0aUpdateCard\x01\x03\x00\
\x00\x00\x04\x96M~\xa7\x08\x00\x00\x00\x00\x06\x00\x00\x00\
\x09Downgrade\x07\x00\x00\x00\x0aU\
pdateCard\x01\x03\x00\x00\x00\x04N\
\x0b\x8f}\x08\x00\x00\x00\x00\x06\x00\x00\x00\x08Dow\
nload\x07\x00\x00\x00\x0aUpdate\
Card\x01\x03\x00\x00\x00 \x8b\xa1{\x97f\xf4\
e\xb0\x8b\xf4f\x0eY1\x8d%\xff\x1a\x00{\x00e\
\x00r\x00r\x00o\x00r\x00}\x08\x00\x00\x00\x00\x06\
\x00\x00\x00)Failed to ca\
lculate update n\
otes: {error}\x07\x00\x00\
\x00\x0aUpdateCard\x01\x03\x00\x00\
\x00\x1cR\x07cbrHg,Y1\x8d%\xff\x1a\
\x00{\x00e\x00r\x00r\x00o\x00r\x00}\x08\x00\
\x00\x00\x00\x06\x00\x00\x00!Failed t\
o change version\
: {error}\x07\x00\x00\x00\x0aUp\
dateCard\x01\x03\x00\x00\x00\x1ch\xc0\
g\xe5f\xf4e\xb0Y1\x8d%\xff\x1a\x00{\x00e\
\x00r\x00r\x00o\x00r\x00}\x08\x00\x00\x00\x00\x06\
\x00\x00\x00$Failed to ch\
eck for updates:\
 {error}\x07\x00\x00\x00\x0aUpd\
ateCard\x01\x03\x00\x00\x00\x0ef\x82e\
\xe0f\xf4e\xb0\x8b\xf4f\x0e0\x02\x08\x00\x00\x00\x00\
\x06\x00\x00\x00\x11No release \
notes.\x07\x00\x00\x00\x0aUpdat\
eCard\x01\x03\x00\x00\x00\x0e]\xf2f/g\
\x00e\xb0rHg,0\x02\x08\x00\x00\x00\x00\x06\x00\
\x00\x00\x15No updates av\
ailable.\x07\x00\x00\x00\x0aUpd\
ateCard\x01\x03\x00\x00\x00\x0el\xa1g\
\x09S\xefu(rHg,0\x02\x08\x00\x00\x00\x00\
\x06\x00\x00\x00\x1aNo versions\
 are available.\x07\
\x00\x00\x00\x0aUpdateCard\x01\x03\
\x00\x00\x00 kcW(R\x07cbR0\x00 \
\x00{\x00v\x00e\x00r\x00s\x00i\x00o\x00n\
\x00} &\x08\x00\x00\x00\x00\x06\x00\x00\x00\x1fSt\
arting change to\
 {version}\xe2\x80\xa6\x07\x00\x00\
\x00\x0aUpdateCard\x01\x03\x00\x00\
\x00\x04f\xf4e\xb0\x08\x00\x00\x00\x00\x06\x00\x00\x00\x06\
Update\x07\x00\x00\x00\x0aUpdat\
eCard\x01\x03\x00\x00\x00*kd\x00 \x00\
P\x00y\x00A\x00p\x00p\x00i\x00f\x00y\x00\
 rHg,N\x0de/c\x01h\xc0g\xe5f\
\xf4e\xb00\x02\x08\x00\x00\x00\x00\x06\x00\x00\x00:U\
pdate checking i\
s not supported \
by this PyAppify\
 version.\x07\x00\x00\x00\x0aUp\
dateCard\x01\x03\x00\x00\x00&f\xf4\
e\xb0\x8b\xf7lB]\xf2c\xa5S\xd70\x02^\x94\
u(\x5c\x06\x91\xcdT/N\xe5[\x8cb\x10f\xf4\
e\xb00\x02\x08\x00\x00\x00\x00\x06\x00\x00\x00:Up\
date request acc\
epted. The app w\
ill restart to a\
pply it.\x07\x00\x00\x00\x0aUpd\
ateCard\x01\x03\x00\x00\x00\x14N\x0de\
/c\x01\x8b\xa1{\x97f\xf4e\xb0\x8b\xf4f\x0e0\
\x02\x08\x00\x00\x00\x00\x06\x00\x00\x00)Updat\
e-note calculati\
on is not suppor\
ted.\x07\x00\x00\x00\x0aUpdateC\
ard\x01\x03\x00\x00\x00&kd\x00 \x00P\x00\
y\x00A\x00p\x00p\x00i\x00f\x00y\x00 r\
Hg,N\x0de/c\x01f\xf4e\xb00\x02\x08\
\x00\x00\x00\x00\x06\x00\x00\x003Updatin\
g is not support\
ed by this PyApp\
ify version.\x07\x00\x00\x00\
\x0aUpdateCard\x01\x03\x00\x00\x00\
\x04rHg,\x08\x00\x00\x00\x00\x06\x00\x00\x00\x07V\
ersion\x07\x00\x00\x00\x0aUpdat\
eCard\x01\x03\x00\x00\x00,xn[\x9af\
\xf4e\xb0R0\x00{\x00v\x00e\x00r\x00s\x00\
i\x00o\x00n\x00}\x00{\x00t\x00y\x00p\x00\
e\x00}T\x17\xff\x1f\x08\x00\x00\x00\x00\x06\x00\x00\x00\
4Are you sure yo\
u want to update\
 to {version} {t\
ype}?\x07\x00\x00\x00\x0bVersio\
nCard\x01\x03\x00\x00\x00\x0ch\xc0g\xe5f\
\xf4e\xb0\x95\x19\x8b\xef\x08\x00\x00\x00\x00\x06\x00\x00\x00\
\x17Check for updat\
e error!\x07\x00\x00\x00\x0bVer\
sionCard\x01\x03\x00\x00\x00\x0ah\xc0\
g\xe5e\xb0rHg,\x08\x00\x00\x00\x00\x06\x00\x00\
\x00\x11Check for upda\
tes\x07\x00\x00\x00\x0bVersionC\
ard\x01\x03\x00\x00\x00\x08h\xc0g\xe5f\xf4e\
\xb0\x08\x00\x00\x00\x00\x06\x00\x00\x00\x14Check\
ing for updates\x07\
\x00\x00\x00\x0bVersionCard\x01\
\x03\x00\x00\x00\x06_\x00S\xd1rH\x08\x00\x00\x00\x00\
\x06\x00\x00\x00\x05Debug\x07\x00\x00\x00\x0bV\
ersionCard\x01\x03\x00\x00\x004\
N\x0b\x8f}N-\x00:\x00 \x00{\x00p\x00r\
\x00o\x00g\x00r\x00e\x00s\x00s\x00}\x00 \
\x00{\x00p\x00e\x00r\x00c\x00e\x00n\x00t\
\x00}\x00%\x08\x00\x00\x00\x00\x06\x00\x00\x00!Do\
wnloading {progr\
ess} {percent}%\x07\
\x00\x00\x00\x0bVersionCard\x01\
\x03\x00\x00\x00\x0aS\xd1s\xb0e\xb0rHg,\x08\
\x00\x00\x00\x00\x06\x00\x00\x00\x12Found n\
ew version!\x07\x00\x00\x00\x0b\
VersionCard\x01\x03\x00\x00\x00\
\x04O\xe1`o\x08\x00\x00\x00\x00\x06\x00\x00\x00\x04I\
nfo\x07\x00\x00\x00\x0bVersionC\
ard\x01\x03\x00\x00\x00\x06kc_\x0frH\x08\
\x00\x00\x00\x00\x06\x00\x00\x00\x07Release\
\x07\x00\x00\x00\x0bVersionCard\
\x01\x03\x00\x00\x00\x14v\xeeRM]\xf2~\xcff/\
g\x00e\xb0rHg,\xff\x01\x08\x00\x00\x00\x00\x06\
\x00\x00\x00\x1bThis is the \
newest version!\x07\
\x00\x00\x00\x0bVersionCard\x01\
\x03\x00\x00\x00\x08s\xb0W(f\xf4e\xb0\x08\x00\x00\
\x00\x00\x06\x00\x00\x00\x0aUpdate No\
w\x07\x00\x00\x00\x0bVersionCar\
d\x01\x03\x00\x00\x00$f\xf4e\xb0R0\x00{\x00\
v\x00e\x00r\x00s\x00i\x00o\x00n\x00}\x00\
{\x00t\x00y\x00p\x00e\x00}\x08\x00\x00\x00\x00\
\x06\x00\x00\x00\x1aUpdate to {\
version} {type}\x07\
\x00\x00\x00\x0bVersionCard\x01\
\x03\x00\x00\x000u(N\x8e{\xa1t\x06N\xfbR\
\xa10\x01\x89\xe6S\xd1VhT\x8c\x8f\xd0\x88Le\
\xf6N\x8bN\xf6v\x84g,W0c\xa7R6N\
-_\xc30\x02\x08\x00\x00\x00\x00\x06\x00\x00\x00?A\
 local command c\
enter for tasks,\
 triggers, and r\
untime events.\x07\x00\
\x00\x00\x05WebUI\x01\x03\x00\x00\x00\x04Qs\
N\x8e\x08\x00\x00\x00\x00\x06\x00\x00\x00\x05Abou\
t\x07\x00\x00\x00\x05WebUI\x01\x03\x00\x00\x00\
\x08d\xcdO\x5cY1\x8d%\x08\x00\x00\x00\x00\x06\x00\
\x00\x00\x0dAction failed\
\x07\x00\x00\x00\x05WebUI\x01\x03\x00\x00\x00\x04\
d\xcdO\x5c\x08\x00\x00\x00\x00\x06\x00\x00\x00\x07Ac\
tions\x07\x00\x00\x00\x05WebUI\x01\
\x03\x00\x00\x00\x04m\xfbR\xa0\x08\x00\x00\x00\x00\x06\x00\
\x00\x00\x03Add\x07\x00\x00\x00\x05WebUI\
\x01\x03\x00\x00\x00\x08Qh\x90\xe8~\xa7R+\x08\x00\
\x00\x00\x00\x06\x00\x00\x00\x0aAll Leve\
ls\x07\x00\x00\x00\x05WebUI\x01\x03\x00\x00\
\x00\x08\x8foN\xf6\x8b\xbe\x7fn\x08\x00\x00\x00\x00\x06\
\x00\x00\x00\x0aApp Config\x07\x00\
\x00\x00\x05WebUI\x01\x03\x00\x00\x00\x08^\x94\
u(f\xf4e\xb0\x08\x00\x00\x00\x00\x06\x00\x00\x00\x0a\
App update\x07\x00\x00\x00\x05W\
ebUI\x01\x03\x00\x00\x00\x08^\x94u(N;\
\x98\x98\x08\x00\x00\x00\x00\x06\x00\x00\x00\x11Appl\
ication Theme\x07\x00\x00\
\x00\x05WebUI\x01\x03\x00\x00\x00\x10f\x0ee\
\xe5e\xb9\x82\x1f\xff\x1a~\xc8g+W0\x08\x00\x00\
\x00\x00\x06\x00\x00\x00\x13Arknights\
: Endfield\x07\x00\x00\x00\x05W\
ebUI\x01\x03\x00\x00\x00(\x00A\x00u\x00t\
\x00o\x00 \x00E\x00x\x00i\x00t\x00 \x00A\
\x00f\x00t\x00e\x00r\x00 \x00T\x00a\x00s\
\x00k\x08\x00\x00\x00\x00\x06\x00\x00\x00\x14Auto\
 Exit After Task\
\x07\x00\x00\x00\x05WebUI\x01\x03\x00\x00\x00\x0a\
\x81\xeaR\xa8S\x16c\xa7R6\x08\x00\x00\x00\x00\x06\
\x00\x00\x00\x12Automation c\
ontrol\x07\x00\x00\x00\x05WebUI\
\x01\x03\x00\x00\x00\x08S\xefu(\x90\x09\x98y\x08\x00\
\x00\x00\x00\x06\x00\x00\x00\x11Availabl\
e Options\x07\x00\x00\x00\x05We\
bUI\x01\x03\x00\x00\x00\x04\x8f\xd4V\xde\x08\x00\x00\
\x00\x00\x06\x00\x00\x00\x04Back\x07\x00\x00\x00\x05\
WebUI\x01\x03\x00\x00\x00\x06\x8f\xb9uLh\
F\x08\x00\x00\x00\x00\x06\x00\x00\x00\x0cBound\
ing Box\x07\x00\x00\x00\x05WebU\
I\x01\x03\x00\x00\x00\x04S\xd6m\x88\x08\x00\x00\x00\x00\
\x06\x00\x00\x00\x06Cancel\x07\x00\x00\x00\x05\
WebUI\x01\x03\x00\x00\x00\x08b*V\xfee\
\xb9_\x0f\x08\x00\x00\x00\x00\x06\x00\x00\x00\x07Cap\
ture\x07\x00\x00\x00\x05WebUI\x01\x03\
\x00\x00\x00\x08b*V\xfee\xb9_\x0f\x08\x00\x00\x00\
\x00\x06\x00\x00\x00\x0eCapture Me\
thod\x07\x00\x00\x00\x05WebUI\x01\x03\
\x00\x00\x00\x08b*V\xfe\x98\x84\x89\xc8\x08\x00\x00\x00\
\x00\x06\x00\x00\x00\x0fCapture Pr\
eview\x07\x00\x00\x00\x05WebUI\x01\
\x03\x00\x00\x00\x0ecU\x83\xb7v\x84n8b\x0fu\
;\x97b\x08\x00\x00\x00\x00\x06\x00\x00\x00\x13Cap\
tured game frame\
\x07\x00\x00\x00\x05WebUI\x01\x03\x00\x00\x00\x08\
R\x06|{T\x0dy\xf0\x08\x00\x00\x00\x00\x06\x00\x00\
\x00\x0dCategory name\x07\
\x00\x00\x00\x05WebUI\x01\x03\x00\x00\x00\x12e\
9S\xd8^\x94u(z\x0b^\x8fv\x84Y\x16\x89\
\xc2\x08\x00\x00\x00\x00\x06\x00\x00\x00(Chang\
e the appearance\
 of the applicat\
ion\x07\x00\x00\x00\x05WebUI\x01\x03\x00\
\x00\x00\x0aSaS\x84`\x1dh\xa6X\x83\x08\x00\x00\
\x00\x00\x06\x00\x00\x00\x14Chaos Zer\
o Nightmare\x07\x00\x00\x00\x05\
WebUI\x01\x03\x00\x00\x00\x08\x89\xd2\x82rN\
\xe3x\x01\x08\x00\x00\x00\x00\x06\x00\x00\x00\x0eCha\
racter Code\x07\x00\x00\x00\x05\
WebUI\x01\x03\x00\x00\x00\x08\x89\xd2\x82r\x8b\
\xbe\x7fn\x08\x00\x00\x00\x00\x06\x00\x00\x00\x12Cha\
racter Settings\x07\
\x00\x00\x00\x05WebUI\x01\x03\x00\x00\x00\x0ch\
\xc0g\xe5mK\x8b\xd5rHg,\x08\x00\x00\x00\x00\
\x06\x00\x00\x00\x12Check Test \
Version\x07\x00\x00\x00\x05WebU\
I\x01\x03\x00\x00\x00\x08h\xc0g\xe5f\xf4e\xb0\x08\
\x00\x00\x00\x00\x06\x00\x00\x00\x11Check f\
or updates\x07\x00\x00\x00\x05W\
ebUI\x01\x03\x00\x00\x00\x0ekcW(h\xc0\
g\xe5f\xf4e\xb0 &\x08\x00\x00\x00\x00\x06\x00\x00\
\x00\x17Checking for u\
pdates\xe2\x80\xa6\x07\x00\x00\x00\x05We\
bUI\x01\x03\x00\x00\x00\x0c\x90\x09b\xe9N\xa4N\
\x92e\xb9_\x0f\x08\x00\x00\x00\x00\x06\x00\x00\x00\x12C\
hoose Interactio\
n\x07\x00\x00\x00\x05WebUI\x01\x03\x00\x00\x00\
\x0a\x90\x09b\xe9N\xfbR\xa1\x00:\x08\x00\x00\x00\x00\
\x06\x00\x00\x00\x0cChoose Task\
:\x07\x00\x00\x00\x05WebUI\x01\x03\x00\x00\x00\
\x08\x90\x09b\xe9z\x97S\xe3\x08\x00\x00\x00\x00\x06\x00\
\x00\x00\x0dChoose Window\
\x07\x00\x00\x00\x05WebUI\x01\x03\x00\x00\x00\x12\
|{T\x0d\x00 \x00(N\xc5\x96P\x82\xf1e\x87\
\x00)\x08\x00\x00\x00\x00\x06\x00\x00\x00\x19Clas\
s Name (English \
only)\x07\x00\x00\x00\x05WebUI\x01\
\x03\x00\x00\x00\x04n\x05\x96d\x08\x00\x00\x00\x00\x06\x00\
\x00\x00\x05Clear\x07\x00\x00\x00\x05Web\
UI\x01\x03\x00\x00\x00\x0cp\xb9Q\xfbh\xc0g\xe5\
f\xf4e\xb0\x08\x00\x00\x00\x00\x06\x00\x00\x00\x1aCl\
ick to check for\
 updates\x07\x00\x00\x00\x05Web\
UI\x01\x03\x00\x00\x00\x04Qs\x95\xed\x08\x00\x00\x00\
\x00\x06\x00\x00\x00\x05Close\x07\x00\x00\x00\x05\
WebUI\x01\x03\x00\x00\x00\x06]\xf2[\x8cb\
\x10\x08\x00\x00\x00\x00\x06\x00\x00\x00\x09Compl\
eted\x07\x00\x00\x00\x05WebUI\x01\x03\
\x00\x00\x00\x04xn\x8b\xa4\x08\x00\x00\x00\x00\x06\x00\x00\
\x00\x07Confirm\x07\x00\x00\x00\x05We\
bUI\x01\x03\x00\x00\x00\x08xn\x8b\xa4R \x96\
d\x08\x00\x00\x00\x00\x06\x00\x00\x00\x0eConfi\
rm Delete\x07\x00\x00\x00\x05We\
bUI\x01\x03\x00\x00\x00\x08Y\x0dR6N\xfbR\
\xa1\x08\x00\x00\x00\x00\x06\x00\x00\x00\x09Copy \
Task\x07\x00\x00\x00\x05WebUI\x01\x03\
\x00\x00\x00\x0ce\xe0l\xd5R\xa0\x8f}e\xe5_\xd7\
\x08\x00\x00\x00\x00\x06\x00\x00\x00\x13Could \
not load logs\x07\x00\x00\
\x00\x05WebUI\x01\x03\x00\x00\x00\x14e\xe0l\
\xd5\x8f\xdec\xa5\x81\xeaR\xa8S\x16\x8f\xd0\x88Le\
\xf6\x08\x00\x00\x00\x00\x06\x00\x00\x00&Could\
 not reach the a\
utomation runtim\
e\x07\x00\x00\x00\x05WebUI\x01\x03\x00\x00\x00\
\x04R\x1b^\xfa\x08\x00\x00\x00\x00\x06\x00\x00\x00\x06C\
reate\x07\x00\x00\x00\x05WebUI\x01\
\x03\x00\x00\x00\x0aR\x1b^\xfae\xb0N\xfbR\xa1\x08\
\x00\x00\x00\x00\x06\x00\x00\x00\x0fCreate \
New Task\x07\x00\x00\x00\x05Web\
UI\x01\x03\x00\x00\x00\x0cR\x1b^\xfa\x8b\xa1R\x12\
N\xfbR\xa1\x08\x00\x00\x00\x00\x06\x00\x00\x00\x14Cr\
eate Schedule Ta\
sk\x07\x00\x00\x00\x05WebUI\x01\x03\x00\x00\
\x00\x08R\x1b^\xfaN\xfbR\xa1\x08\x00\x00\x00\x00\x06\
\x00\x00\x00\x0bCreate Task\x07\
\x00\x00\x00\x05WebUI\x01\x03\x00\x00\x00\x16\x00\
C\x00u\x00r\x00r\x00e\x00n\x00t\x00 \x00\
A\x00p\x00p\x08\x00\x00\x00\x00\x06\x00\x00\x00\x0bC\
urrent App\x07\x00\x00\x00\x05W\
ebUI\x01\x03\x00\x00\x00\x08_SRMN\xfb\
R\xa1\x08\x00\x00\x00\x00\x06\x00\x00\x00\x0cCurr\
ent task\x07\x00\x00\x00\x05Web\
UI\x01\x03\x00\x00\x00\x08_SRMrHg,\
\x08\x00\x00\x00\x00\x06\x00\x00\x00\x0fCurren\
t version\x07\x00\x00\x00\x05We\
bUI\x01\x03\x00\x00\x00\x04m\xf1\x82r\x08\x00\x00\
\x00\x00\x06\x00\x00\x00\x04Dark\x07\x00\x00\x00\x05\
WebUI\x01\x03\x00\x00\x00\x02Y)\x08\x00\x00\
\x00\x00\x06\x00\x00\x00\x04Days\x07\x00\x00\x00\x05\
WebUI\x01\x03\x00\x00\x00\x08_\x00S\xd1]\
\xe5Qw\x08\x00\x00\x00\x00\x06\x00\x00\x00\x05Deb\
ug\x07\x00\x00\x00\x05WebUI\x01\x03\x00\x00\
\x00\x04R \x96d\x08\x00\x00\x00\x00\x06\x00\x00\x00\x06\
Delete\x07\x00\x00\x00\x05WebUI\
\x01\x03\x00\x00\x00\x08R \x96dN\xfbR\xa1\x08\x00\
\x00\x00\x00\x06\x00\x00\x00\x0bDelete T\
ask\x07\x00\x00\x00\x05WebUI\x01\x03\x00\
\x00\x00\x0ec\xcf\x8f\xf0\x00 \x00(S\xef\x90\x09\x00\
)\x08\x00\x00\x00\x00\x06\x00\x00\x00\x16Descr\
iption (Optional\
)\x07\x00\x00\x00\x05WebUI\x01\x03\x00\x00\x00\
\x0ay\x81u(h\x07\x8b\xb0hF\x08\x00\x00\x00\x00\
\x06\x00\x00\x00\x0dDisable Box\
es\x07\x00\x00\x00\x05WebUI\x01\x03\x00\x00\
\x00\x06g*T/u(\x08\x00\x00\x00\x00\x06\x00\x00\
\x00\x08Disabled\x07\x00\x00\x00\x05W\
ebUI\x01\x03\x00\x00\x00\x08QM\x8d#X\xf0\
f\x0e\x08\x00\x00\x00\x00\x06\x00\x00\x00\x0aDisc\
laimer\x07\x00\x00\x00\x05WebUI\
\x01\x03\x00\x00\x00\x06]\xf2e\xad_\x00\x08\x00\x00\x00\
\x00\x06\x00\x00\x00\x0cDisconnect\
ed\x07\x00\x00\x00\x05WebUI\x01\x03\x00\x00\
\x00\x0e\x00D\x00i\x00s\x00c\x00o\x00r\x00d\
\x08\x00\x00\x00\x00\x06\x00\x00\x00\x07Discor\
d\x07\x00\x00\x00\x05WebUI\x01\x03\x00\x00\x00\
\x04\x96M~\xa7\x08\x00\x00\x00\x00\x06\x00\x00\x00\x09D\
owngrade\x07\x00\x00\x00\x05Web\
UI\x01\x03\x00\x00\x00\x08N\x8c\x91\xcd\x87\xbae\xcb\
\x08\x00\x00\x00\x00\x06\x00\x00\x00\x10Duet N\
ight Abyss\x07\x00\x00\x00\x05W\
ebUI\x01\x03\x00\x00\x00\x0aT/u(h\x07\
\x8b\xb0hF\x08\x00\x00\x00\x00\x06\x00\x00\x00\x0cEn\
able Boxes\x07\x00\x00\x00\x05W\
ebUI\x01\x03\x00\x00\x00\x06]\xf2T/u(\
\x08\x00\x00\x00\x00\x06\x00\x00\x00\x07Enable\
d\x07\x00\x00\x00\x05WebUI\x01\x03\x00\x00\x00\
\x06bg\x88LVh\x08\x00\x00\x00\x00\x06\x00\x00\x00\
\x08Executor\x07\x00\x00\x00\x05We\
bUI\x01\x03\x00\x00\x00\x08[\xfcQ\xfae\xe5_\
\xd7\x08\x00\x00\x00\x00\x06\x00\x00\x00\x0bExpor\
t Logs\x07\x00\x00\x00\x05WebUI\
\x01\x03\x00\x00\x00\x06\x00F\x00A\x00Q\x08\x00\x00\x00\
\x00\x06\x00\x00\x00\x03FAQ\x07\x00\x00\x00\x05We\
bUI\x01\x03\x00\x00\x00\x1cR\x07cbrHg\
,Y1\x8d%\xff\x1a\x00{\x00e\x00r\x00r\x00\
o\x00r\x00}\x08\x00\x00\x00\x00\x06\x00\x00\x00!F\
ailed to change \
version: {error}\
\x07\x00\x00\x00\x05WebUI\x01\x03\x00\x00\x00\x1c\
h\xc0g\xe5f\xf4e\xb0Y1\x8d%\xff\x1a\x00{\
\x00e\x00r\x00r\x00o\x00r\x00}\x08\x00\x00\x00\
\x00\x06\x00\x00\x00$Failed to \
check for update\
s: {error}\x07\x00\x00\x00\x05W\
ebUI\x01\x03\x00\x00\x00\x04e\x87N\xf6\x08\x00\
\x00\x00\x00\x06\x00\x00\x00\x04File\x07\x00\x00\x00\
\x05WebUI\x01\x03\x00\x00\x00\x0e\x8f\xc7n\xe4\
e\xe5_\xd7\x00.\x00.\x00.\x08\x00\x00\x00\x00\x06\
\x00\x00\x00\x0eFilter logs.\
..\x07\x00\x00\x00\x05WebUI\x01\x03\x00\x00\
\x00\x08{[\x90\x09N\xfbR\xa1\x08\x00\x00\x00\x00\x06\
\x00\x00\x00\x0cFilter tasks\
\x07\x00\x00\x00\x05WebUI\x01\x03\x00\x00\x00\x0a\
n8b\x0f_\xebcw\x95.\x08\x00\x00\x00\x00\x06\
\x00\x00\x00\x0cGame Hotkeys\
\x07\x00\x00\x00\x05WebUI\x01\x03\x00\x00\x00\x10\
u\x1fb\x10h\x07{~g\x9aN>e\x87N\xf6\
\x08\x00\x00\x00\x00\x06\x00\x00\x00\x18Genera\
te label enum fi\
le\x07\x00\x00\x00\x05WebUI\x01\x03\x00\x00\
\x00\x06\x5c\x11RM\x002\x08\x00\x00\x00\x00\x06\x00\x00\
\x00\x12Girls' Frontli\
ne 2\x07\x00\x00\x00\x05WebUI\x01\x03\
\x00\x00\x00\x0c\x00G\x00i\x00t\x00H\x00u\x00b\
\x08\x00\x00\x00\x00\x06\x00\x00\x00\x06GitHub\
\x07\x00\x00\x00\x05WebUI\x01\x03\x00\x00\x00\x04\
eYz\x0b\x08\x00\x00\x00\x00\x06\x00\x00\x00\x05Gu\
ide\x07\x00\x00\x00\x05WebUI\x01\x03\x00\
\x00\x00\x02e\xf6\x08\x00\x00\x00\x00\x06\x00\x00\x00\x04H\
our\x07\x00\x00\x00\x05WebUI\x01\x03\x00\
\x00\x00\x04\x5c\x0fe\xf6\x08\x00\x00\x00\x00\x06\x00\x00\x00\
\x05Hours\x07\x00\x00\x00\x05WebUI\
\x01\x03\x00\x00\x00\x04zz\x95\xf2\x08\x00\x00\x00\x00\x06\
\x00\x00\x00\x04Idle\x07\x00\x00\x00\x05Web\
UI\x01\x03\x00\x00\x00\x08[\x89\x88\xc5v\xee_U\
\x08\x00\x00\x00\x00\x06\x00\x00\x00\x0eInstal\
l Folder\x07\x00\x00\x00\x05Web\
UI\x01\x03\x00\x00\x00\x08O\x7fu(\x8b\xf4f\x0e\
\x08\x00\x00\x00\x00\x06\x00\x00\x00\x0cInstru\
ctions\x07\x00\x00\x00\x05WebUI\
\x01\x03\x00\x00\x00\x04\x8b\xed\x8a\x00\x08\x00\x00\x00\x00\x06\
\x00\x00\x00\x08Language\x07\x00\x00\x00\
\x05WebUI\x01\x03\x00\x00\x00\x14g\x00\x8f\xd1\
\x00 \x001\x000\x000\x00 gam\x88`o\
\x08\x00\x00\x00\x00\x06\x00\x00\x00\x13Latest\
 100 messages\x07\x00\x00\
\x00\x05WebUI\x01\x03\x00\x00\x00\x04mE\x82\
r\x08\x00\x00\x00\x00\x06\x00\x00\x00\x05Light\
\x07\x00\x00\x00\x05WebUI\x01\x03\x00\x00\x00\x04\
[\x9ee\xf6\x08\x00\x00\x00\x00\x06\x00\x00\x00\x04Li\
ve\x07\x00\x00\x00\x05WebUI\x01\x03\x00\x00\
\x00\x08[\x9ee\xf6N\x8bN\xf6\x08\x00\x00\x00\x00\x06\
\x00\x00\x00\x0bLive events\x07\
\x00\x00\x00\x05WebUI\x01\x03\x00\x00\x00\x06R\
\xa0\x8f}N-\x08\x00\x00\x00\x00\x06\x00\x00\x00\x07L\
oading\x07\x00\x00\x00\x05WebUI\
\x01\x03\x00\x00\x00\x08e\xe5_\xd7v\xee_U\x08\x00\
\x00\x00\x00\x06\x00\x00\x00\x0aLog Fold\
er\x07\x00\x00\x00\x05WebUI\x01\x03\x00\x00\
\x00\x08e\xe5_\xd7~\xa7R+\x08\x00\x00\x00\x00\x06\
\x00\x00\x00\x09Log level\x07\x00\x00\
\x00\x05WebUI\x01\x03\x00\x00\x00\x04h\x07l\
\xe8\x08\x00\x00\x00\x00\x06\x00\x00\x00\x06Marku\
p\x07\x00\x00\x00\x05WebUI\x01\x03\x00\x00\x00\
\x06g\x00Y'S\x16\x08\x00\x00\x00\x00\x06\x00\x00\x00\
\x08Maximize\x07\x00\x00\x00\x05We\
bUI\x01\x03\x00\x00\x00\x06g\x00\x5c\x0fS\x16\x08\
\x00\x00\x00\x00\x06\x00\x00\x00\x08Minimiz\
e\x07\x00\x00\x00\x05WebUI\x01\x03\x00\x00\x00\
\x02R\x06\x08\x00\x00\x00\x00\x06\x00\x00\x00\x06Min\
ute\x07\x00\x00\x00\x05WebUI\x01\x03\x00\
\x00\x00\x04O\xeee9\x08\x00\x00\x00\x00\x06\x00\x00\x00\
\x06Modify\x07\x00\x00\x00\x05WebU\
I\x01\x03\x00\x00\x00\x0cO\xeee9\x8b\xa1R\x12N\
\xfbR\xa1\x08\x00\x00\x00\x00\x06\x00\x00\x00\x14Mod\
ify Schedule Tas\
k\x07\x00\x00\x00\x05WebUI\x01\x03\x00\x00\x00\
\x04N\x0by\xfb\x08\x00\x00\x00\x00\x06\x00\x00\x00\x09M\
ove Down\x07\x00\x00\x00\x05Web\
UI\x01\x03\x00\x00\x00\x04N\x0ay\xfb\x08\x00\x00\x00\
\x00\x06\x00\x00\x00\x07Move Up\x07\x00\x00\
\x00\x05WebUI\x01\x03\x00\x00\x00\x04_\x02s\
\xaf\x08\x00\x00\x00\x00\x06\x00\x00\x00\x15Never\
ness to Everness\
\x07\x00\x00\x00\x05WebUI\x01\x03\x00\x00\x00\x08\
N\x0bk!\x8f\xd0\x88L\x08\x00\x00\x00\x00\x06\x00\x00\
\x00\x08Next Run\x07\x00\x00\x00\x05W\
ebUI\x01\x03\x00\x00\x00\x0cf\x82e\xe0S\xef\
u(\x90\x09\x98y\x08\x00\x00\x00\x00\x06\x00\x00\x00\x14\
No options avail\
able\x07\x00\x00\x00\x05WebUI\x01\x03\
\x00\x00\x00\x0ef\x82e\xe0f\xf4e\xb0\x8b\xf4f\x0e\
0\x02\x08\x00\x00\x00\x00\x06\x00\x00\x00\x11No r\
elease notes.\x07\x00\x00\
\x00\x05WebUI\x01\x03\x00\x00\x00$l\xa1g\
\x09N\x0e \x1c\x00{\x00q\x00u\x00e\x00r\x00\
y\x00} \x1dS9\x91Mv\x84N\xfbR\xa10\
\x02\x08\x00\x00\x00\x00\x06\x00\x00\x00\x1dNo ta\
sks match \xe2\x80\x9c{qu\
ery}\xe2\x80\x9d.\x07\x00\x00\x00\x05Web\
UI\x01\x03\x00\x00\x00\x08f\x82e\xe0j!g\x7f\
\x08\x00\x00\x00\x00\x06\x00\x00\x00\x10No tem\
plates yet\x07\x00\x00\x00\x05W\
ebUI\x01\x03\x00\x00\x00\x0e]\xf2f/g\x00\
e\xb0rHg,0\x02\x08\x00\x00\x00\x00\x06\x00\x00\
\x00\x15No updates ava\
ilable.\x07\x00\x00\x00\x05WebU\
I\x01\x03\x00\x00\x00\x0el\xa1g\x09S\xefu(r\
Hg,0\x02\x08\x00\x00\x00\x00\x06\x00\x00\x00\x1aN\
o versions are a\
vailable.\x07\x00\x00\x00\x05We\
bUI\x01\x03\x00\x00\x00\x0ag*b~R0z\
\x97S\xe3\x08\x00\x00\x00\x00\x06\x00\x00\x00\x10No \
windows found\x07\x00\x00\
\x00\x05WebUI\x01\x03\x00\x00\x00\x02e\xe0\x08\
\x00\x00\x00\x00\x06\x00\x00\x00\x04None\x07\x00\x00\
\x00\x05WebUI\x01\x03\x00\x00\x00\x04\x90\x1aw\
\xe5\x08\x00\x00\x00\x00\x06\x00\x00\x00\x0dNotif\
ications\x07\x00\x00\x00\x05Web\
UI\x01\x03\x00\x00\x00\x04xn[\x9a\x08\x00\x00\x00\
\x00\x06\x00\x00\x00\x02OK\x07\x00\x00\x00\x05Web\
UI\x01\x03\x00\x00\x00\x04SUk!\x08\x00\x00\x00\
\x00\x06\x00\x00\x00\x08One-time\x07\x00\
\x00\x00\x05WebUI\x01\x03\x00\x00\x00\x06\x964\
\x963^\x08\x08\x00\x00\x00\x00\x06\x00\x00\x00\x07On\
myoji\x07\x00\x00\x00\x05WebUI\x01\
\x03\x00\x00\x00\x0cbS_\x00b*V\xfev\xee_\
U\x08\x00\x00\x00\x00\x06\x00\x00\x00\x16Open \
Screenshot Folde\
r\x07\x00\x00\x00\x05WebUI\x01\x03\x00\x00\x00\
\x08v\xf8Qs\x98yv\xee\x08\x00\x00\x00\x00\x06\x00\
\x00\x00\x0eOther Project\
s\x07\x00\x00\x00\x05WebUI\x01\x03\x00\x00\x00\
\x04f\x82P\x5c\x08\x00\x00\x00\x00\x06\x00\x00\x00\x05P\
ause\x07\x00\x00\x00\x05WebUI\x01\x03\
\x00\x00\x00\x06]\xf2f\x82P\x5c\x08\x00\x00\x00\x00\x06\
\x00\x00\x00\x06Paused\x07\x00\x00\x00\x05W\
ebUI\x01\x03\x00\x00\x00\x0ckcW(\x91\xcd\
e\xb0\x8f\xdec\xa5\x08\x00\x00\x00\x00\x06\x00\x00\x00\x0c\
Reconnecting\x07\x00\x00\x00\
\x05WebUI\x01\x03\x00\x00\x00\x04R7e\xb0\
\x08\x00\x00\x00\x00\x06\x00\x00\x00\x07Refres\
h\x07\x00\x00\x00\x05WebUI\x01\x03\x00\x00\x00\
\x08R7e\xb0N\xfbR\xa1\x08\x00\x00\x00\x00\x06\x00\
\x00\x00\x0dRefresh tasks\
\x07\x00\x00\x00\x05WebUI\x01\x03\x00\x00\x00\x08\
kcW(R7e\xb0\x08\x00\x00\x00\x00\x06\x00\x00\
\x00\x0aRefreshing\x07\x00\x00\x00\
\x05WebUI\x01\x03\x00\x00\x00:v\xf8[\xf9\
\x8d\xef_\x84\xff\x0cO\x8bY\x82\xff\x1a\x00o\x00k\
\x00_\x00t\x00a\x00s\x00k\x00s\x00/\x00L\
\x00a\x00b\x00e\x00l\x00E\x00n\x00u\x00m\
\x00.\x00p\x00y\x08\x00\x00\x00\x00\x06\x00\x00\x00)\
Relative path, e\
.g. ok_tasks/Lab\
elEnum.py\x07\x00\x00\x00\x05We\
bUI\x01\x03\x00\x00\x00\x04y\xfb\x96d\x08\x00\x00\
\x00\x00\x06\x00\x00\x00\x06Remove\x07\x00\x00\
\x00\x05WebUI\x01\x03\x00\x00\x00\x08\x8b\xf7l\
BY1\x8d%\x08\x00\x00\x00\x00\x06\x00\x00\x00\x0eR\
equest failed\x07\x00\x00\
\x00\x05WebUI\x01\x03\x00\x00\x00\x08\x91\xcd\x7f\
n\x91M\x7fn\x08\x00\x00\x00\x00\x06\x00\x00\x00\x0cR\
eset Config\x07\x00\x00\x00\x05\
WebUI\x01\x03\x00\x00\x00\x04~\xe7~\xed\x08\
\x00\x00\x00\x00\x06\x00\x00\x00\x06Resume\x07\
\x00\x00\x00\x05WebUI\x01\x03\x00\x00\x00\x04\x8f\
\xd0\x88L\x08\x00\x00\x00\x00\x06\x00\x00\x00\x03Run\
\x07\x00\x00\x00\x05WebUI\x01\x03\x00\x00\x00\x06\
\x8f\xd0\x88LN-\x08\x00\x00\x00\x00\x06\x00\x00\x00\x07\
Running\x07\x00\x00\x00\x05WebU\
I\x01\x03\x00\x00\x00\x0a\x8f\xd0\x88Le\xf6\x95\x19\x8b\
\xef\x08\x00\x00\x00\x00\x06\x00\x00\x00\x0dRunti\
me error\x07\x00\x00\x00\x05Web\
UI\x01\x03\x00\x00\x00\x04O\xdd[X\x08\x00\x00\x00\
\x00\x06\x00\x00\x00\x04Save\x07\x00\x00\x00\x05W\
ebUI\x01\x03\x00\x00\x00\x06O\xdd[XR0\
\x08\x00\x00\x00\x00\x06\x00\x00\x00\x07Save T\
o\x07\x00\x00\x00\x05WebUI\x01\x03\x00\x00\x00\
\x0a\x00S\x00a\x00v\x00e\x00d\x08\x00\x00\x00\x00\
\x06\x00\x00\x00\x05Saved\x07\x00\x00\x00\x05W\
ebUI\x01\x03\x00\x00\x00\x08\x8b\xa1R\x12N\xfb\
R\xa1\x08\x00\x00\x00\x00\x06\x00\x00\x00\x08Sche\
dule\x07\x00\x00\x00\x05WebUI\x01\x03\
\x00\x00\x00\x04b*V\xfe\x08\x00\x00\x00\x00\x06\x00\x00\
\x00\x0aScreenshot\x07\x00\x00\x00\
\x05WebUI\x01\x03\x00\x00\x00\x08b*V\xfe\
v\xee_U\x08\x00\x00\x00\x00\x06\x00\x00\x00\x11Sc\
reenshot Folder\x07\
\x00\x00\x00\x05WebUI\x01\x03\x00\x00\x00\x04\x81\
\x1ag,\x08\x00\x00\x00\x00\x06\x00\x00\x00\x06Scr\
ipt\x07\x00\x00\x00\x05WebUI\x01\x03\x00\
\x00\x00\x16c\x09T\x0dy\xf0b\x16R\x06|{d\
\x1c}\x22\x00.\x00.\x00.\x08\x00\x00\x00\x00\x06\x00\
\x00\x00\x1dSearch by nam\
e or category...\
\x07\x00\x00\x00\x05WebUI\x01\x03\x00\x00\x00\x0e\
d\x1c}\x22j!g\x7f\x00.\x00.\x00.\x08\x00\
\x00\x00\x00\x06\x00\x00\x00\x13Search t\
emplates...\x07\x00\x00\x00\x05\
WebUI\x01\x03\x00\x00\x00\x14d\x1c}\x22h\
\x07\x98\x98b\x16z\x0b^\x8f\x00.\x00.\x00.\x08\
\x00\x00\x00\x00\x06\x00\x00\x00\x16Search \
title or exe...\x07\
\x00\x00\x00\x05WebUI\x01\x03\x00\x00\x00\x08\x90\
\x09b\xe9N\xfbR\xa1\x08\x00\x00\x00\x00\x06\x00\x00\x00\
\x0bSelect Task\x07\x00\x00\x00\
\x05WebUI\x01\x03\x00\x00\x00&\x00S\x00e\
\x00l\x00e\x00c\x00t\x00 \x00t\x00a\x00s\
\x00k\x00 \x00t\x00o\x00 \x00e\x00d\x00i\
\x00t\x08\x00\x00\x00\x00\x06\x00\x00\x00\x13Sele\
ct task to edit\x07\
\x00\x00\x00\x05WebUI\x01\x03\x00\x00\x00\x08]\
\xf2\x90\x09\x90\x09\x98y\x08\x00\x00\x00\x00\x06\x00\x00\x00\
\x10Selected Option\
s\x07\x00\x00\x00\x05WebUI\x01\x03\x00\x00\x00\
\x0c\x90\x09b\xe9O`v\x84\x8b\xed\x8a\x00\x08\x00\x00\
\x00\x00\x06\x00\x00\x00\x1bSet your \
preferred langua\
ge\x07\x00\x00\x00\x05WebUI\x01\x03\x00\x00\
\x00\x04\x8b\xbe\x7fn\x08\x00\x00\x00\x00\x06\x00\x00\x00\x08\
Settings\x07\x00\x00\x00\x05Web\
UI\x01\x03\x00\x00\x00\x0cR\x06N\xabN\x0b\x8f}\
\x94\xfec\xa5\x08\x00\x00\x00\x00\x06\x00\x00\x00\x05Sh\
are\x07\x00\x00\x00\x05WebUI\x01\x03\x00\
\x00\x00\x18R\x06N\xab\x94\xfec\xa5]\xf2~\xcfY\
\x0dR6R0RjR\x07g\x7f\x08\x00\x00\x00\x00\
\x06\x00\x00\x00\x1eShare Link \
copied to clipbo\
ard\x07\x00\x00\x00\x05WebUI\x01\x03\x00\
\x00\x00\x04\x8d^R\xa9\x08\x00\x00\x00\x00\x06\x00\x00\x00\
\x07Sponsor\x07\x00\x00\x00\x05Web\
UI\x01\x03\x00\x00\x00\x08f\x1fu\xd5Qq\x9e#\
\x08\x00\x00\x00\x00\x06\x00\x00\x00\x0eStar R\
esonance\x07\x00\x00\x00\x05Web\
UI\x01\x03\x00\x00\x00\x04_\x00Y\xcb\x08\x00\x00\x00\
\x00\x06\x00\x00\x00\x05Start\x07\x00\x00\x00\x05\
WebUI\x01\x03\x00\x00\x00\x08kcW(T\
/R\xa8\x08\x00\x00\x00\x00\x06\x00\x00\x00\x08Sta\
rting\x07\x00\x00\x00\x05WebUI\x01\
\x03\x00\x00\x00 kcW(R\x07cbR0\x00\
 \x00{\x00v\x00e\x00r\x00s\x00i\x00o\x00\
n\x00} &\x08\x00\x00\x00\x00\x06\x00\x00\x00\x1fS\
tarting change t\
o {version}\xe2\x80\xa6\x07\x00\
\x00\x00\x05WebUI\x01\x03\x00\x00\x00\x04r\xb6\
`\x01\x08\x00\x00\x00\x00\x06\x00\x00\x00\x06Stat\
us\x07\x00\x00\x00\x05WebUI\x01\x03\x00\x00\
\x00\x04P\x5ckb\x08\x00\x00\x00\x00\x06\x00\x00\x00\x04\
Stop\x07\x00\x00\x00\x05WebUI\x01\x03\
\x00\x00\x00\x08P\x5ckbN\xfbR\xa1\x08\x00\x00\x00\
\x00\x06\x00\x00\x00\x09Stop task\x07\
\x00\x00\x00\x05WebUI\x01\x03\x00\x00\x00\x08b\
*S\xd6\x5cO^U\x08\x00\x00\x00\x00\x06\x00\x00\x00\
\x0fTake Screenshot\
\x07\x00\x00\x00\x05WebUI\x01\x03\x00\x00\x00\x08\
N\xfbR\xa1T\x0dy\xf0\x08\x00\x00\x00\x00\x06\x00\x00\
\x00\x09Task Name\x07\x00\x00\x00\x05\
WebUI\x01\x03\x00\x00\x00\x0eN\xfbR\xa1\x91\
\xcd^\xfab\x10R\x9f0\x02\x08\x00\x00\x00\x00\x06\x00\
\x00\x00\x1aTask rebuilt \
successfully.\x07\x00\x00\
\x00\x05WebUI\x01\x03\x00\x00\x00\x04N\xfbR\
\xa1\x08\x00\x00\x00\x00\x06\x00\x00\x00\x05Tasks\
\x07\x00\x00\x00\x05WebUI\x01\x03\x00\x00\x00\x04\
j!g\x7f\x08\x00\x00\x00\x00\x06\x00\x00\x00\x09Te\
mplates\x07\x00\x00\x00\x05WebU\
I\x01\x03\x00\x00\x00\x06]\xf2\x8f\xd0\x88L\x08\x00\x00\
\x00\x00\x06\x00\x00\x00\x0cTime Elap\
sed\x07\x00\x00\x00\x05WebUI\x01\x03\x00\
\x00\x00\x08\x8d\x85e\xf6e\xf6\x95\xf4\x08\x00\x00\x00\x00\
\x06\x00\x00\x00\x07Timeout\x07\x00\x00\x00\
\x05WebUI\x01\x03\x00\x00\x00\x0aR\x07cb\
[\xfc\x82*h\x0f\x08\x00\x00\x00\x00\x06\x00\x00\x00\x11\
Toggle navigatio\
n\x07\x00\x00\x00\x05WebUI\x01\x03\x00\x00\x00\
\x06\x89\xe6S\xd1Vh\x08\x00\x00\x00\x00\x06\x00\x00\x00\
\x07Trigger\x07\x00\x00\x00\x05Web\
UI\x01\x03\x00\x00\x00\x08\x89\xe6S\xd1|{W\x8b\
\x08\x00\x00\x00\x00\x06\x00\x00\x00\x0cTrigge\
r Type\x07\x00\x00\x00\x05WebUI\
\x01\x03\x00\x00\x00\x08[\x9ee\xf6\x89\xe6S\xd1\x08\x00\
\x00\x00\x00\x06\x00\x00\x00\x08Triggers\
\x07\x00\x00\x00\x05WebUI\x01\x03\x00\x00\x00\x04\
f\xf4e\xb0\x08\x00\x00\x00\x00\x06\x00\x00\x00\x06Up\
date\x07\x00\x00\x00\x05WebUI\x01\x03\
\x00\x00\x00\x0cg\x09S\xefu(f\xf4e\xb00\x02\
\x08\x00\x00\x00\x00\x06\x00\x00\x00\x11Update\
 available.\x07\x00\x00\x00\x05\
WebUI\x01\x03\x00\x00\x00&f\xf4e\xb0\x8b\
\xf7lB]\xf2c\xa5S\xd70\x02^\x94u(\x5c\
\x06\x91\xcdT/N\xe5[\x8cb\x10f\xf4e\xb00\
\x02\x08\x00\x00\x00\x00\x06\x00\x00\x00:Updat\
e request accept\
ed. The app will\
 restart to appl\
y it.\x07\x00\x00\x00\x05WebUI\x01\
\x03\x00\x00\x00\x0cO\x7fu(|\xfb~\xdf\x8b\xbe\x7f\
n\x08\x00\x00\x00\x00\x06\x00\x00\x00\x12Use s\
ystem setting\x07\x00\x00\
\x00\x05WebUI\x01\x03\x00\x00\x00\x04rHg\
,\x08\x00\x00\x00\x00\x06\x00\x00\x00\x07Versi\
on\x07\x00\x00\x00\x05WebUI\x01\x03\x00\x00\
\x00\x08g\xe5w\x0be\xe5_\xd7\x08\x00\x00\x00\x00\x06\
\x00\x00\x00\x08View Log\x07\x00\x00\x00\
\x05WebUI\x01\x03\x00\x00\x00 {I_\x85\
\x00 \x00o\x00k\x00-\x00s\x00c\x00r\x00i\
\x00p\x00t\x00.\x00l\x00o\x00g\x08\x00\x00\x00\
\x00\x06\x00\x00\x00\x19Waiting fo\
r ok-script.log\x07\
\x00\x00\x00\x05WebUI\x01\x03\x00\x00\x00\x14k\
cW({I_\x85\x8f\xd0\x88Le\xf6N\x8bN\
\xf6 &\x08\x00\x00\x00\x00\x06\x00\x00\x00\x1dWai\
ting for runtime\
 events\xe2\x80\xa6\x07\x00\x00\x00\x05W\
ebUI\x01\x03\x00\x00\x00&{I_\x85\x00 \
\x00{\x00t\x00a\x00s\x00k\x00_\x00n\x00a\
\x00m\x00e\x00}\x00 N\xfbR\xa1[\x8cb\x10\
\x08\x00\x00\x00\x00\x06\x00\x00\x00,Waitin\
g for {task_name\
} task to be com\
pleted\x07\x00\x00\x00\x05WebUI\
\x01\x03\x00\x00\x00\x04\x7fQz\xd9\x08\x00\x00\x00\x00\x06\
\x00\x00\x00\x07Website\x07\x00\x00\x00\x05\
WebUI\x01\x03\x00\x00\x00\x04\x9e#on\x08\
\x00\x00\x00\x00\x06\x00\x00\x00\x0fWutheri\
ng Waves\x07\x00\x00\x00\x05Web\
UI\x01\x03\x00\x00\x00\x1a\x00a\x00s\x00s\x00e\
\x00t\x00s\x00 \x00(r\xecz\xcb^\x94u(\
\x00)\x08\x00\x00\x00\x00\x06\x00\x00\x00\x17asse\
ts (standalone a\
pp)\x07\x00\x00\x00\x05WebUI\x01\x03\x00\
\x00\x00\x02\x88L\x08\x00\x00\x00\x00\x06\x00\x00\x00\x05l\
ines\x07\x00\x00\x00\x05WebUI\x01\x03\
\x00\x00\x00\x12\x00o\x00k\x00-\x00p\x00yc\x09\
\x95.|\xbepu\x08\x00\x00\x00\x00\x06\x00\x00\x00\x15\
ok-py Automation\
 Tool\x07\x00\x00\x00\x05WebUI\x01\
\x03\x00\x00\x00\x1c\x00o\x00k\x00-\x00s\x00c\x00\
r\x00i\x00p\x00t\x00 ^\x94u(j!g\
\x7f\x08\x00\x00\x00\x00\x06\x00\x00\x00\x16ok-sc\
ript App Templat\
e\x07\x00\x00\x00\x05WebUI\x01\x03\x00\x00\x00\
.\x00o\x00k\x00_\x00t\x00a\x00s\x00k\x00\
s\x00/\x00a\x00s\x00s\x00e\x00t\x00s\x00\
 \x00(\x81\xea[\x9aNI\x81\x1ag,\x00)\x08\
\x00\x00\x00\x00\x06\x00\x00\x00 ok_task\
s/assets (custom\
 scripts)\x07\x00\x00\x00\x05We\
bUI\x01\x03\x00\x00\x00\x16\x00{\x00c\x00o\x00\
u\x00n\x00t\x00}\x00 N*S\xefu(\x08\
\x00\x00\x00\x00\x06\x00\x00\x00\x11{count}\
 available\x07\x00\x00\x00\x05W\
ebUI\x01\x03\x00\x00\x002\x98u\x97b \x1c\
\x00{\x00p\x00a\x00g\x00e\x00} \x1df\x82\
g*W(\x00 \x00W\x00e\x00b\x00 \x00U\
\x00I\x00 N-c\xd0O\x9b0\x02\x08\x00\x00\x00\
\x00\x06\x00\x00\x00*{page} is \
not available in\
 the web UI yet.\
\x07\x00\x00\x00\x05WebUI\x01\x03\x00\x00\x00\x04\
c\xd0y:\x08\x00\x00\x00\x00\x06\x00\x00\x00\x05Al\
ert\x07\x00\x00\x00\x03app\x01\x03\x00\x00\x00\
\x10]\xf2~\xcff\xf4e\xb0R0rHg,\x00\
:\x08\x00\x00\x00\x00\x06\x00\x00\x00\x1bAlrea\
dy updated to ve\
rsion:\x07\x00\x00\x00\x03app\x01\x03\
\x00\x00\x00.S\xe6N\x00N*[\x9eO\x8b]\xf2\
~\xcfW(\x8f\xd0\x88L\x00,\x00 \x8b\xf7bK\
R\xa8~\xd3g_S\xe6N\x00N*[\x9eO\x8b\
\x00.\x08\x00\x00\x00\x00\x06\x00\x00\x00#Anot\
her instance is \
already running\x07\
\x00\x00\x00\x03app\x01\x03\x00\x00\x00\x0a^\x94u\
(T/R\xa8Vh\x08\x00\x00\x00\x00\x06\x00\x00\x00\
\x0cApp Launcher\x07\x00\x00\
\x00\x03app\x01\x03\x00\x00\x00T^\x94u(T\
/R\xa8\x95\x19\x8b\xef0\x02\x8b\xf7\x5c\x06[\x89\x88\
\xc5e\x87N\xf6Y9m\xfbR\xa0R0\x00W\x00\
i\x00n\x00d\x00o\x00w\x00s\x00 \x00D\x00\
e\x00f\x00e\x00n\x00d\x00e\x00rv}T\
\x0dSU^v\x91\xcde\xb0[\x89\x88\xc5\x00:\x08\
\x00\x00\x00\x00\x06\x00\x00\x00fApp sta\
rtup error. Plea\
se add the insta\
llation folder t\
o the Windows De\
fender whitelist\
 and reinstall:\x07\
\x00\x00\x00\x03app\x01\x03\x00\x00\x00\x04\x81\xeaR\
\xa8\x08\x00\x00\x00\x00\x06\x00\x00\x00\x04Auto\x07\
\x00\x00\x00\x03app\x01\x03\x00\x00\x00\x12\x81\xeaR\
\xa8\x8c\x03etn8b\x0fR\x06\x8f\xa8s\x87\x08\
\x00\x00\x00\x00\x06\x00\x00\x00\x17Auto Re\
size Game Window\
\x07\x00\x00\x00\x03app\x01\x03\x00\x00\x00\x0c\x81\xea\
R\xa8T/R\xa8n8b\x0f\x08\x00\x00\x00\x00\x06\
\x00\x00\x00\x0fAuto Start G\
ame\x07\x00\x00\x00\x03app\x01\x03\x00\x00\x00\
\x18z\x0b^\x8fT/R\xa8e\xf6P\x19\x81\xeaR\
\xa8T/R\xa8n8b\x0f\x08\x00\x00\x00\x00\x06\x00\
\x00\x00\x1fAuto Start Ga\
me When App Star\
ts\x07\x00\x00\x00\x03app\x01\x03\x00\x00\x00\x1e\
\x81\xeaR\xa8T/R\xa8\x00 \x00{\x00a\x00p\
\x00p\x00_\x00n\x00a\x00m\x00e\x00}\x08\x00\
\x00\x00\x00\x06\x00\x00\x00\x15Auto Sta\
rt {app_name}\x07\x00\x00\
\x00\x03app\x01\x03\x00\x00\x00\x08\x81\xeaR\xa8f\
\xf4e\xb0\x08\x00\x00\x00\x00\x06\x00\x00\x00\x0bAut\
o Update\x07\x00\x00\x00\x03app\
\x01\x03\x00\x00\x00\x18u1N\x8en8b\x0f\x90\x00\
Q\xfa\x00,\x00 \x81\xeaR\xa8Qs\x95\xed\x08\x00\
\x00\x00\x00\x06\x00\x00\x00\x1dAuto exi\
t because game e\
xited\x07\x00\x00\x00\x03app\x01\x03\x00\
\x00\x00\x14\x81\xeaR\xa8f\xf4e\xb0\xff\x08\x98\x84S\
\xd1^\x03rH\xff\x09\x08\x00\x00\x00\x00\x06\x00\x00\x00\
\x1eAutomatic Updat\
e (Pre-release)\x07\
\x00\x00\x00\x03app\x01\x03\x00\x00\x00\x14\x81\xeaR\
\xa8f\xf4e\xb0\xff\x08N\xc5kc_\x0frH\xff\
\x09\x08\x00\x00\x00\x00\x06\x00\x00\x00\x1eAutom\
atic Update(Rele\
ase Only)\x07\x00\x00\x00\x03ap\
p\x01\x03\x00\x00\x00\x08W\xfag,\x8b\xbe\x7fn\x08\
\x00\x00\x00\x00\x06\x00\x00\x00\x0dBasic O\
ptions\x07\x00\x00\x00\x03app\x01\x03\
\x00\x00\x00\x06mK\x8b\xd5rH\x08\x00\x00\x00\x00\x06\
\x00\x00\x00\x0cBeta Version\
\x07\x00\x00\x00\x03app\x01\x03\x00\x00\x00\x04j!\
|\xca\x08\x00\x00\x00\x00\x06\x00\x00\x00\x04Blur\
\x07\x00\x00\x00\x03app\x01\x03\x00\x00\x00\x08\x90n\
c!{\x97l\xd5\x08\x00\x00\x00\x00\x06\x00\x00\x00\x0e\
Blur Algorithm\x07\x00\
\x00\x00\x03app\x01\x03\x00\x00\x006j!|\xca\
n8b\x0f\x00 \x00U\x00I\x00D\x00 {I\
V\xfa[\x9aQ\x85[\xb9N\xe5^\xf6\x95\x7f\x00 \
\x00O\x00L\x00E\x00D\x00 \x5cO^U[\xff\
T}\x08\x00\x00\x00\x00\x06\x00\x00\x00&Blur\
 Game UID etc to\
 enhance OLED li\
fe\x07\x00\x00\x00\x03app\x01\x03\x00\x00\x00\x0c\
\x90nc!h\xc0g\xe5\x95\xf4\x96\x94\x08\x00\x00\x00\
\x00\x06\x00\x00\x00\x0dBlur Inter\
val\x07\x00\x00\x00\x03app\x01\x03\x00\x00\x00\
\x1ee\xe0l\xd5b~R0\x00p\x00y\x00t\x00\
h\x00o\x00n\x00 \x00v\x00e\x00n\x00v\x08\
\x00\x00\x00\x00\x06\x00\x00\x00\x16Can't f\
ind python venv\x07\
\x00\x00\x00\x03app\x01\x03\x00\x00\x00\x04S\xd6m\
\x88\x08\x00\x00\x00\x00\x06\x00\x00\x00\x06Cance\
l\x07\x00\x00\x00\x03app\x01\x03\x00\x00\x00\x08b\
*V\xfe^'s\x87\x08\x00\x00\x00\x00\x06\x00\x00\x00\
\x12Capture Frame R\
ate\x07\x00\x00\x00\x03app\x01\x03\x00\x00\x00\
\x08b*V\xfe^\xf6\x8f\xdf\x08\x00\x00\x00\x00\x06\x00\
\x00\x00\x0fCapture Laten\
cy\x07\x00\x00\x00\x03app\x01\x03\x00\x00\x00\x04\
V\xfdQ\x85\x08\x00\x00\x00\x00\x06\x00\x00\x00\x05Ch\
ina\x07\x00\x00\x00\x03app\x01\x03\x00\x00\x00\
\x18\x90\x09b\xe9T/R\xa8Vh[\x89\x88\xc5f\
\xf4e\xb0v\x84e\xb9_\x0f\x08\x00\x00\x00\x00\x06\x00\
\x00\x00(Choose how th\
e launcher insta\
lls updates\x07\x00\x00\x00\x03\
app\x01\x03\x00\x00\x00L\x90\x09b\xe9\x90\x1aw\
\xe5v\x84S\xd1\x90\x01OM\x7fn0\x02\x90\x1aw\
\xe5Y\xcb~\xc8O\x1af>y:W(^\x94u\
(Q\x85\xff\x1b\x8b\xf7T/u(`\xa8^\x0cg\
\x1b\x98\x9dY\x16c\xa5e6\x90\x1aw\xe5v\x84g\
\x0dR\xa10\x02\x08\x00\x00\x00\x00\x06\x00\x00\x00\x8bC\
hoose where noti\
fications are de\
livered. Notific\
ations always ap\
pear in the app;\
 enable any addi\
tional providers\
 you want to rec\
eive them.\x07\x00\x00\x00\x03a\
pp\x01\x03\x00\x00\x00\x12\x91M\x7fn\x90\x1aw\xe5\
g\x0dR\xa1c\xd0O\x9bUF\x08\x00\x00\x00\x00\x06\
\x00\x00\x00 Configure no\
tification provi\
ders\x07\x00\x00\x00\x03app\x01\x03\x00\x00\
\x00\x0e\x91M\x7fn^\x94u(T/R\xa8Vh\
\x08\x00\x00\x00\x00\x06\x00\x00\x00\x1aConfig\
ure the app laun\
cher\x07\x00\x00\x00\x03app\x01\x03\x00\x00\
\x00\x04xn\x8b\xa4\x08\x00\x00\x00\x00\x06\x00\x00\x00\x07\
Confirm\x07\x00\x00\x00\x03app\x01\
\x03\x00\x00\x00\x12R\x1b^\xfa\x00v\x00e\x00n\x00\
vY1\x8d%\x00.\x08\x00\x00\x00\x00\x06\x00\x00\x00\
\x13Create venv fai\
led.\x07\x00\x00\x00\x03app\x01\x03\x00\x00\
\x00\x1a\x9e\xd8\x8b\xa4e6N\xf6N\xba\xff\x0cY\x1a\
N*N\xe5\x90\x17S\xf7R\x06\x96\x94\x08\x00\x00\x00\
\x00\x06\x00\x00\x00%Default re\
cipient(s), comm\
a-separated\x07\x00\x00\x00\x03\
app\x01\x03\x00\x00\x00\x22\x9e\xd8\x8b\xa4S\xd1N\
\xf6N\xba\x90\xae{\xb1W0W@\xff\x08\x00F\x00\
r\x00o\x00m\x00 Y4\xff\x09\x08\x00\x00\x00\x00\
\x06\x00\x00\x00*Default sen\
der email addres\
s (From header)\x07\
\x00\x00\x00\x03app\x01\x03\x00\x00\x00\x0cR \x96\
dO\x9d\x8dVb\x10R\x9f\x08\x00\x00\x00\x00\x06\x00\
\x00\x00\x1cDelete depend\
encies success!\x07\
\x00\x00\x00\x03app\x01\x03\x00\x00\x00\x04\x8b\xcae\
\xad\x08\x00\x00\x00\x00\x06\x00\x00\x00\x09Diagn\
osis\x07\x00\x00\x00\x03app\x01\x03\x00\x00\
\x00\x14\x00D\x00i\x00s\x00c\x00o\x00r\x00d\
\x00 \x90\x1aw\xe5\x08\x00\x00\x00\x00\x06\x00\x00\x00\x14\
Discord Notifica\
tion\x07\x00\x00\x00\x03app\x01\x03\x00\x00\
\x00\x1e\x00D\x00i\x00s\x00c\x00o\x00r\x00d\
\x00 \x00W\x00e\x00b\x00h\x00o\x00o\x00k\
\x08\x00\x00\x00\x00\x06\x00\x00\x00\x0fDiscor\
d Webhook\x07\x00\x00\x00\x03ap\
p\x01\x03\x00\x00\x00,\x00D\x00i\x00s\x00c\x00\
o\x00r\x00d\x00 \x98\x91\x90S\x00 \x00W\x00\
e\x00b\x00h\x00o\x00o\x00k\x00 \x00U\x00\
R\x00L\x08\x00\x00\x00\x00\x06\x00\x00\x00\x1bDis\
cord channel web\
hook URL\x07\x00\x00\x00\x03app\
\x01\x03\x00\x00\x00\x0cT/u(j!|\xca\x90n\
c!\x08\x00\x00\x00\x00\x06\x00\x00\x00\x0bEnab\
le Blur\x07\x00\x00\x00\x03app\x01\
\x03\x00\x00\x00\x1eO\x01N\x1a_\xaeO\xe1\x00 \x00\
W\x00e\x00b\x00h\x00o\x00o\x00k\x00 \x90\
\x1aw\xe5\x08\x00\x00\x00\x00\x06\x00\x00\x00&Ent\
erprise WeChat W\
ebhook Notificat\
ion\x07\x00\x00\x00\x03app\x01\x03\x00\x00\x00\
\x1eO\x01N\x1a_\xaeO\xe1\x00 \x00W\x00e\x00\
b\x00h\x00o\x00o\x00k\x00 W0W@\x08\
\x00\x00\x00\x00\x06\x00\x00\x00\x1dEnterpr\
ise WeChat Webho\
ok URL\x07\x00\x00\x00\x03app\x01\x03\
\x00\x00\x00&O\x01N\x1a_\xaeO\xe1\x7f\xa4g:\
VhN\xba\x00 \x00W\x00e\x00b\x00h\x00o\
\x00o\x00k\x00 W0W@\x08\x00\x00\x00\x00\x06\
\x00\x00\x00'Enterprise W\
eChat group bot \
webhook URL\x07\x00\x00\x00\x03\
app\x01\x03\x00\x00\x00\x04\x95\x19\x8b\xef\x08\x00\x00\
\x00\x00\x06\x00\x00\x00\x05Error\x07\x00\x00\x00\
\x03app\x01\x03\x00\x00\x00\x16\x00Q\x00Q\x00 \
\x80T|\xfbN\xbav\x84[\x8cetf5y\xf0\
\x08\x00\x00\x00\x00\x06\x00\x00\x00\x19Exact \
QQ contact nickn\
ame\x07\x00\x00\x00\x03app\x01\x03\x00\x00\x00\
\x14_\xaeO\xe1\x80T|\xfbN\xbav\x84[\x8ce\
tf5y\xf0\x08\x00\x00\x00\x00\x06\x00\x00\x00\x1dE\
xact WeChat cont\
act nickname\x07\x00\x00\x00\
\x03app\x01\x03\x00\x00\x00\x0a[\x8cb\x10T\x0e\
\x90\x00Q\xfa\x08\x00\x00\x00\x00\x06\x00\x00\x00\x0fEx\
it After Task\x07\x00\x00\
\x00\x03app\x01\x03\x00\x00\x00\x1an8b\x0f\x90\
\x00Q\xfae\xf6\x00,\x00 \x81\xeaR\xa8\x90\x00Q\
\xfa^\x94u(\x08\x00\x00\x00\x00\x06\x00\x00\x00\x18E\
xit App when Gam\
e Exits\x07\x00\x00\x00\x03app\x01\
\x03\x00\x00\x00\x22u1N\x8en8b\x0f]\xf2~\
\xcf\x90\x00Q\xfa\x00,\x00 ^\x94u(\x81\xeaR\
\xa8\x90\x00Q\xfa\xff\x01\x08\x00\x00\x00\x00\x06\x00\x00\x00\
\x18Exit because ga\
me exited\x07\x00\x00\x00\x03ap\
p\x01\x03\x00\x00\x00\x1a[\x8cb\x10N\xfbR\xa1T\
\x0e\x90\x00Q\xfan8b\x0fT\x8c\x00A\x00p\x00\
p\x08\x00\x00\x00\x00\x06\x00\x00\x00?Exit \
the Game and the\
 App after Succe\
ssfully Executin\
g the Task\x07\x00\x00\x00\x03a\
pp\x01\x03\x00\x00\x00\x0e\x8f\xd0\x88L~\xd3g_\
T\x0e\x90\x00Q\xfa\x08\x00\x00\x00\x00\x06\x00\x00\x00\x14\
Exit_After_Execu\
tion\x07\x00\x00\x00\x03app\x01\x03\x00\x00\
\x00\x12\x8b\xfbS\xd6rHg,R\x17\x88hY1\
\x8d%\x00!\x08\x00\x00\x00\x00\x06\x00\x00\x00 Fe\
tch remote versi\
on list error!\x07\x00\
\x00\x00\x03app\x01\x03\x00\x00\x00\x06`;^'\
ep\x08\x00\x00\x00\x00\x06\x00\x00\x00\x0bFram\
e Count\x07\x00\x00\x00\x03app\x01\
\x03\x00\x00\x00\x0az\x97S\xe3R\x06\x8f\xa8s\x87\x08\
\x00\x00\x00\x00\x06\x00\x00\x00\x0fGame Re\
solution\x07\x00\x00\x00\x03app\
\x01\x03\x00\x00\x00\x08n8b\x0fX\xf0\x97\xf3\x08\x00\
\x00\x00\x00\x06\x00\x00\x00\x0aGame Sou\
nd\x07\x00\x00\x00\x03app\x01\x03\x00\x00\x00\x04\
mwY\x16\x08\x00\x00\x00\x00\x06\x00\x00\x00\x06Gl\
obal\x07\x00\x00\x00\x03app\x01\x03\x00\x00\
\x00\x06_\xebcw\x95.\x08\x00\x00\x00\x00\x06\x00\x00\
\x00\x06HotKey\x07\x00\x00\x00\x03app\
\x01\x03\x00\x00\x00(X\x9eR\xa0\x95\xf4\x96\x94N\xe5\
\x96MON\x00C\x00P\x00U\x00/\x00G\x00P\
\x00Um\x88\x80\x17\x00(k\xeby\xd2\x00)\x08\x00\
\x00\x00\x00\x06\x00\x00\x00JIncrease\
 Delay between T\
rigger Tasks to \
Reduce CPU/GPU U\
sage(Millisecond\
s)\x07\x00\x00\x00\x03app\x01\x03\x00\x00\x00\x04\
O\xe1`o\x08\x00\x00\x00\x00\x06\x00\x00\x00\x04In\
fo\x07\x00\x00\x00\x03app\x01\x03\x00\x00\x00\x08\
Q\x85[\xb9XkQE\x08\x00\x00\x00\x00\x06\x00\x00\
\x00\x07Inpaint\x07\x00\x00\x00\x03ap\
p\x01\x03\x00\x00\x006[\x89\x88\xc5O\x9d\x8dVY\
1\x8d%\x00,\x00 \x8b\xf7\x5c\x1d\x8b\xd5f\xf4c\
bf\xf4e\xb0n\x90\x00,\x00 b\x16\x91\xcde\
\xb0N\x0b\x8f}[\x8cetrH\x00!\x08\x00\x00\
\x00\x00\x06\x00\x00\x00]Install d\
ependencies fail\
ed, try changing\
 the update sour\
ce, or re-downlo\
ad the full vers\
ion!\x07\x00\x00\x00\x03app\x01\x03\x00\x00\
\x006[\x89\x88\xc5v\xee_U\x00{\x00p\x00a\
\x00t\x00h\x00}_\xc5\x98{f/\x82\xf1e\x87\
v\xee_U\xff\x0c\x8b\xf7y\xfbR\xa8R0\x82\xf1\
e\x87v\xee_U0\x02\x08\x00\x00\x00\x00\x06\x00\x00\
\x00AInstall dir {p\
ath} must be an \
English path, mo\
ve to another pa\
th.\x07\x00\x00\x00\x03app\x01\x03\x00\x00\x00\
\x10T/R\xa8T\x0eQs\x95\xedT/R\xa8V\
h\x08\x00\x00\x00\x00\x06\x00\x00\x00\x19Kill \
Launcher After S\
tart\x07\x00\x00\x00\x03app\x01\x03\x00\x00\
\x00\x10O\x7fu(\x00D\x00X\x001\x001T/\
R\xa8\x08\x00\x00\x00\x00\x06\x00\x00\x00\x10Laun\
ch with DX11\x07\x00\x00\x00\
\x03app\x01\x03\x00\x00\x00\x06T/R\xa8Vh\
\x08\x00\x00\x00\x00\x06\x00\x00\x00\x08Launch\
er\x07\x00\x00\x00\x03app\x01\x03\x00\x00\x00\x0e\
g,W0[\xa2b7z\xef\x90\x1aw\xe5\x08\x00\
\x00\x00\x00\x06\x00\x00\x00\x19Local Cl\
ient Notificatio\
n\x07\x00\x00\x00\x03app\x01\x03\x00\x00\x00\x08b\
KR\xa8f\xf4e\xb0\x08\x00\x00\x00\x00\x06\x00\x00\x00\
\x0dManual Update\x07\x00\
\x00\x00\x03app\x01\x03\x00\x00\x00\x04Q\x85[X\
\x08\x00\x00\x00\x00\x06\x00\x00\x00\x06Memory\
\x07\x00\x00\x00\x03app\x01\x03\x00\x00\x00\x1au(\
N\x8e\x90nc!\x91M\x7fnS:W\xdfv\x84\
Y\x04t\x06e\xb9_\x0f\x08\x00\x00\x00\x00\x06\x00\x00\
\x00'Method used to\
 obscure configu\
red areas\x07\x00\x00\x00\x03ap\
p\x01\x03\x00\x00\x00\x1ep\xb9Q\xfbQs\x95\xedc\
\x09\x94\xaee\xf6g\x00\x5c\x0fS\x16R0|\xfb~\
\xdfbXv\xd8\x08\x00\x00\x00\x00\x06\x00\x00\x00+M\
inimize Window t\
o System Tray wh\
en Closing\x07\x00\x00\x00\x03a\
pp\x01\x03\x00\x00\x00\x10n8b\x0fW(T\x0e\
S\xf0e\xf6\x97Y\x97\xf3\x08\x00\x00\x00\x00\x06\x00\x00\
\x00\x1dMute Game whil\
e in Background\x07\
\x00\x00\x00\x03app\x01\x03\x00\x00\x00\x14g\x09e\
\xb0rHg,\x00{\x00}S\xeff\xf4e\xb0\x00\
!\x08\x00\x00\x00\x00\x06\x00\x00\x00\x18New V\
ersion {} Availa\
ble\x07\x00\x00\x00\x03app\x01\x03\x00\x00\x00\
\x02T&\x08\x00\x00\x00\x00\x06\x00\x00\x00\x02No\x07\
\x00\x00\x00\x03app\x01\x03\x00\x00\x00\x02e\xe0\x08\
\x00\x00\x00\x00\x06\x00\x00\x00\x04None\x07\x00\x00\
\x00\x03app\x01\x03\x00\x00\x00\x04\x90\x1aw\xe5\x08\
\x00\x00\x00\x00\x06\x00\x00\x00\x0cNotific\
ation\x07\x00\x00\x00\x03app\x01\x03\x00\
\x00\x00\x0ce\x87[W\x8b\xc6R+^\xf6\x8f\xdf\x08\
\x00\x00\x00\x00\x06\x00\x00\x00\x0bOCR Lat\
ency\x07\x00\x00\x00\x03app\x01\x03\x00\x00\
\x00\x0abS_\x00T/R\xa8Vh\x08\x00\x00\x00\
\x00\x06\x00\x00\x00\x0dOpen Launc\
her\x07\x00\x00\x00\x03app\x01\x03\x00\x00\x00\
\x18bS_\x00^\x94u(T/R\xa8VhN\
\xe5{\xa1t\x06f\xf4e\xb0\x08\x00\x00\x00\x00\x06\x00\
\x00\x00'Open the app \
launcher to mana\
ge updates\x07\x00\x00\x00\x03a\
pp\x01\x03\x00\x00\x00\x04d\xcdO\x5c\x08\x00\x00\x00\
\x00\x06\x00\x00\x00\x09Operation\x07\
\x00\x00\x00\x03app\x01\x03\x00\x00\x00\x1c\x00S\x00\
M\x00T\x00P\x00 [\xc6x\x01b\x16^\x94u\
(N\x13u(N\xe4rL\x08\x00\x00\x00\x00\x06\x00\
\x00\x00'Password or a\
pp-specific toke\
n for SMTP\x07\x00\x00\x00\x03a\
pp\x01\x03\x00\x00\x00\x16]\xf2f\x82P\x5c\xff\x1a\
n8b\x0f]\xf2~\xcf\x90\x00Q\xfa\xff\x01\x08\x00\
\x00\x00\x00\x06\x00\x00\x00\x1aPaused b\
ecause game exit\
ed\x07\x00\x00\x00\x03app\x01\x03\x00\x00\x00(\
]\xf2f\x82P\x5c\xff\x1an8b\x0fz\x97S\xe3\
g\x00\x5c\x0fS\x16b\x16\x80\x05\x90\xe8R\x06W(\
\x5cO^UY\x16\xff\x01\x08\x00\x00\x00\x00\x06\x00\x00\
\x009Paused because\
 game window is \
minimized or out\
 of screen!\x07\x00\x00\x00\x03\
app\x01\x03\x00\x00\x00\x08`'\x80\xfdmK\x8b\
\xd5\x08\x00\x00\x00\x00\x06\x00\x00\x00\x10Perfo\
rmance Test\x07\x00\x00\x00\x03\
app\x01\x03\x00\x00\x00F\x8b\xf7W(\x00M\x00\
u\x00M\x00Uj!b\xdfVh\x00[\x8b\xbe\x7f\
n\x00]\x00-\x00>\x00[QvN\xd6\x8b\xbe\x7f\
n\x00]N-Qs\x95\xed\x00[T\x0eS\xf0c\
\x02g:e\xf6O\xddm;\x8f\xd0\x88L\x00]\x08\
\x00\x00\x00\x00\x06\x00\x00\x00CPlease \
turn off enable \
background keep \
alive in MuMuPla\
yer settings\x07\x00\x00\x00\
\x03app\x01\x03\x00\x00\x00\x08Y\x04t\x06^'\
s\x87\x08\x00\x00\x00\x00\x06\x00\x00\x00\x12Proc\
ess Frame Rate\x07\x00\
\x00\x00\x03app\x01\x03\x00\x00\x00 \x00Q\x00Q\
\x00 g:VhN\xba\x00 \x00A\x00P\x00I\
\x00 ^\x94u(\x00 \x00I\x00D\x08\x00\x00\x00\
\x00\x06\x00\x00\x00\x11QQ Bot API\
 App ID\x07\x00\x00\x00\x03app\x01\
\x03\x00\x00\x00 \x00Q\x00Q\x00 g:VhN\
\xba\x00 \x00A\x00P\x00I\x00 \x98\x91\x90S\x00\
 \x00I\x00D\x08\x00\x00\x00\x00\x06\x00\x00\x00\x15Q\
Q Bot API Channe\
l ID\x07\x00\x00\x00\x03app\x01\x03\x00\x00\
\x00\x1a\x00Q\x00Q\x00 g:VhN\xba\x00 \
\x00A\x00P\x00I\x00 \x90\x1aw\xe5\x08\x00\x00\x00\
\x00\x06\x00\x00\x00\x17QQ Bot API\
 Notification\x07\x00\x00\
\x00\x03app\x01\x03\x00\x00\x00\x1a\x00Q\x00Q\x00\
 g:VhN\xba\x00 \x00A\x00P\x00I\x00\
 N\xe4rL\x08\x00\x00\x00\x00\x06\x00\x00\x00\x10Q\
Q Bot API Token\x07\
\x00\x00\x00\x03app\x01\x03\x00\x00\x00\x16\x00Q\x00\
Q\x00 g:VhN\xba^\x94u(\x00 \x00\
I\x00D\x08\x00\x00\x00\x00\x06\x00\x00\x00\x15QQ \
Bot application \
ID\x07\x00\x00\x00\x03app\x01\x03\x00\x00\x00\x14\
\x00Q\x00Q\x00 g:VhN\xba^\x94u(\
N\xe4rL\x08\x00\x00\x00\x00\x06\x00\x00\x00\x18QQ\
 Bot application\
 token\x07\x00\x00\x00\x03app\x01\x03\
\x00\x00\x00\x0e\x00Q\x00Q\x00 hL\x97bf5\
y\xf0\x08\x00\x00\x00\x00\x06\x00\x00\x00\x13QQ D\
esktop Nickname\x07\
\x00\x00\x00\x03app\x01\x03\x00\x00\x00\x18\x00Q\x00\
Q\x00 hL\x97b\x90\x1aw\xe5\xff\x08N\x0dS\
\xef\x97`\xff\x09\x08\x00\x00\x00\x00\x06\x00\x00\x00&Q\
Q Desktop Notifi\
cation (Not Reli\
able)\x07\x00\x00\x00\x03app\x01\x03\x00\
\x00\x00\x1cc\xa5e6\x90\x1aw\xe5v\x84\x00 \x00\
Q\x00Q\x00 \x98\x91\x90S\x00 \x00I\x00D\x08\
\x00\x00\x00\x00\x06\x00\x00\x00&QQ chan\
nel ID to receiv\
e notifications\x07\
\x00\x00\x00\x03app\x01\x03\x00\x00\x00(\x97\x00\x89\
\x81g,W0\x00 \x00Q\x00Q\x00 [\xa2b\
7z\xefz\x97S\xe3O\xddc\x01bS_\x00^\
v\x8f\xd0\x88L\x08\x00\x00\x00\x00\x06\x00\x00\x00:R\
equires the loca\
l QQ client wind\
ow to be open an\
d running\x07\x00\x00\x00\x03ap\
p\x01\x03\x00\x00\x00.\x97\x00\x89\x81g,W0\x00\
 \x00Q\x00Q\x00 b\x16_\xaeO\xe1[\xa2b\
7z\xefz\x97S\xe3O\xddc\x01bS_\x00^\
v\x8f\xd0\x88L\x08\x00\x00\x00\x00\x06\x00\x00\x00DR\
equires the loca\
l QQ or WeChat c\
lient window to \
be open and runn\
ing\x07\x00\x00\x00\x03app\x01\x03\x00\x00\x00\
$\x97\x00\x89\x81g,W0_\xaeO\xe1[\xa2b\
7z\xefz\x97S\xe3O\xddc\x01bS_\x00^\
v\x8f\xd0\x88L\x08\x00\x00\x00\x00\x06\x00\x00\x00>R\
equires the loca\
l WeChat client \
window to be ope\
n and running\x07\x00\x00\
\x00\x03app\x01\x03\x00\x00\x00\x14\x00S\x00M\x00\
T\x00P\x00 \x9e\xd8\x8b\xa4e6N\xf6N\xba\x08\
\x00\x00\x00\x00\x06\x00\x00\x00\x16SMTP De\
fault Recipient\x07\
\x00\x00\x00\x03app\x01\x03\x00\x00\x00\x14\x00S\x00\
M\x00T\x00P\x00 \x9e\xd8\x8b\xa4S\xd1N\xf6N\
\xba\x08\x00\x00\x00\x00\x06\x00\x00\x00\x13SMTP \
Default Sender\x07\x00\
\x00\x00\x03app\x01\x03\x00\x00\x00\x10\x00S\x00M\
\x00T\x00P\x00 g\x0dR\xa1Vh\x08\x00\x00\x00\
\x00\x06\x00\x00\x00\x09SMTP Host\x07\
\x00\x00\x00\x03app\x01\x03\x00\x00\x00\x12\x00S\x00\
M\x00T\x00P\x00 \x90\xaeN\xf6\x90\x1aw\xe5\x08\
\x00\x00\x00\x00\x06\x00\x00\x00\x11SMTP No\
tification\x07\x00\x00\x00\x03a\
pp\x01\x03\x00\x00\x00\x0e\x00S\x00M\x00T\x00P\
\x00 [\xc6x\x01\x08\x00\x00\x00\x00\x06\x00\x00\x00\x0d\
SMTP Password\x07\x00\x00\
\x00\x03app\x01\x03\x00\x00\x00\x0e\x00S\x00M\x00\
T\x00P\x00 z\xefS\xe3\x08\x00\x00\x00\x00\x06\x00\
\x00\x00\x09SMTP Port\x07\x00\x00\x00\
\x03app\x01\x03\x00\x00\x00\x16\x00S\x00M\x00T\
\x00P\x00 O\x7fu(\x00 \x00T\x00L\x00S\
\x08\x00\x00\x00\x00\x06\x00\x00\x00\x0cSMTP U\
se TLS\x07\x00\x00\x00\x03app\x01\x03\
\x00\x00\x00\x10\x00S\x00M\x00T\x00P\x00 u(\
b7T\x0d\x08\x00\x00\x00\x00\x06\x00\x00\x00\x0dSM\
TP Username\x07\x00\x00\x00\x03\
app\x01\x03\x00\x00\x00:\x00S\x00M\x00T\x00\
P\x00 g\x0dR\xa1VhW0W@\xff\x08O\
\x8bY\x82\x00 \x00s\x00m\x00t\x00p\x00.\x00\
g\x00m\x00a\x00i\x00l\x00.\x00c\x00o\x00\
m\xff\x09\x08\x00\x00\x00\x00\x06\x00\x00\x00&SMT\
P server host (e\
.g. smtp.gmail.c\
om)\x07\x00\x00\x00\x03app\x01\x03\x00\x00\x00\
6\x00S\x00M\x00T\x00P\x00 g\x0dR\xa1V\
hz\xefS\xe3\xff\x08\x00S\x00T\x00A\x00R\x00\
T\x00T\x00L\x00S\x00 O\x7fu(\x00 \x00\
5\x008\x007\xff\x09\x08\x00\x00\x00\x00\x06\x00\x00\x00\
#SMTP server por\
t (587 for START\
TLS)\x07\x00\x00\x00\x03app\x01\x03\x00\x00\
\x00\x1cY\x04t\x06T\x0e\x90nc!\x5cBv\x84\
f\xf4e\xb0\x95\xf4\x96\x94\xff\x08y\xd2\xff\x09\x08\x00\
\x00\x00\x00\x06\x00\x00\x00)Seconds \
between processe\
d overlay update\
s\x07\x00\x00\x00\x03app\x01\x03\x00\x00\x00\x1c\x90\
\x1a\x8f\xc7O\x01N\x1a_\xaeO\xe1\x7f\xa4g:V\
hN\xbaS\xd1\x90\x01\x90\x1aw\xe5\x08\x00\x00\x00\x00\
\x06\x00\x00\x009Send notifi\
cations through \
an Enterprise We\
Chat group bot\x07\x00\
\x00\x00\x03app\x01\x03\x00\x00\x00\x22\x90\x1a\x8f\xc7\
\x00 \x00S\x00M\x00T\x00P\x00 \x90\xaeN\xf6\
g\x0dR\xa1VhS\xd1\x90\x01\x90\x1aw\xe5\x08\x00\
\x00\x00\x00\x06\x00\x00\x00/Send not\
ifications throu\
gh an SMTP email\
 server\x07\x00\x00\x00\x03app\x01\
\x03\x00\x00\x00(\x90\x1a\x8f\xc7\x00 \x00Q\x00Q\x00\
 \x98\x91\x90Sg:VhN\xba\x00 \x00A\x00\
P\x00I\x00 S\xd1\x90\x01\x90\x1aw\xe5\x08\x00\x00\
\x00\x00\x06\x00\x00\x00/Send noti\
fications throug\
h the QQ Guild B\
ot API\x07\x00\x00\x00\x03app\x01\x03\
\x00\x00\x000\x90\x1a\x8f\xc7\x00 \x00T\x00e\x00l\
\x00e\x00g\x00r\x00a\x00m\x00 g:Vh\
N\xba\x00 \x00A\x00P\x00I\x00 S\xd1\x90\x01\
\x90\x1aw\xe5\x08\x00\x00\x00\x00\x06\x00\x00\x00/Se\
nd notifications\
 through the Tel\
egram Bot API\x07\x00\x00\
\x00\x03app\x01\x03\x00\x00\x00,\x5c\x06\x90\x1aw\
\xe5S\xd1\x90\x01R0\x00 \x00D\x00i\x00s\x00\
c\x00o\x00r\x00d\x00 \x00W\x00e\x00b\x00\
h\x00o\x00o\x00k\x08\x00\x00\x00\x00\x06\x00\x00\x00\
'Send notificati\
ons to a Discord\
 webhook\x07\x00\x00\x00\x03app\
\x01\x03\x00\x00\x00\x1e\x5c\x06\x90\x1aw\xe5S\xd1\x90\x01\
~\xd9g,W0\x00 \x00Q\x00Q\x00 \x80T\
|\xfbN\xba\x08\x00\x00\x00\x00\x06\x00\x00\x00(Se\
nd notifications\
 to a local QQ c\
ontact\x07\x00\x00\x00\x03app\x01\x03\
\x00\x00\x00\x1a\x5c\x06\x90\x1aw\xe5S\xd1\x90\x01~\xd9\
g,W0_\xaeO\xe1\x80T|\xfbN\xba\x08\x00\
\x00\x00\x00\x06\x00\x00\x00,Send not\
ifications to a \
local WeChat con\
tact\x07\x00\x00\x00\x03app\x01\x03\x00\x00\
\x00&O\x7fu(\x00 \x00W\x00i\x00n\x00d\
\x00o\x00w\x00s\x00 |\xfb~\xdfbXv\xd8\
f>y:\x90\x1aw\xe5\x08\x00\x00\x00\x00\x06\x00\x00\
\x000Show notificat\
ions using the W\
indows system tr\
ay\x07\x00\x00\x00\x03app\x01\x03\x00\x00\x00\x06\
z3[\x9arH\x08\x00\x00\x00\x00\x06\x00\x00\x00\x0e\
Stable Version\x07\x00\
\x00\x00\x03app\x01\x03\x00\x00\x00\x0eT/R\xa8\
z\x0b^\x8f_\x02^8\x00:\x08\x00\x00\x00\x00\x06\
\x00\x00\x00\x14Start App Ex\
ception:\x07\x00\x00\x00\x03app\
\x01\x03\x00\x00\x00\x0c_\x00Y\xcbN\x0b\x8f}O\x9d\
\x8dV\x08\x00\x00\x00\x00\x06\x00\x00\x00\x11Star\
t downloading\x07\x00\x00\
\x00\x03app\x01\x03\x00\x00\x00\x18v{_Ue\
\xf6\x81\xeaR\xa8T/R\xa8^\x94u(T/R\
\xa8Vh\x08\x00\x00\x00\x00\x06\x00\x00\x001Sta\
rt the launcher \
automatically wh\
en you sign in\x07\x00\
\x00\x00\x03app\x01\x03\x00\x00\x00\x0a_\x00Y\xcb\
\x00/P\x5ckb\x08\x00\x00\x00\x00\x06\x00\x00\x00\x0a\
Start/Stop\x07\x00\x00\x00\x03a\
pp\x01\x03\x00\x00\x00\x06]\xf2P\x5ckb\x08\x00\
\x00\x00\x00\x06\x00\x00\x00\x07Stopped\x07\
\x00\x00\x00\x03app\x01\x03\x00\x00\x00&b\x10R\
\x9fbg\x88LN\xfbR\xa1\x00,\x00 kcW\
(\x90\x00Q\xfan8b\x0fT\x8c\x00A\x00p\x00\
p\x00!\x08\x00\x00\x00\x00\x06\x00\x00\x001Suc\
cessfully Execut\
ed Task, Exiting\
 Game and App!\x07\x00\
\x00\x00\x03app\x01\x03\x00\x00\x00$R\x07cb\
N\x0dT\x0cv\x84\x00 \x00W\x00i\x00n\x00d\
\x00o\x00w\x00s\x00 b*V\xfee\xb9_\x0f\
\x08\x00\x00\x00\x00\x06\x00\x00\x000Switch\
 between differe\
nt Windows captu\
re methods\x07\x00\x00\x00\x03a\
pp\x01\x03\x00\x00\x00\x08|\xfb~\xdf\x90\x1aw\xe5\
\x08\x00\x00\x00\x00\x06\x00\x00\x00\x13System\
 Notification\x07\x00\x00\
\x00\x03app\x01\x03\x00\x00\x00\x16v\xeeh\x07z\
\x97S\xe3o\xc0m;\xff\x1a`bY\x0d_UR\
6\x08\x00\x00\x00\x00\x06\x00\x00\x00'Targe\
t window active:\
 Recording resum\
ed\x07\x00\x00\x00\x03app\x01\x03\x00\x00\x00\x18\
v\xeeh\x07z\x97S\xe3\x97^o\xc0m;\xff\x1a\
f\x82P\x5c_UR6\x08\x00\x00\x00\x00\x06\x00\x00\
\x00(Target window \
inactive: Record\
ing paused\x07\x00\x00\x00\x03a\
pp\x01\x03\x00\x00\x00\x1c\x00T\x00e\x00l\x00e\
\x00g\x00r\x00a\x00m\x00 g:VhN\xba\
N\xe4rL\x08\x00\x00\x00\x00\x06\x00\x00\x00\x12Te\
legram Bot Token\
\x07\x00\x00\x00\x03app\x01\x03\x00\x00\x00\x1c\x00T\
\x00e\x00l\x00e\x00g\x00r\x00a\x00m\x00 \
\x80JY)\x00 \x00I\x00D\x08\x00\x00\x00\x00\x06\
\x00\x00\x00\x10Telegram Cha\
t ID\x07\x00\x00\x00\x03app\x01\x03\x00\x00\
\x00\x16\x00T\x00e\x00l\x00e\x00g\x00r\x00a\
\x00m\x00 \x90\x1aw\xe5\x08\x00\x00\x00\x00\x06\x00\x00\
\x00\x15Telegram Notif\
ication\x07\x00\x00\x00\x03app\x01\
\x03\x00\x00\x00<N\xce\x00 \x00B\x00o\x00t\x00\
F\x00a\x00t\x00h\x00e\x00r\x00 \x83\xb7S\
\xd6v\x84\x00 \x00T\x00e\x00l\x00e\x00g\x00\
r\x00a\x00m\x00 g:VhN\xbaN\xe4r\
L\x08\x00\x00\x00\x00\x06\x00\x00\x00!Teleg\
ram bot token fr\
om BotFather\x07\x00\x00\x00\
\x03app\x01\x03\x00\x00\x00.\x00T\x00e\x00l\
\x00e\x00g\x00r\x00a\x00m\x00 u(b7\
0\x01\x7f\xa4~\xc4b\x16\x98\x91\x90Sv\x84\x80J\
Y)\x00 \x00I\x00D\x08\x00\x00\x00\x00\x06\x00\x00\
\x00(Telegram user,\
 group, or chann\
el chat ID\x07\x00\x00\x00\x03a\
pp\x01\x03\x00\x00\x00\x0ce\x87[W\x8b\xc6R+\
~\xd3g\x9c\x08\x00\x00\x00\x00\x06\x00\x00\x00\x05Te\
xts\x07\x00\x00\x00\x03app\x01\x03\x00\x00\x00\
\x14_SRMrHg,\x00{\x00}_\xc5\x98\
{f\xf4e\xb0\x08\x00\x00\x00\x00\x06\x00\x00\x00&T\
he current versi\
on {} must be up\
dated\x07\x00\x00\x00\x03app\x01\x03\x00\
\x00\x00\x0a\x89\xe6S\xd1Vh\x95\xf4\x96\x94\x08\x00\x00\
\x00\x00\x06\x00\x00\x00\x10Trigger I\
nterval\x07\x00\x00\x00\x03app\x01\
\x03\x00\x00\x00\x0af\xf4e\xb0Q\x85[\xb9\x00:\x08\
\x00\x00\x00\x00\x06\x00\x00\x00\x08Updates\
:\x07\x00\x00\x00\x03app\x01\x03\x00\x00\x00\x14O\
\x7fu(\x00D\x00i\x00r\x00e\x00c\x00t\x00\
M\x00L\x08\x00\x00\x00\x00\x06\x00\x00\x00\x0cUse\
 DirectML\x07\x00\x00\x00\x03ap\
p\x01\x03\x00\x00\x000Y\x82g\x9cO`g\x09N\
\x00N*f>[X\x8f\x83Y'v\x84f>S\
a\x00,\x00 S\xefN\xe5\x90\x09f/gee\
9U\x84`'\x80\xfd\x08\x00\x00\x00\x00\x06\x00\x00\x00\
\x1eUse GPU to Impr\
ove Performance\x07\
\x00\x00\x00\x03app\x01\x03\x00\x00\x006O\x7fu\
(\x00 \x00S\x00T\x00A\x00R\x00T\x00T\x00\
L\x00S\x00 R\xa0[\xc6\xff\x08^\xfa\x8b\xae\x00\
 \x005\x008\x007\x00 z\xefS\xe3O\x7fu\
(\xff\x09\x08\x00\x00\x00\x00\x06\x00\x00\x002Use\
 STARTTLS encryp\
tion (recommende\
d for port 587)\x07\
\x00\x00\x00\x03app\x01\x03\x00\x00\x00\x14\x00S\x00\
M\x00T\x00P\x00 \x8b\xa4\x8b\xc1u(b7T\
\x0d\x08\x00\x00\x00\x00\x06\x00\x00\x00 Usern\
ame for SMTP aut\
hentication\x07\x00\x00\x00\x03\
app\x01\x03\x00\x00\x00\x0c_\xaeO\xe1hL\x97\
bf5y\xf0\x08\x00\x00\x00\x00\x06\x00\x00\x00\x17W\
eChat Desktop Ni\
ckname\x07\x00\x00\x00\x03app\x01\x03\
\x00\x00\x00\x16_\xaeO\xe1hL\x97b\x90\x1aw\xe5\
\xff\x08N\x0dS\xef\x97`\xff\x09\x08\x00\x00\x00\x00\x06\
\x00\x00\x00*WeChat Deskt\
op Notification \
(Not Reliable)\x07\x00\
\x00\x00\x03app\x01\x03\x00\x00\x00\x08z\x97S\xe3\
\x8b\xbe\x7fn\x08\x00\x00\x00\x00\x06\x00\x00\x00\x0dWi\
ndow Config\x07\x00\x00\x00\x03\
app\x01\x03\x00\x00\x00\x18\x00W\x00i\x00n\x00\
d\x00o\x00w\x00s\x00 b*V\xfee\xb9_\
\x0f\x08\x00\x00\x00\x00\x06\x00\x00\x00\x0fWindo\
ws Capture\x07\x00\x00\x00\x03a\
pp\x01\x03\x00\x00\x00\x02f/\x08\x00\x00\x00\x00\x06\
\x00\x00\x00\x03Yes\x07\x00\x00\x00\x03app\x01\
\x03\x00\x00\x00\x0c\x00{\x00}\x00 T/R\xa8V\
h\x08\x00\x00\x00\x00\x06\x00\x00\x00\x0b{} La\
uncher\x07\x00\x00\x00\x03app\x01\
\x00\x01\x16\xd8\
<\
\xb8d\x18\xca\xef\x9c\x95\xcd!\x1c\xbf`\xa1\xbd\xdd\xa7\
\x00\x00\x00\x05ja_JPB\x00\x00\x1c@\x00\x00\
\x05;\x00\x00\x0c\x84\x00\x00\x05;\x00\x00$\x92\x00\x00\
\x05;\x00\x00\x94\xfa\x00\x00\x05;\x00\x00\xba\xe6\x00\x00\
\x05C\x00\x00\x89C\x00\x00\x05O\x00\x00H\x91\x00\x00\
\x05O\x00\x00\xe1\xcb\x00\x00\x07\xb2\x00\x00@I\x00\x00\
5\xa8\x00\x00\x0e\xa2\x00\x005\xa8\x00\x00V[\x00\x00\
E\x82\x00\x00\x1bt\x00\x00G\xa4\x00\x00\x09*\x00\x00\
G\xa4\x00\x00SR\x00\x00G\xa4\x00\x00\xa4\xf3\x00\x00\
Ih\x00\x00\x1c\x02\x00\x00Ja\x00\x00IU\x00\x00\
Ja\x00\x00\xb1\xbe\x00\x00Q\xc9\x00\x00\x22\xf5\x00\x00\
S\x82\x00\x00$i\x00\x00V\xfe\x00\x00K\xc7\x00\x00\
Y\xbe\x00\x00'Y\x00\x00Y\xbe\x00\x00\xbe\x1d\x00\x00\
[\xb3\x00\x00k8\x00\x00_\xc3\x00\x00H\xc2\x00\x00\
_\xc3\x00\x00\xfa\x22\x00\x00hp\x00\x00]$\x00\x00\
ih\x00\x00/#\x00\x00u\xa2\x00\x00<\xc2\x00\x04\
<4\x00\x00\x94\xb2\x00\x04<4\x00\x00\xb9r\x00\x04\
\x87\x9b\x00\x00\xa6\xf5\x00\x04\x8c\xaf\x00\x00\xcd\x9b\x00\x04\
\x93\xc2\x00\x00\xd0b\x00\x04\x98,\x00\x00\x15\xbf\x00\x04\
\x9c\xb9\x00\x00i}\x00\x04\xa8\x8b\x00\x00\x0ak\x00\x04\
\xa8\x8b\x00\x00p&\x00\x04\xa8\x8b\x00\x00\xae\xa9\x00\x04\
\xa9\x03\x00\x00\x10\xcb\x00\x04\xa9\x03\x00\x00W\xf4\x00\x04\
\xa9\x03\x00\x00\xae\xcd\x00\x04\xb8w\x00\x00J\xff\x00\x04\
\xbb\x04\x00\x00\x8d3\x00\x04\xcf\x04\x00\x00M\xdb\x00\x04\
\xd0%\x00\x00 \x5c\x00\x04\xd0%\x00\x00\xb2\xb4\x00\x04\
\xec0\x00\x00p\xfd\x00\x04\xf6\xc2\x00\x00\x10\xfe\x00\x04\
\xf6\xc2\x00\x00X'\x00\x04\xf6\xc2\x00\x00\xb4c\x00\x04\
\xfb%\x00\x00\xb4\xa8\x00\x05\x04\xcf\x00\x00N\x02\x00\x05\
\x04\xcf\x00\x00\x5ck\x00\x05\x04\xcf\x00\x00\x90\x10\x00\x05\
\x04\xcf\x00\x00\xa2\x85\x00\x05\x04\xcf\x00\x00\xdd0\x00\x05\
0\xc5\x00\x00\xb5\xc8\x00\x05VE\x00\x00\xba\x99\x00\x05\
VE\x00\x00\xe1\xeb\x00\x05d\x95\x00\x00\x121\x00\x05\
d\x95\x00\x00Y\x8f\x00\x05d\x95\x00\x00f#\x00\x05\
\x98\xc5\x00\x00'\x80\x00\x05\x98\xc5\x00\x00\x96\x1c\x00\x05\
\x98\xc5\x00\x00\xbe\x9c\x00\x05\xab`\x00\x00)\xdb\x00\x05\
\xab`\x00\x00\x8c.\x00\x05\xab`\x00\x00\x8e_\x00\x05\
\xab`\x00\x00\xc3\xca\x00\x06\x87\x9b\x00\x00.\xf7\x00\x06\
\xd0D\x00\x003\xdf\x00\x07F\xc5\x00\x00;\xcd\x00\x0a\
\xf2\xce\x00\x00k\x85\x00\x0bN\x8e\x00\x00\x82\xb4\x00\x16\
\xad\x8d\x00\x00\x19\xac\x00\x17\xe6\x93\x00\x00\x03V\x00\x17\
\xe6\x93\x00\x00\xb0\xba\x00\x18Y\x81\x00\x00\x81\xe9\x00\x18\
\xed\xf2\x00\x00\xd4N\x00!\xab>\x00\x00\x9d\xa7\x00&\
\x9ed\x00\x007\xde\x00+d\x91\x00\x00t\xd1\x000\
\x01\x17\x00\x00\xa7\xde\x00=G\xa5\x00\x00q\xba\x00=\
G\xa5\x00\x00\xc1\x93\x00=\xfa\x15\x00\x00\x0b\xb6\x00=\
\xfa\x15\x00\x00\xa8`\x00C\x00\xa7\x00\x00{A\x00D\
'\xc5\x00\x00;\xf9\x00G\x96\xc4\x00\x00L\xf1\x00G\
\x96\xc4\x00\x00nS\x00G\x96\xc4\x00\x00\xa4r\x00H\
,\x94\x00\x00\xcb\x92\x00I\xf0A\x00\x00\xd2Z\x00J\
+\x82\x00\x00J\xad\x00J+\x82\x00\x00\xabK\x00J\
6\x95\x00\x00J\xd6\x00J6\x95\x00\x00\x8f\x8d\x00J\
6\x95\x00\x00\xab\xba\x00Jd\x95\x00\x005\xac\x00J\
\x809\x00\x00\x10\x95\x00J\x809\x00\x00W\xbe\x00J\
\x809\x00\x00d\xca\x00J\xb9\xb7\x00\x00M\x85\x00J\
\xb9\xb7\x00\x00\x87j\x00J\xb9\xb7\x00\x00\xa1\x87\x00J\
\xb9\xb7\x00\x00\xae\xed\x00L\x99b\x00\x00M\xb1\x00L\
\x99b\x00\x00^\x94\x00L\x99b\x00\x00\x8a\xba\x00L\
\x99b\x00\x00\xd8\xd7\x00N\xbf\xa5\x00\x00!\x13\x00N\
\xbf\xa5\x00\x00\xb4>\x00Ol\x93\x00\x00\x113\x00O\
l\x93\x00\x00X\x5c\x00Ol\x93\x00\x00\xb4\x85\x00P\
FE\x00\x00\xb6\xf3\x00R\xfd\xf4\x00\x00\x0a\x99\x00R\
\xfd\xf4\x00\x00qQ\x00R\xfd\xf4\x00\x00\xb5\xa3\x00T\
l\x95\x00\x00#\xb6\x00V\x80\x04\x00\x00\xddP\x00V\
\x8c\x95\x00\x00K\x9c\x00V\x8c\x95\x00\x00t\xa6\x00V\
\x8c\x95\x00\x00\x8b\xae\x00V\x8c\x95\x00\x00\x8d\xb1\x00V\
\x8c\x95\x00\x00\xbb\xe1\x00V\xae\xc2\x00\x00%P\x00X\
\xb7\xb9\x00\x00fQ\x00Y\x8c\xb4\x00\x00\xbe\xe5\x00Y\
\xe8\x85\x00\x00I\xb0\x00Y\xe8\x85\x00\x00\xc1\xfc\x00Z\
\x8a#\x00\x00P\x1f\x00Z\x8a#\x00\x00\xc4\xd9\x00Z\
\xa8\x94\x00\x00u\xab\x00Z\xa8\x94\x00\x00\x8c\x05\x00Z\
\xa8\x94\x00\x00\x8e9\x00Z\xa8\x94\x00\x00\xc2\xf0\x00Z\
\xcf\xb3\x00\x00\xf6\x80\x00Z\xec5\x00\x00\x0a\xc8\x00\x5c\
V\xfe\x00\x00L\x14\x00\x5c\x83\xb5\x00\x00\x5c\xc6\x00\x5c\
\x83\xb5\x00\x00\x90\x8d\x00i2\xb4\x00\x002\x1b\x00j\
/\x9b\x00\x001\x02\x00s\x04\xc3\x00\x00\xc9\xa5\x00v\
vN\x00\x00*\xcb\x00v\x8c\x95\x00\x00=/\x00z\
+\xc0\x00\x00?\x1c\x00z\xe0e\x00\x00?\xd0\x00}\
\x9e\x01\x00\x00z\xa3\x00\x81(i\x00\x00g\xbf\x00\x84\
\x03\xb4\x00\x00\xebh\x00\x857\xe7\x00\x00HX\x00\x8d\
\x9c\x0e\x00\x00k\xf3\x00\x90\x9dK\x00\x00\xa6\x22\x00\x97\
\x96\x04\x00\x00e)\x00\x97\x96\x04\x00\x00\x8d\x0a\x00\x97\
\x96\x04\x00\x00\xaf\xde\x00\xaa\xb4\xe3\x00\x00\xb3\x18\x00\xaf\
\x88w\x00\x00\x02\x8e\x00\xc0\xb8\x84\x00\x004\xeb\x00\xcd\
&\x11\x00\x00\x00A\x00\xec/\x9c\x00\x00\xd7\xdd\x00\xff\
\xffG\x00\x00\xe9\x17\x01\x10\xaa^\x00\x00O\xe8\x01!\
\xadg\x00\x00`\x97\x01*\xd0\x97\x00\x00\x0d.\x01*\
\xd0\x97\x00\x00B\xca\x01*\xd0\x97\x00\x00C\x09\x01*\
\xd0\x97\x00\x00\x8d\xdb\x01*\xd0\x97\x00\x00\xbd\xc5\x011\
\x0a\x17\x00\x00\xbc2\x016$q\x00\x00\x84\x02\x01<\
\xdf5\x00\x00\xf7\xaf\x01?\xf9>\x00\x00\xd4\xb9\x01@\
\x1dG\x00\x00Lo\x01@\x1dG\x00\x00\xc7\xd8\x01C\
`n\x00\x00(\x18\x01L\x05#\x00\x00\x99F\x01L\
\x05#\x00\x00\xa0\xfc\x01L\x05#\x00\x00\xa9\xe1\x01c\
\xaa\x09\x00\x00\x13\xf1\x01c\xaa\x09\x00\x00[\xa1\x01d\
\xa2o\x00\x00,\xfa\x01m\x04\xf4\x00\x00\xa4\x95\x01t\
#\xfd\x00\x00\x96q\x01\x80\xad\x22\x00\x00tf\x01\x80\
\xad\x22\x00\x00\x88\x9f\x01\x80\xad\x22\x00\x00\xb4\xce\x01\xaa\
\xde>\x00\x00\xdeR\x01\xb8\x13D\x00\x00\x1b \x01\xc1\
\xf0\x05\x00\x00c\xbf\x01\xcaE\x8f\x00\x00\x09\xbe\x01\xca\
E\x8f\x00\x00\x91\x1b\x01\xcb0[\x00\x00\xae>\x01\xd4\
VT\x00\x00\xe3\x94\x01\xd7k\xaa\x00\x00\xf1d\x01\xe2\
c\xa5\x00\x00\xec\x12\x01\xe7\xf5T\x00\x00o\xc1\x01\xfb\
0\xd4\x00\x00\x87\xce\x01\xfb0\xd4\x00\x00\xb00\x02\x05\
\xb7\xb4\x00\x00\xf5\x04\x02\x06F5\x00\x00?\x8c\x02\x0b\
\x08\x8e\x00\x00P}\x02\x19\xde;\x00\x00]R\x021\
\xe1\x8e\x00\x00D\x89\x024\xfb\xbe\x00\x00!\xbc\x028\
s\xd2\x00\x00/N\x028\xd4R\x00\x00\xd76\x02:\
\x84\xbe\x00\x00\xe6\x7f\x02;\xe2\x87\x00\x00\xcc\x0e\x02C\
\x04~\x00\x00+\xc8\x02C\x04~\x00\x00\xc4\x87\x02l\
\x99\x03\x00\x00\xed>\x02q6u\x00\x00\xce\x08\x02v\
\xb8\x09\x00\x00j\xbb\x02\x88I\x03\x00\x00\xa9k\x02\x97\
\xd63\x00\x00\x99\xcc\x02\x97\xd63\x00\x00\xabp\x02\x98\
\x1cY\x00\x00\xf9:\x02\xa1\x0c\xf6\x00\x00\x9d\x0e\x02\xa1\
\x0c\xf6\x00\x00\xc3;\x02\xadpR\x00\x00R\xd5\x02\xb0\
\xd9[\x00\x00\xef\x87\x02\xb5t\xf4\x00\x00\xe5\x98\x02\xc7\
\x06\xe3\x00\x00\xbc\x85\x02\xcc\xfb\x95\x00\x00\xa91\x02\xd9\
@\xf9\x00\x00\xe23\x02\xdc Q\x00\x00\xdbJ\x02\xdc\
\xb7%\x00\x00\xca\xd3\x02\xdf\xec\x84\x00\x00\xf6\x00\x02\xe1\
pU\x00\x00\xb8v\x02\xe7 \xf5\x00\x00\x0a.\x02\xe7\
 \xf5\x00\x00\x1c\x97\x02\xe7 \xf5\x00\x00\x91\xb6\x02\xe7\
 \xf5\x00\x00\xac+\x03\x00(\x14\x00\x00\xf3\xd5\x03\x09\
\xa2\x9e\x00\x00+o\x03\x14q\x19\x00\x00\xd5a\x03\x15\
*u\x00\x00 \x1c\x03%\xdek\x00\x00`\xf7\x03(\
\xfe\xad\x00\x00\x9b\xaa\x03(\xfe\xad\x00\x00\xb2L\x03:\
-$\x00\x00\xf0V\x03CL9\x00\x00 \x88\x03K\
\xef\xe5\x00\x00>\x0f\x03O\x17\x85\x00\x00A#\x03P\
\xba\x9e\x00\x00N)\x03S\xb0\xcb\x00\x00\x0f\xb9\x03S\
\xb0\xcb\x00\x00\xad\x8c\x03W\xb0\x17\x00\x00\x85b\x03W\
\xb0\x17\x00\x00\xb6\x1f\x03X\x11u\x00\x00o\x84\x03]\
\xe0\x17\x00\x00#\x1c\x03d\xa1\xce\x00\x00K)\x03d\
\xa1\xce\x00\x00\xb2\xda\x03v\xe01\x00\x00{\x8d\x03\x88\
q\x14\x00\x00\x00\xfe\x03\x88q\x14\x00\x00\xa5\xd7\x03\x8d\
\x17\xe3\x00\x00\x88,\x03\x8d\x17\xe3\x00\x00\xb0\xfa\x03\x9d\
\xfdE\x00\x00l\xec\x03\xb1^C\x00\x00\x05\x9d\x03\xb1\
^C\x00\x00\xc9!\x03\xc3[\xd2\x00\x00\xf5\x8f\x03\xc5\
\xefz\x00\x00\x1c]\x03\xc5\xefz\x00\x00\xaa\x97\x03\xcc\
\xfa\xa3\x00\x00\x04f\x03\xcc\xfa\xa3\x00\x00\xbb\xa9\x03\xcd\
G\xa5\x00\x005\xe4\x03\xee\xf3\xfa\x00\x00'\xde\x04\x03\
\xb0\xf4\x00\x00\xed\xa3\x04\x14S\xf5\x00\x00\x16i\x04\x18\
\xab=\x00\x00\x9b:\x04\x18\xab=\x00\x00\xb1\xe1\x04\x1b\
\xf0d\x00\x00\xe4w\x04\x1e9\x0b\x00\x00\xd6\x8a\x04\x1f\
\x0c\x09\x00\x00\xf0\xc6\x04(U\xc4\x00\x00\xf4D\x04K\
+\x03\x00\x00S~\x04K+\x03\x00\x00\xa6\xb6\x04L\
\xedM\x00\x00\xa3m\x04d`5\x00\x00:\xf8\x04e\
\xafi\x00\x00\x11\x9e\x04e\xafi\x00\x00YW\x04e\
\xafi\x00\x00e\xbc\x04g\xce\x0e\x00\x00\xb9\x0b\x04l\
u\x90\x00\x00T\xf1\x04lu\x90\x00\x00\xb7\xce\x04r\
\x80\xd4\x00\x00\x5c;\x04r\x80\xd4\x00\x00\x8f\xb4\x04r\
\x80\xd4\x00\x00\xab\xdf\x04r\xd0\x03\x00\x00PI\x04r\
\xd0\x03\x00\x00\xc4\xfe\x04\x7f\x9e\xf4\x00\x00\xea{\x04\x84\
\xabU\x00\x00\xbb\x06\x04\x87p\xc8\x00\x005G\x04\x8f\
\x07Y\x00\x00i\xd9\x04\x90\x894\x00\x00ha\x04\x91\
\x10\x19\x00\x00\xf8\x0f\x04\x94\xa8\x84\x00\x00|\x1d\x04\x98\
I\xbc\x00\x00\x09W\x04\x98I\xbc\x00\x00\x0b\x87\x04\x98\
I\xbc\x00\x00\x0dg\x04\x98I\xbc\x00\x00\x0fE\x04\x98\
I\xbc\x00\x00\x14K\x04\x98I\xbc\x00\x00\x1c-\x04\x98\
I\xbc\x00\x00CG\x04\x98I\xbc\x00\x00D\x1e\x04\x98\
I\xbc\x00\x00S\xc8\x04\x98I\xbc\x00\x00V\xfe\x04\x98\
I\xbc\x00\x00]\xbc\x04\x98I\xbc\x00\x00\x90\xb0\x04\x98\
I\xbc\x00\x00\x91\x86\x04\x98I\xbc\x00\x00\xa7S\x04\x98\
I\xbc\x00\x00\xd1\xbb\x04\x99n\x95\x00\x00GA\x04\xa0\
\xb2*\x00\x00)\x86\x04\xa1L\x85\x00\x00)<\x04\xa2\
\xcb\xd7\x00\x00n{\x04\xa2\xcb\xd7\x00\x00\xa5@\x04\xa8\
\xb8\xa5\x00\x00\x0f\x82\x04\xa8\xb8\xa5\x00\x00\xad/\x04\xac\
,\xa5\x00\x00^+\x04\xac,\xa5\x00\x00d\xf9\x04\xac\
,\xa5\x00\x00\x8c\xaf\x04\xac,\xa5\x00\x00\x91\xee\x04\xac\
,\xa5\x00\x00\xaf\x14\x04\xac\xab]\x00\x00\x10\x12\x04\xac\
\xab]\x00\x00W;\x04\xac\xab]\x00\x00d\x96\x04\xc2\
\x8f\xa2\x00\x00\x87\xfb\x04\xc4y%\x00\x00\x8f'\x04\xcf\
v\x94\x00\x00\x1f\x04\x04\xd1\x1fR\x00\x00\x88\xde\x04\xd1\
\x1fR\x00\x00\xb6H\x04\xd5P\xa4\x00\x007\xa6\x04\xd5\
Z\xc4\x00\x008l\x04\xd5n\xc4\x00\x008\xdf\x04\xe0\
9\xf5\x00\x00\x04\xd2\x04\xe09\xf5\x00\x00\xc2\xc0\x04\xe0\
\x8f\xb2\x00\x00I\x81\x04\xe0\x8f\xb2\x00\x00\xb4\x12\x04\xe3\
X|\x00\x00\xdc:\x04\xe6\xf1\xdf\x00\x00\xa0\x01\x04\xed\
Y\xc4\x00\x00\x18\xf6\x04\xf4\x18N\x00\x00*.\x04\xf6\
\x91\xc9\x00\x00\xdcb\x04\xfa\x12\xa3\x00\x00\xe0R\x04\xfe\
\xcdy\x00\x00\xee\x9d\x05\x14\x8d9\x00\x00R\x87\x05\x17\
60\x00\x00#\xe1\x05\x1d\xcf\x09\x00\x00\xcf\xb1\x05\x22\
?\xe9\x00\x00r\x02\x05#k\x81\x00\x00\x8a\x0c\x05(\
J\xd3\x00\x00J}\x05(J\xd3\x00\x00\xa5\x14\x051\
\x10\xbe\x00\x00>\x94\x056\x8ay\x00\x00\xd2%\x058\
\x92\xc0\x00\x00\x93\xa1\x058\x92\xc0\x00\x00\xb6\xa7\x05<\
F\x99\x00\x00\xe0.\x05@\x5c\xa5\x00\x00\x11i\x05@\
\x5c\xa5\x00\x00X\x92\x05@\x5c\xa5\x00\x00\xb7\x1b\x05B\
\xdd\xac\x00\x00\xf7u\x05E\x84\xee\x00\x00\x9a\x1b\x05E\
\x84\xee\x00\x00\xaep\x05E\xaf\xd9\x00\x00T\x90\x05E\
\xaf\xd9\x00\x00U\xe3\x05E\xaf\xd9\x00\x00X\xc7\x05E\
\xaf\xd9\x00\x00e\x8c\x05E\xaf\xd9\x00\x00\xb7=\x05K\
\xe0\xd4\x00\x00\x87<\x05OV\xf5\x00\x00\xf8\xe3\x05_\
/R\x00\x008.\x05fj\xa7\x00\x00\xf1\xa0\x05h\
\xc9\xb4\x00\x00\xbc\x08\x05iH\xe4\x00\x00\xe5\xe3\x05o\
/\xe3\x00\x00_i\x05v*I\x00\x00ZM\x05v\
\xf5\xce\x00\x00\xc0}\x05|\x9eD\x00\x00\xc1\x04\x05}\
@\x03\x00\x00\x03\xe0\x05}@\x03\x00\x00\xb7\xf3\x05\x80\
W\xc4\x00\x00m\xeb\x05\x8b\xa6\x84\x00\x00%\xef\x05\x8c\
F\xc5\x00\x00U!\x05\x8cF\xc5\x00\x00\xbda\x05\x8c\
\xac5\x00\x00K\xec\x05\x8c\xac5\x00\x00\x8b\xdb\x05\x8c\
\xac5\x00\x00\x8e\x12\x05\x8c\xac5\x00\x00\xbd\xf9\x05\x8c\
\xec\xc5\x00\x00\xa8\x1b\x05\x8ec\xb5\x00\x00\xce\xe1\x05\x93\
\xca\x17\x00\x00jv\x05\x9a\x90t\x00\x00O\x8e\x05\x9a\
\x90t\x00\x00\xbf\xb9\x05\x9c}.\x00\x00\x97g\x05\x9c\
}.\x00\x00\xbf\xe3\x05\xa6\xecX\x00\x004\x07\x05\xaa\
\x8b\xc3\x00\x00f\xb7\x05\xaa\x8b\xc3\x00\x00\xc3\xa6\x05\xac\
\xdcQ\x00\x00\x07\xc9\x05\xb4\x98\xde\x00\x00%{\x05\xb8\
\x03\xbe\x00\x00\x9cc\x05\xb8\x03\xbe\x00\x00\xb9\xb4\x05\xbd\
\xf7S\x00\x006\xc8\x05\xc6\xa8\xa5\x00\x00Q}\x05\xc6\
\xa8\xa5\x00\x00\x9d~\x05\xc6\xa8\xa5\x00\x00\xc6T\x05\xd4\
\x8fX\x00\x001l\x05\xd6\x03\xff\x00\x00:;\x05\xdb\
\xc29\x00\x00\x13\xba\x05\xdb\xc29\x00\x00[j\x05\xdb\
\xc29\x00\x00g\x8f\x05\xdd\xf9D\x00\x00!>\x05\xdf\
\xba\xba\x00\x00\x0c\xa9\x05\xe0Kg\x00\x00.\x07\x05\xe7\
\x0c5\x00\x00q{\x06\x09\xcd\xf4\x00\x00\x80A\x06\x0d\
t\x8e\x00\x00\xc6x\x06#\xc0[\x00\x00?K\x06'\
\xf2+\x00\x00\xc3\xec\x06,\xce\xa9\x00\x00$\xb8\x06.\
!\xe5\x00\x00?\xff\x06.\x8e)\x00\x00|\xaa\x06C\
\x1f\x15\x00\x00\xe0\x01\x06QV\xe9\x00\x00\xdc\x8a\x06U\
\x06Y\x00\x00\x04<\x06U\x06Y\x00\x00\xbb0\x06e\
2`\x00\x00>\xdb\x06e\xa0.\x00\x00UP\x06{\
\xedR\x00\x00\xea\xbf\x06\x80\xab\x84\x00\x00!\x81\x06\x81\
6D\x00\x00\xe1\x1c\x06\x81O\x0c\x00\x00\xa6x\x06\x95\
x>\x00\x00o!\x06\x95x>\x00\x00\xa8\x91\x06\x9f\
\xc9\xc3\x00\x00\xb5\xec\x06\xa2\x1a]\x00\x00\x8cV\x06\xa8\
\xa9\xaa\x00\x00\xf7K\x06\xacWc\x00\x006\x8a\x06\xae\
\xa4>\x00\x00\x94\x1c\x06\xb0\xbe\xae\x00\x00\x04\xa1\x06\xb0\
\xbe\xae\x00\x00\xf18\x06\xb5\x04\x22\x00\x007\x1b\x06\xb8\
\x91\xde\x00\x00(\xf1\x06\xb8\x91\xde\x00\x00\xc08\x06\xbb\
]a\x00\x00\x81\x22\x06\xc4y%\x00\x003\x16\x06\xc9\
\xb1\x80\x00\x00;\x95\x06\xd0\xbaQ\x00\x00\xdd{\x06\xe3\
v\xd4\x00\x002V\x06\xe51\xc4\x00\x00I$\x06\xe5\
1\xc4\x00\x00\x5c\xf0\x06\xe51\xc4\x00\x00\x9a\x8f\x06\xe8\
\xc3G\x00\x00z\x19\x07\x02\x06\x83\x00\x00\xd2{\x07\x05\
\xe4d\x00\x00\xdb\xa8\x07\x09W\xa2\x00\x009U\x07\x0c\
HY\x00\x00\x1a{\x07\x0cT\xd7\x00\x00\xe9\xd3\x07\x11\
\x5c$\x00\x00\x18\x91\x07\x1f\x97[\x00\x00\x1d\x98\x07\x1f\
\x97[\x00\x00\xadS\x07!\x88\xad\x00\x00\x9a\xc2\x074\
'\x12\x00\x00RM\x0773\xdb\x00\x00\xda\x87\x07=\
\x00N\x00\x00\xcb\x18\x07Io~\x00\x00\xdb\xd7\x07P\
\xb3\xaa\x00\x00 \xdd\x07Wf\x07\x00\x00\xcd\xbb\x07^\
\xb4t\x00\x00\xdc\x0a\x07h\x80$\x00\x00\x15\xe8\x07r\
T%\x00\x00\x06\x17\x07rT%\x00\x00\xca\x0d\x07\x85\
\x93\xd1\x00\x00\xa0\x99\x07\x90\xde\xae\x00\x00\xf5L\x07\x9a\
\x96,\x00\x00=\xdd\x07\xa6)3\x00\x00\xe8\x1d\x07\xa6\
_\x19\x00\x00\xef\x12\x07\xa9\xbc\x84\x00\x00d\x1c\x07\xab\
\x06\x13\x00\x00de\x07\xab\x06\x13\x00\x00\xa4\xce\x07\xab\
\x08\x98\x00\x00@\xd9\x07\xab\x1aR\x00\x00Ay\x07\xb4\
5q\x00\x00\x83O\x07\xb5\xe2\xfb\x00\x00\x0d\xc8\x07\xb5\
\xe2\xfb\x00\x00\x1c\xfa\x07\xb5\xe2\xfb\x00\x00\xac]\x07\xb7\
U\xe4\x00\x00vA\x07\xc2/\x85\x00\x00\x00\xcb\x07\xc2\
/\x85\x00\x00\xa5n\x07\xdf\x0e\xf3\x00\x00\x18K\x07\xe3\
\xfd\x9b\x00\x00`\x12\x07\xe5$\xf3\x00\x00\xd6%\x08\x02\
\x1e\x16\x00\x00\xc8/\x08\x03\xeft\x00\x00\x0c\xd2\x08\x09\
\x7fd\x00\x00\x0cJ\x08\x0abr\x00\x00B\x07\x08\x0f\
tN\x00\x00\xf1\xd9\x08\x16\xcc9\x00\x00\xec\xc9\x08\x18\
B%\x00\x00\xe1u\x087\x99\xfd\x00\x00\xce\x94\x08=\
\xe1s\x00\x00n\xae\x08B\xf3Q\x00\x00\xd5\xd3\x08E\
=\x0e\x00\x00\x01L\x08E=\x0e\x00\x00\xd06\x08F\
k\xe2\x00\x00\xfaA\x08J\x95A\x00\x00x\xde\x08K\
\x95\xb4\x00\x00\x86,\x08N\xb2\xf5\x00\x00q&\x08N\
\xb2\xf5\x00\x00\xb58\x08i5\xf4\x00\x00\xf6\xad\x08i\
\x8d\x8c\x00\x00.7\x08j\x89\x87\x00\x00\xe8{\x08m\
\x80\x83\x00\x00\xac\x8e\x08n\xd9n\x00\x00\x85\x98\x08u\
`l\x00\x00\xf7\x17\x08\x7f\xa2\xae\x00\x00\x9e\xd5\x08\x81\
(\x11\x00\x00\x7f\x8f\x08\x83`2\x00\x00\x03\x99\x08\x83\
`2\x00\x00\xb3\xce\x08\x89)\xf9\x00\x00R\x18\x08\x96\
\x1e\x8c\x00\x00ss\x08\x9aE\xee\x00\x007V\x08\xa2\
\x93\xc7\x00\x00\xa31\x08\xb4\xac\x0e\x00\x00v\x99\x08\xba\
h\xc3\x00\x00L\xca\x08\xbd\x8c\xc8\x00\x00aN\x08\xbd\
\x8c\xc8\x00\x00uW\x08\xbd\x8c\xc8\x00\x00\xbc`\x08\xc2\
\xb8\xc5\x00\x00N\xfc\x08\xc2\xb8\xc5\x00\x00\xa2\xad\x08\xc4\
\x9b\xe2\x00\x00\xdf\x8e\x08\xcce\x97\x00\x00\x89f\x08\xcc\
e\x97\x00\x00\xbc\xb8\x08\xce\x01\x9e\x00\x00<~\x08\xd1\
\x12\xd2\x00\x00\xbbW\x08\xd6t\x12\x00\x00\x89\x93\x08\xd6\
t\x12\x00\x00\xbfr\x08\xf0F5\x00\x00\xb6\xcb\x08\xfd\
\xd9#\x00\x00QN\x08\xfd\xd9#\x00\x00\xc6*\x09\x06\
\xb5i\x00\x00\x984\x09\x06\xb5i\x00\x00\xc9N\x09\x0b\
I\xc9\x00\x00\x1e\x92\x09\x15\xcbC\x00\x00\xeb\xd2\x09\x16\
(\xb1\x00\x00}\xf5\x09$\xce\x84\x00\x00\xeb\x00\x09%\
N\xb4\x00\x00\xeb\xa1\x09)\xe2\x83\x00\x00s\xd5\x09)\
\xe2\x83\x00\x00\x88e\x09)\xe2\x83\x00\x00\xb1\x87\x09+\
`\xfc\x00\x00h\xb9\x090\x8f%\x00\x00\xa1\xb4\x096\
vN\x00\x00+\x1d\x09?h\x89\x00\x00\x0e\xda\x09?\
h\x89\x00\x00V\x93\x09J*\xb9\x00\x00\x06p\x09Q\
\xd8\xce\x00\x00\x92\xc4\x09Z\x7f\xad\x00\x00\x97\x0b\x09\x5c\
\xa9e\x00\x00\x00\x00\x09`\x06\xb5\x00\x00\x12\xaa\x09`\
\x06\xb5\x00\x00Y\xc4\x09a~\xb5\x00\x00u\xd2\x09h\
\xa4N\x00\x00\x9c\xb3\x09h\xa4N\x00\x00\xb9\xff\x09i\
\xf6$\x00\x00\xef\xf2\x09k\xd7]\x00\x00\x01\xf1\x09m\
\xf9T\x00\x00\x1f6\x09q\x01\xe0\x00\x00\xf2R\x09r\
\x9f\xec\x00\x00\xb6z\x09{\x8fc\x00\x00\xd4\x00\x09\x87\
\xbc\xc5\x00\x00M\x19\x09\x87\xbc\xc5\x00\x00s\xa6\x09\x87\
\xbc\xc5\x00\x00\x86^\x09\x87\xbc\xc5\x00\x00\xa7}\x09\x88\
\xbd\xa3\x00\x00pO\x09\x8cu\xff\x00\x00\x96D\x09\x8c\
u\xff\x00\x00\xbe\xbe\x09\x91\xe0\x92\x00\x009\x87\x09\x9c\
u\xa3\x00\x00\x1a4\x09\xaa\xaa\x89\x00\x00\x95\x97\x09\xaa\
\xaa\x89\x00\x00\xbc\xe2\x09\xb2\xf0\x1e\x00\x00;W\x09\xb9\
l\xde\x00\x00\xf8\x91\x09\xc5P\x17\x00\x00\x5c\x96\x09\xc5\
P\x17\x00\x00f\x84\x09\xc5P\x17\x00\x00u\x80\x09\xc5\
P\x17\x00\x00\x904\x09\xc5P\x17\x00\x00\xbe>\x09\xc5\
\xb8\x8a\x00\x00\xcc\x9d\x09\xd1\x8d\xf1\x00\x00\x80\xcf\x09\xd5\
\x1e\xb5\x00\x00\x15\x89\x09\xd5\x1e\xb5\x00\x00Z\xa5\x09\xd5\
\x1e\xb5\x00\x00f\xe7\x09\xd5\x1e\xb5\x00\x00\xc4\x5c\x09\xd7\
\xa4d\x00\x00/\xfd\x09\xd8\x09\x8c\x00\x00\xd8L\x09\xde\
\xd1\x8d\x00\x00wH\x09\xeb\xbf\xb5\x00\x00O[\x09\xeb\
\xbf\xb5\x00\x00\xbf\x0e\x09\xfd]\xb5\x00\x00\x13s\x09\xfd\
]\xb5\x00\x00[#\x09\xfd]\xb5\x00\x00g\x1e\x09\xfd\
]\xb5\x00\x00\xc5\xf6\x0a\x04^\xce\x00\x00\xa3\xd5\x0a\x10\
d-\x00\x00\x1a\xcd\x0a\x1ee\xb4\x00\x00b\xda\x0a!\
\xa6o\x00\x00\x1b\x9d\x0a\x22\xd2k\x00\x00=^\x0a#\
SR\x00\x00\x01\xc2\x0a#SR\x00\x00\xb0\x04\x0a0\
\xab\x94\x00\x00\x1f{\x0a<j+\x00\x00\x12f\x0a<\
j+\x00\x00\xc0\xd3\x0a=\x0e\x95\x00\x00Gt\x0a?\
#\x1b\x00\x00\x15\x04\x0a?#\x1b\x00\x00\x1d\xd7\x0a?\
#\x1b\x00\x00]\xf0\x0a?#\x1b\x00\x00\x8f\xdd\x0a?\
#\x1b\x00\x00\xad\xd2\x0a?j[\x00\x00\x1e\x0e\x0a?\
j[\x00\x00^Y\x0a?j[\x00\x00\x8c\xd6\x0a?\
j[\x00\x00\xaf8\x0aLMT\x00\x00\xbd\x85\x0aT\
\x05\xf2\x00\x00\xee2\x0aZ\xcc\xc5\x00\x00<@\x0a_\
\xbe\x83\x00\x004i\x0aa\x13>\x00\x00\x8a\xe5\x0ad\
\xd0\xcd\x00\x00\x09\x8d\x0ad\xd0\xcd\x00\x00\x0d\x9a\x0ad\
\xd0\xcd\x00\x00\x14\xd4\x0ad\xd0\xcd\x00\x00C\xb4\x0ad\
\xd0\xcd\x00\x00DV\x0ad\xd0\xcd\x00\x00S%\x0ad\
\xd0\xcd\x00\x00T`\x0ad\xd0\xcd\x00\x00\x90\xe8\x0ad\
\xd0\xcd\x00\x00\xac\x06\x0ad\xd0\xcd\x00\x00\xd4\x96\x0ae\
\xb9\x1c\x00\x00\x1c\xcf\x0ah\xf6\xd5\x00\x004\xa7\x0ai\
A\x82\x00\x00G\xb6\x0am\x82\xfc\x00\x00B?\x0at\
g\x19\x00\x00\x15@\x0atg\x19\x00\x00\xafi\x0at\
mN\x00\x00\xd6J\x0av\x1d\x99\x00\x00#G\x0av\
Z2\x00\x00JO\x0avZ2\x00\x00\xc2\x95\x0aw\
r\xd7\x00\x00\x0a\xf7\x0ay_\x07\x00\x00, \x0a\x84\
\xfb\xa8\x00\x00.\xb3\x0a\x89\xab\xe7\x00\x00\xc3\x13\x0a\x95\
m\xe4\x00\x003H\x0a\x96ke\x00\x00\x11\xd6\x0a\x9a\
\xaaZ\x00\x00\x02\xd1\x0a\xa2\xfa7\x00\x00\xf9\xaa\x0a\xa7\
\xd1>\x00\x00E\x1f\x0a\xb6*\xbe\x00\x00\xeb1\x0a\xb6\
v\xe4\x00\x00\xf2~\x0a\xb9\x9c\xf3\x00\x00*\x03\x0a\xb9\
\x9c\xf3\x00\x00b\x05\x0a\xb9\x9c\xf3\x00\x00\x97\xc2\x0a\xbe\
 J\x00\x00\x0b\xec\x0a\xce\x01\x9e\x00\x00\xe2\x0b\x0a\xd0\
_d\x00\x00\x97\xed\x0a\xd0_d\x00\x00\xc4\x1b\x0a\xd2\
\xc0\xe5\x00\x001\xd1\x0a\xd8\xc4\x11\x00\x00}\xa4\x0a\xdb\
\x09\xe4\x00\x00\xdf\x0b\x0a\xe1\xb0\x85\x00\x00\xd0\xb8\x0a\xe7\
\x93\x14\x00\x00t\x10\x0a\xe8\xd6\x1e\x00\x00\x95 \x0a\xeb\
f\x09\x00\x00F\xf3\x0a\xffe\xee\x00\x00\x93\xcb\x0b\x03\
\xc6\x94\x00\x00\x133\x0b\x03\xc6\x94\x00\x00Z\xe3\x0b\x03\
\xc6\x94\x00\x00\xc5[\x0b\x09yE\x00\x002\xa3\x0b\x09\
ye\x00\x00\x8e\xf9\x0b\x09\xa6\xc4\x00\x00H\xf2\x0b\x09\
\xa6\xc4\x00\x00\xb0Z\x0b%\xf5\x11\x00\x00\x08\xf5\x0b0\
8\xf9\x00\x00\x17\xdb\x0b6\x01k\x00\x00_\x16\x0b6\
\x08+\x00\x00^\xc3\x0b=#\xbc\x00\x00\x05\xcd\x0b=\
#\xbc\x00\x00\xc9\xc6\x0bD\xcf\xa5\x00\x00\xe7n\x0bF\
\xc9\x94\x00\x00\xd5\x02\x0bH2\xae\x00\x00\x9c\x17\x0bH\
2\xae\x00\x00\xb8\xc4\x0bHB\xd9\x00\x00\x0eW\x0bH\
B\xd9\x00\x00V\x10\x0b`\xb6\xd5\x00\x00A\xc3\x0bc\
\xe2\x94\x00\x00yv\x0bd\xdd\xbd\x00\x00\x1f\xb8\x0bo\
m\xd4\x00\x00\xbaU\x0b\x883H\x00\x000\xc7\x0b\x8a\
E>\x00\x00\xf4\xba\x0b\x8f\xdd\x92\x00\x00\xc5\xcd\x0b\x8f\
\xdd\xb2\x00\x00@o\x0b\x91\x1f\xcc\x00\x00\x17J\x0b\x92\
\x14 \x00\x00.r\x0b\x997\x8e\x00\x00\x84\xbd\x0b\x9e\
\x96Y\x00\x00r\x82\x0b\xab\x94\x0e\x00\x00\x86\xc5\x0b\xab\
\x94\x0e\x00\x00\xaa]\x0b\xad\xdde\x00\x00\xd9Q\x0b\xb1\
\x0f^\x00\x00\xd7g\x0b\xb3,C\x00\x00\xb3N\x0b\xb7\
p\xde\x00\x00$\x12\x0b\xbd\xf2c\x00\x00\xa1?\x0b\xc0\
\x05\xe4\x00\x00\x96\xcf\x0b\xc0\x05\xe4\x00\x00\xbf<\x0b\xc2\
\x05\xe4\x00\x00=\x9f\x0b\xc5\x09q\x00\x00\x08\xc0\x0b\xcb\
\x00\xae\x00\x00(\xa1\x0b\xdb\x22C\x00\x00\xce?\x0b\xe3\
\xea\x81\x00\x00\xa2\xdc\x0b\xeb\xbf\xde\x00\x00\x9fC\x0b\xee\
\x00\xe4\x00\x00I\xea\x0b\xee\x00\xe4\x00\x00\xc23\x0c\x01\
\x9e\xd1\x00\x00\xe3\xea\x0c\x04\xa05\x00\x00O*\x0c\x05\
\x83\x83\x00\x00\x19\xfc\x0c\x05\x83\x83\x00\x00Kk\x0c\x05\
\x83\x83\x00\x00\x89\x13\x0c\x10\xbf.\x00\x00\x92\x18\x0c\x13\
\xf8\xce\x00\x00\x0e\x02\x0c\x15*\xee\x00\x00x^\x0c\x1c\
Q\xbe\x00\x00\xe66\x0c\x1c\x81\xf0\x00\x00\xae\x03\x0c!\
\x99\xcb\x00\x00\xd9\xb4\x0c*$W\x00\x00Cw\x0c*\
$W\x00\x00[\xfb\x0c*$W\x00\x00\x87\x02\x0c*\
$W\x00\x00\x8fT\x0c*$W\x00\x00\xaa\xcb\x0cB\
\x17\xa3\x00\x00\x87\x94\x0cB\x17\xa3\x00\x00\xaf\xa7\x0cC\
\xbb\xe2\x00\x00\xcci\x0cG\x92\xf4\x00\x00e[\x0cG\
\x92\xf4\x00\x00\x8dX\x0cG\x92\xf4\x00\x00\xb10\x0cJ\
fY\x00\x00>\x5c\x0cRV\x8e\x00\x00g^\x0cV\
\x8c\xe5\x00\x00@\xa4\x0cV\xb7\xad\x00\x00\x1d1\x0cX\
\x09e\x00\x00\xe5\x5c\x0cZ\xcf\x1d\x00\x00\x19>\x0c^\
T\xf9\x00\x00\x14\x80\x0c^T\xf9\x00\x00\xab\x02\x0cb\
{,\x00\x00\xd6\xcf\x0co\x11\x8b\x00\x00\x08x\x0cu\
\x02\xbe\x00\x00T\xbf\x0cu\x02\xbe\x00\x00\xb7\xa7\x0cz\
\xc3\x9e\x00\x00\x17\x06\x0cz\xdb7\x00\x00\xe0\xad\x0c{\
\x85\x9f\x00\x00,g\x0c\x80\x8a\x83\x00\x00'\xa8\x0c\x84\
\xfes\x00\x00\xf3$\x0c\x88\xfa>\x00\x00\xe3\x02\x0c\x90\
\xd8\xbc\x00\x00\xd12\x0c\x92\xbc\xa1\x00\x00~\xb9\x0c\x97\
\x12\xac\x00\x00s<\x0c\x9a\x01\xda\x00\x00-\xa8\x0c\xa1\
\xa9\x84\x00\x009\x17\x0c\xa3\x80I\x00\x00Q\xe1\x0c\xa4\
\x91\xb5\x00\x0061\x0c\xa8h\x87\x00\x00r\xc9\x0c\xa8\
h\x87\x00\x00\xc7C\x0c\xa9_$\x00\x00C\xdf\x0c\xbb\
\x01s\x00\x00O\xbd\x0c\xbb\x01s\x00\x00rW\x0c\xbb\
\x01s\x00\x00\xc1\xd6\x0c\xbd\xa1\xce\x00\x00\x9e@\x0c\xbd\
\xa1\xce\x00\x00\xc6\xb3\x0c\xc9\xa0\x0e\x00\x00s\x0c\x0c\xc9\
\xa0\x0e\x00\x00\x9f\xd1\x0c\xc9\xa0\x0e\x00\x00\xc7\x81\x0c\xce\
\x0f\x1f\x00\x00&\x19\x0c\xdf\x8d\xc8\x00\x00\x0bF\x0c\xdf\
\x8d\xc8\x00\x00\xa7\x17\x0c\xe0\x1a\xf3\x00\x00\xba\xbb\x0c\xe4\
\xcc\x0e\x00\x00\xd2\xed\x0c\xea\xb1\x9e\x00\x00\xe7\x16\x0c\xee\
\xd9[\x00\x00_\xbf\x0c\xf6\x5c\xfe\x00\x00e\xed\x0c\xf6\
\x5c\xfe\x00\x00\xb8L\x0d\x04,\xaf\x00\x00<\xeb\x0d\x05\
Rs\x00\x00\x16/\x0d\x10.\xe0\x00\x00\xe3'\x0d\x18\
\x90\xf2\x00\x00H\x12\x0d\x1fN\x94\x00\x00a}\x0d1\
\x07\xc5\x00\x00\xf9\xdd\x0d4\xb3\xee\x00\x00B}\x0dG\
c\xb4\x00\x00\x86\x8c\x0dGc\xb4\x00\x00\xa7\xa8\x0dL\
\xdb\xf1\x00\x00\xf2\xa1\x0dU\x94\xe2\x00\x008\xa4\x0dZ\
\xca\xe7\x00\x009\xc5\x0d\x5c\xa9\x15\x00\x000Y\x0d\x5c\
\xec2\x00\x00:\x00\x0d_\xd6C\x00\x002\xd8\x0d`\
\x90\xc3\x00\x00\xb5^\x0d\x89P\x17\x00\x00-\xdc\x0d\x89\
P\x17\x00\x00F\xc0\x0d\x93x%\x00\x00\x03\x11\x0d\x98\
h\x19\x00\x00\xecK\x0d\xa3\xcb\xa9\x00\x00\xe7\xb9\x0d\xac\
z\xf3\x00\x00\x16\xbb\x0d\xb0\x8e\xd4\x00\x00mq\x0d\xb9\
\xa0\xf5\x00\x00\xc8\xf4\x0d\xc5\x9e\xbe\x00\x00lm\x0d\xd3\
\x034\x00\x00\xda7\x0d\xd5\xf0#\x00\x00U\x9c\x0d\xd5\
\xf0#\x00\x00\xc1W\x0d\xd8\xc9)\x00\x00\xcfc\x0d\xf6\
\xbb~\x00\x00\xc5\x88\x0d\xfb\x81\xde\x00\x00\x99\x07\x0d\xfb\
\x81\xde\x00\x00\xa9\xa7\x0d\xfc\x13'\x00\x00:s\x0e\x0d\
Dn\x00\x00\x22>\x0e\x11\x9a\xe6\x00\x00\xd1g\x0e\x12\
\x05s\x00\x00\xe2\x9b\x0e!}d\x00\x00\x8e\x84\x0e!\
}d\x00\x00\xc8\x82\x0e/\xa2t\x00\x00\x17\x7f\x0e1\
\xac*\x00\x00\xcb\xb7\x0e;\xcd\x81\x00\x00\xdfX\x0eD\
\xcd+\x00\x00X\xfe\x0eD\xcd+\x00\x00\xb7a\x0eF\
\xc4\xc3\x00\x003\x95\x0eN\xcc\xc5\x00\x00\x9aY\x0eN\
\xcc\xc5\x00\x00\xb0\x89\x0eb\xa1\xae\x00\x00\xdb\x12\x0ee\
@\x89\x00\x00\x98\x91\x0ee@\x89\x00\x00\xcac\x0eg\
\x84\xbb\x00\x00:\xb4\x0er\xa2\x0e\x00\x00&\xad\x0e\xa7\
\x1c\x85\x00\x00\xac\xcf\x0e\xa9)\x02\x00\x00\xbee\x0e\xaf\
o\xc3\x00\x00\x8d\x80\x0e\xafo\xc3\x00\x00\xb5\x0a\x0e\xb1\
7\x93\x00\x00a\xc1\x0e\xba\xcf\xa2\x00\x00\xb1U\x0e\xbf\
\xdf:\x00\x00\x0c\x1e\x0e\xcb%\xa2\x00\x00MI\x0e\xd3\
\x02\xed\x00\x00w\xd0\x0e\xe1~\xa3\x00\x00\x12\xe9\x0e\xe1\
~\xa3\x00\x00Z\x03\x0e\xe8\x9b\xb2\x00\x00\xe2f\x0e\xf3\
\x11C\x00\x00\xd0\x03\x0f\x02\xcd\xe4\x00\x00\xe6\xc5\x0f\x03\
\xb7\xa1\x00\x00\xa21\x0f\x07gi\x00\x00b4\x0f\x0e\
\x89.\x00\x00S\xfd\x0f\x19\x22<\x00\x00\x10M\x0f\x19\
\x22<\x00\x00Wv\x0f s\xf1\x00\x00\x07b\x0f!\
o\xdd\x00\x00\x05\x05\x0f'\xa1v\x00\x00\x99\x80\x0f'\
\xa1v\x00\x00\xaa\x16\x0f'\xf1\xfb\x00\x00\x070\x0f'\
\xf1\xfb\x00\x00Q\xae\x0f3\x9a\x85\x00\x00\x92t\x0f3\
\x9a\x85\x00\x00\xb3\x84\x0f9@\xe8\x00\x00\x07\xa1\x0fK\
e5\x00\x00\xd8\xfa\x0fL\xa1\xb3\x00\x00#\x80\x0fW\
\xb8i\x00\x00ck\x0fX\x1aC\x00\x00\xe4\xb5\x0fn\
1U\x00\x00i2\x0f\x85\xef\xbe\x00\x00*x\x0f\x8a\
3\xb5\x00\x00n\xe3\x0f\x8a3\xb5\x00\x00\xa5\x9e\x0f\x93\
gi\x00\x00b\x87\x0f\x96\xf2!\x00\x00Nh\x0f\x98\
N\xf4\x00\x00\x90]\x0f\x98N\xf4\x00\x00\xc5-\x0f\x99\
+e\x00\x00\xd1\xe3\x0f\x9eH$\x00\x00\xcf\x0c\x0f\xa1\
3H\x00\x0011\x0f\xadN]\x00\x00\xd0\x84\x0f\xc0\
w!\x00\x00\x08\x1b\x0f\xc4\xac.\x00\x00\xf3\x9e\x0f\xc9\
X\x97\x00\x00L?\x0f\xc9X\x97\x00\x00\x89\xdd\x0f\xc9\
X\x97\x00\x00\xc7\xac\x0f\xcc\xa8\xc4\x00\x00\x1eE\x0f\xd4\
\x9eI\x00\x00\x93\x08\x0f\xd5U\xb3\x00\x00v\x06\x0f\xd8\
\xdc\x1e\x00\x00\xdf\xb8\x0f\xee\x1e\xe5\x00\x00\x01}\x0f\xee\
\x1e\xe5\x00\x00\xa8\xef\x0f\xef/\xd4\x00\x00c#\x0f\xf4\
\xee^\x00\x00/\xb6\x0f\xf5]#\x00\x00\xd9\xe9i\x00\
\x00\xfat\x03\x00\x00\x00\x160\xd00\xfc0\xb80\xe7\
0\xf30\xa20\xc30\xd70\xc70\xfc0\xc8\x08\x00\
\x00\x00\x00\x06\x00\x00\x00\x0eVersion \
Update\x07\x00\x00\x00\x08@defa\
ult\x01\x03\x00\x00\x00<\x00{\x00k\x00e\x00\
y\x00}\x00 0oq!R\xb90g0Y0\
\x020\xdb0\xc30\xc80\xad0\xfc0n\x8a-[\
\x9a0\x92x\xba\x8a\x8d0W0f0O0`0\
U0D\xff\x01\x08\x00\x00\x00\x00\x06\x00\x00\x001{\
key} is invalid,\
 please check th\
e hotkey config!\
\x07\x00\x00\x00\x08@default\x01\x03\x00\
\x00\x00\x0c0\xa20\xd70\xea0nf\xf4e\xb0\x08\
\x00\x00\x00\x00\x06\x00\x00\x00\x0aApp upd\
ate\x07\x00\x00\x00\x08AboutTab\
\x01\x03\x00\x00\x00\x1e0\xa20\xfc0\xaf0\xca0\xa4\
0\xc4\xff\x1a0\xa80\xf30\xc90\xd50\xa30\xfc\
0\xeb0\xc9\x08\x00\x00\x00\x00\x06\x00\x00\x00\x13Ar\
knights: Endfiel\
d\x07\x00\x00\x00\x08AboutTab\x01\x03\
\x00\x00\x00\x080\xd90\xfc0\xbfrH\x08\x00\x00\x00\
\x00\x06\x00\x00\x00\x0cBeta Versi\
on\x07\x00\x00\x00\x08AboutTab\x01\
\x03\x00\x00\x00\x140\xab0\xaa0\xb90\xbc0\xed0\
\xca0\xa40\xc80\xe10\xa2\x08\x00\x00\x00\x00\x06\x00\
\x00\x00\x14Chaos Zero Ni\
ghtmare\x07\x00\x00\x00\x08Abou\
tTab\x01\x03\x00\x00\x00\x08QM\x8c\xacN\x8b\
\x98\x05\x08\x00\x00\x00\x00\x06\x00\x00\x00\x0aDisc\
laimer\x07\x00\x00\x00\x08About\
Tab\x01\x03\x00\x00\x00P0\xc00\xa60\xf30\
\xb00\xec0\xfc0\xc9b\x10R\x9f\x00 \x00{\x00\
f\x00r\x00o\x00m\x00_\x00v\x00e\x00r\x00\
s\x00i\x00o\x00n\x00}\x00 \x00-\x00>\x00\
 \x00{\x00t\x00o\x00_\x00v\x00e\x00r\x00\
s\x00i\x00o\x00n\x00}\x08\x00\x00\x00\x00\x06\x00\
\x00\x000Downgrade suc\
cess {from_versi\
on} -> {to_versi\
on}\x07\x00\x00\x00\x08AboutTab\
\x01\x03\x00\x00\x00\x180\xc70\xd00\xc30\xb0rH\
0\x920\xc00\xa60\xf30\xed0\xfc0\xc9\x08\x00\
\x00\x00\x00\x06\x00\x00\x00\x0eDownload\
 Debug\x07\x00\x00\x00\x08About\
Tab\x01\x03\x00\x00\x00\x140\xc00\xa60\xf30\
\xed0\xfc0\xc90\xa80\xe90\xfc\x00:\x08\x00\x00\
\x00\x00\x06\x00\x00\x00\x0fDownload \
Error:\x07\x00\x00\x00\x08About\
Tab\x01\x03\x00\x00\x00\x180\xea0\xea0\xfc0\
\xb9rH0\x920\xc00\xa60\xf30\xed0\xfc0\
\xc9\x08\x00\x00\x00\x00\x06\x00\x00\x00\x10Downl\
oad Release\x07\x00\x00\x00\x08\
AboutTab\x01\x03\x00\x00\x00\x160\xc7\
0\xe50\xa80\xc30\xc80\xca0\xa40\xc80\xa2\
0\xd30\xb9\x08\x00\x00\x00\x00\x06\x00\x00\x00\x10Du\
et Night Abyss\x07\x00\
\x00\x00\x08AboutTab\x01\x03\x00\x00\x00\
\x180\xc90\xfc0\xeb0\xba0\xd50\xed0\xf30\
\xc80\xe90\xa40\xf3\x002\x08\x00\x00\x00\x00\x06\x00\
\x00\x00\x12Girls' Frontl\
ine 2\x07\x00\x00\x00\x08AboutT\
ab\x01\x03\x00\x00\x00*\x00N\x00e\x00v\x00e\
\x00r\x00n\x00e\x00s\x00s\x00 \x00t\x00o\
\x00 \x00E\x00v\x00e\x00r\x00n\x00e\x00s\
\x00s\x08\x00\x00\x00\x00\x06\x00\x00\x00\x15Neve\
rness to Evernes\
s\x07\x00\x00\x00\x08AboutTab\x01\x03\
\x00\x00\x00\x06\x96p\x96}^+\x08\x00\x00\x00\x00\x06\
\x00\x00\x00\x07Onmyoji\x07\x00\x00\x00\x08\
AboutTab\x01\x03\x00\x00\x00\x10\x95\xa2\
\x90#0\xd70\xed0\xb80\xa70\xaf0\xc8\x08\x00\
\x00\x00\x00\x06\x00\x00\x00\x0eOther Pr\
ojects\x07\x00\x00\x00\x08About\
Tab\x01\x03\x00\x00\x00\x06[\x89[\x9arH\x08\
\x00\x00\x00\x00\x06\x00\x00\x00\x0eStable \
Version\x07\x00\x00\x00\x08Abou\
tTab\x01\x03\x00\x00\x00\x08f\x1fu\xd5Qq\
\x9c\xf4\x08\x00\x00\x00\x00\x06\x00\x00\x00\x0eStar\
 Resonance\x07\x00\x00\x00\x08A\
boutTab\x01\x03\x00\x00\x00N0\xa20\
\xc30\xd70\xc70\xfc0\xc8b\x10R\x9f\x00 \x00\
{\x00f\x00r\x00o\x00m\x00_\x00v\x00e\x00\
r\x00s\x00i\x00o\x00n\x00}\x00 \x00-\x00\
>\x00 \x00{\x00t\x00o\x00_\x00v\x00e\x00\
r\x00s\x00i\x00o\x00n\x00}\x08\x00\x00\x00\x00\
\x06\x00\x00\x00-Update succ\
ess {from_versio\
n} -> {to_versio\
n}\x07\x00\x00\x00\x08AboutTab\x01\
\x03\x00\x00\x00\x04\x9c\xf4on\x08\x00\x00\x00\x00\x06\x00\
\x00\x00\x0fWuthering Wav\
es\x07\x00\x00\x00\x08AboutTab\x01\
\x03\x00\x00\x00\x18\x00o\x00k\x00-\x00p\x00y\x00\
 \x81\xeaR\xd5S\x160\xc40\xfc0\xeb\x08\x00\x00\
\x00\x00\x06\x00\x00\x00\x15ok-py Aut\
omation Tool\x07\x00\x00\x00\
\x08AboutTab\x01\x03\x00\x00\x00&\x00\
o\x00k\x00-\x00s\x00c\x00r\x00i\x00p\x00\
t\x00 0\xa20\xd70\xea0\xc60\xf30\xd70\
\xec0\xfc0\xc8\x08\x00\x00\x00\x00\x06\x00\x00\x00\x16o\
k-script App Tem\
plate\x07\x00\x00\x00\x08AboutT\
ab\x01\x03\x00\x00\x00V0\xb20\xfc0\xe0\x00I\
\x00D\xff\x08O\x8b\xff\x1a\x001\x000\x002\x006\
\x003\x000\x006\x001\x002\x003\x004\x005\
\xff\x090o0S0n0\xa20\xab0\xa60\xf3\
0\xc80k}\x10N\xd80Q0\x890\x8c0\x01\
Y\x09f\xf40g0M0~0[0\x93\x08\x00\
\x00\x00\x00\x06\x00\x00\x00L\xe4\xbd\xa0\xe7\x9a\x84\xe6\xb8\
\xb8\xe6\x88\x8f\xe7\xbc\x96\xe5\x8f\xb7, \xe5\xa6\x821\
02630612345, \xe5\xb0\x86\
\xe4\xbc\x9a\xe7\xbb\x91\xe5\xae\x9a\xe6\xad\xa4\xe8\xb4\xa6\xe5\
\x8f\xb7\xe4\xbd\xbf\xe7\x94\xa8\xe6\x97\xa0\xe6\xb3\x95\xe6\x9b\
\xb4\xe6\x94\xb9\x07\x00\x00\x00\x09ActWind\
ow\x01\x03\x00\x00\x00\x0e0\xa20\xaf0\xc60\xa3\
0\xd90\xfc0\xc8\x08\x00\x00\x00\x00\x06\x00\x00\x00\x06\
\xe6\xbf\x80\xe6\xb4\xbb\x07\x00\x00\x00\x09ActWi\
ndow\x01\x03\x00\x00\x00\x180\xa20\xaf0\xc6\
0\xa30\xd90\xfc0\xb70\xe70\xf30\xb30\xfc\
0\xc9\x08\x00\x00\x00\x00\x06\x00\x00\x00\x09\xe6\xbf\x80\xe6\
\xb4\xbb\xe7\xa0\x81\x07\x00\x00\x00\x09ActWin\
dow\x01\x03\x00\x00\x00\x04\x8afu(\x08\x00\x00\
\x00\x00\x06\x00\x00\x00\x06\xe8\xaf\x95\xe7\x94\xa8\x07\x00\x00\
\x00\x09ActWindow\x01\x03\x00\x00\x00\
\x1e0\xb20\xfc0\xe0\x00I\x00D0\x92QeR\
\x9b0W0f0O0`0U0D\xff\x01\x08\
\x00\x00\x00\x00\x06\x00\x00\x00\x16\xe8\xaf\xb7\xe8\xbe\x93\xe5\
\x85\xa5\xe6\xb8\xb8\xe6\x88\x8f\xe7\xbc\x96\xe5\x8f\xb7!\x07\
\x00\x00\x00\x09ActWindow\x01\x03\x00\
\x00\x00,0\xa20\xaf0\xc60\xa30\xd90\xfc0\
\xb70\xe70\xf30\xb30\xfc0\xc90\x92QeR\
\x9b0W0f0O0`0U0D\xff\x01\x08\
\x00\x00\x00\x00\x06\x00\x00\x00\x13\xe8\xaf\xb7\xe8\xbe\x93\xe5\
\x85\xa5\xe6\xbf\x80\xe6\xb4\xbb\xe7\xa0\x81!\x07\x00\x00\x00\
\x09ActWindow\x01\x03\x00\x00\x00\x1e\
0\xbd0\xd50\xc80\xa60\xa70\xa20\xa20\xaf\
0\xc60\xa30\xd90\xfc0\xb70\xe70\xf3\x08\x00\
\x00\x00\x00\x06\x00\x00\x00\x0c\xe8\xbd\xaf\xe4\xbb\xb6\xe6\xbf\
\x80\xe6\xb4\xbb\x07\x00\x00\x00\x09ActWind\
ow\x01\x03\x00\x00\x00\x0a\x8a\x8d\x8a<Y1eW\
\xff\x01\x08\x00\x00\x00\x00\x06\x00\x00\x00\x0d\xe9\xaa\x8c\xe8\
\xaf\x81\xe5\xa4\xb1\xe8\xb4\xa5!\x07\x00\x00\x00\x09Ac\
tWindow\x01\x03\x00\x00\x00\x0a\x8a\x8d\x8a\
<b\x10R\x9f\xff\x01\x08\x00\x00\x00\x00\x06\x00\x00\x00\
\x0d\xe9\xaa\x8c\xe8\xaf\x81\xe6\x88\x90\xe5\x8a\x9f!\x07\x00\
\x00\x00\x09ActWindow\x01\x03\x00\x00\
\x00\x04\x8f\xfdR\xa0\x08\x00\x00\x00\x00\x06\x00\x00\x00\x03\
Add\x07\x00\x00\x00\x11AddTextM\
essageBox\x01\x03\x00\x00\x00\x0a0\
\xad0\xe30\xf30\xbb0\xeb\x08\x00\x00\x00\x00\x06\x00\
\x00\x00\x06Cancel\x07\x00\x00\x00\x11Ad\
dTextMessageBox\x01\
\x03\x00\x00\x00\x04x\xba\x8a\x8d\x08\x00\x00\x00\x00\x06\x00\
\x00\x00\x07Confirm\x07\x00\x00\x00\x11A\
ddTextMessageBox\
\x01\x03\x00\x00\x00&\x00'\x00{\x00}\x00'\x00 \
0\x92RJ\x96d0W0f0\x820\x880\x8d\
0W0D0g0Y0K\xff\x1f\x08\x00\x00\x00\
\x00\x06\x00\x00\x00%Are you su\
re you want to d\
elete '{}'?\x07\x00\x00\x00\x10\
AnnotationCanvas\
\x01\x03\x00\x00\x00\x0aRJ\x96d0nx\xba\x8a\x8d\
\x08\x00\x00\x00\x00\x06\x00\x00\x00\x0eConfir\
m Delete\x07\x00\x00\x00\x10Ann\
otationCanvas\x01\x03\x00\
\x00\x00\x060\xc00\xfc0\xaf\x08\x00\x00\x00\x00\x06\x00\
\x00\x00\x04Dark\x07\x00\x00\x00\x0fAppC\
onfigWidget\x01\x03\x00\x00\x00\
\x060\xe90\xa40\xc8\x08\x00\x00\x00\x00\x06\x00\x00\x00\
\x05Light\x07\x00\x00\x00\x0fAppCo\
nfigWidget\x01\x03\x00\x00\x00\x06\
0\xc60\xfc0\xde\x08\x00\x00\x00\x00\x06\x00\x00\x00\x05\
Theme\x07\x00\x00\x00\x0fAppCon\
figWidget\x01\x03\x00\x00\x00\x1a\x00\
'\x00{\x00}\x00'\x00 0ke\xe20k[\
XW(0W0~0Y\x08\x00\x00\x00\x00\x06\x00\
\x00\x00\x16Already exist\
s in '{}'\x07\x00\x00\x00\x0aBB\
oxDialog\x01\x03\x00\x00\x00\x160\xd0\
0\xa60\xf30\xc70\xa30\xf30\xb00\xdc0\xc3\
0\xaf0\xb9\x08\x00\x00\x00\x00\x06\x00\x00\x00\x0cBo\
unding Box\x07\x00\x00\x00\x0aB\
BoxDialog\x01\x03\x00\x00\x00\x0a0\
\xad0\xe30\xf30\xbb0\xeb\x08\x00\x00\x00\x00\x06\x00\
\x00\x00\x06Cancel\x07\x00\x00\x00\x0aBB\
oxDialog\x01\x03\x00\x00\x00\x0a0\xab\
0\xc60\xb40\xeaT\x0d\x08\x00\x00\x00\x00\x06\x00\x00\
\x00\x0dCategory name\x07\
\x00\x00\x00\x0aBBoxDialog\x01\x03\
\x00\x00\x00\x0a0\xab0\xc60\xb40\xea\x00:\x08\x00\
\x00\x00\x00\x06\x00\x00\x00\x09Category\
:\x07\x00\x00\x00\x0aBBoxDialog\
\x01\x03\x00\x00\x00\x06\x9a\xd80U\x00:\x08\x00\x00\x00\
\x00\x06\x00\x00\x00\x07Height:\x07\x00\x00\
\x00\x0aBBoxDialog\x01\x03\x00\x00\
\x00\x0eT\x0dRM0o_\xc5\x98\x080g0Y\
\x08\x00\x00\x00\x00\x06\x00\x00\x00\x0dName r\
equired\x07\x00\x00\x00\x0aBBox\
Dialog\x01\x03\x00\x00\x00\x04\x00O\x00K\
\x08\x00\x00\x00\x00\x06\x00\x00\x00\x02OK\x07\x00\x00\x00\
\x0aBBoxDialog\x01\x03\x00\x00\x00\
\x04^E\x00:\x08\x00\x00\x00\x00\x06\x00\x00\x00\x06W\
idth:\x07\x00\x00\x00\x0aBBoxDi\
alog\x01\x03\x00\x00\x00&0\xb90\xbf0\xfc\
0\xc80\xe10\xcb0\xe50\xfc0k0\xb70\xe7\
0\xfc0\xc80\xab0\xc30\xc80\x92\x8f\xfdR\xa0\
\x08\x00\x00\x00\x00\x06\x00\x00\x00\x17Add St\
art Menu Shortcu\
t\x07\x00\x00\x00\x0aConfigCard\
\x01\x03\x00\x00\x00\x0e\x8a-[\x9a0\x920\xea0\xbb\
0\xc30\xc8\x08\x00\x00\x00\x00\x06\x00\x00\x00\x0cRe\
set Config\x07\x00\x00\x00\x0aC\
onfigCard\x01\x03\x00\x00\x00\x0a0\
\xad0\xe30\xf30\xbb0\xeb\x08\x00\x00\x00\x00\x06\x00\
\x00\x00\x06Cancel\x07\x00\x00\x00\x0eCo\
pyTaskDialog\x01\x03\x00\x00\
\x00\x04x\xba\x8a\x8d\x08\x00\x00\x00\x00\x06\x00\x00\x00\x07\
Confirm\x07\x00\x00\x00\x0eCopy\
TaskDialog\x01\x03\x00\x00\x00\x0e\
0\xbf0\xb90\xaf0\x920\xb30\xd40\xfc\x08\x00\
\x00\x00\x00\x06\x00\x00\x00\x09Copy Tas\
k\x07\x00\x00\x00\x0eCopyTaskDi\
alog\x01\x03\x00\x00\x00\x1c0\xb30\xd40\xfc\
0Y0\x8b0\xbf0\xb90\xaf0\x92\x90xb\x9e\
\x00.\x00.\x00.\x08\x00\x00\x00\x00\x06\x00\x00\x00\x16\
Select task to c\
opy...\x07\x00\x00\x00\x0eCopyT\
askDialog\x01\x03\x00\x00\x00\x10\x00\
(\x000\x00 \x00=\x00 q!R\xb9\x00)\x08\
\x00\x00\x00\x00\x06\x00\x00\x00\x0e(0 = di\
sabled)\x07\x00\x00\x00\x18Crea\
teScheduleTaskDi\
alog\x01\x03\x00\x00\x00\x08\x002\x004fB\
\x95\x93\x08\x00\x00\x00\x00\x06\x00\x00\x00\x0324h\x07\
\x00\x00\x00\x18CreateSchedu\
leTaskDialog\x01\x03\x00\x00\
\x00 0\xbf0\xb90\xaf[\x8cN\x86_\x8c0k\
\x81\xeaR\xd5}BN\x86\x00 \x00(\x00-\x00e\
\x00)\x08\x00\x00\x00\x00\x06\x00\x00\x00\x1eAuto\
 exit after task\
 done (-e)\x07\x00\x00\x00\x18C\
reateScheduleTas\
kDialog\x01\x03\x00\x00\x00\x0a0\xad0\
\xe30\xf30\xbb0\xeb\x08\x00\x00\x00\x00\x06\x00\x00\x00\
\x06Cancel\x07\x00\x00\x00\x18Crea\
teScheduleTaskDi\
alog\x01\x03\x00\x00\x00\x04O\x5cb\x10\x08\x00\
\x00\x00\x00\x06\x00\x00\x00\x06Create\x07\x00\
\x00\x00\x18CreateSchedul\
eTaskDialog\x01\x03\x00\x00\x00\
\x180\xb90\xb10\xb80\xe50\xfc0\xeb0\xbf0\
\xb90\xaf0\x92O\x5cb\x10\x08\x00\x00\x00\x00\x06\x00\
\x00\x00\x14Create Schedu\
le Task\x07\x00\x00\x00\x18Crea\
teScheduleTaskDi\
alog\x01\x03\x00\x00\x00\x080\xab0\xb90\xbf\
0\xe0\x08\x00\x00\x00\x00\x06\x00\x00\x00\x06Cust\
om\x07\x00\x00\x00\x18CreateSch\
eduleTaskDialog\x01\
\x03\x00\x00\x00\x0c0\xab0\xb90\xbf0\xe0\x95\x93\x96\
\x94\x08\x00\x00\x00\x00\x06\x00\x00\x00\x0fCusto\
m Interval\x07\x00\x00\x00\x18C\
reateScheduleTas\
kDialog\x01\x03\x00\x00\x00\x04k\xcee\
\xe5\x08\x00\x00\x00\x00\x06\x00\x00\x00\x05Daily\
\x07\x00\x00\x00\x18CreateSched\
uleTaskDialog\x01\x03\x00\
\x00\x00\x02e\xe5\x08\x00\x00\x00\x00\x06\x00\x00\x00\x04D\
ays\x07\x00\x00\x00\x18CreateSc\
heduleTaskDialog\
\x01\x03\x00\x00\x00\x04fB\x95\x93\x08\x00\x00\x00\x00\x06\
\x00\x00\x00\x04Hour\x07\x00\x00\x00\x18Cre\
ateScheduleTaskD\
ialog\x01\x03\x00\x00\x00\x04fB\x95\x93\x08\
\x00\x00\x00\x00\x06\x00\x00\x00\x05Hours\x07\x00\
\x00\x00\x18CreateSchedul\
eTaskDialog\x01\x03\x00\x00\x00\
\x02R\x06\x08\x00\x00\x00\x00\x06\x00\x00\x00\x06Min\
ute\x07\x00\x00\x00\x18CreateSc\
heduleTaskDialog\
\x01\x03\x00\x00\x00\x04k\xceg\x08\x08\x00\x00\x00\x00\x06\
\x00\x00\x00\x07Monthly\x07\x00\x00\x00\x18\
CreateScheduleTa\
skDialog\x01\x03\x00\x00\x00\x1cR)\
u(S\xef\x80\xfd0j0\xbf0\xb90\xaf0L\
0B0\x8a0~0[0\x93\x08\x00\x00\x00\x00\x06\
\x00\x00\x00\x12No tasks ava\
ilable\x07\x00\x00\x00\x18Creat\
eScheduleTaskDia\
log\x01\x03\x00\x00\x00\x04N\x00V\xde\x08\x00\x00\
\x00\x00\x06\x00\x00\x00\x04Once\x07\x00\x00\x00\x18\
CreateScheduleTa\
skDialog\x01\x03\x00\x00\x00\x0c0\xbf\
0\xb90\xaf0\x92\x90xb\x9e\x08\x00\x00\x00\x00\x06\
\x00\x00\x00\x0bSelect Task\x07\
\x00\x00\x00\x18CreateSchedu\
leTaskDialog\x01\x03\x00\x00\
\x00\x08\x95\x8bY\xcbfB\x95\x93\x08\x00\x00\x00\x00\x06\
\x00\x00\x00\x0aStart Time\x07\x00\
\x00\x00\x18CreateSchedul\
eTaskDialog\x01\x03\x00\x00\x00\
\x0e\x8dwR\xd50\xaa0\xd70\xb70\xe70\xf3\x08\
\x00\x00\x00\x00\x06\x00\x00\x00\x0fStartup\
 Options\x07\x00\x00\x00\x18Cre\
ateScheduleTaskD\
ialog\x01\x03\x00\x00\x00\x0c0\xbf0\xa40\
\xe00\xa20\xa60\xc8\x08\x00\x00\x00\x00\x06\x00\x00\x00\
\x07Timeout\x07\x00\x00\x00\x18Cre\
ateScheduleTaskD\
ialog\x01\x03\x00\x00\x00\x0e0\xc80\xea0\
\xac0\xfc0\xbf0\xa40\xd7\x08\x00\x00\x00\x00\x06\x00\
\x00\x00\x0cTrigger Type\x07\
\x00\x00\x00\x18CreateSchedu\
leTaskDialog\x01\x03\x00\x00\
\x00\x04k\xce\x901\x08\x00\x00\x00\x00\x06\x00\x00\x00\x06\
Weekly\x07\x00\x00\x00\x18Creat\
eScheduleTaskDia\
log\x01\x03\x00\x00\x00\x18fB\x95\x93\x00 \x00\
(\x000\x00 \x00=\x00 q!R6\x96P\x00\
)\x08\x00\x00\x00\x00\x06\x00\x00\x00\x15hours\
 (0 = unlimited)\
\x07\x00\x00\x00\x18CreateSched\
uleTaskDialog\x01\x03\x00\
\x00\x00\x0a0\xad0\xe30\xf30\xbb0\xeb\x08\x00\x00\
\x00\x00\x06\x00\x00\x00\x06Cancel\x07\x00\x00\
\x00\x10CreateTaskDial\
og\x01\x03\x00\x00\x00\x160\xaf0\xe90\xb9T\x0d\
\x00 \x00(\x82\xf1\x8a\x9e0n0\x7f\x00)\x08\x00\
\x00\x00\x00\x06\x00\x00\x00\x19Class Na\
me (English only\
)\x07\x00\x00\x00\x10CreateTask\
Dialog\x01\x03\x00\x00\x00\x04x\xba\x8a\x8d\
\x08\x00\x00\x00\x00\x06\x00\x00\x00\x07Confir\
m\x07\x00\x00\x00\x10CreateTask\
Dialog\x01\x03\x00\x00\x00\x0c0\xbf0\xb9\
0\xaf0\x92O\x5cb\x10\x08\x00\x00\x00\x00\x06\x00\x00\
\x00\x0bCreate Task\x07\x00\x00\
\x00\x10CreateTaskDial\
og\x01\x03\x00\x00\x00\x0e\x8a\xacf\x0e\x00 \x00(\
N\xfba\x0f\x00)\x08\x00\x00\x00\x00\x06\x00\x00\x00\x16\
Description (Opt\
ional)\x07\x00\x00\x00\x10Creat\
eTaskDialog\x01\x03\x00\x00\x00\
\x080\xbf0\xb90\xafT\x0d\x08\x00\x00\x00\x00\x06\x00\
\x00\x00\x09Task Name\x07\x00\x00\x00\
\x10CreateTaskDialo\
g\x01\x03\x00\x00\x00\x08T|0sQ\xfa0Y\x08\
\x00\x00\x00\x00\x06\x00\x00\x00\x04Call\x07\x00\x00\
\x00\x08DebugTab\x01\x03\x00\x00\x00\x18\
0\xb90\xaf0\xea0\xfc0\xf30\xb70\xe70\xc3\
0\xc80\x92d\xae0\x8b\x08\x00\x00\x00\x00\x06\x00\x00\
\x00\x12Capture Screen\
shot\x07\x00\x00\x00\x08DebugTa\
b\x01\x03\x00\x00\x00\x0e0\xad0\xe30\xd70\xc10\
\xe3b\x10R\x9f\x08\x00\x00\x00\x00\x06\x00\x00\x00\x0fC\
apture Success\x07\x00\
\x00\x00\x08DebugTab\x01\x03\x00\x00\x00\
 0\xad0\xe30\xd70\xc10\xe30L\x00N\x00\
o\x00n\x00e0\x92\x8f\xd40W0~0W0\
_\x08\x00\x00\x00\x00\x06\x00\x00\x00\x15Captu\
re returned None\
\x07\x00\x00\x00\x08DebugTab\x01\x03\x00\
\x00\x00\x1c\x00i\x001\x008\x00n0\xd50\xa10\
\xa40\xeb0\x920\xb30\xf30\xd10\xa40\xeb\x08\
\x00\x00\x00\x00\x06\x00\x00\x00\x12Convert\
 i18n files\x07\x00\x00\x00\x08\
DebugTab\x01\x03\x00\x00\x00\x140\xbf\
0\xb90\xaf\x95\xa2ep0\x920\xc70\xd00\xc3\
0\xb0\x08\x00\x00\x00\x00\x06\x00\x00\x00\x13Debu\
g Task Function\x07\
\x00\x00\x00\x08DebugTab\x01\x03\x00\x00\
\x00\x0e0\xc70\xd00\xc30\xb00\xc40\xfc0\xeb\
\x08\x00\x00\x00\x00\x06\x00\x00\x00\x0aDebug \
Tool\x07\x00\x00\x00\x08DebugTa\
b\x01\x03\x00\x00\x00&0\xb90\xaf0\xea0\xfc0\
\xf30\xb70\xe70\xc30\xc80\x920\xc90\xed0\
\xc30\xd70~0_0o\x90xb\x9e\x08\x00\x00\
\x00\x00\x06\x00\x00\x00\x19Drop or S\
elect Screenshot\
\x07\x00\x00\x00\x08DebugTab\x01\x03\x00\
\x00\x0040\xb90\xec0\xc30\xc90\x920\xc00\
\xf30\xd7\x00(0\xdb0\xc30\xc80\xad0\xfc\x00\
:\x00C\x00t\x00r\x00l\x00+\x00A\x00l\x00\
t\x00+\x00D\x00)\x08\x00\x00\x00\x00\x06\x00\x00\x00\
\x1fDump Threads(Ho\
tKey:Ctrl+Alt+D)\
\x07\x00\x00\x00\x08DebugTab\x01\x03\x00\
\x00\x00\x16\x00i\x001\x008\x00n0\xd50\xa10\
\xa40\xeb0\x92u\x1fb\x10\x08\x00\x00\x00\x00\x06\x00\
\x00\x00\x13Generate i18n\
 files\x07\x00\x00\x00\x08Debug\
Tab\x01\x03\x00\x00\x00(0\xad0\xe30\xd70\
\xc10\xe3e\xb9l\xd50LR)u(N\x0dS\
\xef0~0_0og*\x90xb\x9e0g0\
Y\x08\x00\x00\x00\x00\x06\x00\x00\x00 No Ca\
pture Available \
or Selected\x07\x00\x00\x00\x08\
DebugTab\x01\x03\x00\x00\x00\x1a\x00O\
\x00C\x00R0L\x8a-[\x9a0U0\x8c0f\
0D0~0[0\x93\x08\x00\x00\x00\x00\x06\x00\x00\
\x00\x11No OCR configu\
red\x07\x00\x00\x00\x08DebugTab\
\x01\x03\x00\x00\x008\x5c^`'0~0_0o\
0\xe10\xbd0\xc30\xc90L0B0\x8a0~\
0[0\x93\x00:\x00 \x00{\x00f\x00u\x00n\
\x00c\x00_\x00n\x00a\x00m\x00e\x00}\x08\x00\
\x00\x00\x00\x06\x00\x00\x00\x19No such \
attr: {func_name\
}\x07\x00\x00\x00\x08DebugTab\x01\x03\
\x00\x00\x00\x1e\x00O\x00C\x00Rb\x10R\x9f\x00:\
\x00 \x00{\x00r\x00e\x00s\x00u\x00l\x00t\
\x00}\x08\x00\x00\x00\x00\x06\x00\x00\x00\x15OCR \
success: {result\
}\x07\x00\x00\x00\x08DebugTab\x01\x03\
\x00\x00\x00\x120\xed0\xb00\xd50\xa90\xeb0\xc0\
0\x92\x95\x8b0O\x08\x00\x00\x00\x00\x06\x00\x00\x00\x09\
Open Logs\x07\x00\x00\x00\x08De\
bugTab\x01\x03\x00\x00\x00\x180\xb90\xaf\
0\xea0\xfc0\xf30\xb70\xe70\xc30\xc80\x92\
\x90xb\x9e\x08\x00\x00\x00\x00\x06\x00\x00\x00\x12Se\
lect Screenshots\
\x07\x00\x00\x00\x08DebugTab\x01\x03\x00\
\x00\x00\x1a\x95\xa2ep0~0_0o0\xd70\
\xed0\xd10\xc60\xa30\x92QeR\x9b\x08\x00\x00\
\x00\x00\x06\x00\x00\x00\x1bType a fu\
nction or proper\
ty\x07\x00\x00\x00\x08DebugTab\x01\
\x03\x00\x00\x00 T|0sQ\xfa0Wb\x10R\
\x9f\x00:\x00 \x00{\x00r\x00e\x00s\x00u\x00\
l\x00t\x00}\x08\x00\x00\x00\x00\x06\x00\x00\x00\x16c\
all success: {re\
sult}\x07\x00\x00\x00\x08DebugT\
ab\x01\x03\x00\x00\x00\x22\x00{\x00n\x00u\x00m\
\x00}g\x9a0nu;P\xcf0L\x90xb\x9e\
0U0\x8c0~0W0_\x08\x00\x00\x00\x00\x06\
\x00\x00\x00\x15{num} images\
 selected\x07\x00\x00\x00\x08De\
bugTab\x01\x03\x00\x00\x00\x06\x00A\x00D\
\x00B\x08\x00\x00\x00\x00\x06\x00\x00\x00\x03ADB\x07\
\x00\x00\x00\x0bEditTaskTab\x01\
\x03\x00\x00\x00\x22\x00{\x00}\x00 0\x92RJ\x96\
d0W0f0\x820\x880\x8d0W0D0\
g0Y0K\xff\x1f\x08\x00\x00\x00\x00\x06\x00\x00\x00\
#Are you sure yo\
u want to delete\
 {}?\x07\x00\x00\x00\x0bEditTas\
kTab\x01\x03\x00\x00\x00\x080\xdc0\xc30\xaf\
0\xb9\x08\x00\x00\x00\x00\x06\x00\x00\x00\x03Box\x07\
\x00\x00\x00\x0bEditTaskTab\x01\
\x03\x00\x00\x00\x0a0\xad0\xe30\xf30\xbb0\xeb\x08\
\x00\x00\x00\x00\x06\x00\x00\x00\x06Cancel\x07\
\x00\x00\x00\x0bEditTaskTab\x01\
\x03\x00\x00\x00\x0e0\xbf0\xb90\xaf0\x92\x90xb\
\x9e\x00:\x08\x00\x00\x00\x00\x06\x00\x00\x00\x0cCho\
ose Task:\x07\x00\x00\x00\x0bEd\
itTaskTab\x01\x03\x00\x00\x00\x0aR\
J\x96d0nx\xba\x8a\x8d\x08\x00\x00\x00\x00\x06\x00\
\x00\x00\x0eConfirm Delet\
e\x07\x00\x00\x00\x0bEditTaskTa\
b\x01\x03\x00\x00\x00\x04R6_\xa1\x08\x00\x00\x00\x00\
\x06\x00\x00\x00\x07Control\x07\x00\x00\x00\
\x0bEditTaskTab\x01\x03\x00\x00\
\x00\x0e0\xbf0\xb90\xaf0\x920\xb30\xd40\xfc\
\x08\x00\x00\x00\x00\x06\x00\x00\x00\x09Copy T\
ask\x07\x00\x00\x00\x0bEditTask\
Tab\x01\x03\x00\x00\x00&\x00{\x00}\x00 0\
n0\xbd0\xfc0\xb90\xd50\xa10\xa40\xeb0\
L\x89\x8b0d0K0\x8a0~0[0\x93\x08\
\x00\x00\x00\x00\x06\x00\x00\x00!Could n\
ot find source f\
ile for {}\x07\x00\x00\x00\x0bE\
ditTaskTab\x01\x03\x00\x00\x00\x10\
e\xb0\x89\x8f0\xbf0\xb90\xaf0\x92O\x5cb\x10\
\x08\x00\x00\x00\x00\x06\x00\x00\x00\x0fCreate\
 New Task\x07\x00\x00\x00\x0bEd\
itTaskTab\x01\x03\x00\x00\x00\x0c0\
\xbf0\xb90\xaf0\x92O\x5cb\x10\x08\x00\x00\x00\x00\
\x06\x00\x00\x00\x0bCreate Task\
\x07\x00\x00\x00\x0bEditTaskTab\
\x01\x03\x00\x00\x00\x0c0\xbf0\xb90\xaf0\x92RJ\
\x96d\x08\x00\x00\x00\x00\x06\x00\x00\x00\x0bDele\
te Task\x07\x00\x00\x00\x0bEdit\
TaskTab\x01\x03\x00\x00\x00\x120\xb90\
\xaf0\xea0\xd70\xc80n\x88hy:T\x0d\x08\
\x00\x00\x00\x00\x06\x00\x00\x00\x1bDisplay\
 name for the sc\
ript\x07\x00\x00\x00\x0bEditTas\
kTab\x01\x03\x00\x00\x00$\x82\xf1\x8a\x9e0\x01\
ep[W0\x01g\x09R\xb90j0\xd50\xa1\
0\xa40\xebT\x0de\x87[W0n0\x7f\x08\x00\
\x00\x00\x00\x06\x00\x00\x00.English,\
 numbers and val\
id filename char\
s only\x07\x00\x00\x00\x0bEditT\
askTab\x01\x03\x00\x00\x00\x0c0\xa80\xaf\
0\xb90\xdd0\xfc0\xc8\x08\x00\x00\x00\x00\x06\x00\x00\
\x00\x06Export\x07\x00\x00\x00\x0bEdi\
tTaskTab\x01\x03\x00\x00\x00\x180\xb9\
0\xaf0\xea0\xd70\xc80\x920\xa80\xaf0\xb9\
0\xdd0\xfc0\xc8\x08\x00\x00\x00\x00\x06\x00\x00\x00\x0d\
Export Script\x07\x00\x00\
\x00\x0bEditTaskTab\x01\x03\x00\
\x00\x00\x100\xa80\xaf0\xb90\xdd0\xfc0\xc8Y\
1eW\x08\x00\x00\x00\x00\x06\x00\x00\x00\x0dExp\
ort failed\x07\x00\x00\x00\x0bE\
ditTaskTab\x01\x03\x00\x00\x00&\
0\xbd0\xfc0\xb90\xd50\xa10\xa40\xeb0n\
\x8a\xad0\x7fS\xd60\x8a0kY1eW\x00:\
\x00 \x00{\x00}\x08\x00\x00\x00\x00\x06\x00\x00\x00\x1e\
Failed to read s\
ource file: {}\x07\x00\
\x00\x00\x0bEditTaskTab\x01\x03\
\x00\x00\x00\x12O\xdd[X0kY1eW0W\
0~0W0_\x08\x00\x00\x00\x00\x06\x00\x00\x00\x0e\
Failed to save\x07\x00\
\x00\x00\x0bEditTaskTab\x01\x03\
\x00\x00\x00\x080\xd50\xa10\xa40\xeb\x08\x00\x00\x00\
\x00\x06\x00\x00\x00\x04File\x07\x00\x00\x00\x0bE\
ditTaskTab\x01\x03\x00\x00\x00\x1e\
0\xd50\xa10\xa40\xeb0LY\x16\x90\xe80g\
Y\x09f\xf40U0\x8c0~0W0_\x08\x00\
\x00\x00\x00\x06\x00\x00\x00\x17File Cha\
nged Externally\x07\
\x00\x00\x00\x0bEditTaskTab\x01\
\x03\x00\x00\x00\x0c0\xd50\xa10\xa40\xebT\x0d\xff\
\x1a\x08\x00\x00\x00\x00\x06\x00\x00\x00\x0aFile \
Name:\x07\x00\x00\x00\x0bEditTa\
skTab\x01\x03\x00\x00\x00\x060\xac0\xa40\
\xc9\x08\x00\x00\x00\x00\x06\x00\x00\x00\x05Guide\
\x07\x00\x00\x00\x0bEditTaskTab\
\x01\x03\x00\x00\x00\x160\xb90\xaf0\xea0\xd70\xc8\
0\x920\xa40\xf30\xdd0\xfc0\xc8\x08\x00\x00\x00\
\x00\x06\x00\x00\x00\x0dImport Scr\
ipt\x07\x00\x00\x00\x0bEditTask\
Tab\x01\x03\x00\x00\x00\x0e0\xa40\xf30\xdd0\
\xfc0\xc8Y1eW\x08\x00\x00\x00\x00\x06\x00\x00\x00\
\x0dImport failed\x07\x00\
\x00\x00\x0bEditTaskTab\x01\x03\
\x00\x00\x00.0\xaf0\xe90\xb9T\x0d0Lq!\
R\xb90g0Y0\x02\x82\xf1[W0n0\x7f\
O\x7fu(0W0f0O0`0U0D\
0\x02\x08\x00\x00\x00\x00\x06\x00\x00\x004Inva\
lid Class Name. \
Must be English \
characters only.\
\x07\x00\x00\x00\x0bEditTaskTab\
\x01\x03\x00\x00\x00Lq!R\xb90j0\xd50\xa1\
0\xa40\xebT\x0d0g0Y0\x02\x82\xf1[W\
0\x01ep[W0\x010\xa20\xf30\xc00\xfc\
0\xb90\xb30\xa20\x010\xcf0\xa40\xd50\xf3\
0n0\x7fO\x7fu(0g0M0~0Y\
0\x02\x08\x00\x00\x00\x00\x06\x00\x00\x00KInva\
lid file name. U\
se English lette\
rs, numbers, und\
erscores, hyphen\
s only.\x07\x00\x00\x00\x0bEdit\
TaskTab\x01\x03\x00\x00\x00\x040\xad0\
\xfc\x08\x00\x00\x00\x00\x06\x00\x00\x00\x03Key\x07\x00\
\x00\x00\x0bEditTaskTab\x01\x03\
\x00\x00\x00\x040\xed0\xb0\x08\x00\x00\x00\x00\x06\x00\x00\
\x00\x07Logging\x07\x00\x00\x00\x0bEd\
itTaskTab\x01\x03\x00\x00\x00\x0aq\
!\x96P0\xeb0\xfc0\xd7\x08\x00\x00\x00\x00\x06\x00\
\x00\x00\x0fLoop infinite\
ly\x07\x00\x00\x00\x0bEditTaskT\
ab\x01\x03\x00\x00\x00\x0a\x00xV\xde0\xeb0\xfc\
0\xd7\x08\x00\x00\x00\x00\x06\x00\x00\x00\x0cLoop\
 x times\x07\x00\x00\x00\x0bEdi\
tTaskTab\x01\x03\x00\x00\x00\x060\xde\
0\xa60\xb9\x08\x00\x00\x00\x00\x06\x00\x00\x00\x05Mo\
use\x07\x00\x00\x00\x0bEditTask\
Tab\x01\x03\x00\x00\x00\x0a0\xeb0\xfc0\xd70\
j0W\x08\x00\x00\x00\x00\x06\x00\x00\x00\x07No \
loop\x07\x00\x00\x00\x0bEditTas\
kTab\x01\x03\x00\x00\x00$0\xa80\xaf0\xb9\
0\xdd0\xfc0\xc80Y0\x8b0\xbf0\xb90\xaf\
0L0B0\x8a0~0[0\x930\x02\x08\x00\
\x00\x00\x00\x06\x00\x00\x00\x13No tasks\
 to export.\x07\x00\x00\x00\x0b\
EditTaskTab\x01\x03\x00\x00\x00\
\x06\x00O\x00C\x00R\x08\x00\x00\x00\x00\x06\x00\x00\x00\
\x03OCR\x07\x00\x00\x00\x0bEditTas\
kTab\x01\x03\x00\x00\x00\x04\x00O\x00K\x08\x00\
\x00\x00\x00\x06\x00\x00\x00\x02OK\x07\x00\x00\x00\x0bE\
ditTaskTab\x01\x03\x00\x00\x00N\
\x00O\x00K\x00S\x00c\x00r\x00i\x00p\x00t\
0\xd50\xa10\xa40\xeb\x00 \x00(\x00*\x00.\
\x00o\x00k\x00s\x00c\x00r\x00i\x00p\x00t\
\x00)\x00;\x00;0Y0y0f0n0\xd5\
0\xa10\xa40\xeb\x00 \x00(\x00*\x00)\x08\x00\
\x00\x00\x00\x06\x00\x00\x00*OKScript\
 Files (*.okscri\
pt);;All Files (\
*)\x07\x00\x00\x00\x0bEditTaskT\
ab\x01\x03\x00\x00\x00\x060]0nN\xd6\x08\x00\
\x00\x00\x00\x06\x00\x00\x00\x05Other\x07\x00\x00\
\x00\x0bEditTaskTab\x01\x03\x00\
\x00\x00*\x5c\x110j0O0h0\x82\x0010\
d0n0\xbf0\xb90\xaf0\x92\x90xb\x9e0\
W0f0O0`0U0D0\x02\x08\x00\x00\
\x00\x00\x06\x00\x00\x00*Please se\
lect at least on\
e task to export\
.\x07\x00\x00\x00\x0bEditTaskTa\
b\x01\x03\x00\x00\x00\x04\x932u;\x08\x00\x00\x00\x00\
\x06\x00\x00\x00\x06Record\x07\x00\x00\x00\x0b\
EditTaskTab\x01\x03\x00\x00\x00\
<\x932u;0os\xfeW(0n0\xb90\
\xaf0\xea0\xd70\xc80\xed0\xb80\xc30\xaf0\
\x92N\x0af\xf80M0W0~0Y0\x02}\
\x9a\x88L0W0~0Y0K\xff\x1f\x08\x00\x00\
\x00\x00\x06\x00\x00\x008Record wi\
ll override the \
current script l\
ogic. Continue?\x07\
\x00\x00\x00\x0bEditTaskTab\x01\
\x03\x00\x00\x00N0\xa60\xa30\xf30\xc90\xa6\x00\
 \x00'\x00{\x00h\x00w\x00n\x00d\x00_\x00\
n\x00a\x00m\x00e\x00}\x00'\x00 0L0\
\xa20\xaf0\xc60\xa30\xd60k0j0\x8b0\
h\x932u;0\x92\x95\x8bY\xcb0W0~0\
Y0\x02\x08\x00\x00\x00\x00\x06\x00\x00\x00>Rec\
ording will star\
t when window '{\
hwnd_name}' beco\
mes active.\x07\x00\x00\x00\x0b\
EditTaskTab\x01\x03\x00\x00\x00\
\x04[\x9f\x88L\x08\x00\x00\x00\x00\x06\x00\x00\x00\x03R\
un\x07\x00\x00\x00\x0bEditTaskT\
ab\x01\x03\x00\x00\x00\x04O\xdd[X\x08\x00\x00\x00\
\x00\x06\x00\x00\x00\x04Save\x07\x00\x00\x00\x0bE\
ditTaskTab\x01\x03\x00\x00\x00\x0a\
Y\x09f\xf40\x92O\xdd[X\x08\x00\x00\x00\x00\x06\
\x00\x00\x00\x0cSave Changes\
\x07\x00\x00\x00\x0bEditTaskTab\
\x01\x03\x00\x00\x00\x0e0\xb90\xaf0\xea0\xd70\xc8\
T\x0d\xff\x1a\x08\x00\x00\x00\x00\x06\x00\x00\x00\x0cSc\
ript Name:\x07\x00\x00\x00\x0bE\
ditTaskTab\x01\x03\x00\x00\x008\
0\xb90\xaf0\xea0\xd70\xc80\x920\xc00\xa6\
0\xf30\xed0\xfc0\xc90\xd50\xa90\xeb0\xc0\
0k0\xa80\xaf0\xb90\xdd0\xfc0\xc80W\
0~0W0_0\x02\x08\x00\x00\x00\x00\x06\x00\x00\
\x001Script exporte\
d successfully t\
o Downloads fold\
er.\x07\x00\x00\x00\x0bEditTask\
Tab\x01\x03\x00\x00\x00\x180\xb90\xaf0\xea0\
\xd70\xc8T\x0d0o_\xc5\x98\x080g0Y0\
\x02\x08\x00\x00\x00\x00\x06\x00\x00\x00\x18Scrip\
t name is requir\
ed.\x07\x00\x00\x00\x0bEditTask\
Tab\x01\x03\x00\x00\x00\x180\xc60\xf30\xd70\
\xec0\xfc0\xc80\x92i\x1c}\x22\x00.\x00.\x00\
.\x08\x00\x00\x00\x00\x06\x00\x00\x00\x13Searc\
h templates...\x07\x00\
\x00\x00\x0bEditTaskTab\x01\x03\
\x00\x00\x00\x180\xb90\xaf0\xea0\xd70\xc80\xd5\
0\xa10\xa40\xeb0\x92\x90xb\x9e\x08\x00\x00\x00\
\x00\x06\x00\x00\x00\x12Select Scr\
ipt File\x07\x00\x00\x00\x0bEdi\
tTaskTab\x01\x03\x00\x00\x00\x1e0\xa8\
0\xaf0\xb90\xdd0\xfc0\xc80Y0\x8b0\xbf\
0\xb90\xaf0\x92\x90xb\x9e\xff\x1a\x08\x00\x00\x00\
\x00\x06\x00\x00\x00\x17Select tas\
ks to export:\x07\x00\x00\
\x00\x0bEditTaskTab\x01\x03\x00\
\x00\x00\x04P\x5ckb\x08\x00\x00\x00\x00\x06\x00\x00\x00\
\x04Stop\x07\x00\x00\x00\x0bEditTa\
skTab\x01\x03\x00\x00\x00\x04b\x10R\x9f\x08\
\x00\x00\x00\x00\x06\x00\x00\x00\x07Success\
\x07\x00\x00\x00\x0bEditTaskTab\
\x01\x03\x00\x00\x00\x140\xbf0\xb90\xafT\x0d0o\
_\xc5\x98\x080g0Y0\x02\x08\x00\x00\x00\x00\x06\
\x00\x00\x00\x16Task Name is\
 required.\x07\x00\x00\x00\x0bE\
ditTaskTab\x01\x03\x00\x00\x00\x1a\
0\xbf0\xb90\xaf0L0\xb30\xd40\xfc0U\
0\x8c0~0W0_0\x02\x08\x00\x00\x00\x00\x06\
\x00\x00\x00\x19Task copied \
successfully.\x07\x00\x00\
\x00\x0bEditTaskTab\x01\x03\x00\
\x00\x00\x180\xbf0\xb90\xaf0LO\x5cb\x100\
U0\x8c0~0W0_0\x02\x08\x00\x00\x00\x00\
\x06\x00\x00\x00\x1aTask create\
d successfully.\x07\
\x00\x00\x00\x0bEditTaskTab\x01\
\x03\x00\x00\x00\x180\xbf0\xb90\xaf0LRJ\x96\
d0U0\x8c0~0W0_0\x02\x08\x00\x00\
\x00\x00\x06\x00\x00\x00\x1aTask dele\
ted successfully\
.\x07\x00\x00\x00\x0bEditTaskTa\
b\x01\x03\x00\x00\x00 0\xbf0\xb90\xaf0\xd50\
\xa10\xa40\xeb0oe\xe20k[XW(0\
W0~0Y0\x02\x08\x00\x00\x00\x00\x06\x00\x00\x00\
\x19Task file alrea\
dy exists.\x07\x00\x00\x00\x0bE\
ditTaskTab\x01\x03\x00\x00\x00\x1e\
0\xbf0\xb90\xaf0nQ\x8di\xcb{\xc90k\
b\x10R\x9f0W0~0W0_0\x02\x08\x00\
\x00\x00\x00\x06\x00\x00\x00\x1aTask reb\
uilt successfull\
y.\x07\x00\x00\x00\x0bEditTaskT\
ab\x01\x03\x00\x00\x00\x160\xc60\xf30\xd70\xec\
0\xfc0\xc80\xde0\xc30\xc10\xf30\xb0\x08\x00\
\x00\x00\x00\x06\x00\x00\x00\x11Template\
 Matching\x07\x00\x00\x00\x0bEd\
itTaskTab\x01\x03\x00\x00\x004s\
\xfeW(0n0\xbf0\xb90\xaf0kg*O\
\xdd[X0nY\x09f\xf40L0B0\x8a0\
~0Y0\x02O\xdd[X0W0~0Y0\
K\xff\x1f\x08\x00\x00\x00\x00\x06\x00\x00\x00?The\
 current task ha\
s unsaved change\
s. Do you want t\
o save them?\x07\x00\x00\x00\
\x0bEditTaskTab\x01\x03\x00\x00\
\x00>0\xd50\xa10\xa40\xeb0LY\x16\x90\xe8\
0gY\x09f\xf40U0\x8c0~0W0_\
0\x02g*O\xdd[X0nY\x09f\xf40\x92\
N\x0af\xf80M0W0~0Y0K\xff\x1f\
\x08\x00\x00\x00\x00\x06\x00\x00\x00PThe fi\
le was modified \
externally. Do y\
ou want to overw\
rite your unsave\
d changes?\x07\x00\x00\x00\x0bE\
ditTaskTab\x01\x03\x00\x00\x00\x0c\
0\xd00\xfc0\xb80\xe70\xf3\xff\x1a\x08\x00\x00\x00\
\x00\x06\x00\x00\x00\x08Version:\x07\x00\
\x00\x00\x0bEditTaskTab\x01\x03\
\x00\x00\x00\x04\x8bfTJ\x08\x00\x00\x00\x00\x06\x00\x00\
\x00\x07Warning\x07\x00\x00\x00\x0bEd\
itTaskTab\x01\x03\x00\x00\x00\x0a0\
\xa60\xa30\xf30\xc90\xa6\x08\x00\x00\x00\x00\x06\x00\
\x00\x00\x06Window\x07\x00\x00\x00\x0bEd\
itTaskTab\x01\x03\x00\x00\x00\x12\x00\
a\x00d\x00b\x00_\x00s\x00h\x00e\x00l\x00\
l\x08\x00\x00\x00\x00\x06\x00\x00\x00\x09adb_s\
hell\x07\x00\x00\x00\x0bEditTas\
kTab\x01\x03\x00\x00\x00\x16\x00a\x00d\x00b\
\x00_\x00u\x00i\x00_\x00d\x00u\x00m\x00p\
\x08\x00\x00\x00\x00\x06\x00\x00\x00\x0badb_ui\
_dump\x07\x00\x00\x00\x0bEditTa\
skTab\x01\x03\x00\x00\x00\x18\x00a\x00d\x00\
d\x00_\x00t\x00e\x00x\x00t\x00_\x00f\x00\
i\x00x\x08\x00\x00\x00\x00\x06\x00\x00\x00\x0cadd\
_text_fix\x07\x00\x00\x00\x0bEd\
itTaskTab\x01\x03\x00\x00\x00\x08\x00\
b\x00a\x00c\x00k\x08\x00\x00\x00\x00\x06\x00\x00\x00\
\x04back\x07\x00\x00\x00\x0bEditTa\
skTab\x01\x03\x00\x00\x00\x080\xdc0\xc30\
\xaf0\xb9\x08\x00\x00\x00\x00\x06\x00\x00\x00\x03box\
\x07\x00\x00\x00\x0bEditTaskTab\
\x01\x03\x00\x00\x000\x00b\x00o\x00x\x00_\x00i\
\x00n\x00_\x00h\x00o\x00r\x00i\x00z\x00o\
\x00n\x00t\x00a\x00l\x00_\x00c\x00e\x00n\
\x00t\x00e\x00r\x08\x00\x00\x00\x00\x06\x00\x00\x00\x18\
box_in_horizonta\
l_center\x07\x00\x00\x00\x0bEdi\
tTaskTab\x01\x03\x00\x00\x00\x1a\x00b\
\x00o\x00x\x00_\x00o\x00f\x00_\x00s\x00c\
\x00r\x00e\x00e\x00n\x08\x00\x00\x00\x00\x06\x00\x00\
\x00\x0dbox_of_screen\x07\
\x00\x00\x00\x0bEditTaskTab\x01\
\x03\x00\x00\x00(\x00b\x00o\x00x\x00_\x00o\x00\
f\x00_\x00s\x00c\x00r\x00e\x00e\x00n\x00\
_\x00s\x00c\x00a\x00l\x00e\x00d\x08\x00\x00\
\x00\x00\x06\x00\x00\x00\x14box_of_sc\
reen_scaled\x07\x00\x00\x00\x0b\
EditTaskTab\x01\x03\x00\x00\x00\
4\x00c\x00a\x00l\x00c\x00u\x00l\x00a\x00\
t\x00e\x00_\x00c\x00o\x00l\x00o\x00r\x00\
_\x00p\x00e\x00r\x00c\x00e\x00n\x00t\x00\
a\x00g\x00e\x08\x00\x00\x00\x00\x06\x00\x00\x00\x1ac\
alculate_color_p\
ercentage\x07\x00\x00\x00\x0bEd\
itTaskTab\x01\x03\x00\x00\x00\x12\x00\
c\x00l\x00e\x00a\x00r\x00_\x00b\x00o\x00\
x\x08\x00\x00\x00\x00\x06\x00\x00\x00\x09clear\
_box\x07\x00\x00\x00\x0bEditTas\
kTab\x01\x03\x00\x00\x00\x0a\x00c\x00l\x00i\
\x00c\x00k\x08\x00\x00\x00\x00\x06\x00\x00\x00\x05cl\
ick\x07\x00\x00\x00\x0bEditTask\
Tab\x01\x03\x00\x00\x00\x12\x00c\x00l\x00i\x00\
c\x00k\x00_\x00b\x00o\x00x\x08\x00\x00\x00\x00\
\x06\x00\x00\x00\x09click_box\x07\x00\
\x00\x00\x0bEditTaskTab\x01\x03\
\x00\x00\x00.\x00c\x00l\x00i\x00c\x00k\x00_\
\x00b\x00o\x00x\x00_\x00i\x00f\x00_\x00n\
\x00a\x00m\x00e\x00_\x00m\x00a\x00t\x00c\
\x00h\x08\x00\x00\x00\x00\x06\x00\x00\x00\x17clic\
k_box_if_name_ma\
tch\x07\x00\x00\x00\x0bEditTask\
Tab\x01\x03\x00\x00\x00\x1c\x00c\x00l\x00i\x00\
c\x00k\x00_\x00r\x00e\x00l\x00a\x00t\x00\
i\x00v\x00e\x08\x00\x00\x00\x00\x06\x00\x00\x00\x0ec\
lick_relative\x07\x00\x00\
\x00\x0bEditTaskTab\x01\x03\x00\
\x00\x00\x12\x00c\x00l\x00i\x00p\x00b\x00o\x00\
a\x00r\x00d\x08\x00\x00\x00\x00\x06\x00\x00\x00\x09c\
lipboard\x07\x00\x00\x00\x0bEdi\
tTaskTab\x01\x03\x00\x00\x00\x1e\x00c\
\x00r\x00e\x00a\x00t\x00e\x00_\x00s\x00h\
\x00o\x00r\x00t\x00c\x00u\x00t\x08\x00\x00\x00\
\x00\x06\x00\x00\x00\x0fcreate_sho\
rtcut\x07\x00\x00\x00\x0bEditTa\
skTab\x01\x03\x00\x00\x00\x0e\x00d\x00i\x00\
s\x00a\x00b\x00l\x00e\x08\x00\x00\x00\x00\x06\x00\
\x00\x00\x07disable\x07\x00\x00\x00\x0bE\
ditTaskTab\x01\x03\x00\x00\x00\x14\
\x00d\x00r\x00a\x00w\x00_\x00b\x00o\x00x\
\x00e\x00s\x08\x00\x00\x00\x00\x06\x00\x00\x00\x0adr\
aw_boxes\x07\x00\x00\x00\x0bEdi\
tTaskTab\x01\x03\x00\x00\x00\x0c\x00e\
\x00n\x00a\x00b\x00l\x00e\x08\x00\x00\x00\x00\x06\
\x00\x00\x00\x06enable\x07\x00\x00\x00\x0bE\
ditTaskTab\x01\x03\x00\x00\x00\x1e\
\x00e\x00n\x00s\x00u\x00r\x00e\x00_\x00i\
\x00n\x00_\x00f\x00r\x00o\x00n\x00t\x08\x00\
\x00\x00\x00\x06\x00\x00\x00\x0fensure_i\
n_front\x07\x00\x00\x00\x0bEdit\
TaskTab\x01\x03\x00\x00\x00\x1c\x00f\x00\
e\x00a\x00t\x00u\x00r\x00e\x00_\x00e\x00\
x\x00i\x00s\x00t\x00s\x08\x00\x00\x00\x00\x06\x00\
\x00\x00\x0efeature_exist\
s\x07\x00\x00\x00\x0bEditTaskTa\
b\x01\x03\x00\x00\x00\x04i\x1c}\x22\x08\x00\x00\x00\x00\
\x06\x00\x00\x00\x04find\x07\x00\x00\x00\x0bEd\
itTaskTab\x01\x03\x00\x00\x00,\x00\
f\x00i\x00n\x00d\x00_\x00b\x00e\x00s\x00\
t\x00_\x00m\x00a\x00t\x00c\x00h\x00_\x00\
i\x00n\x00_\x00b\x00o\x00x\x08\x00\x00\x00\x00\
\x06\x00\x00\x00\x16find_best_m\
atch_in_box\x07\x00\x00\x00\x0b\
EditTaskTab\x01\x03\x00\x00\x00\
\x14\x00f\x00i\x00n\x00d\x00_\x00b\x00o\x00\
x\x00e\x00s\x08\x00\x00\x00\x00\x06\x00\x00\x00\x0af\
ind_boxes\x07\x00\x00\x00\x0bEd\
itTaskTab\x01\x03\x00\x00\x00\x18\x00\
f\x00i\x00n\x00d\x00_\x00f\x00e\x00a\x00\
t\x00u\x00r\x00e\x08\x00\x00\x00\x00\x06\x00\x00\x00\
\x0cfind_feature\x07\x00\x00\
\x00\x0bEditTaskTab\x01\x03\x00\
\x00\x00(\x00f\x00i\x00n\x00d\x00_\x00f\x00\
e\x00a\x00t\x00u\x00r\x00e\x00_\x00a\x00\
n\x00d\x00_\x00s\x00e\x00t\x08\x00\x00\x00\x00\
\x06\x00\x00\x00\x14find_featur\
e_and_set\x07\x00\x00\x00\x0bEd\
itTaskTab\x01\x03\x00\x00\x00.\x00\
f\x00i\x00n\x00d\x00_\x00f\x00i\x00r\x00\
s\x00t\x00_\x00m\x00a\x00t\x00c\x00h\x00\
_\x00i\x00n\x00_\x00b\x00o\x00x\x08\x00\x00\
\x00\x00\x06\x00\x00\x00\x17find_firs\
t_match_in_box\x07\x00\
\x00\x00\x0bEditTaskTab\x01\x03\
\x00\x00\x00\x10\x00f\x00i\x00n\x00d\x00_\x00o\
\x00n\x00e\x08\x00\x00\x00\x00\x06\x00\x00\x00\x08fi\
nd_one\x07\x00\x00\x00\x0bEditT\
askTab\x01\x03\x00\x00\x00\x1e\x00g\x00e\
\x00t\x00_\x00b\x00o\x00x\x00_\x00b\x00y\
\x00_\x00n\x00a\x00m\x00e\x08\x00\x00\x00\x00\x06\
\x00\x00\x00\x0fget_box_by_n\
ame\x07\x00\x00\x00\x0bEditTask\
Tab\x01\x03\x00\x00\x00&\x00g\x00e\x00t\x00\
_\x00f\x00e\x00a\x00t\x00u\x00r\x00e\x00\
_\x00b\x00y\x00_\x00n\x00a\x00m\x00e\x08\
\x00\x00\x00\x00\x06\x00\x00\x00\x13get_fea\
ture_by_name\x07\x00\x00\x00\
\x0bEditTaskTab\x01\x03\x00\x00\
\x00\x14\x00g\x00e\x00t\x00_\x00s\x00t\x00a\
\x00t\x00u\x00s\x08\x00\x00\x00\x00\x06\x00\x00\x00\x0a\
get_status\x07\x00\x00\x00\x0bE\
ditTaskTab\x01\x03\x00\x00\x00\x22\
\x00g\x00e\x00t\x00_\x00t\x00a\x00s\x00k\
\x00_\x00b\x00y\x00_\x00c\x00l\x00a\x00s\
\x00s\x08\x00\x00\x00\x00\x06\x00\x00\x00\x11get_\
task_by_class\x07\x00\x00\
\x00\x0bEditTaskTab\x01\x03\x00\
\x00\x00\x12\x00g\x00o\x00_\x00t\x00o\x00_\x00\
t\x00a\x00b\x08\x00\x00\x00\x00\x06\x00\x00\x00\x09g\
o_to_tab\x07\x00\x00\x00\x0bEdi\
tTaskTab\x01\x03\x00\x00\x00 \x00h\
\x00e\x00i\x00g\x00h\x00t\x00_\x00o\x00f\
\x00_\x00s\x00c\x00r\x00e\x00e\x00n\x08\x00\
\x00\x00\x00\x06\x00\x00\x00\x10height_o\
f_screen\x07\x00\x00\x00\x0bEdi\
tTaskTab\x01\x03\x00\x00\x00\x10\x00i\
\x00n\x00f\x00o\x00_\x00a\x00d\x00d\x08\x00\
\x00\x00\x00\x06\x00\x00\x00\x08info_add\
\x07\x00\x00\x00\x0bEditTaskTab\
\x01\x03\x00\x00\x00 \x00i\x00n\x00f\x00o\x00_\
\x00a\x00d\x00d\x00_\x00t\x00o\x00_\x00l\
\x00i\x00s\x00t\x08\x00\x00\x00\x00\x06\x00\x00\x00\x10\
info_add_to_list\
\x07\x00\x00\x00\x0bEditTaskTab\
\x01\x03\x00\x00\x00\x14\x00i\x00n\x00f\x00o\x00_\
\x00c\x00l\x00e\x00a\x00r\x08\x00\x00\x00\x00\x06\
\x00\x00\x00\x0ainfo_clear\x07\x00\
\x00\x00\x0bEditTaskTab\x01\x03\
\x00\x00\x00\x10\x00i\x00n\x00f\x00o\x00_\x00g\
\x00e\x00t\x08\x00\x00\x00\x00\x06\x00\x00\x00\x08in\
fo_get\x07\x00\x00\x00\x0bEditT\
askTab\x01\x03\x00\x00\x00\x12\x00i\x00n\
\x00f\x00o\x00_\x00i\x00n\x00c\x00r\x08\x00\
\x00\x00\x00\x06\x00\x00\x00\x09info_inc\
r\x07\x00\x00\x00\x0bEditTaskTa\
b\x01\x03\x00\x00\x00\x10\x00i\x00n\x00f\x00o\x00\
_\x00s\x00e\x00t\x08\x00\x00\x00\x00\x06\x00\x00\x00\
\x08info_set\x07\x00\x00\x00\x0bEd\
itTaskTab\x01\x03\x00\x00\x00\x14\x00\
i\x00n\x00p\x00u\x00t\x00_\x00t\x00e\x00\
x\x00t\x08\x00\x00\x00\x00\x06\x00\x00\x00\x0ainp\
ut_text\x07\x00\x00\x00\x0bEdit\
TaskTab\x01\x03\x00\x00\x00\x0c\x00i\x00\
s\x00_\x00a\x00d\x00b\x08\x00\x00\x00\x00\x06\x00\
\x00\x00\x06is_adb\x07\x00\x00\x00\x0bEd\
itTaskTab\x01\x03\x00\x00\x00\x14\x00\
i\x00s\x00_\x00b\x00r\x00o\x00w\x00s\x00\
e\x00r\x08\x00\x00\x00\x00\x06\x00\x00\x00\x0ais_\
browser\x07\x00\x00\x00\x0bEdit\
TaskTab\x01\x03\x00\x00\x00\x12\x00l\x00\
o\x00g\x00_\x00d\x00e\x00b\x00u\x00g\x08\
\x00\x00\x00\x00\x06\x00\x00\x00\x09log_deb\
ug\x07\x00\x00\x00\x0bEditTaskT\
ab\x01\x03\x00\x00\x00\x12\x00l\x00o\x00g\x00_\
\x00e\x00r\x00r\x00o\x00r\x08\x00\x00\x00\x00\x06\
\x00\x00\x00\x09log_error\x07\x00\x00\
\x00\x0bEditTaskTab\x01\x03\x00\
\x00\x00\x10\x00l\x00o\x00g\x00_\x00i\x00n\x00\
f\x00o\x08\x00\x00\x00\x00\x06\x00\x00\x00\x08log\
_info\x07\x00\x00\x00\x0bEditTa\
skTab\x01\x03\x00\x00\x00\x16\x00l\x00o\x00\
g\x00_\x00w\x00a\x00r\x00n\x00i\x00n\x00\
g\x08\x00\x00\x00\x00\x06\x00\x00\x00\x0blog_w\
arning\x07\x00\x00\x00\x0bEditT\
askTab\x01\x03\x00\x00\x00\x18\x00m\x00i\
\x00d\x00d\x00l\x00e\x00_\x00c\x00l\x00i\
\x00c\x00k\x08\x00\x00\x00\x00\x06\x00\x00\x00\x0cmi\
ddle_click\x07\x00\x00\x00\x0bE\
ditTaskTab\x01\x03\x00\x00\x00*\
\x00m\x00i\x00d\x00d\x00l\x00e\x00_\x00c\
\x00l\x00i\x00c\x00k\x00_\x00r\x00e\x00l\
\x00a\x00t\x00i\x00v\x00e\x08\x00\x00\x00\x00\x06\
\x00\x00\x00\x15middle_click\
_relative\x07\x00\x00\x00\x0bEd\
itTaskTab\x01\x03\x00\x00\x00\x14\x00\
m\x00o\x00u\x00s\x00e\x00_\x00d\x00o\x00\
w\x00n\x08\x00\x00\x00\x00\x06\x00\x00\x00\x0amou\
se_down\x07\x00\x00\x00\x0bEdit\
TaskTab\x01\x03\x00\x00\x00\x10\x00m\x00\
o\x00u\x00s\x00e\x00_\x00u\x00p\x08\x00\x00\
\x00\x00\x06\x00\x00\x00\x08mouse_up\x07\
\x00\x00\x00\x0bEditTaskTab\x01\
\x03\x00\x00\x00\x08\x00m\x00o\x00v\x00e\x08\x00\x00\
\x00\x00\x06\x00\x00\x00\x04move\x07\x00\x00\x00\x0b\
EditTaskTab\x01\x03\x00\x00\x00\
\x1a\x00m\x00o\x00v\x00e\x00_\x00r\x00e\x00\
l\x00a\x00t\x00i\x00v\x00e\x08\x00\x00\x00\x00\
\x06\x00\x00\x00\x0dmove_relati\
ve\x07\x00\x00\x00\x0bEditTaskT\
ab\x01\x03\x00\x00\x00\x14\x00n\x00e\x00x\x00t\
\x00_\x00f\x00r\x00a\x00m\x00e\x08\x00\x00\x00\
\x00\x06\x00\x00\x00\x0anext_frame\
\x07\x00\x00\x00\x0bEditTaskTab\
\x01\x03\x00\x00\x00\x18\x00n\x00o\x00t\x00i\x00f\
\x00i\x00c\x00a\x00t\x00i\x00o\x00n\x08\x00\
\x00\x00\x00\x06\x00\x00\x00\x0cnotifica\
tion\x07\x00\x00\x00\x0bEditTas\
kTab\x01\x03\x00\x00\x00\x06\x00o\x00c\x00r\
\x08\x00\x00\x00\x00\x06\x00\x00\x00\x03ocr\x07\x00\x00\
\x00\x0bEditTaskTab\x01\x03\x00\
\x00\x00\x18\x00o\x00u\x00t\x00_\x00o\x00f\x00\
_\x00r\x00a\x00t\x00i\x00o\x08\x00\x00\x00\x00\
\x06\x00\x00\x00\x0cout_of_rati\
o\x07\x00\x00\x00\x0bEditTaskTa\
b\x01\x03\x00\x00\x00\x0a\x00p\x00a\x00u\x00s\x00\
e\x08\x00\x00\x00\x00\x06\x00\x00\x00\x05pause\
\x07\x00\x00\x00\x0bEditTaskTab\
\x01\x03\x00\x00\x00\x16\x00r\x00i\x00g\x00h\x00t\
\x00_\x00c\x00l\x00i\x00c\x00k\x08\x00\x00\x00\
\x00\x06\x00\x00\x00\x0bright_clic\
k\x07\x00\x00\x00\x0bEditTaskTa\
b\x01\x03\x00\x00\x00\x14\x00s\x00c\x00r\x00e\x00\
e\x00n\x00s\x00h\x00o\x00t\x08\x00\x00\x00\x00\
\x06\x00\x00\x00\x0ascreenshot\x07\
\x00\x00\x00\x0bEditTaskTab\x01\
\x03\x00\x00\x00\x0c\x00s\x00c\x00r\x00o\x00l\x00\
l\x08\x00\x00\x00\x00\x06\x00\x00\x00\x06scrol\
l\x07\x00\x00\x00\x0bEditTaskTa\
b\x01\x03\x00\x00\x00\x1e\x00s\x00c\x00r\x00o\x00\
l\x00l\x00_\x00r\x00e\x00l\x00a\x00t\x00\
i\x00v\x00e\x08\x00\x00\x00\x00\x06\x00\x00\x00\x0fs\
croll_relative\x07\x00\
\x00\x00\x0bEditTaskTab\x01\x03\
\x00\x00\x00\x10\x00s\x00e\x00n\x00d\x00_\x00k\
\x00e\x00y\x08\x00\x00\x00\x00\x06\x00\x00\x00\x08se\
nd_key\x07\x00\x00\x00\x0bEditT\
askTab\x01\x03\x00\x00\x00\x1a\x00s\x00e\
\x00n\x00d\x00_\x00k\x00e\x00y\x00_\x00d\
\x00o\x00w\x00n\x08\x00\x00\x00\x00\x06\x00\x00\x00\x0d\
send_key_down\x07\x00\x00\
\x00\x0bEditTaskTab\x01\x03\x00\
\x00\x00\x16\x00s\x00e\x00n\x00d\x00_\x00k\x00\
e\x00y\x00_\x00u\x00p\x08\x00\x00\x00\x00\x06\x00\
\x00\x00\x0bsend_key_up\x07\x00\
\x00\x00\x0bEditTaskTab\x01\x03\
\x00\x00\x00\x0a\x00s\x00l\x00e\x00e\x00p\x08\x00\
\x00\x00\x00\x06\x00\x00\x00\x05sleep\x07\x00\x00\
\x00\x0bEditTaskTab\x01\x03\x00\
\x00\x00\x16\x00s\x00l\x00e\x00e\x00p\x00_\x00\
c\x00h\x00e\x00c\x00k\x08\x00\x00\x00\x00\x06\x00\
\x00\x00\x0bsleep_check\x07\x00\
\x00\x00\x0bEditTaskTab\x01\x03\
\x00\x00\x00\x18\x00s\x00t\x00a\x00r\x00t\x00_\
\x00d\x00e\x00v\x00i\x00c\x00e\x08\x00\x00\x00\
\x00\x06\x00\x00\x00\x0cstart_devi\
ce\x07\x00\x00\x00\x0bEditTaskT\
ab\x01\x03\x00\x00\x00\x0a\x00s\x00w\x00i\x00p\
\x00e\x08\x00\x00\x00\x00\x06\x00\x00\x00\x05swip\
e\x07\x00\x00\x00\x0bEditTaskTa\
b\x01\x03\x00\x00\x00\x1c\x00s\x00w\x00i\x00p\x00\
e\x00_\x00r\x00e\x00l\x00a\x00t\x00i\x00\
v\x00e\x08\x00\x00\x00\x00\x06\x00\x00\x00\x0eswi\
pe_relative\x07\x00\x00\x00\x0b\
EditTaskTab\x01\x03\x00\x00\x00\
\x04\x00t\x00r\x08\x00\x00\x00\x00\x06\x00\x00\x00\x02t\
r\x07\x00\x00\x00\x0bEditTaskTa\
b\x01\x03\x00\x00\x00\x0e\x00t\x00r\x00i\x00g\x00\
g\x00e\x00r\x08\x00\x00\x00\x00\x06\x00\x00\x00\x07t\
rigger\x07\x00\x00\x00\x0bEditT\
askTab\x01\x03\x00\x00\x00\x0e\x00u\x00n\
\x00p\x00a\x00u\x00s\x00e\x08\x00\x00\x00\x00\x06\
\x00\x00\x00\x07unpause\x07\x00\x00\x00\x0b\
EditTaskTab\x01\x03\x00\x00\x00\
\x1c\x00w\x00a\x00i\x00t\x00_\x00c\x00l\x00\
i\x00c\x00k\x00_\x00b\x00o\x00x\x08\x00\x00\
\x00\x00\x06\x00\x00\x00\x0ewait_clic\
k_box\x07\x00\x00\x00\x0bEditTa\
skTab\x01\x03\x00\x00\x00$\x00w\x00a\x00\
i\x00t\x00_\x00c\x00l\x00i\x00c\x00k\x00\
_\x00f\x00e\x00a\x00t\x00u\x00r\x00e\x08\
\x00\x00\x00\x00\x06\x00\x00\x00\x12wait_cl\
ick_feature\x07\x00\x00\x00\x0b\
EditTaskTab\x01\x03\x00\x00\x00\
\x1c\x00w\x00a\x00i\x00t\x00_\x00c\x00l\x00\
i\x00c\x00k\x00_\x00o\x00c\x00r\x08\x00\x00\
\x00\x00\x06\x00\x00\x00\x0ewait_clic\
k_ocr\x07\x00\x00\x00\x0bEditTa\
skTab\x01\x03\x00\x00\x00\x18\x00w\x00a\x00\
i\x00t\x00_\x00f\x00e\x00a\x00t\x00u\x00\
r\x00e\x08\x00\x00\x00\x00\x06\x00\x00\x00\x0cwai\
t_feature\x07\x00\x00\x00\x0bEd\
itTaskTab\x01\x03\x00\x00\x00\x10\x00\
w\x00a\x00i\x00t\x00_\x00o\x00c\x00r\x08\
\x00\x00\x00\x00\x06\x00\x00\x00\x08wait_oc\
r\x07\x00\x00\x00\x0bEditTaskTa\
b\x01\x03\x00\x00\x00\x14\x00w\x00a\x00i\x00t\x00\
_\x00u\x00n\x00t\x00i\x00l\x08\x00\x00\x00\x00\
\x06\x00\x00\x00\x0await_until\x07\
\x00\x00\x00\x0bEditTaskTab\x01\
\x03\x00\x00\x00\x1e\x00w\x00i\x00d\x00t\x00h\x00\
_\x00o\x00f\x00_\x00s\x00c\x00r\x00e\x00\
e\x00n\x08\x00\x00\x00\x00\x06\x00\x00\x00\x0fwid\
th_of_screen\x07\x00\x00\x00\
\x0bEditTaskTab\x01\x03\x00\x00\
\x00\x0e\x8a-[\x9a0\x920\xea0\xbb0\xc30\xc8\
\x08\x00\x00\x00\x00\x06\x00\x00\x00\x0cReset \
Config\x07\x00\x00\x00\x10Globa\
lConfigCard\x01\x03\x00\x00\x00\
\x0e\x8a-[\x9a0\x920\xea0\xbb0\xc30\xc8\x08\
\x00\x00\x00\x00\x06\x00\x00\x00\x0cReset C\
onfig\x07\x00\x00\x00\x0fGlobal\
ConfigTab\x01\x03\x00\x00\x00\x0a0\
\xad0\xe30\xf30\xbb0\xeb\x08\x00\x00\x00\x00\x06\x00\
\x00\x00\x06Cancel\x07\x00\x00\x00\x0bHw\
ndChooser\x01\x03\x00\x00\x00\x100\
\xa60\xa30\xf30\xc90\xa60\x92\x90xb\x9e\x08\
\x00\x00\x00\x00\x06\x00\x00\x00\x0dChoose \
Window\x07\x00\x00\x00\x0bHwndC\
hooser\x01\x03\x00\x00\x00\x04x\xba\x8a\x8d\
\x08\x00\x00\x00\x00\x06\x00\x00\x00\x07Confir\
m\x07\x00\x00\x00\x0bHwndChoose\
r\x01\x03\x00\x00\x00\x14\x00{\x00}\x00 0\x92\x90\
xb\x9e0W0~0W0_\x08\x00\x00\x00\x00\
\x06\x00\x00\x00\x0b{} Selected\
\x07\x00\x00\x00\x0bHwndChooser\
\x01\x03\x00\x00\x00\x0a0\xad0\xe30\xf30\xbb0\xeb\
\x08\x00\x00\x00\x00\x06\x00\x00\x00\x06Cancel\
\x07\x00\x00\x00\x13ImportWarni\
ngDialog\x01\x03\x00\x00\x00\x04x\xba\
\x8a\x8d\x08\x00\x00\x00\x00\x06\x00\x00\x00\x07Conf\
irm\x07\x00\x00\x00\x13ImportWa\
rningDialog\x01\x03\x00\x00\x00\
80\xea0\xb90\xaf0\x92t\x06\x89\xe30W0\
_N\x0a0g0\x010S0n0\xb90\xaf0\
\xea0\xd70\xc80\x920\xa40\xf30\xdd0\xfc0\
\xc80W0~0Y0\x02\x08\x00\x00\x00\x00\x06\x00\
\x00\x006I understand \
the risks and wa\
nt to import thi\
s script.\x07\x00\x00\x00\x13Im\
portWarningDialo\
g\x01\x03\x00\x00\x00\xce0\xb90\xaf0\xea0\xd70\
\xc80nQl\x95\x8b\x80\x050\x92O\xe1\x98<0\
W0f0D0\x8b0S0h0\x92x\xba\x8a\
\x8d0W0f0O0`0U0D0\x02g\
*i\x1c\x8a<0n0\xb90\xaf0\xea0\xd70\
\xc80o0\x010\xa20\xab0\xa60\xf30\xc8\x00\
/0\xc70\xfc0\xbf\x00/0J\x91\xd10nv\
\xd7\x96\xe30\x010\xc70\xfc0\xbf0nx4X\
\xca0\x010\xb30\xf30\xd40\xe50\xfc0\xbf0\
\xfc0nd\x0dP\xb7\x00/R6_\xa10j0\
i\xff\x080_0`0W0S0\x8c0\x890\
k\x96P[\x9a0U0\x8c0~0[0\x93\xff\
\x090nSq\x96z`'0L0B0\x8a0\
~0Y0\x02\x08\x00\x00\x00\x00\x06\x00\x00\x00\xabM\
ake sure that yo\
u trust the scri\
pt publisher, un\
verified script \
can and not limi\
ted to steal you\
r account/ data \
money, destroy y\
our data, harm/ \
controlling your\
 computer.\x07\x00\x00\x00\x13I\
mportWarningDial\
og\x01\x03\x00\x00\x00\x04\x8bfTJ\x08\x00\x00\x00\
\x00\x06\x00\x00\x00\x07Warning\x07\x00\x00\
\x00\x13ImportWarningD\
ialog\x01\x03\x00\x00\x00\x180Y0y0\
f0n0\xd50\xa10\xa40\xeb\x00 \x00(\x00\
*\x00)\x08\x00\x00\x00\x00\x06\x00\x00\x00\x0dAll\
 Files (*)\x07\x00\x00\x00\x14L\
abelAndFileSelec\
tor\x01\x03\x00\x00\x00\x04S\xc2qg\x08\x00\x00\
\x00\x00\x06\x00\x00\x00\x06Browse\x07\x00\x00\
\x00\x14LabelAndFileSe\
lector\x01\x03\x00\x00\x00\x0e0\xd50\xa1\
0\xa40\xeb0\x92\x90xb\x9e\x08\x00\x00\x00\x00\x06\
\x00\x00\x00\x0bSelect File\x07\
\x00\x00\x00\x14LabelAndFile\
Selector\x01\x03\x00\x00\x00\x1e0\xd5\
0\xa10\xa40\xeb0~0_0o0\xd50\xa9\
0\xeb0\xc00\xfc0\x92\x90xb\x9e\x08\x00\x00\x00\
\x00\x06\x00\x00\x00\x15Select Fil\
e or Folder\x07\x00\x00\x00\x14\
LabelAndFileSele\
ctor\x01\x03\x00\x00\x00\x100\xd50\xa90\xeb\
0\xc00\xfc0\x92\x90xb\x9e\x08\x00\x00\x00\x00\x06\
\x00\x00\x00\x0dSelect Folde\
r\x07\x00\x00\x00\x14LabelAndFi\
leSelector\x01\x03\x00\x00\x00\x0a\
\x8a-[\x9a0xy\xfbR\xd5\x08\x00\x00\x00\x00\x06\
\x00\x00\x00\x0cGo to Config\
\x07\x00\x00\x00\x0eLabelAndGlo\
bal\x01\x03\x00\x00\x00\x060D0D0H\x08\
\x00\x00\x00\x00\x06\x00\x00\x00\x02No\x07\x00\x00\x00\x14\
LabelAndSwitchBu\
tton\x01\x03\x00\x00\x00\x040o0D\x08\x00\
\x00\x00\x00\x06\x00\x00\x00\x03Yes\x07\x00\x00\x00\x14\
LabelAndSwitchBu\
tton\x01\x03\x00\x00\x00\x0e\x00D\x00i\x00s\
\x00c\x00o\x00r\x00d\x08\x00\x00\x00\x00\x06\x00\x00\
\x00\x07Discord\x07\x00\x00\x00\x08Li\
nksBar\x01\x03\x00\x00\x00\x0c0\xc00\xa6\
0\xf30\xed0\xfc0\xc9\x08\x00\x00\x00\x00\x06\x00\x00\
\x00\x08Download\x07\x00\x00\x00\x08L\
inksBar\x01\x03\x00\x00\x00\x0c0\x880\
O0B0\x8b\x8c\xeaUO\x08\x00\x00\x00\x00\x06\x00\
\x00\x00\x03FAQ\x07\x00\x00\x00\x08Links\
Bar\x01\x03\x00\x00\x00\x0c\x00G\x00i\x00t\x00\
H\x00u\x00b\x08\x00\x00\x00\x00\x06\x00\x00\x00\x06G\
itHub\x07\x00\x00\x00\x08LinksB\
ar\x01\x03\x00\x00\x00\x180\xc00\xa60\xf30\xed\
0\xfc0\xc90\xea0\xf30\xaf0\x92Qqg\x09\
\x08\x00\x00\x00\x00\x06\x00\x00\x00\x05Share\x07\
\x00\x00\x00\x08LinksBar\x01\x03\x00\x00\
\x00*Qqg\x090\xea0\xf30\xaf0\x920\xaf\
0\xea0\xc30\xd70\xdc0\xfc0\xc90k0\xb3\
0\xd40\xfc0W0~0W0_\x08\x00\x00\x00\
\x00\x06\x00\x00\x00\x1eShare Link\
 copied to clipb\
oard\x07\x00\x00\x00\x08LinksBa\
r\x01\x03\x00\x00\x00\x0a0\xb90\xdd0\xf30\xb50\
\xfc\x08\x00\x00\x00\x00\x06\x00\x00\x00\x07Spons\
or\x07\x00\x00\x00\x08LinksBar\x01\
\x03\x00\x00\x00\x08Qh0\xec0\xd90\xeb\x08\x00\x00\
\x00\x00\x06\x00\x00\x00\x0aAll Level\
s\x07\x00\x00\x00\x09LogWindow\x01\
\x03\x00\x00\x00\x060\xaf0\xea0\xa2\x08\x00\x00\x00\x00\
\x06\x00\x00\x00\x05Clear\x07\x00\x00\x00\x09L\
ogWindow\x01\x03\x00\x00\x00\x06\x95\x89\
0X0\x8b\x08\x00\x00\x00\x00\x06\x00\x00\x00\x05Cl\
ose\x07\x00\x00\x00\x09LogWindo\
w\x01\x03\x00\x00\x00\x080\xc90\xe90\xc30\xb0\x08\
\x00\x00\x00\x00\x06\x00\x00\x00\x04Drag\x07\x00\x00\
\x00\x09LogWindow\x01\x03\x00\x00\x00\
\x160\xed0\xb00\x920\xd50\xa30\xeb0\xbf0\
\xfc\x00.\x00.\x00.\x08\x00\x00\x00\x00\x06\x00\x00\x00\
\x0eFilter logs...\x07\
\x00\x00\x00\x09LogWindow\x01\x03\x00\
\x00\x00\x0a0\xed0\xb00\x92\x95\x8b0O\x08\x00\x00\
\x00\x00\x06\x00\x00\x00\x09Open Logs\
\x07\x00\x00\x00\x09LogWindow\x01\x03\
\x00\x00\x00\x08N\x00fBP\x5ckb\x08\x00\x00\x00\
\x00\x06\x00\x00\x00\x05Pause\x07\x00\x00\x00\x09\
LogWindow\x01\x03\x00\x00\x00\x04V\
\xfa[\x9a\x08\x00\x00\x00\x00\x06\x00\x00\x00\x03Pin\
\x07\x00\x00\x00\x09LogWindow\x01\x03\
\x00\x00\x00\x04Q\x8d\x95\x8b\x08\x00\x00\x00\x00\x06\x00\x00\
\x00\x06Resume\x07\x00\x00\x00\x09Log\
Window\x01\x03\x00\x00\x00\x08V\xfa[\x9a\
\x89\xe3\x96d\x08\x00\x00\x00\x00\x06\x00\x00\x00\x05Un\
pin\x07\x00\x00\x00\x09LogWindo\
w\x01\x03\x00\x00\x00\x0a0\xed0\xb00\x92\x88hy\
:\x08\x00\x00\x00\x00\x06\x00\x00\x00\x08View \
Log\x07\x00\x00\x00\x09LogWindo\
w\x01\x03\x00\x00\x00$\x00o\x00k\x00-\x00s\x00\
c\x00r\x00i\x00p\x00t\x00.\x00l\x00o\x00\
g\x00 0\x92_\x85j_N-\x08\x00\x00\x00\x00\
\x06\x00\x00\x00\x19Waiting for\
 ok-script.log\x07\x00\
\x00\x00\x09LogWindow\x01\x03\x00\x00\
\x00\x02N\xf6\x08\x00\x00\x00\x00\x06\x00\x00\x00\x07re\
cords\x07\x00\x00\x00\x09LogWin\
dow\x01\x03\x00\x00\x00\x04i\x82\x89\x81\x08\x00\x00\
\x00\x00\x06\x00\x00\x00\x05About\x07\x00\x00\x00\
\x0aMainWindow\x01\x03\x00\x00\x00\
\x0a0\xad0\xe30\xd70\xc10\xe3\x08\x00\x00\x00\x00\
\x06\x00\x00\x00\x07Capture\x07\x00\x00\x00\
\x0aMainWindow\x01\x03\x00\x00\x00\
\x100\xad0\xe30\xd70\xc10\xe30\xa80\xe90\
\xfc\x08\x00\x00\x00\x00\x06\x00\x00\x00\x0dCaptu\
re Error\x07\x00\x00\x00\x0aMai\
nWindow\x01\x03\x00\x00\x00\x080\xc70\
\xd00\xc30\xb0\x08\x00\x00\x00\x00\x06\x00\x00\x00\x05D\
ebug\x07\x00\x00\x00\x0aMainWin\
dow\x01\x03\x00\x00\x00\x060\xa80\xe90\xfc\x08\
\x00\x00\x00\x00\x06\x00\x00\x00\x05Error\x07\x00\
\x00\x00\x0aMainWindow\x01\x03\x00\
\x00\x00\x04}BN\x86\x08\x00\x00\x00\x00\x06\x00\x00\x00\
\x04Exit\x07\x00\x00\x00\x0aMainWi\
ndow\x01\x03\x00\x00\x00\x04`\xc5X1\x08\x00\
\x00\x00\x00\x06\x00\x00\x00\x04Info\x07\x00\x00\x00\
\x0aMainWindow\x01\x03\x00\x00\x00\
\x12N\x00fBP\x5ckb0W0~0W0\
_0\x02\x08\x00\x00\x00\x00\x06\x00\x00\x00\x0ePau\
se Success.\x07\x00\x00\x00\x0a\
MainWindow\x01\x03\x00\x00\x00:\
0\xb20\xfc0\xe00\xa60\xa30\xf30\xc90\xa6\
0Lkc0W0O\x90xb\x9e0U0\x8c\
0f0D0\x8b0Kx\xba\x8a\x8d0W0f\
0O0`0U0D\xff\x01\x08\x00\x00\x00\x00\x06\
\x00\x00\x00;Please check\
 whether the gam\
e window is sele\
cted correctly!\x07\
\x00\x00\x00\x0aMainWindow\x01\x03\
\x00\x00\x00\x080\xea0\xea0\xfc0\xb9\x08\x00\x00\x00\
\x00\x06\x00\x00\x00\x07Release\x07\x00\x00\
\x00\x0aMainWindow\x01\x03\x00\x00\
\x00\x0a0\xb30\xfc0\xc9[\x9f\x88L\x08\x00\x00\x00\
\x00\x06\x00\x00\x00\x08Run Code\x07\x00\
\x00\x00\x0aMainWindow\x01\x03\x00\
\x00\x00\x0c0\xb90\xb10\xb80\xe50\xfc0\xeb\x08\
\x00\x00\x00\x00\x06\x00\x00\x00\x08Schedul\
e\x07\x00\x00\x00\x0aMainWindow\
\x01\x03\x00\x00\x00\x0a0\xb90\xaf0\xea0\xd70\xc8\
\x08\x00\x00\x00\x00\x06\x00\x00\x00\x06Script\
\x07\x00\x00\x00\x0aMainWindow\x01\
\x03\x00\x00\x00\x04\x8a-[\x9a\x08\x00\x00\x00\x00\x06\x00\
\x00\x00\x08Settings\x07\x00\x00\x00\x0a\
MainWindow\x01\x03\x00\x00\x00\x0a\
\x8dwR\xd5b\x10R\x9f0\x02\x08\x00\x00\x00\x00\x06\
\x00\x00\x00\x0eStart Succes\
s.\x07\x00\x00\x00\x0aMainWindo\
w\x01\x03\x00\x00\x00\x060\xbf0\xb90\xaf\x08\x00\x00\
\x00\x00\x06\x00\x00\x00\x05Tasks\x07\x00\x00\x00\
\x0aMainWindow\x01\x03\x00\x00\x00\
\x0c0\xc60\xf30\xd70\xec0\xfc0\xc8\x08\x00\x00\
\x00\x00\x06\x00\x00\x00\x09Templates\
\x07\x00\x00\x00\x0aMainWindow\x01\
\x03\x00\x00\x00X0S0\x8c0o0\xd50\xea0\
\xfc0\xbd0\xd50\xc80\xa60\xa70\xa20g0\
Y0\x020\x820W0i0S0K0g\x8c\
\xfcQe0W0_X4T\x080\x01\x8c\xa9X\
\xf2\x80\x050k\x8f\xd4\x91\xd10\x92\x89\x81lB0\
W0f0O0`0U0D0\x02\x08\x00\x00\
\x00\x00\x06\x00\x00\x00ZThis is a\
 free software. \
If you purchased\
 this anywhere, \
request a refund\
 from the seller\
.\x07\x00\x00\x00\x0aMainWindow\
\x01\x03\x00\x00\x00\x080\xc80\xea0\xac0\xfc\x08\x00\
\x00\x00\x00\x06\x00\x00\x00\x08Triggers\
\x07\x00\x00\x00\x0aMainWindow\x01\
\x03\x00\x00\x00\x0c0\xa20\xc30\xd70\xc70\xfc0\
\xc8\x08\x00\x00\x00\x00\x06\x00\x00\x00\x06Updat\
e\x07\x00\x00\x00\x0aMainWindow\
\x01\x03\x00\x00\x00\x0e0\xa20\xaf0\xc60\xa30\xd9\
0\xfc0\xc8\x08\x00\x00\x00\x00\x06\x00\x00\x00\x06\xe6\xbf\
\x80\xe6\xb4\xbb\x07\x00\x00\x00\x0aMainWin\
dow\x01\x03\x00\x00\x00\x0cRJ\x96d\x00 \x00\
(\x00D\x00)\x08\x00\x00\x00\x00\x06\x00\x00\x00\x0aD\
elete (D)\x07\x00\x00\x00\x0cMa\
rkUpWindow\x01\x03\x00\x00\x00\x0c\
c\xcfu;\x00 \x00(\x00R\x00)\x08\x00\x00\x00\
\x00\x06\x00\x00\x00\x08Draw (R)\x07\x00\
\x00\x00\x0cMarkUpWindow\x01\
\x03\x00\x00\x00\x0cj\x19l\xe80\xa80\xc70\xa30\
\xbf\x08\x00\x00\x00\x00\x06\x00\x00\x00\x0dMarku\
p Editor\x07\x00\x00\x00\x0cMar\
kUpWindow\x01\x03\x00\x00\x00\x18Y\
\x09f\xf4\x00 \x00(0\xc00\xd60\xeb0\xaf0\
\xea0\xc30\xaf\x00)\x08\x00\x00\x00\x00\x06\x00\x00\x00\
\x15Modify (Double \
Click)\x07\x00\x00\x00\x0cMarkU\
pWindow\x01\x03\x00\x00\x00\x16S\xf30\
\xaf0\xea0\xc30\xaf0g\x82r0\x920\xb30\
\xd40\xfc\x08\x00\x00\x00\x00\x06\x00\x00\x00\x19Rig\
ht click to copy\
 color\x07\x00\x00\x00\x0cMarkU\
pWindow\x01\x03\x00\x00\x00\x04x\xba\x8a\
\x8d\x08\x00\x00\x00\x00\x06\x00\x00\x00\x07Confi\
rm\x07\x00\x00\x00\x0dMessageWi\
ndow\x01\x03\x00\x00\x00\x04\x8f\xfdR\xa0\x08\x00\
\x00\x00\x00\x06\x00\x00\x00\x03Add\x07\x00\x00\x00\x10\
ModifyListDialog\
\x01\x03\x00\x00\x00\x14R)u(S\xef\x80\xfd0j\
0\xaa0\xd70\xb70\xe70\xf3\x08\x00\x00\x00\x00\x06\
\x00\x00\x00\x11Available Op\
tions\x07\x00\x00\x00\x10Modify\
ListDialog\x01\x03\x00\x00\x00\x0a\
0\xad0\xe30\xf30\xbb0\xeb\x08\x00\x00\x00\x00\x06\
\x00\x00\x00\x06Cancel\x07\x00\x00\x00\x10M\
odifyListDialog\x01\
\x03\x00\x00\x00$0\xaa0\xd70\xb70\xe70\xf30\
\x920\xaf0\xea0\xc30\xaf0W0f\x8f\xfdR\
\xa00W0~0Y0\x02\x08\x00\x00\x00\x00\x06\x00\
\x00\x00\x1aClick an opti\
on to add it.\x07\x00\x00\
\x00\x10ModifyListDial\
og\x01\x03\x00\x00\x00\x04x\xba\x8a\x8d\x08\x00\x00\x00\
\x00\x06\x00\x00\x00\x07Confirm\x07\x00\x00\
\x00\x10ModifyListDial\
og\x01\x03\x00\x00\x00\x04O\xeekc\x08\x00\x00\x00\
\x00\x06\x00\x00\x00\x06Modify\x07\x00\x00\x00\
\x10ModifyListDialo\
g\x01\x03\x00\x00\x00\x04N\x0b0x\x08\x00\x00\x00\x00\
\x06\x00\x00\x00\x09Move Down\x07\x00\
\x00\x00\x10ModifyListDia\
log\x01\x03\x00\x00\x00\x04N\x0a0x\x08\x00\x00\
\x00\x00\x06\x00\x00\x00\x07Move Up\x07\x00\
\x00\x00\x10ModifyListDia\
log\x01\x03\x00\x00\x00\x04RJ\x96d\x08\x00\x00\
\x00\x00\x06\x00\x00\x00\x06Remove\x07\x00\x00\
\x00\x10ModifyListDial\
og\x01\x03\x00\x00\x00\x160\xaa0\xd70\xb70\xe7\
0\xf30\x92i\x1c}\x22\x00.\x00.\x00.\x08\x00\
\x00\x00\x00\x06\x00\x00\x00\x11Search o\
ptions...\x07\x00\x00\x00\x10Mo\
difyListDialog\x01\x03\
\x00\x00\x00\x12\x90xb\x9e0W0_0\xaa0\xd7\
0\xb70\xe70\xf3\x08\x00\x00\x00\x00\x06\x00\x00\x00\x10\
Selected Options\
\x07\x00\x00\x00\x10ModifyListD\
ialog\x01\x03\x00\x00\x00\x04O\xeekc\x08\
\x00\x00\x00\x00\x06\x00\x00\x00\x06Modify\x07\
\x00\x00\x00\x0eModifyListIt\
em\x01\x03\x00\x00\x00\x10\x00(\x000\x00 \x00=\
\x00 q!R\xb9\x00)\x08\x00\x00\x00\x00\x06\x00\x00\
\x00\x0e(0 = disabled)\
\x07\x00\x00\x00\x18ModifySched\
uleTaskDialog\x01\x03\x00\
\x00\x00\x08\x002\x004fB\x95\x93\x08\x00\x00\x00\x00\
\x06\x00\x00\x00\x0324h\x07\x00\x00\x00\x18Mod\
ifyScheduleTaskD\
ialog\x01\x03\x00\x00\x00 0\xbf0\xb90\
\xaf[\x8cN\x86_\x8c0k\x81\xeaR\xd5}BN\
\x86\x00 \x00(\x00-\x00e\x00)\x08\x00\x00\x00\x00\
\x06\x00\x00\x00\x1eAuto exit a\
fter task done (\
-e)\x07\x00\x00\x00\x18ModifySc\
heduleTaskDialog\
\x01\x03\x00\x00\x00\x0a0\xad0\xe30\xf30\xbb0\xeb\
\x08\x00\x00\x00\x00\x06\x00\x00\x00\x06Cancel\
\x07\x00\x00\x00\x18ModifySched\
uleTaskDialog\x01\x03\x00\
\x00\x00\x080\xab0\xb90\xbf0\xe0\x08\x00\x00\x00\x00\
\x06\x00\x00\x00\x06Custom\x07\x00\x00\x00\x18\
ModifyScheduleTa\
skDialog\x01\x03\x00\x00\x00\x0c0\xab\
0\xb90\xbf0\xe0\x95\x93\x96\x94\x08\x00\x00\x00\x00\x06\
\x00\x00\x00\x0fCustom Inter\
val\x07\x00\x00\x00\x18ModifySc\
heduleTaskDialog\
\x01\x03\x00\x00\x00\x04k\xcee\xe5\x08\x00\x00\x00\x00\x06\
\x00\x00\x00\x05Daily\x07\x00\x00\x00\x18Mo\
difyScheduleTask\
Dialog\x01\x03\x00\x00\x00\x02e\xe5\x08\x00\
\x00\x00\x00\x06\x00\x00\x00\x04Days\x07\x00\x00\x00\
\x18ModifyScheduleT\
askDialog\x01\x03\x00\x00\x00\x04f\
B\x95\x93\x08\x00\x00\x00\x00\x06\x00\x00\x00\x04Hou\
r\x07\x00\x00\x00\x18ModifySche\
duleTaskDialog\x01\x03\
\x00\x00\x00\x04fB\x95\x93\x08\x00\x00\x00\x00\x06\x00\x00\
\x00\x05Hours\x07\x00\x00\x00\x18Modi\
fyScheduleTaskDi\
alog\x01\x03\x00\x00\x00\x02R\x06\x08\x00\x00\x00\
\x00\x06\x00\x00\x00\x06Minute\x07\x00\x00\x00\
\x18ModifyScheduleT\
askDialog\x01\x03\x00\x00\x00\x04O\
\xeekc\x08\x00\x00\x00\x00\x06\x00\x00\x00\x06Mod\
ify\x07\x00\x00\x00\x18ModifySc\
heduleTaskDialog\
\x01\x03\x00\x00\x00\x180\xb90\xb10\xb80\xe50\xfc\
0\xeb0\xbf0\xb90\xaf0\x92O\xeekc\x08\x00\
\x00\x00\x00\x06\x00\x00\x00\x14Modify S\
chedule Task\x07\x00\x00\x00\
\x18ModifyScheduleT\
askDialog\x01\x03\x00\x00\x00\x04k\
\xceg\x08\x08\x00\x00\x00\x00\x06\x00\x00\x00\x07Mon\
thly\x07\x00\x00\x00\x18ModifyS\
cheduleTaskDialo\
g\x01\x03\x00\x00\x00\x04N\x00V\xde\x08\x00\x00\x00\x00\
\x06\x00\x00\x00\x04Once\x07\x00\x00\x00\x18Mo\
difyScheduleTask\
Dialog\x01\x03\x00\x00\x00\x08\x95\x8bY\xcb\
fB\x95\x93\x08\x00\x00\x00\x00\x06\x00\x00\x00\x0aSt\
art Time\x07\x00\x00\x00\x18Mod\
ifyScheduleTaskD\
ialog\x01\x03\x00\x00\x00\x0e\x8dwR\xd50\
\xaa0\xd70\xb70\xe70\xf3\x08\x00\x00\x00\x00\x06\x00\
\x00\x00\x0fStartup Optio\
ns\x07\x00\x00\x00\x18ModifySch\
eduleTaskDialog\x01\
\x03\x00\x00\x00\x1c0\xbf0\xb90\xaf0\xa40\xf30\
\xc70\xc30\xaf0\xb9\x00 \x00(\x00-\x00t\x00\
)\x08\x00\x00\x00\x00\x06\x00\x00\x00\x0fTask \
Index (-t)\x07\x00\x00\x00\x18M\
odifyScheduleTas\
kDialog\x01\x03\x00\x00\x00\x080\xbf0\
\xb90\xafT\x0d\x08\x00\x00\x00\x00\x06\x00\x00\x00\x09T\
ask Name\x07\x00\x00\x00\x18Mod\
ifyScheduleTaskD\
ialog\x01\x03\x00\x00\x00\x0c0\xbf0\xa40\
\xe00\xa20\xa60\xc8\x08\x00\x00\x00\x00\x06\x00\x00\x00\
\x07Timeout\x07\x00\x00\x00\x18Mod\
ifyScheduleTaskD\
ialog\x01\x03\x00\x00\x00\x0e0\xc80\xea0\
\xac0\xfc0\xbf0\xa40\xd7\x08\x00\x00\x00\x00\x06\x00\
\x00\x00\x0cTrigger Type\x07\
\x00\x00\x00\x18ModifySchedu\
leTaskDialog\x01\x03\x00\x00\
\x00\x04k\xce\x901\x08\x00\x00\x00\x00\x06\x00\x00\x00\x06\
Weekly\x07\x00\x00\x00\x18Modif\
yScheduleTaskDia\
log\x01\x03\x00\x00\x00\x18fB\x95\x93\x00 \x00\
(\x000\x00 \x00=\x00 q!R6\x96P\x00\
)\x08\x00\x00\x00\x00\x06\x00\x00\x00\x15hours\
 (0 = unlimited)\
\x07\x00\x00\x00\x18ModifySched\
uleTaskDialog\x01\x03\x00\
\x00\x00\x100\xa60\xa30\xf30\xc90\xa60\x92\x90\
xb\x9e\x08\x00\x00\x00\x00\x06\x00\x00\x00\x0dCho\
ose Window\x07\x00\x00\x00\x0eO\
neTimeTaskTab\x01\x03\x00\
\x00\x00\x04[\x8cN\x86\x08\x00\x00\x00\x00\x06\x00\x00\x00\
\x09Completed\x07\x00\x00\x00\x0eO\
neTimeTaskTab\x01\x03\x00\
\x00\x00\x04`\xc5X1\x08\x00\x00\x00\x00\x06\x00\x00\x00\
\x04Info\x07\x00\x00\x00\x0eOneTim\
eTaskTab\x01\x03\x00\x00\x00\x06[\x9f\
\x88LN-\x08\x00\x00\x00\x00\x06\x00\x00\x00\x07Ru\
nning\x07\x00\x00\x00\x0eOneTim\
eTaskTab\x01\x03\x00\x00\x00\x02P$\
\x08\x00\x00\x00\x00\x06\x00\x00\x00\x05Value\x07\
\x00\x00\x00\x0eOneTimeTaskT\
ab\x01\x03\x00\x00\x00\x0c0\xc00\xa60\xf30\xed\
0\xfc0\xc9\x08\x00\x00\x00\x00\x06\x00\x00\x00\x08Do\
wnload\x07\x00\x00\x00\x0bProje\
ctCard\x01\x03\x00\x00\x00\x060\xa80\xe9\
0\xfc\x08\x00\x00\x00\x00\x06\x00\x00\x00\x03app\x07\
\x00\x00\x00\x10QCoreApplica\
tion\x01\x03\x00\x00\x00\x220\xbf0\xb90\xaf\
0\x92RJ\x96d0W0f0\x820\x880\x8d\
0W0D0g0Y0K\xff\x1f\x08\x00\x00\x00\
\x00\x06\x00\x00\x00$Are you su\
re you want to d\
elete task\x07\x00\x00\x00\x0fS\
cheduleTaskTab\x01\x03\
\x00\x00\x00\x0a0\xad0\xe30\xf30\xbb0\xeb\x08\x00\
\x00\x00\x00\x06\x00\x00\x00\x06Cancel\x07\x00\
\x00\x00\x0fScheduleTaskT\
ab\x01\x03\x00\x00\x00\x0c0\xbf0\xb90\xaf0\x92\
O\x5cb\x10\x08\x00\x00\x00\x00\x06\x00\x00\x00\x0bCr\
eate Task\x07\x00\x00\x00\x0fSc\
heduleTaskTab\x01\x03\x00\
\x00\x00\x04RJ\x96d\x08\x00\x00\x00\x00\x06\x00\x00\x00\
\x06Delete\x07\x00\x00\x00\x0fSche\
duleTaskTab\x01\x03\x00\x00\x00\
\x0c0\xbf0\xb90\xaf0\x92RJ\x96d\x08\x00\x00\
\x00\x00\x06\x00\x00\x00\x0bDelete Ta\
sk\x07\x00\x00\x00\x0fScheduleT\
askTab\x01\x03\x00\x00\x00\x060\xa80\xe9\
0\xfc\x08\x00\x00\x00\x00\x06\x00\x00\x00\x05Erro\
r\x07\x00\x00\x00\x0fScheduleTa\
skTab\x01\x03\x00\x00\x00\x1a0\xbf0\xb90\
\xaf0nO\x5cb\x100kY1eW0W0\
~0W0_\x08\x00\x00\x00\x00\x06\x00\x00\x00\x15F\
ailed to create \
task\x07\x00\x00\x00\x0fSchedul\
eTaskTab\x01\x03\x00\x00\x00\x1a0\xbf\
0\xb90\xaf0nRJ\x96d0kY1eW\
0W0~0W0_\x08\x00\x00\x00\x00\x06\x00\x00\
\x00\x15Failed to dele\
te task\x07\x00\x00\x00\x0fSche\
duleTaskTab\x01\x03\x00\x00\x00\
\x1e0\xbf0\xb90\xaf0n\x8a\xad0\x7f\x8f\xbc0\
\x7f0kY1eW0W0~0W0_\x08\
\x00\x00\x00\x00\x06\x00\x00\x00\x14Failed \
to load tasks\x07\x00\x00\
\x00\x0fScheduleTaskTa\
b\x01\x03\x00\x00\x00\x1a0\xbf0\xb90\xaf0nO\
\xeekc0kY1eW0W0~0W0\
_\x08\x00\x00\x00\x00\x06\x00\x00\x00\x15Faile\
d to modify task\
\x07\x00\x00\x00\x0fScheduleTas\
kTab\x01\x03\x00\x00\x0040\xbf0\xb90\xaf\
0nO\xeekc0kY1eW0W0~\
0W0_\xff\x1ae\xe70\xbf0\xb90\xaf0\x92\
RJ\x96d0g0M0~0[0\x93\x08\x00\
\x00\x00\x00\x06\x00\x00\x00-Failed t\
o modify task: c\
annot delete old\
 task\x07\x00\x00\x00\x0fSchedu\
leTaskTab\x01\x03\x00\x00\x00 O\
\xeekc0\xc00\xa40\xa20\xed0\xb00\x92\x95\
\x8b0Q0~0[0\x930g0W0_\x08\
\x00\x00\x00\x00\x06\x00\x00\x00\x1cFailed \
to open modify d\
ialog\x07\x00\x00\x00\x0fSchedu\
leTaskTab\x01\x03\x00\x00\x00\x1e0\
\xbf0\xb90\xaf0nR\x070\x8af\xff0H0\
kY1eW0W0~0W0_\x08\x00\x00\
\x00\x00\x06\x00\x00\x00\x15Failed to\
 toggle task\x07\x00\x00\x00\
\x0fScheduleTaskTab\
\x01\x03\x00\x00\x00\x04f\xf4e\xb0\x08\x00\x00\x00\x00\x06\
\x00\x00\x00\x07Refresh\x07\x00\x00\x00\x0f\
ScheduleTaskTab\x01\
\x03\x00\x00\x00\x12f\xf4e\xb00kY1eW0\
W0~0W0_\x08\x00\x00\x00\x00\x06\x00\x00\x00\
\x0eRefresh failed\x07\
\x00\x00\x00\x0fScheduleTask\
Tab\x01\x03\x00\x00\x00\x120\xb90\xb10\xb80\
\xe50\xfc0\xeb0\xbf0\xb90\xaf\x08\x00\x00\x00\x00\
\x06\x00\x00\x00\x0eSchedule Ta\
sks\x07\x00\x00\x00\x0fSchedule\
TaskTab\x01\x03\x00\x00\x00\x04b\x10R\
\x9f\x08\x00\x00\x00\x00\x06\x00\x00\x00\x07Succe\
ss\x07\x00\x00\x00\x0fScheduleT\
askTab\x01\x03\x00\x00\x00\x160\xbf0\xb9\
0\xaf0LO\x5cb\x100U0\x8c0~0W\
0_\x08\x00\x00\x00\x00\x06\x00\x00\x00\x19Task\
 created success\
fully\x07\x00\x00\x00\x0fSchedu\
leTaskTab\x01\x03\x00\x00\x00\x160\
\xbf0\xb90\xaf0LRJ\x96d0U0\x8c0\
~0W0_\x08\x00\x00\x00\x00\x06\x00\x00\x00\x19T\
ask deleted succ\
essfully\x07\x00\x00\x00\x0fSch\
eduleTaskTab\x01\x03\x00\x00\
\x00\x180\xbf0\xb90\xaf0Lq!R\xb90k\
0j0\x8a0~0W0_\x08\x00\x00\x00\x00\x06\
\x00\x00\x00\x0dTask disable\
d\x07\x00\x00\x00\x0fScheduleTa\
skTab\x01\x03\x00\x00\x00\x180\xbf0\xb90\
\xaf0Lg\x09R\xb90k0j0\x8a0~0\
W0_\x08\x00\x00\x00\x00\x06\x00\x00\x00\x0cTas\
k enabled\x07\x00\x00\x00\x0fSc\
heduleTaskTab\x01\x03\x00\
\x00\x00\x160\xbf0\xb90\xaf0LO\xeekc0\
U0\x8c0~0W0_\x08\x00\x00\x00\x00\x06\x00\
\x00\x00\x1aTask modified\
 successfully\x07\x00\x00\
\x00\x0fScheduleTaskTa\
b\x01\x03\x00\x00\x00\x220\xad0\xe30\xc30\xb70\
\xe50k0\xbf0\xb90\xaf0L\x89\x8b0d0\
K0\x8a0~0[0\x93\x08\x00\x00\x00\x00\x06\x00\
\x00\x00\x17Task not foun\
d in cache\x07\x00\x00\x00\x0fS\
cheduleTaskTab\x01\x03\
\x00\x00\x00\x160\xbf0\xb90\xaf0Lf\xf4e\xb0\
0U0\x8c0~0W0_\x08\x00\x00\x00\x00\x06\
\x00\x00\x00\x0fTasks refres\
hed\x07\x00\x00\x00\x0fSchedule\
TaskTab\x01\x03\x00\x00\x00\x04d\xcdO\
\x5c\x08\x00\x00\x00\x00\x06\x00\x00\x00\x07Actio\
ns\x07\x00\x00\x00\x11ScheduleT\
askTable\x01\x03\x00\x00\x00\x080\xab\
0\xb90\xbf0\xe0\x08\x00\x00\x00\x00\x06\x00\x00\x00\x06\
Custom\x07\x00\x00\x00\x11Sched\
uleTaskTable\x01\x03\x00\x00\
\x00\x04k\xcee\xe5\x08\x00\x00\x00\x00\x06\x00\x00\x00\x05\
Daily\x07\x00\x00\x00\x11Schedu\
leTaskTable\x01\x03\x00\x00\x00\
\x04RJ\x96d\x08\x00\x00\x00\x00\x06\x00\x00\x00\x06D\
elete\x07\x00\x00\x00\x11Schedu\
leTaskTable\x01\x03\x00\x00\x00\
\x04q!R\xb9\x08\x00\x00\x00\x00\x06\x00\x00\x00\x08D\
isabled\x07\x00\x00\x00\x11Sche\
duleTaskTable\x01\x03\x00\
\x00\x00\x04g\x09R\xb9\x08\x00\x00\x00\x00\x06\x00\x00\x00\
\x07Enabled\x07\x00\x00\x00\x11Sch\
eduleTaskTable\x01\x03\
\x00\x00\x00\x04O\xeekc\x08\x00\x00\x00\x00\x06\x00\x00\
\x00\x06Modify\x07\x00\x00\x00\x11Sch\
eduleTaskTable\x01\x03\
\x00\x00\x00\x04k\xceg\x08\x08\x00\x00\x00\x00\x06\x00\x00\
\x00\x07Monthly\x07\x00\x00\x00\x11Sc\
heduleTaskTable\x01\
\x03\x00\x00\x00\x08k!V\xde[\x9f\x88L\x08\x00\x00\
\x00\x00\x06\x00\x00\x00\x08Next Run\x07\
\x00\x00\x00\x11ScheduleTask\
Table\x01\x03\x00\x00\x00\x04N\x00V\xde\x08\
\x00\x00\x00\x00\x06\x00\x00\x00\x04Once\x07\x00\x00\
\x00\x11ScheduleTaskTa\
ble\x01\x03\x00\x00\x00\x08n\x96P\x99[\x8cN\
\x86\x08\x00\x00\x00\x00\x06\x00\x00\x00\x05Ready\
\x07\x00\x00\x00\x11ScheduleTas\
kTable\x01\x03\x00\x00\x00\x06[\x9f\x88L\
N-\x08\x00\x00\x00\x00\x06\x00\x00\x00\x07Runn\
ing\x07\x00\x00\x00\x11Schedule\
TaskTable\x01\x03\x00\x00\x00\x04r\
\xb6aK\x08\x00\x00\x00\x00\x06\x00\x00\x00\x06Sta\
tus\x07\x00\x00\x00\x11Schedule\
TaskTable\x01\x03\x00\x00\x00\x080\
\xbf0\xb90\xafT\x0d\x08\x00\x00\x00\x00\x06\x00\x00\x00\
\x09Task Name\x07\x00\x00\x00\x11S\
cheduleTaskTable\
\x01\x03\x00\x00\x00\x0e0\xc80\xea0\xac0\xfc0\xbf\
0\xa40\xd7\x08\x00\x00\x00\x00\x06\x00\x00\x00\x0cTr\
igger Type\x07\x00\x00\x00\x11S\
cheduleTaskTable\
\x01\x03\x00\x00\x00\x04N\x0df\x0e\x08\x00\x00\x00\x00\x06\
\x00\x00\x00\x07Unknown\x07\x00\x00\x00\x11\
ScheduleTaskTabl\
e\x01\x03\x00\x00\x00\x04k\xce\x901\x08\x00\x00\x00\x00\
\x06\x00\x00\x00\x06Weekly\x07\x00\x00\x00\x11\
ScheduleTaskTabl\
e\x01\x03\x00\x00\x008\x00A\x00D\x00B\x00 \x00\
(0\xd00\xc30\xaf0\xb00\xe90\xa60\xf30\
\xc9[\xfe_\xdc0\x01ON\x90\x1f0\x01\x9a\xd8N\
\x92c\xdb`'0\x01\x9a\xd8\x90E^\xf6\x00)\x08\
\x00\x00\x00\x00\x06\x00\x00\x00@ADB(Sup\
ports Background\
, Slow, High Com\
patibility, High\
 Latency)\x07\x00\x00\x00\x15Se\
lectCaptureListV\
iew\x01\x03\x00\x00\x00(\x00B\x00i\x00t\x00\
B\x00l\x00t\x00 \x00-\x00 g\x00\x90\x1f0\
\x01g\x000\x82N\x92c\xdb`'0LON0\
D\x08\x00\x00\x00\x00\x06\x00\x00\x00\x06BitBl\
t\x07\x00\x00\x00\x15SelectCapt\
ureListView\x01\x03\x00\x00\x00\
>\x00B\x00i\x00t\x00B\x00l\x00t\x00_\x00\
R\x00e\x00n\x00d\x00e\x00r\x00F\x00u\x00\
l\x00l\x00 \x00-\x00 \x90E0D0\x01g\
\x000\x82N\x92c\xdb`'0L\x9a\xd80D\x08\
\x00\x00\x00\x00\x06\x00\x00\x00\x11BitBlt_\
RenderFull\x07\x00\x00\x00\x15S\
electCaptureList\
View\x01\x03\x00\x00\x00\x120\xd60\xe90\xa6\
0\xb60\xad0\xe30\xd70\xc10\xe3\x08\x00\x00\x00\
\x00\x06\x00\x00\x00\x0fBrowser Ca\
pture\x07\x00\x00\x00\x15Select\
CaptureListView\x01\
\x03\x00\x00\x00.\x00D\x00X\x00G\x00I\x00 \x00\
-\x00 g\x000\x82\x90E0D0\x010\xd00\
\xc30\xaf0\xa20\xc30\xd70h0W0fO\
\x7fu(\x08\x00\x00\x00\x00\x06\x00\x00\x00\x04DXG\
I\x07\x00\x00\x00\x15SelectCapt\
ureListView\x01\x03\x00\x00\x00\
<0\xa80\xdf0\xe50\xec0\xfc0\xbf0\xa60\
\xa30\xf30\xc90\xa6\x00(0\xd00\xc30\xaf0\
\xb00\xe90\xa60\xf30\xc9[\xfe_\xdc0\x01\x9a\
\xd8\x90\x1f0\x01ON\x90E^\xf6\x00)\x08\x00\x00\
\x00\x00\x06\x00\x00\x007Emulator \
Window(Supports \
Background, Fast\
, Low Latency)\x07\x00\
\x00\x00\x15SelectCapture\
ListView\x01\x03\x00\x00\x00\x100\xb2\
0\xfc0\xe00\xa60\xa30\xf30\xc90\xa6\x08\x00\
\x00\x00\x00\x06\x00\x00\x00\x0bGame Win\
dow\x07\x00\x00\x00\x15SelectCa\
ptureListView\x01\x03\x00\
\x00\x002\x00I\x00P\x00C\x00 \x00(\x00M\x00\
u\x00M\x00u\x00P\x00l\x00a\x00y\x00e\x00\
r\x001\x002\x00 \x00v\x004\x00.\x000N\
\xe5N\x0a\x00)\x08\x00\x00\x00\x00\x06\x00\x00\x00!I\
pc (MuMuPlayer12\
 version >= 4.0)\
\x07\x00\x00\x00\x15SelectCaptu\
reListView\x01\x03\x00\x00\x00 \
\x00W\x00G\x00C\x00 \x00-\x00 \x00>\x00=\
\x00W\x00i\x00n\x001\x0000\x01\x9a\xd8\x90\x1f\
\x08\x00\x00\x00\x00\x06\x00\x00\x00\x03WGC\x07\x00\x00\
\x00\x15SelectCaptureL\
istView\x01\x03\x00\x00\x002\x00A\x00\
D\x00B\x00I\x00n\x00t\x00e\x00r\x00a\x00\
c\x00t\x00i\x00o\x00n\x00 \x00-\x00 0\
\xd00\xc30\xaf0\xb00\xe90\xa60\xf30\xc9\x08\
\x00\x00\x00\x00\x06\x00\x00\x00\x0eADBInte\
raction\x07\x00\x00\x00\x19Sele\
ctInteractionLis\
tView\x01\x03\x00\x00\x00:\x00B\x00r\x00\
o\x00w\x00s\x00e\x00r\x00I\x00n\x00t\x00\
e\x00r\x00a\x00c\x00t\x00i\x00o\x00n\x00\
 \x00-\x00 0\xd00\xc30\xaf0\xb00\xe90\
\xa60\xf30\xc9\x08\x00\x00\x00\x00\x06\x00\x00\x00\x12B\
rowserInteractio\
n\x07\x00\x00\x00\x19SelectInte\
ractionListView\x01\
\x03\x00\x00\x00J\x00G\x00e\x00n\x00s\x00h\x00\
i\x00n\x00 \x00-\x00 0\xd00\xc30\xaf0\
\xb00\xe90\xa60\xf30\xc90\x01N\x00\x90\xe80\
n\x00 \x00U\x00n\x00i\x00t\x00y\x00 0\
\xb20\xfc0\xe00\x920\xb50\xdd0\xfc0\xc8\x08\
\x00\x00\x00\x00\x06\x00\x00\x00\x07Genshin\
\x07\x00\x00\x00\x19SelectInter\
actionListView\x01\x03\
\x00\x00\x00L\x00P\x00o\x00s\x00t\x00M\x00e\
\x00s\x00s\x00a\x00g\x00e\x00 \x00-\x00 \
0\xd00\xc30\xaf0\xb00\xe90\xa60\xf30\xc9\
0\x010{0h0\x930i0n0\xa20\xd7\
0\xea0hN\x00\x90\xe80n0\xb20\xfc0\xe0\
\x08\x00\x00\x00\x00\x06\x00\x00\x00\x0bPostMe\
ssage\x07\x00\x00\x00\x19Select\
InteractionListV\
iew\x01\x03\x00\x00\x00D\x00P\x00y\x00D\x00\
i\x00r\x00e\x00c\x00t\x00 \x00-\x00 0\
\xd50\xa90\xa20\xb00\xe90\xa60\xf30\xc90\
\x01\x00P\x00y\x00n\x00p\x00u\x00t\x00 0\
n0\xd00\xc30\xaf0\xa20\xc30\xd7\x08\x00\x00\
\x00\x00\x06\x00\x00\x00\x08PyDirect\x07\
\x00\x00\x00\x19SelectIntera\
ctionListView\x01\x03\x00\
\x00\x004\x00P\x00y\x00n\x00p\x00u\x00t\x00\
 \x00-\x00 0\xd50\xa90\xa20\xb00\xe90\
\xa60\xf30\xc90\x01g\x000\x82N\x92c\xdb`\
'0L\x9a\xd80D\x08\x00\x00\x00\x00\x06\x00\x00\x00\
\x06Pynput\x07\x00\x00\x00\x19Sele\
ctInteractionLis\
tView\x01\x03\x00\x00\x00\x04i\x82\x89\x81\x08\
\x00\x00\x00\x00\x06\x00\x00\x00\x05About\x07\x00\
\x00\x00\x0aSettingTab\x01\x03\x00\
\x00\x00\x0a0\xa20\xd70\xea\x8a-[\x9a\x08\x00\x00\
\x00\x00\x06\x00\x00\x00\x0aApp Confi\
g\x07\x00\x00\x00\x0aSettingTab\
\x01\x03\x00\x00\x00\x0a0\xa20\xd70\xea\x8a-[\x9a\
\x08\x00\x00\x00\x00\x06\x00\x00\x00\x0cApp Se\
ttings\x07\x00\x00\x00\x0aSetti\
ngTab\x01\x03\x00\x00\x00\x0e0\xa20\xd70\
\xea0n0\xc60\xfc0\xde\x08\x00\x00\x00\x00\x06\x00\
\x00\x00\x11Application T\
heme\x07\x00\x00\x00\x0aSetting\
Tab\x01\x03\x00\x00\x00\x1c0\xa20\xd70\xea0\
\xb10\xfc0\xb70\xe70\xf30nY\x16\x89\xb30\
\x92Y\x09f\xf4\x08\x00\x00\x00\x00\x06\x00\x00\x00(C\
hange the appear\
ance of the appl\
ication\x07\x00\x00\x00\x0aSett\
ingTab\x01\x03\x00\x00\x00\x120\xa20\xc3\
0\xd70\xc70\xfc0\xc80\x92x\xba\x8a\x8d\x08\x00\
\x00\x00\x00\x06\x00\x00\x00\x0cCheck up\
date\x07\x00\x00\x00\x0aSetting\
Tab\x01\x03\x00\x00\x00\x1e\x8a-[\x9a0oQ\
\x8d\x8dwR\xd5_\x8c0kg\x09R\xb90k0\
j0\x8a0~0Y\x08\x00\x00\x00\x00\x06\x00\x00\x00\
(Configuration t\
akes effect afte\
r restart\x07\x00\x00\x00\x0aSe\
ttingTab\x01\x03\x00\x00\x00\x060\xc0\
0\xfc0\xaf\x08\x00\x00\x00\x00\x06\x00\x00\x00\x04Da\
rk\x07\x00\x00\x00\x0aSettingTa\
b\x01\x03\x00\x00\x00J\x00P\x00y\x00Q\x00t\x00\
-\x00F\x00l\x00u\x00e\x00n\x00t\x00-\x00\
W\x00i\x00d\x00g\x00e\x00t\x00s0ne\
\xb0j_\x80\xfd0\x92vz\x89\x8b0W0\x01_\
yz\xcb0d0\xd20\xf30\xc80\x92[f0\
v\x08\x00\x00\x00\x00\x06\x00\x00\x00EDisco\
ver new features\
 and learn usefu\
l tips about PyQ\
t-Fluent-Widgets\
\x07\x00\x00\x00\x0aSettingTab\x01\
\x03\x00\x00\x00\x060\xd80\xeb0\xd7\x08\x00\x00\x00\x00\
\x06\x00\x00\x00\x04Help\x07\x00\x00\x00\x0aSe\
ttingTab\x01\x03\x00\x00\x00\x04\x8a\x00\
\x8a\x9e\x08\x00\x00\x00\x00\x06\x00\x00\x00\x08Lang\
uage\x07\x00\x00\x00\x0aSetting\
Tab\x01\x03\x00\x00\x00\x060\xe90\xa40\xc8\x08\
\x00\x00\x00\x00\x06\x00\x00\x00\x05Light\x07\x00\
\x00\x00\x0aSettingTab\x01\x03\x00\
\x00\x00\x120\xd80\xeb0\xd70\xda0\xfc0\xb80\
\x92\x95\x8b0O\x08\x00\x00\x00\x00\x06\x00\x00\x00\x0eO\
pen help page\x07\x00\x00\
\x00\x0aSettingTab\x01\x03\x00\x00\
\x00\x0eQ*QH\x8a\x00\x8a\x9e0\x92\x8a-[\x9a\
\x08\x00\x00\x00\x00\x06\x00\x00\x00\x1bSet yo\
ur preferred lan\
guage\x07\x00\x00\x00\x0aSettin\
gTab\x01\x03\x00\x00\x00\x14\x00U\x00I0n\
Q*QH\x8a\x00\x8a\x9e0\x92\x8a-[\x9a\x08\x00\
\x00\x00\x00\x06\x00\x00\x00\x22Set your\
 preferred langu\
age for UI\x07\x00\x00\x00\x0aS\
ettingTab\x01\x03\x00\x00\x00\x04\x8a\
-[\x9a\x08\x00\x00\x00\x00\x06\x00\x00\x00\x08Set\
tings\x07\x00\x00\x00\x0aSettin\
gTab\x01\x03\x00\x00\x00\x14kc^80k\
f\xf4e\xb00U0\x8c0~0W0_\x08\x00\
\x00\x00\x00\x06\x00\x00\x00\x14Updated \
successfully\x07\x00\x00\x00\
\x0aSettingTab\x01\x03\x00\x00\x00\
\x120\xb70\xb90\xc60\xe0\x8a-[\x9a0\x92O\
\x7fu(\x08\x00\x00\x00\x00\x06\x00\x00\x00\x12Use\
 system setting\x07\
\x00\x00\x00\x0aSettingTab\x01\x03\
\x00\x00\x00\x0a0\xd00\xfc0\xb80\xe70\xf3\x08\x00\
\x00\x00\x00\x06\x00\x00\x00\x07Version\x07\
\x00\x00\x00\x0aSettingTab\x01\x03\
\x00\x00\x00\x0e0Y0y0fN\x00fBP\x5c\
kb\x08\x00\x00\x00\x00\x06\x00\x00\x00\x09Paus\
e All\x07\x00\x00\x00\x0bStartB\
utton\x01\x03\x00\x00\x00\x0a0Y0y0\
f\x95\x8bY\xcb\x08\x00\x00\x00\x00\x06\x00\x00\x00\x09S\
tart All\x07\x00\x00\x00\x0bSta\
rtButton\x01\x03\x00\x00\x00\x0a0\xad\
0\xe30\xd70\xc10\xe3\x08\x00\x00\x00\x00\x06\x00\x00\
\x00\x07Capture\x07\x00\x00\x00\x09St\
artCard\x01\x03\x00\x00\x00\x120\xed0\
\xb00\x920\xa80\xaf0\xb90\xdd0\xfc0\xc8\x08\
\x00\x00\x00\x00\x06\x00\x00\x00\x0bExport \
Logs\x07\x00\x00\x00\x09StartCa\
rd\x01\x03\x00\x00\x00 0\xb20\xfc0\xe00\xa6\
0\xa30\xf30\xc90\xa60LR\x07e\xad0U\
0\x8c0~0W0_\x08\x00\x00\x00\x00\x06\x00\x00\
\x00\x18Game Window Di\
sconnected\x07\x00\x00\x00\x09S\
tartCard\x01\x03\x00\x00\x00\x140\xa4\
0\xf30\xb90\xc80\xfc0\xeb0\xd50\xa90\xeb\
0\xc0\x08\x00\x00\x00\x00\x06\x00\x00\x00\x0eInst\
all Folder\x07\x00\x00\x00\x09S\
tartCard\x01\x03\x00\x00\x00\x08N\x00\
fBP\x5ckb\x08\x00\x00\x00\x00\x06\x00\x00\x00\x05\
Pause\x07\x00\x00\x00\x09StartC\
ard\x01\x03\x00\x00\x00@N\x00fBP\x5ck\
b\x00:\x00 \x00P\x00CrH0\xb20\xfc0\
\xe00\xa60\xa30\xf30\xc90\xa60og\x00R\
M\x97b0k0B0\x8b_\xc5\x89\x810L0\
B0\x8a0~0Y\xff\x01\x08\x00\x00\x00\x00\x06\x00\
\x00\x00(Paused: PC Ga\
me Window Must B\
e in Front!\x07\x00\x00\x00\x09\
StartCard\x01\x03\x00\x00\x00\x04f\
\xf4e\xb0\x08\x00\x00\x00\x00\x06\x00\x00\x00\x07Ref\
resh\x07\x00\x00\x00\x09StartCa\
rd\x01\x03\x00\x00\x00\x06[\x9f\x88LN-\x08\x00\
\x00\x00\x00\x06\x00\x00\x00\x07Running\x07\
\x00\x00\x00\x09StartCard\x01\x03\x00\
\x00\x00\x04\x95\x8bY\xcb\x08\x00\x00\x00\x00\x06\x00\x00\x00\
\x05Start\x07\x00\x00\x00\x09Start\
Card\x01\x03\x00\x00\x00\x0c0\xb20\xfc0\xe0\
0\x92\x95\x8bY\xcb\x08\x00\x00\x00\x00\x06\x00\x00\x00\x0a\
Start Game\x07\x00\x00\x00\x09S\
tartCard\x01\x03\x00\x00\x00\x100\xbf\
0\xb90\xaf0\x920\xc80\xea0\xac0\xfc\x08\x00\
\x00\x00\x00\x06\x00\x00\x00\x0dTrigger \
Tasks\x07\x00\x00\x00\x09StartC\
ard\x01\x03\x00\x00\x00\x1c0\xbf0\xb90\xaf0\
\x92\x90xb\x9e0W0f\x95\x8bY\xcb0\x92_\
\x85j_N-\x08\x00\x00\x00\x00\x06\x00\x00\x00\x1eW\
aiting for task \
to be enabled\x07\x00\x00\
\x00\x09StartCard\x01\x03\x00\x00\x00\
L0\x010\xb20\xfc0\xe00\xa60\xa30\xf30\
\xc90\xa60Lg\x00\x5c\x0fS\x160\x010\xea0\
\xb50\xa40\xba0\x010~0_0ou;\x97\
bY\x160k0j0D0Kx\xba\x8a\x8d0\
W0f0O0`0U0D0\x02\x08\x00\x00\
\x00\x00\x06\x00\x00\x00?, check i\
f game windows i\
s minimized, res\
ized or out of s\
creen.\x07\x00\x00\x00\x0fStart\
Controller\x01\x03\x00\x00\x008\
0\x010\xb50\xdd0\xfc0\xc80U0\x8c0f\
0D0\x8bg\x00\x5c\x0f\x89\xe3P\xcf^\xa60o\
\x00{\x00m\x00i\x00n\x00_\x00s\x00i\x00z\
\x00e\x00}0g0Y\x08\x00\x00\x00\x00\x06\x00\x00\
\x00,, the supporte\
d min resolution\
 is {min_size}\x07\x00\
\x00\x00\x0fStartControll\
er\x01\x03\x00\x00\x00@0\x010\xb50\xdd0\xfc\
0\xc80U0\x8c0f0D0\x8bk\xd4s\x87\
0o\x00{\x00s\x00u\x00p\x00p\x00o\x00r\
\x00t\x00e\x00d\x00_\x00r\x00a\x00t\x00i\
\x00o\x00}0g0Y\x08\x00\x00\x00\x00\x06\x00\x00\
\x00*, the supporte\
d ratio is {supp\
orted_ratio}\x07\x00\x00\x00\
\x0fStartController\
\x01\x03\x00\x00\x00.\x81\xeaR\xd5\x00H\x00D\x00R\
0Lg\x09R\xb90g0Y0\x020~0Z\
q!R\xb90k0W0f0O0`0U\
0D0\x02\x08\x00\x00\x00\x00\x06\x00\x00\x00.Au\
to HDR is enable\
d, please turn i\
t off first.\x07\x00\x00\x00\
\x0fStartController\
\x01\x03\x00\x00\x00@\x81\xeaR\xd5\x00H\x00D\x00R\
0Lg\x09R\xb90g0Y0\x020\xbf0\xb9\
0\xaf0Lkc^80kR\xd5O\x5c0W\
0j0DS\xef\x80\xfd`'0L0B0\x8a\
0~0Y\xff\x01\x08\x00\x00\x00\x00\x06\x00\x00\x004\
Auto HDR is enab\
led, tasks might\
 not work correc\
tly!\x07\x00\x00\x00\x0fStartCo\
ntroller\x01\x03\x00\x00\x00N0\xb2\
0\xfc0\xe00\x92\x95\x8bY\xcb0g0M0~\
0[0\x930\x020\xb20\xfc0\xe00L0\xa4\
0\xf30\xb90\xc80\xfc0\xeb0U0\x8c0f\
0D0\x8b0S0h0\x92x\xba\x8a\x8d0W\
0f0O0`0U0D0\x02\x08\x00\x00\x00\
\x00\x06\x00\x00\x001Can't star\
t game, make sur\
e the game is in\
stalled\x07\x00\x00\x00\x0fStar\
tController\x01\x03\x00\x00\x00\
>0\xad0\xe30\xd70\xc10\xe30kY1e\
W0W0~0W0_0\x020\xb20\xfc0\
\xe00\xa60\xa30\xf30\xc90\xa60\x92x\xba\x8a\
\x8d0W0f0O0`0U0D0\x02\x08\
\x00\x00\x00\x00\x06\x00\x00\x00(Capture\
 failed, please \
check game windo\
w\x07\x00\x00\x00\x0fStartContr\
oller\x01\x03\x00\x00\x00F0\xa80\xdf0\
\xe50\xec0\xfc0\xbf0Lc\xa5}\x9a0U0\
\x8c0f0D0~0[0\x930\x020~0\
Z0\xa80\xdf0\xe50\xec0\xfc0\xbf0\x92\x8d\
wR\xd50W0f0O0`0U0D\xff\
\x01\x08\x00\x00\x00\x00\x06\x00\x00\x004Emula\
tor is not conne\
cted, start the \
emulator first!\x07\
\x00\x00\x00\x0fStartControl\
ler\x01\x03\x00\x00\x00\x16\x00G\x00P\x00U\x00\
 0\xc90\xe90\xa40\xd00\xfc\x8bfTJ\x08\
\x00\x00\x00\x00\x06\x00\x00\x00\x12GPU Dri\
ver Warning\x07\x00\x00\x00\x0f\
StartController\x01\
\x03\x00\x00\x0080\xb20\xfc0\xe00\xd10\xb90\
L[XW(0W0~0[0\x930\x02b\
KR\xd50g0\xb20\xfc0\xe00\x92\x95\x8b0\
D0f0O0`0U0D\xff\x01\x08\x00\x00\
\x00\x00\x06\x00\x00\x004Game path\
 does not exist,\
 Please open gam\
e manually!\x07\x00\x00\x00\x0f\
StartController\x01\
\x03\x00\x00\x00<0\xb20\xfc0\xe0\x89\xe3P\xcf^\
\xa6\x00{\x00r\x00e\x00s\x00o\x00l\x00u\x00\
t\x00i\x00o\x00n\x00}0o0\xb50\xdd0\
\xfc0\xc80U0\x8c0f0D0~0[0\
\x93\x08\x00\x00\x00\x00\x06\x00\x00\x00-Game \
resolution {reso\
lution} is not s\
upported\x07\x00\x00\x00\x0fSta\
rtController\x01\x03\x00\x00\
\x00zu;P\xcf0\xea0\xbd0\xfc0\xb90n\
\x8a\xad0\x7f\x8f\xbc0\x7f0kY1eW0W\
0~0W0_0\x02Q\x8d0\xa40\xf30\xb9\
0\xc80\xfc0\xeb0W0f0\x7f0f0O\
0`0U0D0\x02\xff\x080\xa20\xd70\xea\
0\x920\xc00\xa60\xf30\xed0\xfc0\xc90\xd5\
0\xa90\xeb0\xc00kQe0\x8c0j0D\
0g0O0`0U0D\xff\x09\x08\x00\x00\x00\
\x00\x06\x00\x00\x00\x5cImage reso\
urce load failed\
, please try ins\
tall again.(Don'\
t put the app in\
 Downloads folde\
r)\x07\x00\x00\x00\x0fStartCont\
roller\x01\x03\x00\x00\x00\x1c0\xb20\xfc\
0\xe00L\x90xb\x9e0U0\x8c0f0D\
0~0[0\x93\xff\x01\x08\x00\x00\x00\x00\x06\x00\x00\
\x00\x11No game select\
ed!\x07\x00\x00\x00\x0fStartCon\
troller\x01\x03\x00\x00\x00L\x00P\x00\
CrH0k0o{\xa1t\x06\x80\x05j)\x96\
P0L_\xc5\x89\x810g0Y0\x020S0\
n0\xa20\xd70\xea0\x92{\xa1t\x06\x80\x05j\
)\x96P0gQ\x8d\x8dwR\xd50W0f0\
O0`0U0D\xff\x01\x08\x00\x00\x00\x00\x06\x00\
\x00\x00TPC version re\
quires admin pri\
vileges, Please \
restart this app\
 with admin priv\
ileges!\x07\x00\x00\x00\x0fStar\
tController\x01\x03\x00\x00\x00\
h\x89\xe3P\xcf^\xa6\x00{\x00r\x00e\x00s\x00\
o\x00l\x00u\x00t\x00i\x00o\x00n\x00}0\
n0\xc10\xa70\xc30\xaf0kY1eW0\
W0~0W0_0\x02N\x00\x90\xe80n0\
\xbf0\xb90\xaf0Lkc^80kR\xd5O\
\x5c0W0j0DS\xef\x80\xfd`'0L0\
B0\x8a0~0Y\xff\x01\x08\x00\x00\x00\x00\x06\x00\
\x00\x00JResolution {r\
esolution} check\
 failed, some ta\
sks might not wo\
rk correctly!\x07\x00\x00\
\x00\x0fStartControlle\
r\x01\x03\x00\x00\x00J\x90xb\x9e0U0\x8c0\
_0\xad0\xe30\xd70\xc10\xe3e\xb9l\xd50\
o0\x010\xb20\xfc0\xe00~0_0o0\
\xb70\xb90\xc60\xe00g0\xb50\xdd0\xfc0\
\xc80U0\x8c0f0D0~0[0\x93\xff\
\x01\x08\x00\x00\x00\x00\x06\x00\x00\x00DSelec\
ted capture meth\
od is not suppor\
ted by the game \
or your system!\x07\
\x00\x00\x00\x0fStartControl\
ler\x01\x03\x00\x00\x00@0\xb20\xfc0\xe00\
n\x8dwR\xd50kY1eW0W0~0\
W0_0\x020~0ZbKR\xd50g0\
\xb20\xfc0\xe00\x92\x8dwR\xd50W0f0\
O0`0U0D0\x02\x08\x00\x00\x00\x00\x06\x00\
\x00\x00*Start game fa\
iled, please sta\
rt game first\x07\x00\x00\
\x00\x0fStartControlle\
r\x01\x03\x00\x00\x00\x1c\x8dwR\xd50L0\xbf0\
\xa40\xe00\xa20\xa60\xc80W0~0W0\
_\xff\x01\x08\x00\x00\x00\x00\x06\x00\x00\x00\x13Sta\
rt game timeout!\
\x07\x00\x00\x00\x0fStartContro\
ller\x01\x03\x00\x00\x00X0\xa60\xa30\xf3\
0\xc90\xa60Lg\x00\x5c\x0fS\x160U0\x8c\
0f0D0\x8b0Ku;\x97bY\x160k\
0B0\x8a0~0Y0\x02c\x92N\xd6Qh\
u;\x97b0\xe20\xfc0\xc90oO\x7fu(\
0W0j0D0g0O0`0U0D\
\xff\x01\x08\x00\x00\x00\x00\x06\x00\x00\x00KWind\
ow is minimized \
or out of screen\
, and do NOT use\
 full-screen exc\
lusive!\x07\x00\x00\x00\x0fStar\
tController\x01\x03\x00\x00\x00\
X0\xa60\xa30\xf30\xc90\xa60Lg\x00\x5c\
\x0fS\x160U0\x8c0f0D0\x8b0Ku\
;\x97bY\x160k0B0\x8a0~0Y0\
\x02c\x92N\xd6Qhu;\x97b0\xe20\xfc0\
\xc90oO\x7fu(0W0j0D0g0\
O0`0U0D\xff\x01\x08\x00\x00\x00\x00\x06\x00\
\x00\x00OWindow is min\
imized or out of\
 screen, and don\
't use full-scre\
en exclusive mod\
e!\x07\x00\x00\x00\x0fStartCont\
roller\x01\x03\x00\x00\x00>\x00W\x00i\
\x00n\x00d\x00o\x00w\x00s0nY\x1c\x95\x93\
0\xe20\xfc0\xc90Lg\x09R\xb90g0Y\
0\x020~0Zq!R\xb90k0W0f\
0O0`0U0D0\x02\x08\x00\x00\x00\x00\x06\
\x00\x00\x009Windows nigh\
t light is enabl\
ed, please turn \
it off first.\x07\x00\x00\
\x00\x0fStartControlle\
r\x01\x03\x00\x00\x00P\x00W\x00i\x00n\x00d\x00\
o\x00w\x00s0nY\x1c\x95\x930\xe20\xfc0\
\xc90Lg\x09R\xb90g0Y0\x020\xbf0\
\xb90\xaf0Lkc^80kR\xd5O\x5c0\
W0j0DS\xef\x80\xfd`'0L0B0\
\x8a0~0Y\xff\x01\x08\x00\x00\x00\x00\x06\x00\x00\x00\
?Windows night l\
ight is enabled,\
 tasks might not\
 work correctly!\
\x07\x00\x00\x00\x0fStartContro\
ller\x01\x03\x00\x00\x00^\x00{\x00v\x00e\
\x00n\x00d\x00o\x00r\x00}\x00 \x00{\x00f\
\x00e\x00a\x00t\x00u\x00r\x00e\x00}\x00 \
0Lg\x09R\xb90k0j0c0f0J\
0\x8a0\x01\x8a\xa4R\xd5O\x5c0nS\x9fV\xe0\
0k0j0\x8bS\xef\x80\xfd`'0L0B\
0\x8a0~0Y\xff\x01\x08\x00\x00\x00\x00\x06\x00\x00\
\x009{vendor} {feat\
ure} is enabled \
and may cause ma\
lfunctions!\x07\x00\x00\x00\x0f\
StartController\x01\
\x03\x00\x00\x00N\x00{\x00}0Lc\xa5}\x9a0\
U0\x8c0f0D0~0[0\x930\x020\
\xb20\xfc0\xe00\xa60\xa30\xf30\xc90\xa60\
h0\xad0\xe30\xd70\xc10\xe3e\xb9l\xd50\
\x92\x90xb\x9e0W0f0O0`0U0\
D0\x02\x08\x00\x00\x00\x00\x06\x00\x00\x003{} \
is not connected\
, please select \
the game window.\
\x07\x00\x00\x00\x0fStartContro\
ller\x01\x03\x00\x00\x00\x080\xed0\xfc0\xc9\
N-\x08\x00\x00\x00\x00\x06\x00\x00\x00\x07Load\
ing\x07\x00\x00\x00\x12StartLoa\
dingDialog\x01\x03\x00\x00\x00>\
\x8dwR\xd5N-0\x01\x00{\x00s\x00e\x00c\
\x00o\x00n\x00d\x00s\x00_\x00l\x00e\x00f\
\x00t\x00}y\xd2_\x8c0k0\xbf0\xa40\xe0\
0\xa20\xa60\xc80W0~0Y0\x02\x08\x00\
\x00\x00\x00\x06\x00\x00\x00/Starting\
, timeout after \
{seconds_left} s\
econds.\x07\x00\x00\x00\x12Star\
tLoadingDialog\x01\x03\
\x00\x00\x00\x0e\x00A\x00n\x00d\x00r\x00o\x00i\
\x00d\x08\x00\x00\x00\x00\x06\x00\x00\x00\x07Andr\
oid\x07\x00\x00\x00\x08StartTab\
\x01\x03\x00\x00\x00\x0a0\xad0\xe30\xd70\xc10\xe3\
\x08\x00\x00\x00\x00\x06\x00\x00\x00\x07Captur\
e\x07\x00\x00\x00\x08StartTab\x01\x03\
\x00\x00\x00\x0e0\xad0\xe30\xd70\xc10\xe3e\xb9\
l\xd5\x08\x00\x00\x00\x00\x06\x00\x00\x00\x0eCapt\
ure Method\x07\x00\x00\x00\x08S\
tartTab\x01\x03\x00\x00\x00\x0ed\xcdO\
\x5ce\xb9l\xd50n\x90xb\x9e\x08\x00\x00\x00\x00\
\x06\x00\x00\x00\x12Choose Inte\
raction\x07\x00\x00\x00\x08Star\
tTab\x01\x03\x00\x00\x00\x100\xa60\xa30\xf3\
0\xc90\xa60\x92\x90xb\x9e\x08\x00\x00\x00\x00\x06\
\x00\x00\x00\x0dChoose Windo\
w\x07\x00\x00\x00\x08StartTab\x01\x03\
\x00\x00\x00\x08c\xa5}\x9an\x080\x7f\x08\x00\x00\x00\
\x00\x06\x00\x00\x00\x09Connected\x07\
\x00\x00\x00\x08StartTab\x01\x03\x00\x00\
\x00\x080\xc70\xd00\xc30\xb0\x08\x00\x00\x00\x00\x06\
\x00\x00\x00\x05Debug\x07\x00\x00\x00\x08St\
artTab\x01\x03\x00\x00\x00\x100\xdc0\xc3\
0\xaf0\xb90\x92q!R\xb9S\x16\x08\x00\x00\x00\
\x00\x06\x00\x00\x00\x0dDisable Bo\
xes\x07\x00\x00\x00\x08StartTab\
\x01\x03\x00\x00\x00\x04R\x07e\xad\x08\x00\x00\x00\x00\x06\
\x00\x00\x00\x0cDisconnected\
\x07\x00\x00\x00\x08StartTab\x01\x03\x00\
\x00\x00\x0c0\xa80\xdf0\xe50\xec0\xfc0\xbf\x08\
\x00\x00\x00\x00\x06\x00\x00\x00\x08Emulato\
r\x07\x00\x00\x00\x08StartTab\x01\x03\
\x00\x00\x00\x100\xdc0\xc30\xaf0\xb90\x92g\x09\
R\xb9S\x16\x08\x00\x00\x00\x00\x06\x00\x00\x00\x0cEn\
able Boxes\x07\x00\x00\x00\x08S\
tartTab\x01\x03\x00\x00\x00\x120\xed0\
\xb00\x920\xa80\xaf0\xb90\xdd0\xfc0\xc8\x08\
\x00\x00\x00\x00\x06\x00\x00\x00\x0bExport \
Logs\x07\x00\x00\x00\x08StartTa\
b\x01\x03\x00\x00\x00\x140\xa40\xf30\xb90\xc80\
\xfc0\xeb0\xd50\xa90\xeb0\xc0\x08\x00\x00\x00\x00\
\x06\x00\x00\x00\x0eInstall Fol\
der\x07\x00\x00\x00\x08StartTab\
\x01\x03\x00\x00\x00\x0e0\xed0\xb00\xd50\xa90\xeb\
0\xc00\xfc\x08\x00\x00\x00\x00\x06\x00\x00\x00\x0aLo\
g Folder\x07\x00\x00\x00\x08Sta\
rtTab\x01\x03\x00\x00\x00\x0a0\xed0\xb00\
\x92\x95\x8b0O\x08\x00\x00\x00\x00\x06\x00\x00\x00\x09O\
pen Logs\x07\x00\x00\x00\x08Sta\
rtTab\x01\x03\x00\x00\x00\x04\x00P\x00C\x08\
\x00\x00\x00\x00\x06\x00\x00\x00\x02PC\x07\x00\x00\x00\x08\
StartTab\x01\x03\x00\x00\x00\x06f\xf4\
e\xb0N-\x08\x00\x00\x00\x00\x06\x00\x00\x00\x0aRe\
freshing\x07\x00\x00\x00\x08Sta\
rtTab\x01\x03\x00\x00\x00\x1c0\xb90\xaf0\
\xea0\xfc0\xf30\xb70\xe70\xc30\xc80\xd50\
\xa90\xeb0\xc00\xfc\x08\x00\x00\x00\x00\x06\x00\x00\x00\
\x11Screenshot Fold\
er\x07\x00\x00\x00\x08StartTab\x01\
\x03\x00\x00\x00\x0a0\xed0\xb00\x92\x88hy:\x08\
\x00\x00\x00\x00\x06\x00\x00\x00\x08View Lo\
g\x07\x00\x00\x00\x08StartTab\x01\x03\
\x00\x00\x00R\x00N\x00P\x00Uc\xa8\x8a\xd60\xa8\
0\xe90\xfc0\x02\x00I\x00n\x00t\x00e\x00l\
\x00 \x00N\x00P\x00U0\xc90\xe90\xa40\xd0\
0\xfc0\x92f\xf4e\xb00Y0\x8b_\xc5\x89\x81\
0L0B0\x8b0K0\x820W0\x8c0~\
0[0\x930\x02\x08\x00\x00\x00\x00\x06\x00\x00\x00C\
NPU inferring Er\
ror, you might n\
eed to update th\
e Intel NPU driv\
er!\x07\x00\x00\x00\x04Task\x01\x03\x00\x00\
\x00\x060\xa80\xe90\xfc\x08\x00\x00\x00\x00\x06\x00\x00\
\x00\x05Error\x07\x00\x00\x00\x0bTask\
Buttons\x01\x03\x00\x00\x00Z0\xb20\
\xfc0\xe00\xa60\xa30\xf30\xc90\xa60Lc\
\xa5}\x9a0U0\x8c0f0D0~0[0\
\x930\x020\xb20\xfc0\xe00\xa60\xa30\xf30\
\xc90\xa60h0\xad0\xe30\xd70\xc10\xe3e\
\xb9l\xd50\x92\x90xb\x9e0W0f0O0\
`0U0D0\x02\x08\x00\x00\x00\x00\x06\x00\x00\x00\
OGame window is \
not connected, p\
lease select the\
 game window and\
 capture method.\
\x07\x00\x00\x00\x0bTaskButtons\
\x01\x03\x00\x00\x00\x08N\x00fBP\x5ckb\x08\x00\
\x00\x00\x00\x06\x00\x00\x00\x05Pause\x07\x00\x00\
\x00\x0bTaskButtons\x01\x03\x00\
\x00\x00\x04Q\x8d\x95\x8b\x08\x00\x00\x00\x00\x06\x00\x00\x00\
\x06Resume\x07\x00\x00\x00\x0bTask\
Buttons\x01\x03\x00\x00\x00\x04\x95\x8bY\
\xcb\x08\x00\x00\x00\x00\x06\x00\x00\x00\x05Start\
\x07\x00\x00\x00\x0bTaskButtons\
\x01\x03\x00\x00\x00\x04P\x5ckb\x08\x00\x00\x00\x00\x06\
\x00\x00\x00\x04Stop\x07\x00\x00\x00\x0bTas\
kButtons\x01\x03\x00\x00\x00\x1ag,\
_S0k\x00{\x00}0\x92RJ\x96d0W\
0~0Y0K\xff\x1f\x08\x00\x00\x00\x00\x06\x00\x00\
\x00\x22Are you sure y\
ou want to delet\
e {}\x07\x00\x00\x00\x08TaskCar\
d\x01\x03\x00\x00\x00\x04RJ\x96d\x08\x00\x00\x00\x00\
\x06\x00\x00\x00\x06Delete\x07\x00\x00\x00\x08\
TaskCard\x01\x03\x00\x00\x00\x0c0\xbf\
0\xb90\xaf0\x92RJ\x96d\x08\x00\x00\x00\x00\x06\
\x00\x00\x00\x0bDelete Task\x07\
\x00\x00\x00\x08TaskCard\x01\x03\x00\x00\
\x00\x04q!R\xb9\x08\x00\x00\x00\x00\x06\x00\x00\x00\x08\
Disabled\x07\x00\x00\x00\x08Tas\
kCard\x01\x03\x00\x00\x00\x04}\xe8\x96\xc6\x08\
\x00\x00\x00\x00\x06\x00\x00\x00\x04Edit\x07\x00\x00\
\x00\x08TaskCard\x01\x03\x00\x00\x00\x04\
g\x09R\xb9\x08\x00\x00\x00\x00\x06\x00\x00\x00\x07En\
abled\x07\x00\x00\x00\x08TaskCa\
rd\x01\x03\x00\x00\x00\x08O\x7fu(\x8a\xacf\x0e\
\x08\x00\x00\x00\x00\x06\x00\x00\x00\x0cInstru\
ctions\x07\x00\x00\x00\x08TaskC\
ard\x01\x03\x00\x00\x00\x08N\x00fBP\x5ck\
b\x08\x00\x00\x00\x00\x06\x00\x00\x00\x05Pause\
\x07\x00\x00\x00\x08TaskCard\x01\x03\x00\
\x00\x00\x0e\x8a-[\x9a0\x920\xea0\xbb0\xc30\
\xc8\x08\x00\x00\x00\x00\x06\x00\x00\x00\x0cReset\
 Config\x07\x00\x00\x00\x08Task\
Card\x01\x03\x00\x00\x00\x04Q\x8d\x95\x8b\x08\x00\
\x00\x00\x00\x06\x00\x00\x00\x06Resume\x07\x00\
\x00\x00\x08TaskCard\x01\x03\x00\x00\x00\
\x04\x95\x8bY\xcb\x08\x00\x00\x00\x00\x06\x00\x00\x00\x05S\
tart\x07\x00\x00\x00\x08TaskCar\
d\x01\x03\x00\x00\x00\x04P\x5ckb\x08\x00\x00\x00\x00\
\x06\x00\x00\x00\x04Stop\x07\x00\x00\x00\x08Ta\
skCard\x01\x03\x00\x00\x00,\x00{\x00t\
\x00a\x00s\x00k\x00_\x00n\x00a\x00m\x00e\
\x00}\x00 0\xbf0\xb90\xaf0n[\x8cN\x86\
0\x92_\x85j_N-\x08\x00\x00\x00\x00\x06\x00\x00\
\x00,Waiting for {t\
ask_name} task t\
o be completed\x07\x00\
\x00\x00\x08TaskCard\x01\x03\x00\x00\x00\
\x06q!R\xb9S\x16\x08\x00\x00\x00\x00\x06\x00\x00\x00\
\x07Disable\x07\x00\x00\x00\x0cTas\
kOpButton\x01\x03\x00\x00\x00\x06g\
\x09R\xb9S\x16\x08\x00\x00\x00\x00\x06\x00\x00\x00\x06E\
nable\x07\x00\x00\x00\x0cTaskOp\
Button\x01\x03\x00\x00\x00\x100\xa60\xa3\
0\xf30\xc90\xa60\x92\x90xb\x9e\x08\x00\x00\x00\
\x00\x06\x00\x00\x00\x0dChoose Win\
dow\x07\x00\x00\x00\x07TaskTab\x01\
\x03\x00\x00\x00\x06\x95\x890X0\x8b\x08\x00\x00\x00\x00\
\x06\x00\x00\x00\x05Close\x07\x00\x00\x00\x07T\
askTab\x01\x03\x00\x00\x00\x04[\x8cN\x86\
\x08\x00\x00\x00\x00\x06\x00\x00\x00\x09Comple\
ted\x07\x00\x00\x00\x07TaskTab\x01\
\x03\x00\x00\x00\x0c0\xbf0\xb90\xaf0\x92O\x5cb\
\x10\x08\x00\x00\x00\x00\x06\x00\x00\x00\x0bCreat\
e Task\x07\x00\x00\x00\x07TaskT\
ab\x01\x03\x00\x00\x00\x04`\xc5X1\x08\x00\x00\x00\
\x00\x06\x00\x00\x00\x04Info\x07\x00\x00\x00\x07T\
askTab\x01\x03\x00\x00\x00\x06[\x9f\x88L\
N-\x08\x00\x00\x00\x00\x06\x00\x00\x00\x07Runn\
ing\x07\x00\x00\x00\x07TaskTab\x01\
\x03\x00\x00\x00\x08}L\x90NfB\x95\x93\x08\x00\x00\
\x00\x00\x06\x00\x00\x00\x0cTime Elap\
sed\x07\x00\x00\x00\x07TaskTab\x01\
\x03\x00\x00\x00\x02P$\x08\x00\x00\x00\x00\x06\x00\x00\x00\
\x05Value\x07\x00\x00\x00\x07TaskT\
ab\x01\x03\x00\x00\x00\x0a0\xad0\xe30\xf30\xbb\
0\xeb\x08\x00\x00\x00\x00\x06\x00\x00\x00\x06Canc\
el\x07\x00\x00\x00\x13TemplateI\
nputDialog\x01\x03\x00\x00\x00\x04\
x\xba\x8a\x8d\x08\x00\x00\x00\x00\x06\x00\x00\x00\x07Co\
nfirm\x07\x00\x00\x00\x13Templa\
teInputDialog\x01\x03\x00\
\x00\x00&\x00'\x00{\x00}\x00'\x00 0\x92R\
J\x96d0W0f0\x820\x880\x8d0W0\
D0g0Y0K\xff\x1f\x08\x00\x00\x00\x00\x06\x00\
\x00\x00%Are you sure \
you want to dele\
te '{}'?\x07\x00\x00\x00\x0bTem\
plateTab\x01\x03\x00\x00\x00\x0a0\xad\
0\xe30\xf30\xbb0\xeb\x08\x00\x00\x00\x00\x06\x00\x00\
\x00\x06Cancel\x07\x00\x00\x00\x0bTem\
plateTab\x01\x03\x00\x00\x00\x0aRJ\
\x96d0nx\xba\x8a\x8d\x08\x00\x00\x00\x00\x06\x00\x00\
\x00\x0eConfirm Delete\
\x07\x00\x00\x00\x0bTemplateTab\
\x01\x03\x00\x00\x00\x04RJ\x96d\x08\x00\x00\x00\x00\x06\
\x00\x00\x00\x06Delete\x07\x00\x00\x00\x0bT\
emplateTab\x01\x03\x00\x00\x00$\
0\xd50\xec0\xfc0\xe00n0\xad0\xe30\xd7\
0\xc10\xe30kY1eW0W0~0W\
0_0\x02\x08\x00\x00\x00\x00\x06\x00\x00\x00\x18Fa\
iled to capture \
frame.\x07\x00\x00\x00\x0bTempl\
ateTab\x01\x03\x00\x00\x00\x180\xe90\xd9\
0\xebR\x17c\x190\xd50\xa10\xa40\xeb0\x92\
u\x1fb\x10\x08\x00\x00\x00\x00\x06\x00\x00\x00\x18Ge\
nerate label enu\
m file\x07\x00\x00\x00\x0bTempl\
ateTab\x01\x03\x00\x00\x00\x16u;P\xcf\
0LRJ\x96d0U0\x8c0~0W0_\
0\x02\x08\x00\x00\x00\x00\x06\x00\x00\x00\x0eImag\
e deleted.\x07\x00\x00\x00\x0bT\
emplateTab\x01\x03\x00\x00\x00D\
q!R\xb90jv\xf8[\xfe0\xd10\xb90g\
0Y0\x02O\x8b\x00:\x00 \x00o\x00k\x00_\
\x00t\x00a\x00s\x00k\x00s\x00/\x00L\x00a\
\x00b\x00e\x00l\x00E\x00n\x00u\x00m\x00.\
\x00p\x00y\x08\x00\x00\x00\x00\x06\x00\x00\x005In\
valid relative p\
ath. Example: ok\
_tasks/LabelEnum\
.py\x07\x00\x00\x00\x0bTemplate\
Tab\x01\x03\x00\x00\x00\x04j\x19l\xe8\x08\x00\x00\
\x00\x00\x06\x00\x00\x00\x06Markup\x07\x00\x00\
\x00\x0bTemplateTab\x01\x03\x00\
\x00\x00\x1aO\xdd[X0Y0\x8bj\x19l\xe80\
L0B0\x8a0~0[0\x930\x02\x08\x00\x00\
\x00\x00\x06\x00\x00\x00\x17No annota\
tions to save.\x07\x00\
\x00\x00\x0bTemplateTab\x01\x03\
\x00\x00\x00>0\xad0\xe30\xd70\xc10\xe3e\xb9\
l\xd50L0B0\x8a0~0[0\x930\x02\
QH0k0\xad0\xe30\xd70\xc10\xe30\x92\
\x95\x8bY\xcb0W0f0O0`0U0D\
0\x02\x08\x00\x00\x00\x00\x06\x00\x00\x008No c\
apture method av\
ailable. Please \
start capture fi\
rst.\x07\x00\x00\x00\x0bTemplat\
eTab\x01\x03\x00\x00\x00\x180\xc60\xf30\xd7\
0\xec0\xfc0\xc80L0B0\x8a0~0[\
0\x93\x08\x00\x00\x00\x00\x06\x00\x00\x00\x10No t\
emplates yet\x07\x00\x00\x00\
\x0bTemplateTab\x01\x03\x00\x00\
\x00\x04\x00O\x00K\x08\x00\x00\x00\x00\x06\x00\x00\x00\x02\
OK\x07\x00\x00\x00\x0bTemplateT\
ab\x01\x03\x00\x00\x0000\xd10\xb90o0\xef\
0\xfc0\xaf0\xb90\xda0\xfc0\xb90n0\xeb\
0\xfc0\xc80K0\x890nv\xf8[\xfe0\xd1\
0\xb90g0Y0\x02\x08\x00\x00\x00\x00\x06\x00\x00\
\x00'Path is relati\
ve to the worksp\
ace root.\x07\x00\x00\x00\x0bTe\
mplateTab\x01\x03\x00\x00\x00<v\
\xf8[\xfe0\xd10\xb9\xff\x08O\x8b\x00:\x00 \x00\
o\x00k\x00_\x00t\x00a\x00s\x00k\x00s\x00\
/\x00L\x00a\x00b\x00e\x00l\x00E\x00n\x00\
u\x00m\x00.\x00p\x00y\xff\x09\x08\x00\x00\x00\x00\
\x06\x00\x00\x00)Relative pa\
th, e.g. ok_task\
s/LabelEnum.py\x07\x00\
\x00\x00\x0bTemplateTab\x01\x03\
\x00\x00\x00\x04O\xdd[X\x08\x00\x00\x00\x00\x06\x00\x00\
\x00\x04Save\x07\x00\x00\x00\x0bTempl\
ateTab\x01\x03\x00\x00\x00\x06O\xdd[X\
QH\x08\x00\x00\x00\x00\x06\x00\x00\x00\x07Save\
 To\x07\x00\x00\x00\x0bTemplate\
Tab\x01\x03\x00\x00\x00\x1ckc^80kO\
\xdd[X0U0\x8c0~0W0_\x00:\x00\
 \x00{\x00}\x08\x00\x00\x00\x00\x06\x00\x00\x00\x22S\
ave completed su\
ccessfully to: {\
}\x07\x00\x00\x00\x0bTemplateTa\
b\x01\x03\x00\x00\x00\x120\xb90\xaf0\xea0\xfc0\
\xf30\xb70\xe70\xc30\xc8\x08\x00\x00\x00\x00\x06\x00\
\x00\x00\x0aScreenshot\x07\x00\x00\
\x00\x0bTemplateTab\x01\x03\x00\
\x00\x00(0\xb90\xaf0\xea0\xfc0\xf30\xb70\
\xe70\xc30\xc80\x92O\xdd[X0W0~0\
W0_\x00:\x00 \x00{\x00}\x08\x00\x00\x00\x00\
\x06\x00\x00\x00\x14Screenshot \
saved: {}\x07\x00\x00\x00\x0bTe\
mplateTab\x01\x03\x00\x00\x00\x1eT\
\x0dRM0~0_0o0\xab0\xc60\xb40\
\xea0gi\x1c}\x22\x00.\x00.\x00.\x08\x00\x00\
\x00\x00\x06\x00\x00\x00\x1dSearch by\
 name or categor\
y...\x07\x00\x00\x00\x0bTemplat\
eTab\x01\x03\x00\x00\x00\x04b\x10R\x9f\x08\x00\
\x00\x00\x00\x06\x00\x00\x00\x07Success\x07\
\x00\x00\x00\x0bTemplateTab\x01\
\x03\x00\x00\x00\x180\xb90\xaf0\xea0\xfc0\xf30\
\xb70\xe70\xc30\xc80\x92d\xae0\x8b\x08\x00\x00\
\x00\x00\x06\x00\x00\x00\x0fTake Scre\
enshot\x07\x00\x00\x00\x0bTempl\
ateTab\x01\x03\x00\x00\x00&\x00a\x00s\
\x00s\x00e\x00t\x00s\x00 \x00(0\xb90\xbf\
0\xf30\xc90\xa20\xed0\xf30\xa20\xd70\xea\
\x00)\x08\x00\x00\x00\x00\x06\x00\x00\x00\x17asse\
ts (standalone a\
pp)\x07\x00\x00\x00\x0bTemplate\
Tab\x01\x03\x00\x00\x006\x00o\x00k\x00_\x00\
t\x00a\x00s\x00k\x00s\x00/\x00a\x00s\x00\
s\x00e\x00t\x00s\x00 \x00(0\xab0\xb90\
\xbf0\xe00\xb90\xaf0\xea0\xd70\xc8\x00)\x08\
\x00\x00\x00\x00\x06\x00\x00\x00 ok_task\
s/assets (custom\
 scripts)\x07\x00\x00\x00\x0bTe\
mplateTab\x01\x03\x00\x00\x00\x0e0\
\xc60\xb90\xc8rH0\x92x\xba\x8a\x8d\x08\x00\x00\
\x00\x00\x06\x00\x00\x00\x12Check Tes\
t Version\x07\x00\x00\x00\x0aUp\
dateCard\x01\x03\x00\x00\x00\x0af\xf4\
e\xb00\x92x\xba\x8a\x8d\x08\x00\x00\x00\x00\x06\x00\x00\
\x00\x11Check for upda\
tes\x07\x00\x00\x00\x0aUpdateCa\
rd\x01\x03\x00\x00\x00\x16f\xf4e\xb00\x92x\xba\
\x8a\x8d0W0f0D0~0Y &\x08\x00\
\x00\x00\x00\x06\x00\x00\x00\x17Checking\
 for updates\xe2\x80\xa6\x07\
\x00\x00\x00\x0aUpdateCard\x01\x03\
\x00\x00\x00\x160\xaf0\xea0\xc30\xaf0W0f\
f\xf4e\xb00\x92x\xba\x8a\x8d\x08\x00\x00\x00\x00\x06\
\x00\x00\x00\x1aClick to che\
ck for updates\x07\x00\
\x00\x00\x0aUpdateCard\x01\x03\x00\
\x00\x00\x10s\xfeW(0n0\xd00\xfc0\xb80\
\xe70\xf3\x08\x00\x00\x00\x00\x06\x00\x00\x00\x0fCur\
rent version\x07\x00\x00\x00\
\x0aUpdateCard\x01\x03\x00\x00\x00\
\x0e0\xc00\xa60\xf30\xb00\xec0\xfc0\xc9\x08\
\x00\x00\x00\x00\x06\x00\x00\x00\x09Downgra\
de\x07\x00\x00\x00\x0aUpdateCar\
d\x01\x03\x00\x00\x00\x0c0\xc00\xa60\xf30\xed0\
\xfc0\xc9\x08\x00\x00\x00\x00\x06\x00\x00\x00\x08Dow\
nload\x07\x00\x00\x00\x0aUpdate\
Card\x01\x03\x00\x00\x000f\xf4e\xb00\xce\
0\xfc0\xc80n\x8a\x08{\x970kY1eW\
0W0~0W0_\x00:\x00 \x00{\x00e\
\x00r\x00r\x00o\x00r\x00}\x08\x00\x00\x00\x00\x06\
\x00\x00\x00)Failed to ca\
lculate update n\
otes: {error}\x07\x00\x00\
\x00\x0aUpdateCard\x01\x03\x00\x00\
\x0000\xd00\xfc0\xb80\xe70\xf30nY\x09\
f\xf40kY1eW0W0~0W0_\
\x00:\x00 \x00{\x00e\x00r\x00r\x00o\x00r\
\x00}\x08\x00\x00\x00\x00\x06\x00\x00\x00!Fail\
ed to change ver\
sion: {error}\x07\x00\x00\
\x00\x0aUpdateCard\x01\x03\x00\x00\
\x00*f\xf4e\xb00nx\xba\x8a\x8d0kY1\
eW0W0~0W0_\x00:\x00 \x00{\
\x00e\x00r\x00r\x00o\x00r\x00}\x08\x00\x00\x00\
\x00\x06\x00\x00\x00$Failed to \
check for update\
s: {error}\x07\x00\x00\x00\x0aU\
pdateCard\x01\x03\x00\x00\x00\x1c0\
\xea0\xea0\xfc0\xb90\xce0\xfc0\xc80o0\
B0\x8a0~0[0\x930\x02\x08\x00\x00\x00\x00\
\x06\x00\x00\x00\x11No release \
notes.\x07\x00\x00\x00\x0aUpdat\
eCard\x01\x03\x00\x00\x00\x1cR)u(S\
\xef\x80\xfd0jf\xf4e\xb00o0B0\x8a0\
~0[0\x930\x02\x08\x00\x00\x00\x00\x06\x00\x00\x00\
\x15No updates avai\
lable.\x07\x00\x00\x00\x0aUpdat\
eCard\x01\x03\x00\x00\x00\x22R)u(S\
\xef\x80\xfd0j0\xd00\xfc0\xb80\xe70\xf30\
o0B0\x8a0~0[0\x930\x02\x08\x00\x00\
\x00\x00\x06\x00\x00\x00\x1aNo versio\
ns are available\
.\x07\x00\x00\x00\x0aUpdateCard\
\x01\x03\x00\x00\x002\x00{\x00v\x00e\x00r\x00s\
\x00i\x00o\x00n\x00}\x00 0x0nR\x07\
0\x8af\xff0H0\x92\x95\x8bY\xcb0W0f\
0D0~0Y &\x08\x00\x00\x00\x00\x06\x00\x00\
\x00\x1fStarting chang\
e to {version}\xe2\x80\
\xa6\x07\x00\x00\x00\x0aUpdateCard\
\x01\x03\x00\x00\x00\x04f\xf4e\xb0\x08\x00\x00\x00\x00\x06\
\x00\x00\x00\x06Update\x07\x00\x00\x00\x0aU\
pdateCard\x01\x03\x00\x00\x00@0\
S0n\x00 \x00P\x00y\x00A\x00p\x00p\x00\
i\x00f\x00y\x00 0\xd00\xfc0\xb80\xe70\
\xf30of\xf4e\xb0x\xba\x8a\x8d0k[\xfe_\
\xdc0W0f0D0~0[0\x930\x02\x08\
\x00\x00\x00\x00\x06\x00\x00\x00:Update \
checking is not \
supported by thi\
s PyAppify versi\
on.\x07\x00\x00\x00\x0aUpdateCa\
rd\x01\x03\x00\x00\x00<f\xf4e\xb0\x89\x81lB\
0\x92S\xd70QN\xd80Q0~0W0_\
0\x02\x90iu(0Y0\x8b0_0\x810\xa2\
0\xd70\xea0\x92Q\x8d\x8dwR\xd50W0~\
0Y0\x02\x08\x00\x00\x00\x00\x06\x00\x00\x00:Up\
date request acc\
epted. The app w\
ill restart to a\
pply it.\x07\x00\x00\x00\x0aUpd\
ateCard\x01\x03\x00\x00\x00&f\xf4e\
\xb00\xce0\xfc0\xc80n\x8a\x08{\x970k0\
o[\xfe_\xdc0W0f0D0~0[0\
\x930\x02\x08\x00\x00\x00\x00\x06\x00\x00\x00)Upd\
ate-note calcula\
tion is not supp\
orted.\x07\x00\x00\x00\x0aUpdat\
eCard\x01\x03\x00\x00\x00<0S0n\x00\
 \x00P\x00y\x00A\x00p\x00p\x00i\x00f\x00\
y\x00 0\xd00\xfc0\xb80\xe70\xf30of\
\xf4e\xb00k[\xfe_\xdc0W0f0D0\
~0[0\x930\x02\x08\x00\x00\x00\x00\x06\x00\x00\x00\
3Updating is not\
 supported by th\
is PyAppify vers\
ion.\x07\x00\x00\x00\x0aUpdateC\
ard\x01\x03\x00\x00\x00\x0a0\xd00\xfc0\xb80\
\xe70\xf3\x08\x00\x00\x00\x00\x06\x00\x00\x00\x07Ver\
sion\x07\x00\x00\x00\x0aUpdateC\
ard\x01\x03\x00\x00\x00D\x00{\x00v\x00e\x00\
r\x00s\x00i\x00o\x00n\x00}\x00 \x00{\x00\
t\x00y\x00p\x00e\x00}0k0\xa20\xc30\
\xd70\xc70\xfc0\xc80W0f0\x820\x880\
\x8d0W0D0g0Y0K\xff\x1f\x08\x00\x00\
\x00\x00\x06\x00\x00\x004Are you s\
ure you want to \
update to {versi\
on} {type}?\x07\x00\x00\x00\x0b\
VersionCard\x01\x03\x00\x00\x00\
,0\xa20\xc30\xd70\xc70\xfc0\xc80nx\
\xba\x8a\x8dN-0k0\xa80\xe90\xfc0Lv\
zu\x1f0W0~0W0_\xff\x01\x08\x00\x00\
\x00\x00\x06\x00\x00\x00\x17Check for\
 update error!\x07\x00\
\x00\x00\x0bVersionCard\x01\x03\
\x00\x00\x00\x120\xa20\xc30\xd70\xc70\xfc0\xc8\
0\x92x\xba\x8a\x8d\x08\x00\x00\x00\x00\x06\x00\x00\x00\x11\
Check for update\
s\x07\x00\x00\x00\x0bVersionCar\
d\x01\x03\x00\x00\x00\x140\xa20\xc30\xd70\xc70\
\xfc0\xc80\x92x\xba\x8a\x8dN-\x08\x00\x00\x00\x00\
\x06\x00\x00\x00\x14Checking fo\
r updates\x07\x00\x00\x00\x0bVe\
rsionCard\x01\x03\x00\x00\x00\x080\
\xc70\xd00\xc30\xb0\x08\x00\x00\x00\x00\x06\x00\x00\x00\
\x05Debug\x07\x00\x00\x00\x0bVersi\
onCard\x01\x03\x00\x00\x00<0\xc00\xa6\
0\xf30\xed0\xfc0\xc9N-\x00:\x00 \x00{\
\x00p\x00r\x00o\x00g\x00r\x00e\x00s\x00s\
\x00}\x00 \x00{\x00p\x00e\x00r\x00c\x00e\
\x00n\x00t\x00}\x00%\x08\x00\x00\x00\x00\x06\x00\x00\
\x00!Downloading {p\
rogress} {percen\
t}%\x07\x00\x00\x00\x0bVersionC\
ard\x01\x03\x00\x00\x00\x22e\xb00W0D0\
\xd00\xfc0\xb80\xe70\xf30L\x89\x8b0d0\
K0\x8a0~0W0_\xff\x01\x08\x00\x00\x00\x00\
\x06\x00\x00\x00\x12Found new v\
ersion!\x07\x00\x00\x00\x0bVers\
ionCard\x01\x03\x00\x00\x00\x04`\xc5X\
1\x08\x00\x00\x00\x00\x06\x00\x00\x00\x04Info\x07\
\x00\x00\x00\x0bVersionCard\x01\
\x03\x00\x00\x00\x080\xea0\xea0\xfc0\xb9\x08\x00\x00\
\x00\x00\x06\x00\x00\x00\x07Release\x07\x00\
\x00\x00\x0bVersionCard\x01\x03\
\x00\x00\x00\x1a0S0\x8c0og\x00e\xb00\xd0\
0\xfc0\xb80\xe70\xf30g0Y\xff\x01\x08\x00\
\x00\x00\x00\x06\x00\x00\x00\x1bThis is \
the newest versi\
on!\x07\x00\x00\x00\x0bVersionC\
ard\x01\x03\x00\x00\x00\x12N\xca0Y0P0\
\xa20\xc30\xd70\xc70\xfc0\xc8\x08\x00\x00\x00\x00\
\x06\x00\x00\x00\x0aUpdate Now\x07\
\x00\x00\x00\x0bVersionCard\x01\
\x03\x00\x00\x00.\x00{\x00v\x00e\x00r\x00s\x00\
i\x00o\x00n\x00}\x00 \x00{\x00t\x00y\x00\
p\x00e\x00}0k0\xa20\xc30\xd70\xc70\
\xfc0\xc8\x08\x00\x00\x00\x00\x06\x00\x00\x00\x1aUpd\
ate to {version}\
 {type}\x07\x00\x00\x00\x0bVers\
ionCard\x01\x03\x00\x00\x00D0\xbf0\
\xb90\xaf0\x010\xc80\xea0\xac0\xfc0\x010\
\xe90\xf30\xbf0\xa40\xe00\xa40\xd90\xf30\
\xc80n0\xed0\xfc0\xab0\xeb0\xb30\xf30\
\xc80\xed0\xfc0\xeb0\xbb0\xf30\xbf0\xfc0\
\x02\x08\x00\x00\x00\x00\x06\x00\x00\x00?A loc\
al command cente\
r for tasks, tri\
ggers, and runti\
me events.\x07\x00\x00\x00\x05W\
ebUI\x01\x03\x00\x00\x00\x04i\x82\x89\x81\x08\x00\
\x00\x00\x00\x06\x00\x00\x00\x05About\x07\x00\x00\
\x00\x05WebUI\x01\x03\x00\x00\x00\x12d\xcdO\
\x5c0kY1eW0W0~0W0_\x08\
\x00\x00\x00\x00\x06\x00\x00\x00\x0dAction \
failed\x07\x00\x00\x00\x05WebUI\
\x01\x03\x00\x00\x00\x04d\xcdO\x5c\x08\x00\x00\x00\x00\x06\
\x00\x00\x00\x07Actions\x07\x00\x00\x00\x05\
WebUI\x01\x03\x00\x00\x00\x04\x8f\xfdR\xa0\x08\
\x00\x00\x00\x00\x06\x00\x00\x00\x03Add\x07\x00\x00\x00\
\x05WebUI\x01\x03\x00\x00\x00\x08Qh0\xec\
0\xd90\xeb\x08\x00\x00\x00\x00\x06\x00\x00\x00\x0aAl\
l Levels\x07\x00\x00\x00\x05Web\
UI\x01\x03\x00\x00\x00\x0a0\xa20\xd70\xea\x8a-\
[\x9a\x08\x00\x00\x00\x00\x06\x00\x00\x00\x0aApp \
Config\x07\x00\x00\x00\x05WebUI\
\x01\x03\x00\x00\x00\x0c0\xa20\xd70\xea0nf\xf4\
e\xb0\x08\x00\x00\x00\x00\x06\x00\x00\x00\x0aApp \
update\x07\x00\x00\x00\x05WebUI\
\x01\x03\x00\x00\x00\x0e0\xa20\xd70\xea0n0\xc6\
0\xfc0\xde\x08\x00\x00\x00\x00\x06\x00\x00\x00\x11Ap\
plication Theme\x07\
\x00\x00\x00\x05WebUI\x01\x03\x00\x00\x00\x1e0\
\xa20\xfc0\xaf0\xca0\xa40\xc4\xff\x1a0\xa80\
\xf30\xc90\xd50\xa30\xfc0\xeb0\xc9\x08\x00\x00\
\x00\x00\x06\x00\x00\x00\x13Arknights\
: Endfield\x07\x00\x00\x00\x05W\
ebUI\x01\x03\x00\x00\x00(\x00A\x00u\x00t\
\x00o\x00 \x00E\x00x\x00i\x00t\x00 \x00A\
\x00f\x00t\x00e\x00r\x00 \x00T\x00a\x00s\
\x00k\x08\x00\x00\x00\x00\x06\x00\x00\x00\x14Auto\
 Exit After Task\
\x07\x00\x00\x00\x05WebUI\x01\x03\x00\x00\x00\x12\
\x81\xeaR\xd5S\x160\xb30\xf30\xc80\xed0\xfc\
0\xeb\x08\x00\x00\x00\x00\x06\x00\x00\x00\x12Auto\
mation control\x07\x00\
\x00\x00\x05WebUI\x01\x03\x00\x00\x00\x14R)\
u(S\xef\x80\xfd0j0\xaa0\xd70\xb70\xe7\
0\xf3\x08\x00\x00\x00\x00\x06\x00\x00\x00\x11Avai\
lable Options\x07\x00\x00\
\x00\x05WebUI\x01\x03\x00\x00\x00\x04b;0\
\x8b\x08\x00\x00\x00\x00\x06\x00\x00\x00\x04Back\x07\
\x00\x00\x00\x05WebUI\x01\x03\x00\x00\x00\x160\
\xd00\xa60\xf30\xc70\xa30\xf30\xb00\xdc0\
\xc30\xaf0\xb9\x08\x00\x00\x00\x00\x06\x00\x00\x00\x0cB\
ounding Box\x07\x00\x00\x00\x05\
WebUI\x01\x03\x00\x00\x00\x0a0\xad0\xe30\
\xf30\xbb0\xeb\x08\x00\x00\x00\x00\x06\x00\x00\x00\x06C\
ancel\x07\x00\x00\x00\x05WebUI\x01\
\x03\x00\x00\x00\x0a0\xad0\xe30\xd70\xc10\xe3\x08\
\x00\x00\x00\x00\x06\x00\x00\x00\x07Capture\
\x07\x00\x00\x00\x05WebUI\x01\x03\x00\x00\x00\x0e\
0\xad0\xe30\xd70\xc10\xe3e\xb9l\xd5\x08\x00\
\x00\x00\x00\x06\x00\x00\x00\x0eCapture \
Method\x07\x00\x00\x00\x05WebUI\
\x01\x03\x00\x00\x00\x140\xad0\xe30\xd70\xc10\xe3\
0\xd70\xec0\xd30\xe50\xfc\x08\x00\x00\x00\x00\x06\
\x00\x00\x00\x0fCapture Prev\
iew\x07\x00\x00\x00\x05WebUI\x01\x03\x00\
\x00\x00\x180\xad0\xe30\xd70\xc10\xe30W0\
_0\xb20\xfc0\xe0u;\x97b\x08\x00\x00\x00\x00\
\x06\x00\x00\x00\x13Captured ga\
me frame\x07\x00\x00\x00\x05Web\
UI\x01\x03\x00\x00\x00\x0a0\xab0\xc60\xb40\xea\
T\x0d\x08\x00\x00\x00\x00\x06\x00\x00\x00\x0dCate\
gory name\x07\x00\x00\x00\x05We\
bUI\x01\x03\x00\x00\x00\x1c0\xa20\xd70\xea0\
\xb10\xfc0\xb70\xe70\xf30nY\x16\x89\xb30\
\x92Y\x09f\xf4\x08\x00\x00\x00\x00\x06\x00\x00\x00(C\
hange the appear\
ance of the appl\
ication\x07\x00\x00\x00\x05WebU\
I\x01\x03\x00\x00\x00\x140\xab0\xaa0\xb90\xbc0\
\xed0\xca0\xa40\xc80\xe10\xa2\x08\x00\x00\x00\x00\
\x06\x00\x00\x00\x14Chaos Zero \
Nightmare\x07\x00\x00\x00\x05We\
bUI\x01\x03\x00\x00\x00\x120\xad0\xe30\xe90\
\xaf0\xbf0\xfc0\xb30\xfc0\xc9\x08\x00\x00\x00\x00\
\x06\x00\x00\x00\x0eCharacter C\
ode\x07\x00\x00\x00\x05WebUI\x01\x03\x00\
\x00\x00\x100\xad0\xe30\xe90\xaf0\xbf0\xfc\x8a\
-[\x9a\x08\x00\x00\x00\x00\x06\x00\x00\x00\x12Cha\
racter Settings\x07\
\x00\x00\x00\x05WebUI\x01\x03\x00\x00\x00\x0e0\
\xc60\xb90\xc8rH0\x92x\xba\x8a\x8d\x08\x00\x00\
\x00\x00\x06\x00\x00\x00\x12Check Tes\
t Version\x07\x00\x00\x00\x05We\
bUI\x01\x03\x00\x00\x00\x0af\xf4e\xb00\x92x\
\xba\x8a\x8d\x08\x00\x00\x00\x00\x06\x00\x00\x00\x11Che\
ck for updates\x07\x00\
\x00\x00\x05WebUI\x01\x03\x00\x00\x00\x16f\xf4\
e\xb00\x92x\xba\x8a\x8d0W0f0D0~\
0Y &\x08\x00\x00\x00\x00\x06\x00\x00\x00\x17Ch\
ecking for updat\
es\xe2\x80\xa6\x07\x00\x00\x00\x05WebUI\x01\
\x03\x00\x00\x00\x0ed\xcdO\x5ce\xb9l\xd50n\x90\
xb\x9e\x08\x00\x00\x00\x00\x06\x00\x00\x00\x12Cho\
ose Interaction\x07\
\x00\x00\x00\x05WebUI\x01\x03\x00\x00\x00\x0e0\
\xbf0\xb90\xaf0\x92\x90xb\x9e\x00:\x08\x00\x00\
\x00\x00\x06\x00\x00\x00\x0cChoose Ta\
sk:\x07\x00\x00\x00\x05WebUI\x01\x03\x00\
\x00\x00\x100\xa60\xa30\xf30\xc90\xa60\x92\x90\
xb\x9e\x08\x00\x00\x00\x00\x06\x00\x00\x00\x0dCho\
ose Window\x07\x00\x00\x00\x05W\
ebUI\x01\x03\x00\x00\x00\x160\xaf0\xe90\xb9\
T\x0d\x00 \x00(\x82\xf1\x8a\x9e0n0\x7f\x00)\
\x08\x00\x00\x00\x00\x06\x00\x00\x00\x19Class \
Name (English on\
ly)\x07\x00\x00\x00\x05WebUI\x01\x03\x00\
\x00\x00\x060\xaf0\xea0\xa2\x08\x00\x00\x00\x00\x06\x00\
\x00\x00\x05Clear\x07\x00\x00\x00\x05Web\
UI\x01\x03\x00\x00\x00\x160\xaf0\xea0\xc30\xaf\
0W0ff\xf4e\xb00\x92x\xba\x8a\x8d\x08\x00\
\x00\x00\x00\x06\x00\x00\x00\x1aClick to\
 check for updat\
es\x07\x00\x00\x00\x05WebUI\x01\x03\x00\x00\
\x00\x06\x95\x890X0\x8b\x08\x00\x00\x00\x00\x06\x00\x00\
\x00\x05Close\x07\x00\x00\x00\x05WebU\
I\x01\x03\x00\x00\x00\x04[\x8cN\x86\x08\x00\x00\x00\x00\
\x06\x00\x00\x00\x09Completed\x07\x00\
\x00\x00\x05WebUI\x01\x03\x00\x00\x00\x04x\xba\
\x8a\x8d\x08\x00\x00\x00\x00\x06\x00\x00\x00\x07Conf\
irm\x07\x00\x00\x00\x05WebUI\x01\x03\x00\
\x00\x00\x0aRJ\x96d0nx\xba\x8a\x8d\x08\x00\x00\
\x00\x00\x06\x00\x00\x00\x0eConfirm D\
elete\x07\x00\x00\x00\x05WebUI\x01\
\x03\x00\x00\x00\x0e0\xbf0\xb90\xaf0\x920\xb30\
\xd40\xfc\x08\x00\x00\x00\x00\x06\x00\x00\x00\x09Cop\
y Task\x07\x00\x00\x00\x05WebUI\
\x01\x03\x00\x00\x00\x140\xed0\xb00\x92\x8a\xad0\x7f\
\x8f\xbc0\x810~0[0\x93\x08\x00\x00\x00\x00\x06\
\x00\x00\x00\x13Could not lo\
ad logs\x07\x00\x00\x00\x05WebU\
I\x01\x03\x00\x00\x00 \x81\xeaR\xd5S\x160\xe90\
\xf30\xbf0\xa40\xe00kc\xa5}\x9a0g0\
M0~0[0\x93\x08\x00\x00\x00\x00\x06\x00\x00\x00\
&Could not reach\
 the automation \
runtime\x07\x00\x00\x00\x05WebU\
I\x01\x03\x00\x00\x00\x04O\x5cb\x10\x08\x00\x00\x00\x00\
\x06\x00\x00\x00\x06Create\x07\x00\x00\x00\x05\
WebUI\x01\x03\x00\x00\x00\x10e\xb0\x89\x8f0\
\xbf0\xb90\xaf0\x92O\x5cb\x10\x08\x00\x00\x00\x00\
\x06\x00\x00\x00\x0fCreate New \
Task\x07\x00\x00\x00\x05WebUI\x01\x03\
\x00\x00\x00\x180\xb90\xb10\xb80\xe50\xfc0\xeb\
0\xbf0\xb90\xaf0\x92O\x5cb\x10\x08\x00\x00\x00\
\x00\x06\x00\x00\x00\x14Create Sch\
edule Task\x07\x00\x00\x00\x05W\
ebUI\x01\x03\x00\x00\x00\x0c0\xbf0\xb90\xaf\
0\x92O\x5cb\x10\x08\x00\x00\x00\x00\x06\x00\x00\x00\x0b\
Create Task\x07\x00\x00\x00\x05\
WebUI\x01\x03\x00\x00\x00\x16\x00C\x00u\x00\
r\x00r\x00e\x00n\x00t\x00 \x00A\x00p\x00\
p\x08\x00\x00\x00\x00\x06\x00\x00\x00\x0bCurre\
nt App\x07\x00\x00\x00\x05WebUI\
\x01\x03\x00\x00\x00\x0cs\xfeW(0n0\xbf0\xb9\
0\xaf\x08\x00\x00\x00\x00\x06\x00\x00\x00\x0cCurr\
ent task\x07\x00\x00\x00\x05Web\
UI\x01\x03\x00\x00\x00\x10s\xfeW(0n0\xd0\
0\xfc0\xb80\xe70\xf3\x08\x00\x00\x00\x00\x06\x00\x00\
\x00\x0fCurrent versio\
n\x07\x00\x00\x00\x05WebUI\x01\x03\x00\x00\x00\
\x060\xc00\xfc0\xaf\x08\x00\x00\x00\x00\x06\x00\x00\x00\
\x04Dark\x07\x00\x00\x00\x05WebUI\x01\
\x03\x00\x00\x00\x02e\xe5\x08\x00\x00\x00\x00\x06\x00\x00\x00\
\x04Days\x07\x00\x00\x00\x05WebUI\x01\
\x03\x00\x00\x00\x080\xc70\xd00\xc30\xb0\x08\x00\x00\
\x00\x00\x06\x00\x00\x00\x05Debug\x07\x00\x00\x00\
\x05WebUI\x01\x03\x00\x00\x00\x04RJ\x96d\
\x08\x00\x00\x00\x00\x06\x00\x00\x00\x06Delete\
\x07\x00\x00\x00\x05WebUI\x01\x03\x00\x00\x00\x0c\
0\xbf0\xb90\xaf0\x92RJ\x96d\x08\x00\x00\x00\
\x00\x06\x00\x00\x00\x0bDelete Tas\
k\x07\x00\x00\x00\x05WebUI\x01\x03\x00\x00\x00\
\x0e\x8a\xacf\x0e\x00 \x00(N\xfba\x0f\x00)\x08\
\x00\x00\x00\x00\x06\x00\x00\x00\x16Descrip\
tion (Optional)\x07\
\x00\x00\x00\x05WebUI\x01\x03\x00\x00\x00\x100\
\xdc0\xc30\xaf0\xb90\x92q!R\xb9S\x16\x08\
\x00\x00\x00\x00\x06\x00\x00\x00\x0dDisable\
 Boxes\x07\x00\x00\x00\x05WebUI\
\x01\x03\x00\x00\x00\x04q!R\xb9\x08\x00\x00\x00\x00\x06\
\x00\x00\x00\x08Disabled\x07\x00\x00\x00\
\x05WebUI\x01\x03\x00\x00\x00\x08QM\x8c\xac\
N\x8b\x98\x05\x08\x00\x00\x00\x00\x06\x00\x00\x00\x0aDi\
sclaimer\x07\x00\x00\x00\x05Web\
UI\x01\x03\x00\x00\x00\x04R\x07e\xad\x08\x00\x00\x00\
\x00\x06\x00\x00\x00\x0cDisconnect\
ed\x07\x00\x00\x00\x05WebUI\x01\x03\x00\x00\
\x00\x0e\x00D\x00i\x00s\x00c\x00o\x00r\x00d\
\x08\x00\x00\x00\x00\x06\x00\x00\x00\x07Discor\
d\x07\x00\x00\x00\x05WebUI\x01\x03\x00\x00\x00\
\x0e0\xc00\xa60\xf30\xb00\xec0\xfc0\xc9\x08\
\x00\x00\x00\x00\x06\x00\x00\x00\x09Downgra\
de\x07\x00\x00\x00\x05WebUI\x01\x03\x00\x00\
\x00\x160\xc70\xe50\xa80\xc30\xc80\xca0\xa4\
0\xc80\xa20\xd30\xb9\x08\x00\x00\x00\x00\x06\x00\x00\
\x00\x10Duet Night Aby\
ss\x07\x00\x00\x00\x05WebUI\x01\x03\x00\x00\
\x00\x100\xdc0\xc30\xaf0\xb90\x92g\x09R\xb9\
S\x16\x08\x00\x00\x00\x00\x06\x00\x00\x00\x0cEnab\
le Boxes\x07\x00\x00\x00\x05Web\
UI\x01\x03\x00\x00\x00\x04g\x09R\xb9\x08\x00\x00\x00\
\x00\x06\x00\x00\x00\x07Enabled\x07\x00\x00\
\x00\x05WebUI\x01\x03\x00\x00\x00\x100\xa80\
\xb00\xbc0\xad0\xe50\xfc0\xbf0\xfc\x08\x00\x00\
\x00\x00\x06\x00\x00\x00\x08Executor\x07\
\x00\x00\x00\x05WebUI\x01\x03\x00\x00\x00\x120\
\xed0\xb00\x920\xa80\xaf0\xb90\xdd0\xfc0\
\xc8\x08\x00\x00\x00\x00\x06\x00\x00\x00\x0bExpor\
t Logs\x07\x00\x00\x00\x05WebUI\
\x01\x03\x00\x00\x00\x06\x00F\x00A\x00Q\x08\x00\x00\x00\
\x00\x06\x00\x00\x00\x03FAQ\x07\x00\x00\x00\x05We\
bUI\x01\x03\x00\x00\x0000\xd00\xfc0\xb80\
\xe70\xf30nY\x09f\xf40kY1eW0\
W0~0W0_\x00:\x00 \x00{\x00e\x00\
r\x00r\x00o\x00r\x00}\x08\x00\x00\x00\x00\x06\x00\
\x00\x00!Failed to cha\
nge version: {er\
ror}\x07\x00\x00\x00\x05WebUI\x01\x03\
\x00\x00\x00*f\xf4e\xb00nx\xba\x8a\x8d0k\
Y1eW0W0~0W0_\x00:\x00 \
\x00{\x00e\x00r\x00r\x00o\x00r\x00}\x08\x00\
\x00\x00\x00\x06\x00\x00\x00$Failed t\
o check for upda\
tes: {error}\x07\x00\x00\x00\
\x05WebUI\x01\x03\x00\x00\x00\x080\xd50\xa1\
0\xa40\xeb\x08\x00\x00\x00\x00\x06\x00\x00\x00\x04Fi\
le\x07\x00\x00\x00\x05WebUI\x01\x03\x00\x00\
\x00\x160\xed0\xb00\x920\xd50\xa30\xeb0\xbf\
0\xfc\x00.\x00.\x00.\x08\x00\x00\x00\x00\x06\x00\x00\
\x00\x0eFilter logs...\
\x07\x00\x00\x00\x05WebUI\x01\x03\x00\x00\x00\x10\
0\xbf0\xb90\xaf0\x92}^0\x8a\x8f\xbc0\x80\
\x08\x00\x00\x00\x00\x06\x00\x00\x00\x0cFilter\
 tasks\x07\x00\x00\x00\x05WebUI\
\x01\x03\x00\x00\x00\x100\xb20\xfc0\xe00\xdb0\xc3\
0\xc80\xad0\xfc\x08\x00\x00\x00\x00\x06\x00\x00\x00\x0c\
Game Hotkeys\x07\x00\x00\x00\
\x05WebUI\x01\x03\x00\x00\x00\x180\xe90\xd9\
0\xebR\x17c\x190\xd50\xa10\xa40\xeb0\x92\
u\x1fb\x10\x08\x00\x00\x00\x00\x06\x00\x00\x00\x18Ge\
nerate label enu\
m file\x07\x00\x00\x00\x05WebUI\
\x01\x03\x00\x00\x00\x180\xc90\xfc0\xeb0\xba0\xd5\
0\xed0\xf30\xc80\xe90\xa40\xf3\x002\x08\x00\
\x00\x00\x00\x06\x00\x00\x00\x12Girls' F\
rontline 2\x07\x00\x00\x00\x05W\
ebUI\x01\x03\x00\x00\x00\x0c\x00G\x00i\x00t\
\x00H\x00u\x00b\x08\x00\x00\x00\x00\x06\x00\x00\x00\x06\
GitHub\x07\x00\x00\x00\x05WebUI\
\x01\x03\x00\x00\x00\x060\xac0\xa40\xc9\x08\x00\x00\x00\
\x00\x06\x00\x00\x00\x05Guide\x07\x00\x00\x00\x05\
WebUI\x01\x03\x00\x00\x00\x04fB\x95\x93\x08\
\x00\x00\x00\x00\x06\x00\x00\x00\x04Hour\x07\x00\x00\
\x00\x05WebUI\x01\x03\x00\x00\x00\x04fB\x95\
\x93\x08\x00\x00\x00\x00\x06\x00\x00\x00\x05Hours\
\x07\x00\x00\x00\x05WebUI\x01\x03\x00\x00\x00\x08\
0\xa20\xa40\xc90\xeb\x08\x00\x00\x00\x00\x06\x00\x00\
\x00\x04Idle\x07\x00\x00\x00\x05WebUI\
\x01\x03\x00\x00\x00\x140\xa40\xf30\xb90\xc80\xfc\
0\xeb0\xd50\xa90\xeb0\xc0\x08\x00\x00\x00\x00\x06\
\x00\x00\x00\x0eInstall Fold\
er\x07\x00\x00\x00\x05WebUI\x01\x03\x00\x00\
\x00\x08O\x7fu(\x8a\xacf\x0e\x08\x00\x00\x00\x00\x06\
\x00\x00\x00\x0cInstructions\
\x07\x00\x00\x00\x05WebUI\x01\x03\x00\x00\x00\x04\
\x8a\x00\x8a\x9e\x08\x00\x00\x00\x00\x06\x00\x00\x00\x08La\
nguage\x07\x00\x00\x00\x05WebUI\
\x01\x03\x00\x00\x00\x18g\x00e\xb0\x001\x000\x000\
N\xf60n0\xe10\xc30\xbb0\xfc0\xb8\x08\x00\
\x00\x00\x00\x06\x00\x00\x00\x13Latest 1\
00 messages\x07\x00\x00\x00\x05\
WebUI\x01\x03\x00\x00\x00\x060\xe90\xa40\
\xc8\x08\x00\x00\x00\x00\x06\x00\x00\x00\x05Light\
\x07\x00\x00\x00\x05WebUI\x01\x03\x00\x00\x00\x06\
0\xe90\xa40\xd6\x08\x00\x00\x00\x00\x06\x00\x00\x00\x04\
Live\x07\x00\x00\x00\x05WebUI\x01\x03\
\x00\x00\x00\x0e0\xe90\xa40\xd60\xa40\xd90\xf3\
0\xc8\x08\x00\x00\x00\x00\x06\x00\x00\x00\x0bLive\
 events\x07\x00\x00\x00\x05WebU\
I\x01\x03\x00\x00\x00\x080\xed0\xfc0\xc9N-\x08\
\x00\x00\x00\x00\x06\x00\x00\x00\x07Loading\
\x07\x00\x00\x00\x05WebUI\x01\x03\x00\x00\x00\x0e\
0\xed0\xb00\xd50\xa90\xeb0\xc00\xfc\x08\x00\
\x00\x00\x00\x06\x00\x00\x00\x0aLog Fold\
er\x07\x00\x00\x00\x05WebUI\x01\x03\x00\x00\
\x00\x0a0\xed0\xb00\xec0\xd90\xeb\x08\x00\x00\x00\
\x00\x06\x00\x00\x00\x09Log level\x07\
\x00\x00\x00\x05WebUI\x01\x03\x00\x00\x00\x04j\
\x19l\xe8\x08\x00\x00\x00\x00\x06\x00\x00\x00\x06Mar\
kup\x07\x00\x00\x00\x05WebUI\x01\x03\x00\
\x00\x00\x06g\x00Y'S\x16\x08\x00\x00\x00\x00\x06\x00\
\x00\x00\x08Maximize\x07\x00\x00\x00\x05\
WebUI\x01\x03\x00\x00\x00\x06g\x00\x5c\x0fS\
\x16\x08\x00\x00\x00\x00\x06\x00\x00\x00\x08Minim\
ize\x07\x00\x00\x00\x05WebUI\x01\x03\x00\
\x00\x00\x02R\x06\x08\x00\x00\x00\x00\x06\x00\x00\x00\x06M\
inute\x07\x00\x00\x00\x05WebUI\x01\
\x03\x00\x00\x00\x04O\xeekc\x08\x00\x00\x00\x00\x06\x00\
\x00\x00\x06Modify\x07\x00\x00\x00\x05We\
bUI\x01\x03\x00\x00\x00\x180\xb90\xb10\xb80\
\xe50\xfc0\xeb0\xbf0\xb90\xaf0\x92O\xeek\
c\x08\x00\x00\x00\x00\x06\x00\x00\x00\x14Modif\
y Schedule Task\x07\
\x00\x00\x00\x05WebUI\x01\x03\x00\x00\x00\x04N\
\x0b0x\x08\x00\x00\x00\x00\x06\x00\x00\x00\x09Mov\
e Down\x07\x00\x00\x00\x05WebUI\
\x01\x03\x00\x00\x00\x04N\x0a0x\x08\x00\x00\x00\x00\x06\
\x00\x00\x00\x07Move Up\x07\x00\x00\x00\x05\
WebUI\x01\x03\x00\x00\x00*\x00N\x00e\x00\
v\x00e\x00r\x00n\x00e\x00s\x00s\x00 \x00\
t\x00o\x00 \x00E\x00v\x00e\x00r\x00n\x00\
e\x00s\x00s\x08\x00\x00\x00\x00\x06\x00\x00\x00\x15N\
everness to Ever\
ness\x07\x00\x00\x00\x05WebUI\x01\x03\
\x00\x00\x00\x08k!V\xde[\x9f\x88L\x08\x00\x00\x00\
\x00\x06\x00\x00\x00\x08Next Run\x07\x00\
\x00\x00\x05WebUI\x01\x03\x00\x00\x00 R)\
u(S\xef\x80\xfd0j0\xaa0\xd70\xb70\xe7\
0\xf30L0B0\x8a0~0[0\x93\x08\x00\
\x00\x00\x00\x06\x00\x00\x00\x14No optio\
ns available\x07\x00\x00\x00\
\x05WebUI\x01\x03\x00\x00\x00\x1c0\xea0\xea\
0\xfc0\xb90\xce0\xfc0\xc80o0B0\x8a\
0~0[0\x930\x02\x08\x00\x00\x00\x00\x06\x00\x00\
\x00\x11No release not\
es.\x07\x00\x00\x00\x05WebUI\x01\x03\x00\
\x00\x0000\x0c\x00{\x00q\x00u\x00e\x00r\x00\
y\x00}0\x0d0kN\x00\x81\xf40Y0\x8b0\
\xbf0\xb90\xaf0o0B0\x8a0~0[0\
\x930\x02\x08\x00\x00\x00\x00\x06\x00\x00\x00\x1dNo \
tasks match \xe2\x80\x9c{\
query}\xe2\x80\x9d.\x07\x00\x00\x00\x05W\
ebUI\x01\x03\x00\x00\x00\x180\xc60\xf30\xd7\
0\xec0\xfc0\xc80L0B0\x8a0~0[\
0\x93\x08\x00\x00\x00\x00\x06\x00\x00\x00\x10No t\
emplates yet\x07\x00\x00\x00\
\x05WebUI\x01\x03\x00\x00\x00\x1cR)u(\
S\xef\x80\xfd0jf\xf4e\xb00o0B0\x8a\
0~0[0\x930\x02\x08\x00\x00\x00\x00\x06\x00\x00\
\x00\x15No updates ava\
ilable.\x07\x00\x00\x00\x05WebU\
I\x01\x03\x00\x00\x00\x22R)u(S\xef\x80\xfd0\
j0\xd00\xfc0\xb80\xe70\xf30o0B0\
\x8a0~0[0\x930\x02\x08\x00\x00\x00\x00\x06\x00\
\x00\x00\x1aNo versions a\
re available.\x07\x00\x00\
\x00\x05WebUI\x01\x03\x00\x00\x00\x1a0\xa60\
\xa30\xf30\xc90\xa60L\x89\x8b0d0K0\
\x8a0~0[0\x93\x08\x00\x00\x00\x00\x06\x00\x00\x00\
\x10No windows foun\
d\x07\x00\x00\x00\x05WebUI\x01\x03\x00\x00\x00\
\x040j0W\x08\x00\x00\x00\x00\x06\x00\x00\x00\x04N\
one\x07\x00\x00\x00\x05WebUI\x01\x03\x00\
\x00\x00\x04\x90\x1aw\xe5\x08\x00\x00\x00\x00\x06\x00\x00\x00\
\x0dNotifications\x07\x00\
\x00\x00\x05WebUI\x01\x03\x00\x00\x00\x04\x00O\
\x00K\x08\x00\x00\x00\x00\x06\x00\x00\x00\x02OK\x07\x00\
\x00\x00\x05WebUI\x01\x03\x00\x00\x00\x08\x001\
V\xde\x96P0\x8a\x08\x00\x00\x00\x00\x06\x00\x00\x00\x08\
One-time\x07\x00\x00\x00\x05Web\
UI\x01\x03\x00\x00\x00\x06\x96p\x96}^+\x08\x00\
\x00\x00\x00\x06\x00\x00\x00\x07Onmyoji\x07\
\x00\x00\x00\x05WebUI\x01\x03\x00\x00\x00\x220\
\xb90\xaf0\xea0\xfc0\xf30\xb70\xe70\xc30\
\xc80\xd50\xa90\xeb0\xc00\xfc0\x92\x95\x8b0\
O\x08\x00\x00\x00\x00\x06\x00\x00\x00\x16Open \
Screenshot Folde\
r\x07\x00\x00\x00\x05WebUI\x01\x03\x00\x00\x00\
\x10\x95\xa2\x90#0\xd70\xed0\xb80\xa70\xaf0\
\xc8\x08\x00\x00\x00\x00\x06\x00\x00\x00\x0eOther\
 Projects\x07\x00\x00\x00\x05We\
bUI\x01\x03\x00\x00\x00\x08N\x00fBP\x5ck\
b\x08\x00\x00\x00\x00\x06\x00\x00\x00\x05Pause\
\x07\x00\x00\x00\x05WebUI\x01\x03\x00\x00\x00\x0a\
N\x00fBP\x5ckbN-\x08\x00\x00\x00\x00\x06\
\x00\x00\x00\x06Paused\x07\x00\x00\x00\x05W\
ebUI\x01\x03\x00\x00\x00\x08Q\x8dc\xa5}\x9a\
N-\x08\x00\x00\x00\x00\x06\x00\x00\x00\x0cReco\
nnecting\x07\x00\x00\x00\x05Web\
UI\x01\x03\x00\x00\x00\x04f\xf4e\xb0\x08\x00\x00\x00\
\x00\x06\x00\x00\x00\x07Refresh\x07\x00\x00\
\x00\x05WebUI\x01\x03\x00\x00\x00\x0c0\xbf0\
\xb90\xaf0\x92f\xf4e\xb0\x08\x00\x00\x00\x00\x06\x00\
\x00\x00\x0dRefresh tasks\
\x07\x00\x00\x00\x05WebUI\x01\x03\x00\x00\x00\x06\
f\xf4e\xb0N-\x08\x00\x00\x00\x00\x06\x00\x00\x00\x0a\
Refreshing\x07\x00\x00\x00\x05W\
ebUI\x01\x03\x00\x00\x00<v\xf8[\xfe0\xd1\
0\xb9\xff\x08O\x8b\x00:\x00 \x00o\x00k\x00_\
\x00t\x00a\x00s\x00k\x00s\x00/\x00L\x00a\
\x00b\x00e\x00l\x00E\x00n\x00u\x00m\x00.\
\x00p\x00y\xff\x09\x08\x00\x00\x00\x00\x06\x00\x00\x00)\
Relative path, e\
.g. ok_tasks/Lab\
elEnum.py\x07\x00\x00\x00\x05We\
bUI\x01\x03\x00\x00\x00\x04RJ\x96d\x08\x00\x00\
\x00\x00\x06\x00\x00\x00\x06Remove\x07\x00\x00\
\x00\x05WebUI\x01\x03\x00\x00\x00\x180\xea0\
\xaf0\xa80\xb90\xc80kY1eW0W0\
~0W0_\x08\x00\x00\x00\x00\x06\x00\x00\x00\x0eR\
equest failed\x07\x00\x00\
\x00\x05WebUI\x01\x03\x00\x00\x00\x0e\x8a-[\
\x9a0\x920\xea0\xbb0\xc30\xc8\x08\x00\x00\x00\x00\
\x06\x00\x00\x00\x0cReset Confi\
g\x07\x00\x00\x00\x05WebUI\x01\x03\x00\x00\x00\
\x04Q\x8d\x95\x8b\x08\x00\x00\x00\x00\x06\x00\x00\x00\x06R\
esume\x07\x00\x00\x00\x05WebUI\x01\
\x03\x00\x00\x00\x04[\x9f\x88L\x08\x00\x00\x00\x00\x06\x00\
\x00\x00\x03Run\x07\x00\x00\x00\x05WebUI\
\x01\x03\x00\x00\x00\x06[\x9f\x88LN-\x08\x00\x00\x00\
\x00\x06\x00\x00\x00\x07Running\x07\x00\x00\
\x00\x05WebUI\x01\x03\x00\x00\x00\x100\xe90\
\xf30\xbf0\xa40\xe00\xa80\xe90\xfc\x08\x00\x00\
\x00\x00\x06\x00\x00\x00\x0dRuntime e\
rror\x07\x00\x00\x00\x05WebUI\x01\x03\
\x00\x00\x00\x04O\xdd[X\x08\x00\x00\x00\x00\x06\x00\x00\
\x00\x04Save\x07\x00\x00\x00\x05WebUI\
\x01\x03\x00\x00\x00\x06O\xdd[XQH\x08\x00\x00\x00\
\x00\x06\x00\x00\x00\x07Save To\x07\x00\x00\
\x00\x05WebUI\x01\x03\x00\x00\x00\x0a\x00S\x00\
a\x00v\x00e\x00d\x08\x00\x00\x00\x00\x06\x00\x00\x00\
\x05Saved\x07\x00\x00\x00\x05WebUI\
\x01\x03\x00\x00\x00\x0c0\xb90\xb10\xb80\xe50\xfc\
0\xeb\x08\x00\x00\x00\x00\x06\x00\x00\x00\x08Sche\
dule\x07\x00\x00\x00\x05WebUI\x01\x03\
\x00\x00\x00\x120\xb90\xaf0\xea0\xfc0\xf30\xb7\
0\xe70\xc30\xc8\x08\x00\x00\x00\x00\x06\x00\x00\x00\x0a\
Screenshot\x07\x00\x00\x00\x05W\
ebUI\x01\x03\x00\x00\x00\x1c0\xb90\xaf0\xea\
0\xfc0\xf30\xb70\xe70\xc30\xc80\xd50\xa9\
0\xeb0\xc00\xfc\x08\x00\x00\x00\x00\x06\x00\x00\x00\x11\
Screenshot Folde\
r\x07\x00\x00\x00\x05WebUI\x01\x03\x00\x00\x00\
\x0a0\xb90\xaf0\xea0\xd70\xc8\x08\x00\x00\x00\x00\
\x06\x00\x00\x00\x06Script\x07\x00\x00\x00\x05\
WebUI\x01\x03\x00\x00\x00\x1eT\x0dRM0\
~0_0o0\xab0\xc60\xb40\xea0gi\
\x1c}\x22\x00.\x00.\x00.\x08\x00\x00\x00\x00\x06\x00\
\x00\x00\x1dSearch by nam\
e or category...\
\x07\x00\x00\x00\x05WebUI\x01\x03\x00\x00\x00\x18\
0\xc60\xf30\xd70\xec0\xfc0\xc80\x92i\x1c\
}\x22\x00.\x00.\x00.\x08\x00\x00\x00\x00\x06\x00\x00\
\x00\x13Search templat\
es...\x07\x00\x00\x00\x05WebUI\x01\
\x03\x00\x00\x00&0\xbf0\xa40\xc80\xeb0~0\
_0o[\x9f\x88L0\xd50\xa10\xa40\xeb0\
\x92i\x1c}\x22\x00.\x00.\x00.\x08\x00\x00\x00\x00\
\x06\x00\x00\x00\x16Search titl\
e or exe...\x07\x00\x00\x00\x05\
WebUI\x01\x03\x00\x00\x00\x0c0\xbf0\xb90\
\xaf0\x92\x90xb\x9e\x08\x00\x00\x00\x00\x06\x00\x00\x00\
\x0bSelect Task\x07\x00\x00\x00\
\x05WebUI\x01\x03\x00\x00\x00&\x00S\x00e\
\x00l\x00e\x00c\x00t\x00 \x00t\x00a\x00s\
\x00k\x00 \x00t\x00o\x00 \x00e\x00d\x00i\
\x00t\x08\x00\x00\x00\x00\x06\x00\x00\x00\x13Sele\
ct task to edit\x07\
\x00\x00\x00\x05WebUI\x01\x03\x00\x00\x00\x12\x90\
xb\x9e0W0_0\xaa0\xd70\xb70\xe70\
\xf3\x08\x00\x00\x00\x00\x06\x00\x00\x00\x10Selec\
ted Options\x07\x00\x00\x00\x05\
WebUI\x01\x03\x00\x00\x00\x0eQ*QH\x8a\
\x00\x8a\x9e0\x92\x8a-[\x9a\x08\x00\x00\x00\x00\x06\x00\
\x00\x00\x1bSet your pref\
erred language\x07\x00\
\x00\x00\x05WebUI\x01\x03\x00\x00\x00\x04\x8a-\
[\x9a\x08\x00\x00\x00\x00\x06\x00\x00\x00\x08Sett\
ings\x07\x00\x00\x00\x05WebUI\x01\x03\
\x00\x00\x00\x180\xc00\xa60\xf30\xed0\xfc0\xc9\
0\xea0\xf30\xaf0\x92Qqg\x09\x08\x00\x00\x00\
\x00\x06\x00\x00\x00\x05Share\x07\x00\x00\x00\x05\
WebUI\x01\x03\x00\x00\x00*Qqg\x090\
\xea0\xf30\xaf0\x920\xaf0\xea0\xc30\xd70\
\xdc0\xfc0\xc90k0\xb30\xd40\xfc0W0\
~0W0_\x08\x00\x00\x00\x00\x06\x00\x00\x00\x1eS\
hare Link copied\
 to clipboard\x07\x00\x00\
\x00\x05WebUI\x01\x03\x00\x00\x00\x0a0\xb90\
\xdd0\xf30\xb50\xfc\x08\x00\x00\x00\x00\x06\x00\x00\x00\
\x07Sponsor\x07\x00\x00\x00\x05Web\
UI\x01\x03\x00\x00\x00\x08f\x1fu\xd5Qq\x9c\xf4\
\x08\x00\x00\x00\x00\x06\x00\x00\x00\x0eStar R\
esonance\x07\x00\x00\x00\x05Web\
UI\x01\x03\x00\x00\x00\x04\x95\x8bY\xcb\x08\x00\x00\x00\
\x00\x06\x00\x00\x00\x05Start\x07\x00\x00\x00\x05\
WebUI\x01\x03\x00\x00\x00\x06\x8dwR\xd5N\
-\x08\x00\x00\x00\x00\x06\x00\x00\x00\x08Start\
ing\x07\x00\x00\x00\x05WebUI\x01\x03\x00\
\x00\x002\x00{\x00v\x00e\x00r\x00s\x00i\x00\
o\x00n\x00}\x00 0x0nR\x070\x8af\
\xff0H0\x92\x95\x8bY\xcb0W0f0D0\
~0Y &\x08\x00\x00\x00\x00\x06\x00\x00\x00\x1fS\
tarting change t\
o {version}\xe2\x80\xa6\x07\x00\
\x00\x00\x05WebUI\x01\x03\x00\x00\x00\x04r\xb6\
aK\x08\x00\x00\x00\x00\x06\x00\x00\x00\x06Stat\
us\x07\x00\x00\x00\x05WebUI\x01\x03\x00\x00\
\x00\x04P\x5ckb\x08\x00\x00\x00\x00\x06\x00\x00\x00\x04\
Stop\x07\x00\x00\x00\x05WebUI\x01\x03\
\x00\x00\x00\x0c0\xbf0\xb90\xaf0\x92P\x5ckb\
\x08\x00\x00\x00\x00\x06\x00\x00\x00\x09Stop t\
ask\x07\x00\x00\x00\x05WebUI\x01\x03\x00\
\x00\x00\x180\xb90\xaf0\xea0\xfc0\xf30\xb70\
\xe70\xc30\xc80\x92d\xae0\x8b\x08\x00\x00\x00\x00\
\x06\x00\x00\x00\x0fTake Screen\
shot\x07\x00\x00\x00\x05WebUI\x01\x03\
\x00\x00\x00\x080\xbf0\xb90\xafT\x0d\x08\x00\x00\x00\
\x00\x06\x00\x00\x00\x09Task Name\x07\
\x00\x00\x00\x05WebUI\x01\x03\x00\x00\x00\x1e0\
\xbf0\xb90\xaf0nQ\x8di\xcb{\xc90kb\
\x10R\x9f0W0~0W0_0\x02\x08\x00\x00\
\x00\x00\x06\x00\x00\x00\x1aTask rebu\
ilt successfully\
.\x07\x00\x00\x00\x05WebUI\x01\x03\x00\x00\x00\
\x060\xbf0\xb90\xaf\x08\x00\x00\x00\x00\x06\x00\x00\x00\
\x05Tasks\x07\x00\x00\x00\x05WebUI\
\x01\x03\x00\x00\x00\x0c0\xc60\xf30\xd70\xec0\xfc\
0\xc8\x08\x00\x00\x00\x00\x06\x00\x00\x00\x09Temp\
lates\x07\x00\x00\x00\x05WebUI\x01\
\x03\x00\x00\x00\x08}L\x90NfB\x95\x93\x08\x00\x00\
\x00\x00\x06\x00\x00\x00\x0cTime Elap\
sed\x07\x00\x00\x00\x05WebUI\x01\x03\x00\
\x00\x00\x0c0\xbf0\xa40\xe00\xa20\xa60\xc8\x08\
\x00\x00\x00\x00\x06\x00\x00\x00\x07Timeout\
\x07\x00\x00\x00\x05WebUI\x01\x03\x00\x00\x00\x1a\
0\xca0\xd30\xb20\xfc0\xb70\xe70\xf30\x92\
R\x070\x8af\xff0H0\x8b\x08\x00\x00\x00\x00\x06\
\x00\x00\x00\x11Toggle navig\
ation\x07\x00\x00\x00\x05WebUI\x01\
\x03\x00\x00\x00\x080\xc80\xea0\xac0\xfc\x08\x00\x00\
\x00\x00\x06\x00\x00\x00\x07Trigger\x07\x00\
\x00\x00\x05WebUI\x01\x03\x00\x00\x00\x0e0\xc8\
0\xea0\xac0\xfc0\xbf0\xa40\xd7\x08\x00\x00\x00\
\x00\x06\x00\x00\x00\x0cTrigger Ty\
pe\x07\x00\x00\x00\x05WebUI\x01\x03\x00\x00\
\x00\x080\xc80\xea0\xac0\xfc\x08\x00\x00\x00\x00\x06\
\x00\x00\x00\x08Triggers\x07\x00\x00\x00\
\x05WebUI\x01\x03\x00\x00\x00\x04f\xf4e\xb0\
\x08\x00\x00\x00\x00\x06\x00\x00\x00\x06Update\
\x07\x00\x00\x00\x05WebUI\x01\x03\x00\x00\x00\x10\
f\xf4e\xb00L0B0\x8a0~0Y0\x02\
\x08\x00\x00\x00\x00\x06\x00\x00\x00\x11Update\
 available.\x07\x00\x00\x00\x05\
WebUI\x01\x03\x00\x00\x00<f\xf4e\xb0\x89\
\x81lB0\x92S\xd70QN\xd80Q0~0\
W0_0\x02\x90iu(0Y0\x8b0_0\
\x810\xa20\xd70\xea0\x92Q\x8d\x8dwR\xd50\
W0~0Y0\x02\x08\x00\x00\x00\x00\x06\x00\x00\x00\
:Update request \
accepted. The ap\
p will restart t\
o apply it.\x07\x00\x00\x00\x05\
WebUI\x01\x03\x00\x00\x00\x120\xb70\xb90\
\xc60\xe0\x8a-[\x9a0\x92O\x7fu(\x08\x00\x00\
\x00\x00\x06\x00\x00\x00\x12Use syste\
m setting\x07\x00\x00\x00\x05We\
bUI\x01\x03\x00\x00\x00\x0a0\xd00\xfc0\xb80\
\xe70\xf3\x08\x00\x00\x00\x00\x06\x00\x00\x00\x07Ver\
sion\x07\x00\x00\x00\x05WebUI\x01\x03\
\x00\x00\x00\x0a0\xed0\xb00\x92\x88hy:\x08\x00\
\x00\x00\x00\x06\x00\x00\x00\x08View Log\
\x07\x00\x00\x00\x05WebUI\x01\x03\x00\x00\x00$\
\x00o\x00k\x00-\x00s\x00c\x00r\x00i\x00p\
\x00t\x00.\x00l\x00o\x00g\x00 0\x92_\x85\
j_N-\x08\x00\x00\x00\x00\x06\x00\x00\x00\x19Wa\
iting for ok-scr\
ipt.log\x07\x00\x00\x00\x05WebU\
I\x01\x03\x00\x00\x00\x1c0\xe90\xf30\xbf0\xa40\
\xe00\xa40\xd90\xf30\xc80\x92_\x85j_N\
- &\x08\x00\x00\x00\x00\x06\x00\x00\x00\x1dWai\
ting for runtime\
 events\xe2\x80\xa6\x07\x00\x00\x00\x05W\
ebUI\x01\x03\x00\x00\x00,\x00{\x00t\x00a\
\x00s\x00k\x00_\x00n\x00a\x00m\x00e\x00}\
\x00 0\xbf0\xb90\xaf0n[\x8cN\x860\x92\
_\x85j_N-\x08\x00\x00\x00\x00\x06\x00\x00\x00,\
Waiting for {tas\
k_name} task to \
be completed\x07\x00\x00\x00\
\x05WebUI\x01\x03\x00\x00\x00\x0c0\xa60\xa7\
0\xd60\xb50\xa40\xc8\x08\x00\x00\x00\x00\x06\x00\x00\
\x00\x07Website\x07\x00\x00\x00\x05We\
bUI\x01\x03\x00\x00\x00\x04\x9c\xf4on\x08\x00\x00\
\x00\x00\x06\x00\x00\x00\x0fWuthering\
 Waves\x07\x00\x00\x00\x05WebUI\
\x01\x03\x00\x00\x00&\x00a\x00s\x00s\x00e\x00t\
\x00s\x00 \x00(0\xb90\xbf0\xf30\xc90\xa2\
0\xed0\xf30\xa20\xd70\xea\x00)\x08\x00\x00\x00\
\x00\x06\x00\x00\x00\x17assets (st\
andalone app)\x07\x00\x00\
\x00\x05WebUI\x01\x03\x00\x00\x00\x02\x88L\x08\
\x00\x00\x00\x00\x06\x00\x00\x00\x05lines\x07\x00\
\x00\x00\x05WebUI\x01\x03\x00\x00\x00\x18\x00o\
\x00k\x00-\x00p\x00y\x00 \x81\xeaR\xd5S\x16\
0\xc40\xfc0\xeb\x08\x00\x00\x00\x00\x06\x00\x00\x00\x15\
ok-py Automation\
 Tool\x07\x00\x00\x00\x05WebUI\x01\
\x03\x00\x00\x00&\x00o\x00k\x00-\x00s\x00c\x00\
r\x00i\x00p\x00t\x00 0\xa20\xd70\xea0\
\xc60\xf30\xd70\xec0\xfc0\xc8\x08\x00\x00\x00\x00\
\x06\x00\x00\x00\x16ok-script A\
pp Template\x07\x00\x00\x00\x05\
WebUI\x01\x03\x00\x00\x006\x00o\x00k\x00\
_\x00t\x00a\x00s\x00k\x00s\x00/\x00a\x00\
s\x00s\x00e\x00t\x00s\x00 \x00(0\xab0\
\xb90\xbf0\xe00\xb90\xaf0\xea0\xd70\xc8\x00\
)\x08\x00\x00\x00\x00\x06\x00\x00\x00 ok_ta\
sks/assets (cust\
om scripts)\x07\x00\x00\x00\x05\
WebUI\x01\x03\x00\x00\x00\x1a\x00{\x00c\x00\
o\x00u\x00n\x00t\x00}\x00 N\xf6R)u\
(S\xef\x80\xfd\x08\x00\x00\x00\x00\x06\x00\x00\x00\x11{\
count} available\
\x07\x00\x00\x00\x05WebUI\x01\x03\x00\x00\x006\
\x00{\x00p\x00a\x00g\x00e\x00}\x00 0o\
0~0`\x00 \x00W\x00e\x00b\x00 \x00U\
\x00I\x00 0gR)u(0g0M0~\
0[0\x930\x02\x08\x00\x00\x00\x00\x06\x00\x00\x00*\
{page} is not av\
ailable in the w\
eb UI yet.\x07\x00\x00\x00\x05W\
ebUI\x01\x03\x00\x00\x00\x080\xa20\xe90\xfc\
0\xc8\x08\x00\x00\x00\x00\x06\x00\x00\x00\x05Aler\
t\x07\x00\x00\x00\x03app\x01\x03\x00\x00\x00$0\
Y0g0k0\xd00\xfc0\xb80\xe70\xf30\
kf\xf4e\xb00U0\x8c0f0D0~0\
Y\x00:\x08\x00\x00\x00\x00\x06\x00\x00\x00\x1bAlr\
eady updated to \
version:\x07\x00\x00\x00\x03app\
\x01\x03\x00\x00\x00 R%0n0\xa40\xf30\xb9\
0\xbf0\xf30\xb90Le\xe20k[\x9f\x88L\
N-0g0Y\x08\x00\x00\x00\x00\x06\x00\x00\x00#\
Another instance\
 is already runn\
ing\x07\x00\x00\x00\x03app\x01\x03\x00\x00\x00\
\x100\xa20\xd70\xea0\xe90\xf30\xc10\xe30\
\xfc\x08\x00\x00\x00\x00\x06\x00\x00\x00\x0cApp L\
auncher\x07\x00\x00\x00\x03app\x01\
\x03\x00\x00\x00\x800\xa20\xd70\xea0n\x8dwR\
\xd50\xa80\xe90\xfc0\x020\xa40\xf30\xb90\
\xc80\xfc0\xeb0\xd50\xa90\xeb0\xc00\x92\x00\
W\x00i\x00n\x00d\x00o\x00w\x00s\x00 \x00\
D\x00e\x00f\x00e\x00n\x00d\x00e\x00r0\
n0\xdb0\xef0\xa40\xc80\xea0\xb90\xc80\
k\x8f\xfdR\xa00W0fQ\x8d0\xa40\xf30\
\xb90\xc80\xfc0\xeb0W0f0O0`0\
U0D\x00:\x08\x00\x00\x00\x00\x06\x00\x00\x00fA\
pp startup error\
. Please add the\
 installation fo\
lder to the Wind\
ows Defender whi\
telist and reins\
tall:\x07\x00\x00\x00\x03app\x01\x03\x00\
\x00\x00\x04\x81\xeaR\xd5\x08\x00\x00\x00\x00\x06\x00\x00\x00\
\x04Auto\x07\x00\x00\x00\x03app\x01\x03\x00\
\x00\x00\x1e0\xb20\xfc0\xe00\xa60\xa30\xf30\
\xc90\xa60n\x81\xeaR\xd50\xea0\xb50\xa40\
\xba\x08\x00\x00\x00\x00\x06\x00\x00\x00\x17Auto \
Resize Game Wind\
ow\x07\x00\x00\x00\x03app\x01\x03\x00\x00\x00\x10\
0\xb20\xfc0\xe00\x92\x81\xeaR\xd5\x8dwR\xd5\
\x08\x00\x00\x00\x00\x06\x00\x00\x00\x0fAuto S\
tart Game\x07\x00\x00\x00\x03ap\
p\x01\x03\x00\x00\x00\x1e0\xa20\xd70\xea\x8dwR\
\xd5fB0k0\xb20\xfc0\xe00\x92\x81\xeaR\
\xd5\x8dwR\xd5\x08\x00\x00\x00\x00\x06\x00\x00\x00\x1fA\
uto Start Game W\
hen App Starts\x07\x00\
\x00\x00\x03app\x01\x03\x00\x00\x00 \x00{\x00a\
\x00p\x00p\x00_\x00n\x00a\x00m\x00e\x00}\
\x00 0\x92\x81\xeaR\xd5\x8dwR\xd5\x08\x00\x00\x00\
\x00\x06\x00\x00\x00\x15Auto Start\
 {app_name}\x07\x00\x00\x00\x03\
app\x01\x03\x00\x00\x00\x08\x81\xeaR\xd5f\xf4e\
\xb0\x08\x00\x00\x00\x00\x06\x00\x00\x00\x0bAuto \
Update\x07\x00\x00\x00\x03app\x01\x03\
\x00\x00\x00\x220\xb20\xfc0\xe00L}BN\x86\
0W0_0_0\x81\x81\xeaR\xd5}BN\x86\
0W0~0Y\x08\x00\x00\x00\x00\x06\x00\x00\x00\x1d\
Auto exit becaus\
e game exited\x07\x00\x00\
\x00\x03app\x01\x03\x00\x00\x00\x18\x81\xeaR\xd5f\
\xf4e\xb0\xff\x080\xd70\xec0\xea0\xea0\xfc0\
\xb9\xff\x09\x08\x00\x00\x00\x00\x06\x00\x00\x00\x1eAut\
omatic Update (P\
re-release)\x07\x00\x00\x00\x03\
app\x01\x03\x00\x00\x00\x1c\x81\xeaR\xd5f\xf4e\
\xb0\xff\x08kc_\x0f0\xea0\xea0\xfc0\xb90\
n0\x7f\xff\x09\x08\x00\x00\x00\x00\x06\x00\x00\x00\x1eA\
utomatic Update(\
Release Only)\x07\x00\x00\
\x00\x03app\x01\x03\x00\x00\x00\x0eW\xfag,0\
\xaa0\xd70\xb70\xe70\xf3\x08\x00\x00\x00\x00\x06\x00\
\x00\x00\x0dBasic Options\
\x07\x00\x00\x00\x03app\x01\x03\x00\x00\x00\x080\xd9\
0\xfc0\xbfrH\x08\x00\x00\x00\x00\x06\x00\x00\x00\x0c\
Beta Version\x07\x00\x00\x00\
\x03app\x01\x03\x00\x00\x00\x060|0K0W\
\x08\x00\x00\x00\x00\x06\x00\x00\x00\x04Blur\x07\x00\
\x00\x00\x03app\x01\x03\x00\x00\x00\x0e0\xde0\xb9\
0\xafQ\xe6t\x06e\xb9_\x0f\x08\x00\x00\x00\x00\x06\
\x00\x00\x00\x0eBlur Algorit\
hm\x07\x00\x00\x00\x03app\x01\x03\x00\x00\x00<\
0\xb20\xfc0\xe0\x00 \x00U\x00I\x00D\x00 \
0j0i0\x920|0K0W0f\x00 \
\x00O\x00L\x00E\x00D\x00 0n[\xffT}\
0\x92^\xf60p0W0~0Y\x08\x00\x00\x00\
\x00\x06\x00\x00\x00&Blur Game \
UID etc to enhan\
ce OLED life\x07\x00\x00\x00\
\x03app\x01\x03\x00\x00\x00\x10\x90n\x85=0\xc1\
0\xa70\xc30\xaf\x95\x93\x96\x94\x08\x00\x00\x00\x00\x06\
\x00\x00\x00\x0dBlur Interva\
l\x07\x00\x00\x00\x03app\x01\x03\x00\x00\x00&\x00\
p\x00y\x00t\x00h\x00o\x00n\x00 \x00v\x00\
e\x00n\x00v0L\x89\x8b0d0K0\x8a0\
~0[0\x93\x08\x00\x00\x00\x00\x06\x00\x00\x00\x16C\
an't find python\
 venv\x07\x00\x00\x00\x03app\x01\x03\x00\
\x00\x00\x0a0\xad0\xe30\xf30\xbb0\xeb\x08\x00\x00\
\x00\x00\x06\x00\x00\x00\x06Cancel\x07\x00\x00\
\x00\x03app\x01\x03\x00\x00\x00\x180\xad0\xe30\
\xd70\xc10\xe30\xd50\xec0\xfc0\xe00\xec0\
\xfc0\xc8\x08\x00\x00\x00\x00\x06\x00\x00\x00\x12Cap\
ture Frame Rate\x07\
\x00\x00\x00\x03app\x01\x03\x00\x00\x00\x0e0\xad0\
\xe30\xd70\xc10\xe3\x90E^\xf6\x08\x00\x00\x00\x00\
\x06\x00\x00\x00\x0fCapture Lat\
ency\x07\x00\x00\x00\x03app\x01\x03\x00\x00\
\x00\x04N-V\xfd\x08\x00\x00\x00\x00\x06\x00\x00\x00\x05\
China\x07\x00\x00\x00\x03app\x01\x03\x00\
\x00\x0020\xe90\xf30\xc10\xe30\xfc0Lf\
\xf4e\xb00\x920\xa40\xf30\xb90\xc80\xfc0\
\xeb0Y0\x8be\xb9l\xd50\x92\x90xb\x9e0\
W0~0Y\x08\x00\x00\x00\x00\x06\x00\x00\x00(C\
hoose how the la\
uncher installs \
updates\x07\x00\x00\x00\x03app\x01\
\x03\x00\x00\x00p\x90\x1aw\xe50n\x91MO\xe1Q\
H0\x92\x90xb\x9e0W0~0Y0\x02\x90\
\x1aw\xe50o^80k0\xa20\xd70\xeaQ\
\x850k\x88hy:0U0\x8c0~0Y0\
\x02\x8f\xfdR\xa00gS\xd70QS\xd60\x8a0\
_0D0\xd70\xed0\xd00\xa40\xc00\xfc0\
\x92g\x09R\xb90k0W0f0O0`0\
U0D0\x02\x08\x00\x00\x00\x00\x06\x00\x00\x00\x8bC\
hoose where noti\
fications are de\
livered. Notific\
ations always ap\
pear in the app;\
 enable any addi\
tional providers\
 you want to rec\
eive them.\x07\x00\x00\x00\x03a\
pp\x01\x03\x00\x00\x00\x16\x90\x1aw\xe50\xd70\xed\
0\xd00\xa40\xc00\xfc0\x92\x8a-[\x9a\x08\x00\
\x00\x00\x00\x06\x00\x00\x00 Configur\
e notification p\
roviders\x07\x00\x00\x00\x03app\
\x01\x03\x00\x00\x00\x160\xa20\xd70\xea0\xe90\xf3\
0\xc10\xe30\xfc0\x92\x8a-[\x9a\x08\x00\x00\x00\
\x00\x06\x00\x00\x00\x1aConfigure \
the app launcher\
\x07\x00\x00\x00\x03app\x01\x03\x00\x00\x00\x04x\xba\
\x8a\x8d\x08\x00\x00\x00\x00\x06\x00\x00\x00\x07Conf\
irm\x07\x00\x00\x00\x03app\x01\x03\x00\x00\x00\
\x1e\x00v\x00e\x00n\x00v0nO\x5cb\x100\
kY1eW0W0~0W0_0\x02\x08\
\x00\x00\x00\x00\x06\x00\x00\x00\x13Create \
venv failed.\x07\x00\x00\x00\
\x03app\x01\x03\x00\x00\x00\x22e\xe2[\x9a0n\
S\xd7O\xe1QH\xff\x08\x89\x07ep0o0\xab\
0\xf30\xdeS:R\x070\x8a\xff\x09\x08\x00\x00\x00\
\x00\x06\x00\x00\x00%Default re\
cipient(s), comm\
a-separated\x07\x00\x00\x00\x03\
app\x01\x03\x00\x00\x000e\xe2[\x9a0n\x90\
\x01O\xe1QC0\xe10\xfc0\xeb0\xa20\xc90\
\xec0\xb9\xff\x08\x00F\x00r\x00o\x00m\x00 0\
\xd80\xc30\xc00\xfc\xff\x09\x08\x00\x00\x00\x00\x06\x00\
\x00\x00*Default sende\
r email address \
(From header)\x07\x00\x00\
\x00\x03app\x01\x03\x00\x00\x00\x1eO\x9d[X\x95\
\xa2O\xc20nRJ\x96d0kb\x10R\x9f0\
W0~0W0_\xff\x01\x08\x00\x00\x00\x00\x06\x00\
\x00\x00\x1cDelete depend\
encies success!\x07\
\x00\x00\x00\x03app\x01\x03\x00\x00\x00\x04\x8a:e\
\xad\x08\x00\x00\x00\x00\x06\x00\x00\x00\x09Diagn\
osis\x07\x00\x00\x00\x03app\x01\x03\x00\x00\
\x00\x14\x00D\x00i\x00s\x00c\x00o\x00r\x00d\
\x00 \x90\x1aw\xe5\x08\x00\x00\x00\x00\x06\x00\x00\x00\x14\
Discord Notifica\
tion\x07\x00\x00\x00\x03app\x01\x03\x00\x00\
\x00\x1e\x00D\x00i\x00s\x00c\x00o\x00r\x00d\
\x00 \x00W\x00e\x00b\x00h\x00o\x00o\x00k\
\x08\x00\x00\x00\x00\x06\x00\x00\x00\x0fDiscor\
d Webhook\x07\x00\x00\x00\x03ap\
p\x01\x03\x00\x00\x004\x00D\x00i\x00s\x00c\x00\
o\x00r\x00d\x00 0\xc10\xe30\xf30\xcd0\
\xeb0n\x00 \x00W\x00e\x00b\x00h\x00o\x00\
o\x00k\x00 \x00U\x00R\x00L\x08\x00\x00\x00\x00\
\x06\x00\x00\x00\x1bDiscord cha\
nnel webhook URL\
\x07\x00\x00\x00\x03app\x01\x03\x00\x00\x00\x0e0|\
0K0W0\x92g\x09R\xb9S\x16\x08\x00\x00\x00\
\x00\x06\x00\x00\x00\x0bEnable Blu\
r\x07\x00\x00\x00\x03app\x01\x03\x00\x00\x008\x00\
E\x00n\x00t\x00e\x00r\x00p\x00r\x00i\x00\
s\x00e\x00 \x00W\x00e\x00C\x00h\x00a\x00\
t\x00 \x00W\x00e\x00b\x00h\x00o\x00o\x00\
k\x00 \x90\x1aw\xe5\x08\x00\x00\x00\x00\x06\x00\x00\x00\
&Enterprise WeCh\
at Webhook Notif\
ication\x07\x00\x00\x00\x03app\x01\
\x03\x00\x00\x00:\x00E\x00n\x00t\x00e\x00r\x00\
p\x00r\x00i\x00s\x00e\x00 \x00W\x00e\x00\
C\x00h\x00a\x00t\x00 \x00W\x00e\x00b\x00\
h\x00o\x00o\x00k\x00 \x00U\x00R\x00L\x08\
\x00\x00\x00\x00\x06\x00\x00\x00\x1dEnterpr\
ise WeChat Webho\
ok URL\x07\x00\x00\x00\x03app\x01\x03\
\x00\x00\x00L\x00E\x00n\x00t\x00e\x00r\x00p\
\x00r\x00i\x00s\x00e\x00 \x00W\x00e\x00C\
\x00h\x00a\x00t\x00 0\xb00\xeb0\xfc0\xd7\
0\xdc0\xc30\xc80n\x00 \x00W\x00e\x00b\
\x00h\x00o\x00o\x00k\x00 \x00U\x00R\x00L\
\x08\x00\x00\x00\x00\x06\x00\x00\x00'Enterp\
rise WeChat grou\
p bot webhook UR\
L\x07\x00\x00\x00\x03app\x01\x03\x00\x00\x00\x060\
\xa80\xe90\xfc\x08\x00\x00\x00\x00\x06\x00\x00\x00\x05E\
rror\x07\x00\x00\x00\x03app\x01\x03\x00\x00\
\x00&\x00Q\x00Q\x00 \x90#}aQH0n\
[\x8cQhN\x00\x81\xf40Y0\x8b0\xcb0\xc3\
0\xaf0\xcd0\xfc0\xe0\x08\x00\x00\x00\x00\x06\x00\x00\
\x00\x19Exact QQ conta\
ct nickname\x07\x00\x00\x00\x03\
app\x01\x03\x00\x00\x00.\x00W\x00e\x00C\x00\
h\x00a\x00t\x00 \x90#}aQH0n[\
\x8cQhN\x00\x81\xf40Y0\x8b0\xcb0\xc30\
\xaf0\xcd0\xfc0\xe0\x08\x00\x00\x00\x00\x06\x00\x00\x00\
\x1dExact WeChat co\
ntact nickname\x07\x00\
\x00\x00\x03app\x01\x03\x00\x00\x00\x0e0\xbf0\xb9\
0\xaf_\x8c0k}BN\x86\x08\x00\x00\x00\x00\x06\
\x00\x00\x00\x0fExit After T\
ask\x07\x00\x00\x00\x03app\x01\x03\x00\x00\x00\
\x1e0\xb20\xfc0\xe0}BN\x86fB0k0\
\xa20\xd70\xea0\x82}BN\x860Y0\x8b\x08\
\x00\x00\x00\x00\x06\x00\x00\x00\x18Exit Ap\
p when Game Exit\
s\x07\x00\x00\x00\x03app\x01\x03\x00\x00\x00 0\
\xb20\xfc0\xe00L}BN\x860W0_0\
_0\x81}BN\x860W0~0W0_\x08\
\x00\x00\x00\x00\x06\x00\x00\x00\x18Exit be\
cause game exite\
d\x07\x00\x00\x00\x03app\x01\x03\x00\x00\x0040\
\xbf0\xb90\xaf0Lkc^80k[\x9f\x88\
L0U0\x8c0__\x8c0\x010\xb20\xfc0\
\xe00h0\xa20\xd70\xea0\x92}BN\x860\
Y0\x8b\x08\x00\x00\x00\x00\x06\x00\x00\x00?Exi\
t the Game and t\
he App after Suc\
cessfully Execut\
ing the Task\x07\x00\x00\x00\
\x03app\x01\x03\x00\x00\x00\x0c[\x9f\x88L_\x8c\
0k}BN\x86\x08\x00\x00\x00\x00\x06\x00\x00\x00\x14\
Exit_After_Execu\
tion\x07\x00\x00\x00\x03app\x01\x03\x00\x00\
\x00&0\xea0\xe20\xfc0\xc80\xd00\xfc0\xb8\
0\xe70\xf30\xea0\xb90\xc80nS\xd6_\x97\
0\xa80\xe90\xfc\xff\x01\x08\x00\x00\x00\x00\x06\x00\x00\
\x00 Fetch remote v\
ersion list erro\
r!\x07\x00\x00\x00\x03app\x01\x03\x00\x00\x00\x0c\
}\xcf0\xd50\xec0\xfc0\xe0ep\x08\x00\x00\x00\
\x00\x06\x00\x00\x00\x0bFrame Coun\
t\x07\x00\x00\x00\x03app\x01\x03\x00\x00\x00\x0c0\
\xb20\xfc0\xe0\x89\xe3P\xcf^\xa6\x08\x00\x00\x00\x00\
\x06\x00\x00\x00\x0fGame Resolu\
tion\x07\x00\x00\x00\x03app\x01\x03\x00\x00\
\x00\x0e0\xb20\xfc0\xe00\xb50\xa60\xf30\xc9\
\x08\x00\x00\x00\x00\x06\x00\x00\x00\x0aGame S\
ound\x07\x00\x00\x00\x03app\x01\x03\x00\x00\
\x00\x0a0\xb00\xed0\xfc0\xd00\xeb\x08\x00\x00\x00\
\x00\x06\x00\x00\x00\x06Global\x07\x00\x00\x00\
\x03app\x01\x03\x00\x00\x00\x0a0\xdb0\xc30\xc8\
0\xad0\xfc\x08\x00\x00\x00\x00\x06\x00\x00\x00\x06Ho\
tKey\x07\x00\x00\x00\x03app\x01\x03\x00\x00\
\x00D0\xc80\xea0\xac0\xfc0\xbf0\xb90\xaf\
\x95\x930n\x90E^\xf60\x92X\x970\x840W\
0f\x00C\x00P\x00U\x00/\x00G\x00P\x00U\
O\x7fu(s\x870\x92RJn\x1b\x00(0\xdf\
0\xeay\xd2\x00)\x08\x00\x00\x00\x00\x06\x00\x00\x00J\
Increase Delay b\
etween Trigger T\
asks to Reduce C\
PU/GPU Usage(Mil\
liseconds)\x07\x00\x00\x00\x03a\
pp\x01\x03\x00\x00\x00\x04`\xc5X1\x08\x00\x00\x00\
\x00\x06\x00\x00\x00\x04Info\x07\x00\x00\x00\x03a\
pp\x01\x03\x00\x00\x00\x0c0\xa40\xf30\xda0\xa4\
0\xf30\xc8\x08\x00\x00\x00\x00\x06\x00\x00\x00\x07In\
paint\x07\x00\x00\x00\x03app\x01\x03\x00\
\x00\x00bO\x9d[X\x95\xa2O\xc20n0\xa40\
\xf30\xb90\xc80\xfc0\xeb0kY1eW0\
W0~0W0_0\x02f\xf4e\xb00\xbd0\
\xfc0\xb90\x92Y\x09f\xf40Y0\x8b0K0\
\x01[\x8cQhrH0\x92Q\x8d0\xc00\xa60\
\xf30\xed0\xfc0\xc90W0f0O0`0\
U0D\xff\x01\x08\x00\x00\x00\x00\x06\x00\x00\x00]I\
nstall dependenc\
ies failed, try \
changing the upd\
ate source, or r\
e-download the f\
ull version!\x07\x00\x00\x00\
\x03app\x01\x03\x00\x00\x00`0\xa40\xf30\xb9\
0\xc80\xfc0\xeb0\xc70\xa30\xec0\xaf0\xc8\
0\xea\x00{\x00p\x00a\x00t\x00h\x00}0o\
\x82\xf1[W0\xd10\xb90g0B0\x8b_\xc5\
\x89\x810L0B0\x8a0~0Y0\x02R%\
0n0\xd10\xb90ky\xfbR\xd50W0f\
0O0`0U0D0\x02\x08\x00\x00\x00\x00\x06\
\x00\x00\x00AInstall dir \
{path} must be a\
n English path, \
move to another \
path.\x07\x00\x00\x00\x03app\x01\x03\x00\
\x00\x00\x1c\x8dwR\xd5_\x8c0k0\xe90\xf30\
\xc10\xe30\xfc0\x92}BN\x860Y0\x8b\x08\
\x00\x00\x00\x00\x06\x00\x00\x00\x19Kill La\
uncher After Sta\
rt\x07\x00\x00\x00\x03app\x01\x03\x00\x00\x00\x0e\
\x00D\x00X\x001\x0010g\x8dwR\xd5\x08\x00\
\x00\x00\x00\x06\x00\x00\x00\x10Launch w\
ith DX11\x07\x00\x00\x00\x03app\
\x01\x03\x00\x00\x00\x0a0\xe90\xf30\xc10\xe30\xfc\
\x08\x00\x00\x00\x00\x06\x00\x00\x00\x08Launch\
er\x07\x00\x00\x00\x03app\x01\x03\x00\x00\x00\x18\
0\xed0\xfc0\xab0\xeb0\xaf0\xe90\xa40\xa2\
0\xf30\xc8\x90\x1aw\xe5\x08\x00\x00\x00\x00\x06\x00\x00\
\x00\x19Local Client N\
otification\x07\x00\x00\x00\x03\
app\x01\x03\x00\x00\x00\x08bKR\xd5f\xf4e\
\xb0\x08\x00\x00\x00\x00\x06\x00\x00\x00\x0dManua\
l Update\x07\x00\x00\x00\x03app\
\x01\x03\x00\x00\x00\x060\xe10\xe20\xea\x08\x00\x00\x00\
\x00\x06\x00\x00\x00\x06Memory\x07\x00\x00\x00\
\x03app\x01\x03\x00\x00\x00\x1c\x8a-[\x9a\x98\x18\
W\xdf0\x92\x96\xa00Y0_0\x810nQ\xe6\
t\x06e\xb9_\x0f\x08\x00\x00\x00\x00\x06\x00\x00\x00'\
Method used to o\
bscure configure\
d areas\x07\x00\x00\x00\x03app\x01\
\x03\x00\x00\x00,\x95\x890X0\x8bfB0k0\
\xa60\xa30\xf30\xc90\xa60\x920\xb70\xb90\
\xc60\xe00\xc80\xec0\xa40kg\x00\x5c\x0fS\
\x16\x08\x00\x00\x00\x00\x06\x00\x00\x00+Minim\
ize Window to Sy\
stem Tray when C\
losing\x07\x00\x00\x00\x03app\x01\x03\
\x00\x00\x00$0\xd00\xc30\xaf0\xb00\xe90\xa6\
0\xf30\xc9fB0k0\xb20\xfc0\xe00\x92\
0\xdf0\xe50\xfc0\xc8\x08\x00\x00\x00\x00\x06\x00\x00\
\x00\x1dMute Game whil\
e in Background\x07\
\x00\x00\x00\x03app\x01\x03\x00\x00\x00&e\xb00\
W0D0\xd00\xfc0\xb80\xe70\xf3\x00 \x00\
{\x00}\x00 0LR)u(S\xef\x80\xfd0\
g0Y\x08\x00\x00\x00\x00\x06\x00\x00\x00\x18New\
 Version {} Avai\
lable\x07\x00\x00\x00\x03app\x01\x03\x00\
\x00\x00\x060D0D0H\x08\x00\x00\x00\x00\x06\x00\
\x00\x00\x02No\x07\x00\x00\x00\x03app\x01\x03\x00\
\x00\x00\x040j0W\x08\x00\x00\x00\x00\x06\x00\x00\x00\
\x04None\x07\x00\x00\x00\x03app\x01\x03\x00\
\x00\x00\x04\x90\x1aw\xe5\x08\x00\x00\x00\x00\x06\x00\x00\x00\
\x0cNotification\x07\x00\x00\
\x00\x03app\x01\x03\x00\x00\x00\x100\xc60\xad0\
\xb90\xc8\x8a\x8d\x8bX\x90E^\xf6\x08\x00\x00\x00\x00\
\x06\x00\x00\x00\x0bOCR Latency\
\x07\x00\x00\x00\x03app\x01\x03\x00\x00\x00\x100\xe9\
0\xf30\xc10\xe30\xfc0\x92\x95\x8b0O\x08\x00\
\x00\x00\x00\x06\x00\x00\x00\x0dOpen Lau\
ncher\x07\x00\x00\x00\x03app\x01\x03\x00\
\x00\x00(0\xa20\xd70\xea0\xe90\xf30\xc10\
\xe30\xfc0\x92\x95\x8b0D0ff\xf4e\xb00\
\x92{\xa1t\x060W0~0Y\x08\x00\x00\x00\x00\
\x06\x00\x00\x00'Open the ap\
p launcher to ma\
nage updates\x07\x00\x00\x00\
\x03app\x01\x03\x00\x00\x00\x04d\xcdO\x5c\x08\x00\
\x00\x00\x00\x06\x00\x00\x00\x09Operatio\
n\x07\x00\x00\x00\x03app\x01\x03\x00\x00\x00.\x00\
S\x00M\x00T\x00P\x00 0n0\xd10\xb90\
\xef0\xfc0\xc90~0_0o0\xa20\xd70\
\xeaV\xfag\x090\xc80\xfc0\xaf0\xf3\x08\x00\x00\
\x00\x00\x06\x00\x00\x00'Password \
or app-specific \
token for SMTP\x07\x00\
\x00\x00\x03app\x01\x03\x00\x00\x00$0\xb20\xfc\
0\xe00L}BN\x860W0_0_0\x81\
N\x00fBP\x5ckb0W0~0W0_\
\x08\x00\x00\x00\x00\x06\x00\x00\x00\x1aPaused\
 because game ex\
ited\x07\x00\x00\x00\x03app\x01\x03\x00\x00\
\x00<0\xb20\xfc0\xe00\xa60\xa30\xf30\xc9\
0\xa60Lg\x00\x5c\x0fS\x160~0_0o\
u;\x97bY\x160n0_0\x81N\x00fB\
P\x5ckb0W0~0W0_\xff\x01\x08\x00\
\x00\x00\x00\x06\x00\x00\x009Paused b\
ecause game wind\
ow is minimized \
or out of screen\
!\x07\x00\x00\x00\x03app\x01\x03\x00\x00\x00\x160\
\xd10\xd50\xa90\xfc0\xde0\xf30\xb9\x00 0\
\xc60\xb90\xc8\x08\x00\x00\x00\x00\x06\x00\x00\x00\x10P\
erformance Test\x07\
\x00\x00\x00\x03app\x01\x03\x00\x00\x00L\x00M\x00\
u\x00M\x00u\x00P\x00l\x00a\x00y\x00e\x00\
r0n\x8a-[\x9a0g0\xd00\xc30\xaf0\
\xb00\xe90\xa60\xf30\xc90g0nR\xd5O\
\x5c}\xadc\x010\x920\xaa0\xd50k0W0\
f0O0`0U0D\x08\x00\x00\x00\x00\x06\x00\
\x00\x00CPlease turn o\
ff enable backgr\
ound keep alive \
in MuMuPlayer se\
ttings\x07\x00\x00\x00\x03app\x01\x03\
\x00\x00\x00\x12Q\xe6t\x060\xd50\xec0\xfc0\xe0\
0\xec0\xfc0\xc8\x08\x00\x00\x00\x00\x06\x00\x00\x00\x12\
Process Frame Ra\
te\x07\x00\x00\x00\x03app\x01\x03\x00\x00\x00\x22\
\x00Q\x00Q\x00 \x00B\x00o\x00t\x00 \x00A\
\x00P\x00I\x00 0\xa20\xd70\xea\x00 \x00I\
\x00D\x08\x00\x00\x00\x00\x06\x00\x00\x00\x11QQ B\
ot API App ID\x07\x00\x00\
\x00\x03app\x01\x03\x00\x00\x00&\x00Q\x00Q\x00\
 \x00B\x00o\x00t\x00 \x00A\x00P\x00I\x00\
 0\xc10\xe30\xf30\xcd0\xeb\x00 \x00I\x00\
D\x08\x00\x00\x00\x00\x06\x00\x00\x00\x15QQ Bo\
t API Channel ID\
\x07\x00\x00\x00\x03app\x01\x03\x00\x00\x00\x1a\x00Q\
\x00Q\x00 \x00B\x00o\x00t\x00 \x00A\x00P\
\x00I\x00 \x90\x1aw\xe5\x08\x00\x00\x00\x00\x06\x00\x00\
\x00\x17QQ Bot API Not\
ification\x07\x00\x00\x00\x03ap\
p\x01\x03\x00\x00\x00\x1e\x00Q\x00Q\x00 \x00B\x00\
o\x00t\x00 \x00A\x00P\x00I\x00 0\xc80\
\xfc0\xaf0\xf3\x08\x00\x00\x00\x00\x06\x00\x00\x00\x10Q\
Q Bot API Token\x07\
\x00\x00\x00\x03app\x01\x03\x00\x00\x00$\x00Q\x00\
Q\x00 \x00B\x00o\x00t\x00 0\xa20\xd70\
\xea0\xb10\xfc0\xb70\xe70\xf3\x00 \x00I\x00\
D\x08\x00\x00\x00\x00\x06\x00\x00\x00\x15QQ Bo\
t application ID\
\x07\x00\x00\x00\x03app\x01\x03\x00\x00\x00(\x00Q\
\x00Q\x00 \x00B\x00o\x00t\x00 0\xa20\xd7\
0\xea0\xb10\xfc0\xb70\xe70\xf3\x00 0\xc8\
0\xfc0\xaf0\xf3\x08\x00\x00\x00\x00\x06\x00\x00\x00\x18\
QQ Bot applicati\
on token\x07\x00\x00\x00\x03app\
\x01\x03\x00\x00\x00 \x00Q\x00Q\x00 0\xc70\xb9\
0\xaf0\xc80\xc30\xd70n0\xcb0\xc30\xaf\
0\xcd0\xfc0\xe0\x08\x00\x00\x00\x00\x06\x00\x00\x00\x13\
QQ Desktop Nickn\
ame\x07\x00\x00\x00\x03app\x01\x03\x00\x00\x00\
&\x00Q\x00Q\x00 0\xc70\xb90\xaf0\xc80\
\xc30\xd7\x90\x1aw\xe5\xff\x08O\xe1\x98<`'0\
LON0D\xff\x09\x08\x00\x00\x00\x00\x06\x00\x00\x00\
&QQ Desktop Noti\
fication (Not Re\
liable)\x07\x00\x00\x00\x03app\x01\
\x03\x00\x00\x00 \x90\x1aw\xe5QH0n\x00 \x00\
Q\x00Q\x00 0\xc10\xe30\xf30\xcd0\xeb\x00\
 \x00I\x00D\x08\x00\x00\x00\x00\x06\x00\x00\x00&Q\
Q channel ID to \
receive notifica\
tions\x07\x00\x00\x00\x03app\x01\x03\x00\
\x00\x00J0\xed0\xfc0\xab0\xeb0n\x00 \x00\
Q\x00Q\x00 0\xaf0\xe90\xa40\xa20\xf30\
\xc80\xa60\xa30\xf30\xc90\xa60\x92\x95\x8b0\
D0f[\x9f\x88L0W0f0J0O_\
\xc5\x89\x810L0B0\x8a0~0Y\x08\x00\x00\
\x00\x00\x06\x00\x00\x00:Requires \
the local QQ cli\
ent window to be\
 open and runnin\
g\x07\x00\x00\x00\x03app\x01\x03\x00\x00\x00`0\
\xed0\xfc0\xab0\xeb0n\x00 \x00Q\x00Q\x00\
 0~0_0o\x00 \x00W\x00e\x00C\x00\
h\x00a\x00t\x00 0\xaf0\xe90\xa40\xa20\
\xf30\xc80\xa60\xa30\xf30\xc90\xa60\x92\x95\
\x8b0D0f[\x9f\x88L0W0f0J0\
O_\xc5\x89\x810L0B0\x8a0~0Y\x08\
\x00\x00\x00\x00\x06\x00\x00\x00DRequire\
s the local QQ o\
r WeChat client \
window to be ope\
n and running\x07\x00\x00\
\x00\x03app\x01\x03\x00\x00\x00R0\xed0\xfc0\
\xab0\xeb0n\x00 \x00W\x00e\x00C\x00h\x00\
a\x00t\x00 0\xaf0\xe90\xa40\xa20\xf30\
\xc80\xa60\xa30\xf30\xc90\xa60\x92\x95\x8b0\
D0f[\x9f\x88L0W0f0J0O_\
\xc5\x89\x810L0B0\x8a0~0Y\x08\x00\x00\
\x00\x00\x06\x00\x00\x00>Requires \
the local WeChat\
 client window t\
o be open and ru\
nning\x07\x00\x00\x00\x03app\x01\x03\x00\
\x00\x00\x16\x00S\x00M\x00T\x00P\x00 e\xe2[\
\x9a0nS\xd7O\xe1QH\x08\x00\x00\x00\x00\x06\x00\
\x00\x00\x16SMTP Default \
Recipient\x07\x00\x00\x00\x03ap\
p\x01\x03\x00\x00\x00\x16\x00S\x00M\x00T\x00P\x00\
 e\xe2[\x9a0n\x90\x01O\xe1QC\x08\x00\x00\
\x00\x00\x06\x00\x00\x00\x13SMTP Defa\
ult Sender\x07\x00\x00\x00\x03a\
pp\x01\x03\x00\x00\x00\x10\x00S\x00M\x00T\x00P\
\x00 0\xdb0\xb90\xc8\x08\x00\x00\x00\x00\x06\x00\x00\
\x00\x09SMTP Host\x07\x00\x00\x00\x03\
app\x01\x03\x00\x00\x00\x0e\x00S\x00M\x00T\x00\
P\x00 \x90\x1aw\xe5\x08\x00\x00\x00\x00\x06\x00\x00\x00\
\x11SMTP Notificati\
on\x07\x00\x00\x00\x03app\x01\x03\x00\x00\x00\x14\
\x00S\x00M\x00T\x00P\x00 0\xd10\xb90\xef\
0\xfc0\xc9\x08\x00\x00\x00\x00\x06\x00\x00\x00\x0dSM\
TP Password\x07\x00\x00\x00\x03\
app\x01\x03\x00\x00\x00\x10\x00S\x00M\x00T\x00\
P\x00 0\xdd0\xfc0\xc8\x08\x00\x00\x00\x00\x06\x00\
\x00\x00\x09SMTP Port\x07\x00\x00\x00\
\x03app\x01\x03\x00\x00\x00\x1c\x00S\x00M\x00T\
\x00P\x00 0g\x00 \x00T\x00L\x00S\x00 \
0\x92O\x7fu(\x08\x00\x00\x00\x00\x06\x00\x00\x00\x0c\
SMTP Use TLS\x07\x00\x00\x00\
\x03app\x01\x03\x00\x00\x00\x14\x00S\x00M\x00T\
\x00P\x00 0\xe60\xfc0\xb60\xfcT\x0d\x08\x00\
\x00\x00\x00\x06\x00\x00\x00\x0dSMTP Use\
rname\x07\x00\x00\x00\x03app\x01\x03\x00\
\x00\x00@\x00S\x00M\x00T\x00P\x00 0\xb50\
\xfc0\xd00\xfc0n0\xdb0\xb90\xc8\xff\x08O\
\x8b\x00:\x00 \x00s\x00m\x00t\x00p\x00.\x00\
g\x00m\x00a\x00i\x00l\x00.\x00c\x00o\x00\
m\xff\x09\x08\x00\x00\x00\x00\x06\x00\x00\x00&SMT\
P server host (e\
.g. smtp.gmail.c\
om)\x07\x00\x00\x00\x03app\x01\x03\x00\x00\x00\
:\x00S\x00M\x00T\x00P\x00 0\xb50\xfc0\
\xd00\xfc0n0\xdd0\xfc0\xc8\xff\x08\x00S\x00\
T\x00A\x00R\x00T\x00T\x00L\x00S\x00 0\
o\x00 \x005\x008\x007\xff\x09\x08\x00\x00\x00\x00\
\x06\x00\x00\x00#SMTP server\
 port (587 for S\
TARTTLS)\x07\x00\x00\x00\x03app\
\x01\x03\x00\x00\x00$Q\xe6t\x06n\x080\x7f0\xaa\
0\xfc0\xd00\xfc0\xec0\xa40nf\xf4e\xb0\
\x95\x93\x96\x94\xff\x08y\xd2\xff\x09\x08\x00\x00\x00\x00\x06\
\x00\x00\x00)Seconds betw\
een processed ov\
erlay updates\x07\x00\x00\
\x00\x03app\x01\x03\x00\x00\x00>\x00E\x00n\x00\
t\x00e\x00r\x00p\x00r\x00i\x00s\x00e\x00\
 \x00W\x00e\x00C\x00h\x00a\x00t\x00 0\
\xb00\xeb0\xfc0\xd70\xdc0\xc30\xc80g\x90\
\x1aw\xe50\x92\x90\x01O\xe1\x08\x00\x00\x00\x00\x06\x00\
\x00\x009Send notifica\
tions through an\
 Enterprise WeCh\
at group bot\x07\x00\x00\x00\
\x03app\x01\x03\x00\x00\x00$\x00S\x00M\x00T\
\x00P\x00 0\xe10\xfc0\xeb0\xb50\xfc0\xd0\
0\xfc0g\x90\x1aw\xe50\x92\x90\x01O\xe1\x08\x00\
\x00\x00\x00\x06\x00\x00\x00/Send not\
ifications throu\
gh an SMTP email\
 server\x07\x00\x00\x00\x03app\x01\
\x03\x00\x00\x00.\x00Q\x00Q\x00 \x00G\x00u\x00\
i\x00l\x00d\x00 \x00B\x00o\x00t\x00 \x00\
A\x00P\x00I\x00 0g\x90\x1aw\xe50\x92\x90\
\x01O\xe1\x08\x00\x00\x00\x00\x06\x00\x00\x00/Sen\
d notifications \
through the QQ G\
uild Bot API\x07\x00\x00\x00\
\x03app\x01\x03\x00\x00\x00.\x00T\x00e\x00l\
\x00e\x00g\x00r\x00a\x00m\x00 \x00B\x00o\
\x00t\x00 \x00A\x00P\x00I\x00 0g\x90\x1a\
w\xe50\x92\x90\x01O\xe1\x08\x00\x00\x00\x00\x06\x00\x00\
\x00/Send notificat\
ions through the\
 Telegram Bot AP\
I\x07\x00\x00\x00\x03app\x01\x03\x00\x00\x00,\x00\
D\x00i\x00s\x00c\x00o\x00r\x00d\x00 \x00\
W\x00e\x00b\x00h\x00o\x00o\x00k\x00 0\
k\x90\x1aw\xe50\x92\x90\x01O\xe1\x08\x00\x00\x00\x00\
\x06\x00\x00\x00'Send notifi\
cations to a Dis\
cord webhook\x07\x00\x00\x00\
\x03app\x01\x03\x00\x00\x00$0\xed0\xfc0\xab\
0\xeb0n\x00 \x00Q\x00Q\x00 \x90#}a\
QH0k\x90\x1aw\xe50\x92\x90\x01O\xe1\x08\x00\
\x00\x00\x00\x06\x00\x00\x00(Send not\
ifications to a \
local QQ contact\
\x07\x00\x00\x00\x03app\x01\x03\x00\x00\x00,0\xed\
0\xfc0\xab0\xeb0n\x00 \x00W\x00e\x00C\
\x00h\x00a\x00t\x00 \x90#}aQH0k\
\x90\x1aw\xe50\x92\x90\x01O\xe1\x08\x00\x00\x00\x00\x06\
\x00\x00\x00,Send notific\
ations to a loca\
l WeChat contact\
\x07\x00\x00\x00\x03app\x01\x03\x00\x00\x00*\x00W\
\x00i\x00n\x00d\x00o\x00w\x00s\x00 0\xb7\
0\xb90\xc60\xe00\xc80\xec0\xa40g\x90\x1a\
w\xe50\x92\x88hy:\x08\x00\x00\x00\x00\x06\x00\x00\
\x000Show notificat\
ions using the W\
indows system tr\
ay\x07\x00\x00\x00\x03app\x01\x03\x00\x00\x00\x06\
[\x89[\x9arH\x08\x00\x00\x00\x00\x06\x00\x00\x00\x0e\
Stable Version\x07\x00\
\x00\x00\x03app\x01\x03\x00\x00\x00\x100\xa20\xd7\
0\xea\x8dwR\xd5O\x8bY\x16\x00:\x08\x00\x00\x00\
\x00\x06\x00\x00\x00\x14Start App \
Exception:\x07\x00\x00\x00\x03a\
pp\x01\x03\x00\x00\x00\x100\xc00\xa60\xf30\xed\
0\xfc0\xc9\x95\x8bY\xcb\x08\x00\x00\x00\x00\x06\x00\x00\
\x00\x11Start download\
ing\x07\x00\x00\x00\x03app\x01\x03\x00\x00\x00\
00\xed0\xb00\xa40\xf3fB0k0\xa20\
\xd70\xea0\xe90\xf30\xc10\xe30\xfc0\x92\x81\
\xeaR\xd5v\x840k\x8dwR\xd50W0~0\
Y\x08\x00\x00\x00\x00\x06\x00\x00\x001Start\
 the launcher au\
tomatically when\
 you sign in\x07\x00\x00\x00\
\x03app\x01\x03\x00\x00\x00\x0a\x95\x8bY\xcb\x00/\
P\x5ckb\x08\x00\x00\x00\x00\x06\x00\x00\x00\x0aSt\
art/Stop\x07\x00\x00\x00\x03app\
\x01\x03\x00\x00\x00\x04P\x5ckb\x08\x00\x00\x00\x00\x06\
\x00\x00\x00\x07Stopped\x07\x00\x00\x00\x03\
app\x01\x03\x00\x00\x00:0\xbf0\xb90\xaf0\
Lkc^80k[\x9f\x88L0U0\x8c0\
~0W0_0\x020\xb20\xfc0\xe00h0\
\xa20\xd70\xea0\x92}BN\x860W0~0\
Y\xff\x01\x08\x00\x00\x00\x00\x06\x00\x00\x001Suc\
cessfully Execut\
ed Task, Exiting\
 Game and App!\x07\x00\
\x00\x00\x03app\x01\x03\x00\x00\x002up0j\
0\x8b\x00 \x00W\x00i\x00n\x00d\x00o\x00w\
\x00s\x00 0\xad0\xe30\xd70\xc10\xe3e\xb9\
_\x0f0\x92R\x070\x8af\xff0H0\x8b\x08\x00\
\x00\x00\x00\x06\x00\x00\x000Switch b\
etween different\
 Windows capture\
 methods\x07\x00\x00\x00\x03app\
\x01\x03\x00\x00\x00\x0c0\xb70\xb90\xc60\xe0\x90\x1a\
w\xe5\x08\x00\x00\x00\x00\x06\x00\x00\x00\x13Syst\
em Notification\x07\
\x00\x00\x00\x03app\x01\x03\x00\x00\x000[\xfe\x8c\
a0\xa60\xa30\xf30\xc90\xa60g0\xa20\
\xaf0\xc60\xa30\xd6\x00:\x00 \x932u;0\
\x92Q\x8d\x95\x8b0W0~0W0_\x08\x00\x00\
\x00\x00\x06\x00\x00\x00'Target wi\
ndow active: Rec\
ording resumed\x07\x00\
\x00\x00\x03app\x01\x03\x00\x00\x006[\xfe\x8ca\
0\xa60\xa30\xf30\xc90\xa60g\x97^0\xa2\
0\xaf0\xc60\xa30\xd6\x00:\x00 \x932u;\
0\x92N\x00fBP\x5ckb0W0~0W\
0_\x08\x00\x00\x00\x00\x06\x00\x00\x00(Targ\
et window inacti\
ve: Recording pa\
used\x07\x00\x00\x00\x03app\x01\x03\x00\x00\
\x00 \x00T\x00e\x00l\x00e\x00g\x00r\x00a\
\x00m\x00 0\xdc0\xc30\xc80\xc80\xfc0\xaf\
0\xf3\x08\x00\x00\x00\x00\x06\x00\x00\x00\x12Tele\
gram Bot Token\x07\x00\
\x00\x00\x03app\x01\x03\x00\x00\x00 \x00T\x00e\
\x00l\x00e\x00g\x00r\x00a\x00m\x00 0\xc1\
0\xe30\xc30\xc8\x00 \x00I\x00D\x08\x00\x00\x00\
\x00\x06\x00\x00\x00\x10Telegram C\
hat ID\x07\x00\x00\x00\x03app\x01\x03\
\x00\x00\x00\x16\x00T\x00e\x00l\x00e\x00g\x00r\
\x00a\x00m\x00 \x90\x1aw\xe5\x08\x00\x00\x00\x00\x06\
\x00\x00\x00\x15Telegram Not\
ification\x07\x00\x00\x00\x03ap\
p\x01\x03\x00\x00\x008\x00B\x00o\x00t\x00F\x00\
a\x00t\x00h\x00e\x00r\x00 0n\x00 \x00\
T\x00e\x00l\x00e\x00g\x00r\x00a\x00m\x00\
 0\xdc0\xc30\xc80\xc80\xfc0\xaf0\xf3\x08\
\x00\x00\x00\x00\x06\x00\x00\x00!Telegra\
m bot token from\
 BotFather\x07\x00\x00\x00\x03a\
pp\x01\x03\x00\x00\x00@\x00T\x00e\x00l\x00e\
\x00g\x00r\x00a\x00m\x00 0\xe60\xfc0\xb6\
0\xfc0\x010\xb00\xeb0\xfc0\xd70\x010\xc1\
0\xe30\xf30\xcd0\xeb0n0\xc10\xe30\xc3\
0\xc8\x00 \x00I\x00D\x08\x00\x00\x00\x00\x06\x00\x00\
\x00(Telegram user,\
 group, or chann\
el chat ID\x07\x00\x00\x00\x03a\
pp\x01\x03\x00\x00\x00\x100\xc60\xad0\xb90\xc8\
\x8a\x8d\x8bX}Pg\x9c\x08\x00\x00\x00\x00\x06\x00\x00\
\x00\x05Texts\x07\x00\x00\x00\x03app\x01\
\x03\x00\x00\x00,s\xfeW(0n0\xd00\xfc0\
\xb80\xe70\xf3\x00{\x00}0of\xf4e\xb00\
Y0\x8b_\xc5\x89\x810L0B0\x8a0~0\
Y\x08\x00\x00\x00\x00\x06\x00\x00\x00&The c\
urrent version {\
} must be update\
d\x07\x00\x00\x00\x03app\x01\x03\x00\x00\x00\x0c0\
\xc80\xea0\xac0\xfc\x95\x93\x96\x94\x08\x00\x00\x00\x00\
\x06\x00\x00\x00\x10Trigger Int\
erval\x07\x00\x00\x00\x03app\x01\x03\x00\
\x00\x00\x0af\xf4e\xb0Q\x85[\xb9\x00:\x08\x00\x00\
\x00\x00\x06\x00\x00\x00\x08Updates:\x07\
\x00\x00\x00\x03app\x01\x03\x00\x00\x00\x16\x00D\x00\
i\x00r\x00e\x00c\x00t\x00M\x00L0\x92O\
\x7fu(\x08\x00\x00\x00\x00\x06\x00\x00\x00\x0cUse\
 DirectML\x07\x00\x00\x00\x03ap\
p\x01\x03\x00\x00\x00*0\xd10\xd50\xa90\xfc0\
\xde0\xf30\xb9T\x11N\x0a0n0_0\x810\
k\x00G\x00P\x00U0\x92O\x7fu(0Y0\
\x8b\x08\x00\x00\x00\x00\x06\x00\x00\x00\x1eUse G\
PU to Improve Pe\
rformance\x07\x00\x00\x00\x03ap\
p\x01\x03\x00\x00\x008\x00S\x00T\x00A\x00R\x00\
T\x00T\x00L\x00S\x00 f\x97S\xf7S\x160\
\x92O\x7fu(\xff\x080\xdd0\xfc0\xc8\x00 \x00\
5\x008\x007\x00 0kc\xa8Yh\xff\x09\x08\
\x00\x00\x00\x00\x06\x00\x00\x002Use STA\
RTTLS encryption\
 (recommended fo\
r port 587)\x07\x00\x00\x00\x03\
app\x01\x03\x00\x00\x00\x1a\x00S\x00M\x00T\x00\
P\x00 \x8a\x8d\x8a<0n0\xe60\xfc0\xb60\
\xfcT\x0d\x08\x00\x00\x00\x00\x06\x00\x00\x00 Use\
rname for SMTP a\
uthentication\x07\x00\x00\
\x00\x03app\x01\x03\x00\x00\x00(\x00W\x00e\x00\
C\x00h\x00a\x00t\x00 0\xc70\xb90\xaf0\
\xc80\xc30\xd70n0\xcb0\xc30\xaf0\xcd0\
\xfc0\xe0\x08\x00\x00\x00\x00\x06\x00\x00\x00\x17WeC\
hat Desktop Nick\
name\x07\x00\x00\x00\x03app\x01\x03\x00\x00\
\x00.\x00W\x00e\x00C\x00h\x00a\x00t\x00 \
0\xc70\xb90\xaf0\xc80\xc30\xd7\x90\x1aw\xe5\
\xff\x08O\xe1\x98<`'0LON0D\xff\x09\
\x08\x00\x00\x00\x00\x06\x00\x00\x00*WeChat\
 Desktop Notific\
ation (Not Relia\
ble)\x07\x00\x00\x00\x03app\x01\x03\x00\x00\
\x00\x0e0\xa60\xa30\xf30\xc90\xa6\x8a-[\x9a\
\x08\x00\x00\x00\x00\x06\x00\x00\x00\x0dWindow\
 Config\x07\x00\x00\x00\x03app\x01\
\x03\x00\x00\x00\x1e\x00W\x00i\x00n\x00d\x00o\x00\
w\x00s\x00 0\xad0\xe30\xd70\xc10\xe3e\
\xb9_\x0f\x08\x00\x00\x00\x00\x06\x00\x00\x00\x0fWin\
dows Capture\x07\x00\x00\x00\
\x03app\x01\x03\x00\x00\x00\x040o0D\x08\x00\
\x00\x00\x00\x06\x00\x00\x00\x03Yes\x07\x00\x00\x00\x03\
app\x01\x03\x00\x00\x00\x10\x00{\x00}\x00 0\
\xe90\xf30\xc10\xe30\xfc\x08\x00\x00\x00\x00\x06\x00\
\x00\x00\x0b{} Launcher\x07\x00\
\x00\x00\x03app\x01\
\x00\x00\x00\x96\
\x00\
\x00\x02\x9ax\xda\xf3\xcd\xcc\xcb\xcc\xcd\xacJu*-\
)\xc9\xcfS\xa8\xe6R\x00\x82\xc2\x82\xa2\xfc\x82\xd4\xa2\
\x92J\xdd\xbc\xfc\xa2\xdc\xc4\x1c\xe7\xfc\x9c\xfc\x22+\x85\
\xa4\x9c\xc4\xe4lk\xac*\x9c\x802\xe9E\xf9\xa5y\
)P\xb5%E\x89y\xc5\x05\x89E\xa9y%\xe8:\
2\xf2\xcbR\x8b\xf0\x19\x09V\x80abQzR\xa2\
\x86\x81\x8e\x02\x04\x19\x99i\xa2k+(J-.N\
M\xc1g2T\x09\x01\xb3M\x0d5\xb9j\xb9\xb8\xb8\
|\x13+F\xc3\x06{\xd88\xe7\xe4\x17\xd36\x5cj\
\x01}\xf1\xe3`\
\x00\x00\x07\xd1\
<\
?xml version=\x221.\
0\x22 encoding=\x22UTF\
-8\x22?>\x0a<!-- Uploa\
ded to: SVG Repo\
, www.svgrepo.co\
m, Generator: SV\
G Repo Mixer Too\
ls -->\x0a<svg widt\
h=\x22800px\x22 height\
=\x22800px\x22 viewBox\
=\x220 -28.5 256 25\
6\x22 version=\x221.1\x22\
 xmlns=\x22http://w\
ww.w3.org/2000/s\
vg\x22\x0a     preserv\
eAspectRatio=\x22xM\
idYMid\x22>\x0a    <g>\
\x0a        <path d\
=\x22M216.856339,16\
.5966031 C200.28\
5002,8.84328665 \
182.566144,3.208\
4988 164.041564,\
0 C161.766523,4.\
11318106 159.108\
624,9.64549908 1\
57.276099,14.046\
4379 C137.583995\
,11.0849896 118.\
072967,11.084989\
6 98.7430163,14.\
0464379 C96.9108\
417,9.64549908 9\
4.1925838,4.1131\
8106 91.8971895,\
0 C73.3526068,3.\
2084988 55.61339\
49,8.86399117 39\
.0420583,16.6376\
612 C5.61752293,\
67.146514 -3.443\
3191,116.400813 \
1.08711069,164.9\
55721 C23.256019\
6,181.510915 44.\
7403634,191.5676\
97 65.8621325,19\
8.148576 C71.077\
2151,190.971126 \
75.7283628,183.3\
41335 79.7352139\
,175.300261 C72.\
104019,172.40057\
5 64.7949724,168\
.822202 57.88878\
66,164.667963 C5\
9.7209612,163.31\
0589 61.5131304,\
161.891452 63.24\
45898,160.431257\
 C105.36741,180.\
133187 151.13492\
8,180.133187 192\
.754523,160.4312\
57 C194.506336,1\
61.891452 196.29\
8154,163.310589 \
198.110326,164.6\
67963 C191.18378\
7,168.842556 183\
.854737,172.4209\
29 176.223542,17\
5.320965 C180.23\
0393,183.341335 \
184.861538,190.9\
91831 190.096624\
,198.16893 C211.\
238746,191.58805\
1 232.743023,181\
.531619 254.9119\
49,164.955721 C2\
60.227747,108.66\
8201 245.831087,\
59.8662432 216.8\
56339,16.5966031\
 Z M85.4738752,1\
35.09489 C72.829\
0281,135.09489 6\
2.4592217,123.29\
0155 62.4592217,\
108.914901 C62.4\
592217,94.539647\
2 72.607595,82.7\
145587 85.473875\
2,82.7145587 C98\
.3405064,82.7145\
587 108.709962,9\
4.5189427 108.48\
8529,108.914901 \
C108.508531,123.\
290155 98.340506\
4,135.09489 85.4\
738752,135.09489\
 Z M170.525237,1\
35.09489 C157.88\
039,135.09489 14\
7.510584,123.290\
155 147.510584,1\
08.914901 C147.5\
10584,94.5396472\
 157.658606,82.7\
145587 170.52523\
7,82.7145587 C18\
3.391518,82.7145\
587 193.761324,9\
4.5189427 193.53\
9891,108.914901 \
C193.539891,123.\
290155 183.39151\
8,135.09489 170.\
525237,135.09489\
 Z\x22 fill=\x22#5865F\
2\x22 fill-rule=\x22no\
nzero\x22>\x0a\x0a</path>\
\x0a    </g>\x0a</svg>\
\
\x00\x00\x01Z\
S\
tatusBar {\x0a    b\
ackground-color:\
 white;\x0a    bord\
er: 1px solid rg\
ba(0, 0, 0, 0.06\
);\x0a    border-ra\
dius: 7px;\x0a}\x0a\x0aQL\
abel {\x0a    color\
: black;\x0a    bac\
kground-color: t\
ransparent;\x0a    \
font-family: 'Se\
goe UI', 'Micros\
oft YaHei', 'Pin\
gFang SC';\x0a    b\
order: none;\x0a}\x0a\x0a\
QLabel#titleLabe\
l {\x0a    font-siz\
e: 14px;\x0a}\x0a\x0aQLab\
el#contentLabel \
{\x0a    font-size:\
 13px ;\x0a}\
\x00\x00\x01N\
#\
titleLabel {\x0a   \
 color: black;\x0a \
   font: 14px 'S\
egoe UI', 'Micro\
soft YaHei', 'Pi\
ngFang SC';\x0a    \
font-weight: bol\
d;\x0a}\x0a\x0a#contentLa\
bel {\x0a    color:\
 rgb(96, 96, 96)\
;\x0a    font: 12px\
 'Segoe UI', 'Mi\
crosoft YaHei', \
'PingFang SC';\x0a}\
\x0a\x0a#viewTitleLabe\
l {\x0a    color: b\
lack;\x0a    font: \
20px \x22Segoe UI S\
emiBold\x22, \x22Micro\
soft YaHei\x22, 'Pi\
ngFang SC';\x0a}\
\x00\x00\x01\xfc\
<\
?xml version=\x221.\
0\x22 encoding=\x22UTF\
-8\x22 standalone=\x22\
no\x22?>\x0a<!-- Uploa\
ded to: SVG Repo\
, www.svgrepo.co\
m, Generator: SV\
G Repo Mixer Too\
ls -->\x0a<svg widt\
h=\x22800px\x22 height\
=\x22800px\x22 viewBox\
=\x220 0 24 24\x22 xml\
ns=\x22http://www.w\
3.org/2000/svg\x22 \
version=\x221.1\x22>\x0a \
<g transform=\x22tr\
anslate(0 -1028.\
4)\x22>\x0a  <path d=\x22\
m7 1031.4c-1.535\
5 0-3.0784 0.5-4\
.25 1.7-2.3431 2\
.4-2.2788 6.1 0 \
8.5l9.25 9.8 9.2\
5-9.8c2.279-2.4 \
2.343-6.1 0-8.5-\
2.343-2.3-6.157-\
2.3-8.5 0l-0.75 \
0.8-0.75-0.8c-1.\
172-1.2-2.7145-1\
.7-4.25-1.7z\x22 fi\
ll=\x22#e74c3c\x22/>\x0a \
</g>\x0a</svg>\
\x00\x00\x03\x0c\
<\
svg width=\x2264px\x22\
 height=\x2264px\x22 v\
iewBox=\x220 0 24 2\
4\x22 fill=\x22none\x22 x\
mlns=\x22http://www\
.w3.org/2000/svg\
\x22>\x0a    <g id=\x22SV\
GRepo_bgCarrier\x22\
 stroke-width=\x220\
\x22></g>\x0a    <g id\
=\x22SVGRepo_tracer\
Carrier\x22 stroke-\
linecap=\x22round\x22 \
stroke-linejoin=\
\x22round\x22></g>\x0a   \
 <g id=\x22SVGRepo_\
iconCarrier\x22>\x0a  \
      <path fill\
-rule=\x22evenodd\x22 \
clip-rule=\x22eveno\
dd\x22\x0a            \
  d=\x22M12 22C17.5\
228 22 22 17.522\
8 22 12C22 6.477\
15 17.5228 2 12 \
2C6.47715 2 2 6.\
47715 2 12C2 17.\
5228 6.47715 22 \
12 22ZM8.58579 8\
.58579C8 9.17157\
 8 10.1144 8 12C\
8 13.8856 8 14.8\
284 8.58579 15.4\
142C9.17157 16 1\
0.1144 16 12 16C\
13.8856 16 14.82\
84 16 15.4142 15\
.4142C16 14.8284\
 16 13.8856 16 1\
2C16 10.1144 16 \
9.17157 15.4142 \
8.58579C14.8284 \
8 13.8856 8 12 8\
C10.1144 8 9.171\
57 8 8.58579 8.5\
8579Z\x22\x0a         \
     fill=\x22#0000\
00\x22></path>\x0a    \
</g>\x0a</svg>\
\x00\x00\x06\x0a\
T\
ab,\x0aToolBar,\x0aRou\
ndCornerContaine\
r,\x0a#view {\x0a    b\
ackground-color:\
 transparent;\x0a}\x0a\
\x0aQScrollArea {\x0a \
   border: none;\
\x0a}\x0a\x0aToolBar > St\
rongBodyLabel {\x0a\
    color: black\
;\x0a}\x0a\x0aToolBar > C\
aptionLabel {\x0a  \
  color: rgb(95,\
 95, 95);\x0a}\x0a\x0aCar\
d {\x0a    backgrou\
nd-color: transp\
arent;\x0a}\x0a\x0aTitleL\
abel,\x0aStrongBody\
Label {\x0a    colo\
r: black;\x0a}\x0a\x0aCar\
d > #card {\x0a    \
border: 1px soli\
d rgba(0, 0, 0, \
0.08);\x0a    borde\
r-radius: 12px;\x0a\
    background-c\
olor: rgba(255, \
255, 255, 0.62);\
\x0a}\x0a\x0aCard > #card\
:hover {\x0a    bac\
kground-color: r\
gba(255, 255, 25\
5, 0.76);\x0a    bo\
rder: 1px solid \
rgba(0, 0, 0, 0.\
12);\x0a}\x0a\x0aCard > #\
card QLabel {\x0a  \
  font: 14px 'Se\
goe UI', 'Micros\
oft YaHei', 'Pin\
gFang SC';\x0a    c\
olor: black;\x0a}\x0a\x0a\
Card> #card Info\
Badge {\x0a    font\
-size: 11px;\x0a}\x0a\x0a\
#sourceWidget {\x0a\
    background-c\
olor: rgba(255, \
255, 255, 0.667)\
;\x0a    border-top\
: 1px solid rgba\
(0, 0, 0, 0.05);\
\x0a    border-bott\
om-left-radius: \
10px;\x0a    border\
-bottom-right-ra\
dius: 10px;\x0a}\x0a\x0a#\
titleLabel {\x0a   \
 color: black;\x0a \
   font: 14px 'S\
egoe UI', 'Micro\
soft YaHei', 'Pi\
ngFang SC';\x0a    \
font-weight: bol\
d;\x0a}\x0a\x0a#contentLa\
bel {\x0a    color:\
 rgb(118, 118, 1\
18);\x0a    font: 1\
2px 'Segoe UI', \
'Microsoft YaHei\
', 'PingFang SC'\
;\x0a}\x0a\x0a#viewTitleL\
abel {\x0a    color\
: black;\x0a    fon\
t: 24px \x22Segoe U\
I SemiBold\x22, \x22Mi\
crosoft YaHei\x22, \
'PingFang SC';\x0a}\
\x0a\x0a#configContent\
Frame {\x0a    bord\
er: 1px solid rg\
ba(0, 0, 0, 0.08\
);\x0a    border-ra\
dius: 12px;\x0a    \
background-color\
: rgba(255, 255,\
 255, 0.62);\x0a}\x0a\x0a\
#configRow {\x0a   \
 background-colo\
r: transparent;\x0a\
    border-botto\
m: 1px solid rgb\
a(0, 0, 0, 0.055\
);\x0a}\x0a\x0a#configRow\
:last-child {\x0a  \
  border-bottom:\
 none;\x0a}\x0a\
\x00\x00\x00\xb6\
\x00\
\x00\x02\xe3x\xda\xed\x90\xbb\x0e\x82@\x10E\xfb\xfd\x8a\
-%\xd1B\x13,4\xb1\x80V\x0a\xa3?0\xb0\x13\
\xd8\xb8\xee\xac\xc3\xe23\xfc\xbb\xc4P(\x1a\xb4\xb1s\
\x8a\xa9\xce\xbd'\xb9\x89\xb6z\xa7/\x18U\xde\x93\x95\
W!\x9b\xdb;&\x87\xec\xcf#K\xbc\x03\x13\x93!\
\x9e\xc9c\xa1=\xce\xdf\x12\x11d\xdb\x9c\xa9\xb2\xaae\
=\x83-\x1d0Z\xdfM\x14t@\xee\xab\xbc\x03/\
\x8d\x9c\xa70\x98\x84\xe1P>\xbci\xd0\x0d;\xc6\xb2\
D\xd5\xd7\xdf\x22_\x19\xc2q j!D\x02\xa7\xff\
N\x9fw\x8a\x0d\x95\xbf\xdd\xa8\x91\xac=X\x05\xac6\
\xda\x1b\x8c\x80\xe5B\xae\x96\x90\xa2i\x95\xd9\x93\xa2\xbe\
\x01\x1e\x18\xf8\xf8\
\x00\x00\x07\xd1\
<\
?xml version=\x221.\
0\x22 encoding=\x22UTF\
-8\x22?>\x0a<!-- Uploa\
ded to: SVG Repo\
, www.svgrepo.co\
m, Generator: SV\
G Repo Mixer Too\
ls -->\x0a<svg widt\
h=\x22800px\x22 height\
=\x22800px\x22 viewBox\
=\x220 -28.5 256 25\
6\x22 version=\x221.1\x22\
 xmlns=\x22http://w\
ww.w3.org/2000/s\
vg\x22\x0a     preserv\
eAspectRatio=\x22xM\
idYMid\x22>\x0a    <g>\
\x0a        <path d\
=\x22M216.856339,16\
.5966031 C200.28\
5002,8.84328665 \
182.566144,3.208\
4988 164.041564,\
0 C161.766523,4.\
11318106 159.108\
624,9.64549908 1\
57.276099,14.046\
4379 C137.583995\
,11.0849896 118.\
072967,11.084989\
6 98.7430163,14.\
0464379 C96.9108\
417,9.64549908 9\
4.1925838,4.1131\
8106 91.8971895,\
0 C73.3526068,3.\
2084988 55.61339\
49,8.86399117 39\
.0420583,16.6376\
612 C5.61752293,\
67.146514 -3.443\
3191,116.400813 \
1.08711069,164.9\
55721 C23.256019\
6,181.510915 44.\
7403634,191.5676\
97 65.8621325,19\
8.148576 C71.077\
2151,190.971126 \
75.7283628,183.3\
41335 79.7352139\
,175.300261 C72.\
104019,172.40057\
5 64.7949724,168\
.822202 57.88878\
66,164.667963 C5\
9.7209612,163.31\
0589 61.5131304,\
161.891452 63.24\
45898,160.431257\
 C105.36741,180.\
133187 151.13492\
8,180.133187 192\
.754523,160.4312\
57 C194.506336,1\
61.891452 196.29\
8154,163.310589 \
198.110326,164.6\
67963 C191.18378\
7,168.842556 183\
.854737,172.4209\
29 176.223542,17\
5.320965 C180.23\
0393,183.341335 \
184.861538,190.9\
91831 190.096624\
,198.16893 C211.\
238746,191.58805\
1 232.743023,181\
.531619 254.9119\
49,164.955721 C2\
60.227747,108.66\
8201 245.831087,\
59.8662432 216.8\
56339,16.5966031\
 Z M85.4738752,1\
35.09489 C72.829\
0281,135.09489 6\
2.4592217,123.29\
0155 62.4592217,\
108.914901 C62.4\
592217,94.539647\
2 72.607595,82.7\
145587 85.473875\
2,82.7145587 C98\
.3405064,82.7145\
587 108.709962,9\
4.5189427 108.48\
8529,108.914901 \
C108.508531,123.\
290155 98.340506\
4,135.09489 85.4\
738752,135.09489\
 Z M170.525237,1\
35.09489 C157.88\
039,135.09489 14\
7.510584,123.290\
155 147.510584,1\
08.914901 C147.5\
10584,94.5396472\
 157.658606,82.7\
145587 170.52523\
7,82.7145587 C18\
3.391518,82.7145\
587 193.761324,9\
4.5189427 193.53\
9891,108.914901 \
C193.539891,123.\
290155 183.39151\
8,135.09489 170.\
525237,135.09489\
 Z\x22 fill=\x22#5865F\
2\x22 fill-rule=\x22no\
nzero\x22>\x0a\x0a</path>\
\x0a    </g>\x0a</svg>\
\
\x00\x00\x01\xe4\
S\
tatusBar {\x0a    b\
ackground-color:\
 --ThemeColorDar\
k1;\x0a    border: \
none;\x0a    border\
-radius: 7px;\x0a}\x0a\
\x0aQLabel {\x0a    co\
lor: black;\x0a    \
background-color\
: transparent;\x0a \
   font-family: \
'Segoe UI', 'Mic\
rosoft YaHei', '\
PingFang SC';\x0a  \
  border: none;\x0a\
}\x0a\x0aQLabel#titleL\
abel {\x0a    color\
: white;\x0a    fon\
t: 14px 'Segoe U\
I', 'Microsoft Y\
aHei', 'PingFang\
 SC';\x0a    font-w\
eight: bold;\x0a}\x0a\x0a\
QLabel#contentLa\
bel {\x0a    color:\
 rgb(208, 208, 2\
08);\x0a    font: 1\
2px 'Segoe UI', \
'Microsoft YaHei\
', 'PingFang SC'\
;\x0a}\
\x00\x00\x01S\
#\
titleLabel {\x0a   \
 color: white;\x0a \
   font: 14px 'S\
egoe UI', 'Micro\
soft YaHei', 'Pi\
ngFang SC';\x0a    \
font-weight: bol\
d;\x0a}\x0a\x0a#contentLa\
bel {\x0a    color:\
 rgb(208, 208, 2\
08);\x0a    font: 1\
2px 'Segoe UI', \
'Microsoft YaHei\
', 'PingFang SC'\
;\x0a}\x0a\x0a#viewTitleL\
abel {\x0a    color\
: white;\x0a    fon\
t: 20px \x22Segoe U\
I SemiBold\x22, \x22Mi\
crosoft YaHei\x22, \
'PingFang SC';\x0a}\
\x0a\x0a\
\x00\x00\x03\x0c\
<\
svg width=\x2264px\x22\
 height=\x2264px\x22 v\
iewBox=\x220 0 24 2\
4\x22 fill=\x22none\x22 x\
mlns=\x22http://www\
.w3.org/2000/svg\
\x22>\x0a    <g id=\x22SV\
GRepo_bgCarrier\x22\
 stroke-width=\x220\
\x22></g>\x0a    <g id\
=\x22SVGRepo_tracer\
Carrier\x22 stroke-\
linecap=\x22round\x22 \
stroke-linejoin=\
\x22round\x22></g>\x0a   \
 <g id=\x22SVGRepo_\
iconCarrier\x22>\x0a  \
      <path fill\
-rule=\x22evenodd\x22 \
clip-rule=\x22eveno\
dd\x22\x0a            \
  d=\x22M12 22C17.5\
228 22 22 17.522\
8 22 12C22 6.477\
15 17.5228 2 12 \
2C6.47715 2 2 6.\
47715 2 12C2 17.\
5228 6.47715 22 \
12 22ZM8.58579 8\
.58579C8 9.17157\
 8 10.1144 8 12C\
8 13.8856 8 14.8\
284 8.58579 15.4\
142C9.17157 16 1\
0.1144 16 12 16C\
13.8856 16 14.82\
84 16 15.4142 15\
.4142C16 14.8284\
 16 13.8856 16 1\
2C16 10.1144 16 \
9.17157 15.4142 \
8.58579C14.8284 \
8 13.8856 8 12 8\
C10.1144 8 9.171\
57 8 8.58579 8.5\
8579Z\x22\x0a         \
     fill=\x22#ffff\
ff\x22></path>\x0a    \
</g>\x0a</svg>\
\x00\x00\x01\xfc\
<\
?xml version=\x221.\
0\x22 encoding=\x22UTF\
-8\x22 standalone=\x22\
no\x22?>\x0a<!-- Uploa\
ded to: SVG Repo\
, www.svgrepo.co\
m, Generator: SV\
G Repo Mixer Too\
ls -->\x0a<svg widt\
h=\x22800px\x22 height\
=\x22800px\x22 viewBox\
=\x220 0 24 24\x22 xml\
ns=\x22http://www.w\
3.org/2000/svg\x22 \
version=\x221.1\x22>\x0a \
<g transform=\x22tr\
anslate(0 -1028.\
4)\x22>\x0a  <path d=\x22\
m7 1031.4c-1.535\
5 0-3.0784 0.5-4\
.25 1.7-2.3431 2\
.4-2.2788 6.1 0 \
8.5l9.25 9.8 9.2\
5-9.8c2.279-2.4 \
2.343-6.1 0-8.5-\
2.343-2.3-6.157-\
2.3-8.5 0l-0.75 \
0.8-0.75-0.8c-1.\
172-1.2-2.7145-1\
.7-4.25-1.7z\x22 fi\
ll=\x22#e74c3c\x22/>\x0a \
</g>\x0a</svg>\
\x00\x00\x01\xee\
\x00\
\x00\x06sx\xda\xc5TQo\x9b0\x10~\xf7\xaf\xb0\
\x92\x874\x12T\xc0J\xb7&R\xa5\x05\xadZ\xa5U\
ZK\xa6i\x8f\x06\x0c\xb1\xe6\xf8\x90q\x9avS\xff\
\xfb\x8e@\xda\xc0@\xa1\xeaC\x11X\xc8\xba\xbb\xef\xfb\
\xee\xb3o\xc9\x22\x8b,\x01\xe4\x82i\x8b\xdc\xc1F%\
\x01h\xc5u\x00\xca0\x81?\x16\x19\xdf\x0b\xbe\xa5\x7f\
\x09\xc5'b\xf1\xefL\x97av\x0c\x12\xf4\x8c\x1a\xcd\
T\x913\xcd\x95\x99\x93'Bn\xc3X\x83\x94\x9f5\
g\xfb\x1c\xd0\x09\xc7H\x05\x8a\xefB\xf6\x80\x97\x01\xcb\
\x8d\x00\xf5\x8dE\x5c\xd6\xc1u\xd5\xedJ\x98*8`\
:\x19\x06\xde\x99\xbe\x14F\xf2\x1d\x80EB\xa3Ae\
\x0bH\x1e\x8f\x22^\x8e\xe3\x03\xdcZ\x80\x9b?\xd0\x02\
\xa4H\xa8\xce\x22v\xe2\xf9\xbeE_\x16\xe7\xd4\xb9\x98\
\xce\x0f\x12l\xcd\x12\xb1)0\xcf\xcb\x1f\xe6=\x0az\
*\x9d\xf9\xd3\x16\x97\xd9\x0a\xee\xb9\xee\xedDO\x1d\xdf\
oP:\xae\xc1u\xdb\xc0\xf4\xf6\xb0[)\x9e\x0b\xac\
r\x86e&!\xcf\x80\xd3\x1f\xd7\x13\x8bNn\x04\xda\
^@j\xe8/\xf6\x95\x8br\xeb\xbbP\xd9\x15S\x19\
\x0d\x83\xc9\xfch\xab\xafU\x0a\x0b\x96d\xfc\x00\xc8.\
\xc4\x1f\x8ehn\xd9?\x0c\xff\xb2\xce\xcd\xe30{N\
>\x9c[\xb4\xfazLq\x8e\x98\xe2`;\xaa\xf7\xd4\
\xfdxQ\xfbA\xc8\xb8\x80\x8d\x8e\xf9O\x81T\xcdk\
\xedh\x1d\x10\x03\xf9P\xda\x11\x18\x03k[\xf2\xd4t\
Ih\x04i\x91\xad\xdaQ\xc8}l\x9e\xefB\xe7\xd1\
\x7f\xb3\xbd;\xcb\xb6\xbcD\x9f!%\x99T\xb01n\
\xe3\x05\xed\x00.\x05{\xce'\xecO\xbdL\x1b,\xbc\
W\xb3(\xe1\xcai\xb5\x1c\xaa\xd4+\x95\x8e\xf6\x184\
\xe4k\xb1@\xe2#\x8b\x8eZ`\xa3N0\xd4\x96\x8a\
,\xa8\x14^i\xb6\xe6\xef?3jRw\xb0\x1d>\
7\x1b\x07h\x00k\xff?\xac\x99d\x85\xb1\xe3\x95\x90\
\xcd{\xf9\x5cs?\xfe\xff\x01[F\xe9\xc8\
"

qt_resource_name = b"\
\x00\x03\
\x00\x00x\xa3\
\x00q\
\x00s\x00s\
\x00\x04\
\x00\x06\xc4\xee\
\x00i\
\x001\x008\x00n\
\x00\x08\
\x09:h\xfd\
\x00e\
\x00s\x00_\x00E\x00S\x00.\x00q\x00m\
\x00\x08\
\x0eI\xb5}\
\x00z\
\x00h\x00_\x00T\x00W\x00.\x00q\x00m\
\x00\x08\
\x05@[=\
\x00k\
\x00o\x00_\x00K\x00R\x00.\x00q\x00m\
\x00\x08\
\x0e8\x05}\
\x00z\
\x00h\x00_\x00C\x00N\x00.\x00q\x00m\
\x00\x08\
\x07?;}\
\x00j\
\x00a\x00_\x00J\x00P\x00.\x00q\x00m\
\x00\x04\
\x00\x06\xa8\x8b\
\x00d\
\x00a\x00r\x00k\
\x00\x05\
\x00r\xfd\xf4\
\x00l\
\x00i\x00g\x00h\x00t\
\x00\x12\
\x0c\xf9E\xe3\
\x00m\
\x00e\x00s\x00s\x00a\x00g\x00e\x00_\x00w\x00i\x00n\x00d\x00o\x00w\x00.\x00q\x00s\
\x00s\
\x00\x0b\
\x06QI\x87\
\x00d\
\x00i\x00s\x00c\x00o\x00r\x00d\x00.\x00s\x00v\x00g\
\x00\x0e\
\x0d\x92\xd4\xa3\
\x00s\
\x00t\x00a\x00t\x00u\x00s\x00_\x00b\x00a\x00r\x00.\x00q\x00s\x00s\
\x00\x08\
\x08\x87U\x83\
\x00c\
\x00a\x00r\x00d\x00.\x00q\x00s\x00s\
\x00\x09\
\x08\x97\x87\xa7\
\x00h\
\x00e\x00a\x00r\x00t\x00.\x00s\x00v\x00g\
\x00\x08\
\x0bcU\x87\
\x00s\
\x00t\x00o\x00p\x00.\x00s\x00v\x00g\
\x00\x07\
\x0auXC\
\x00t\
\x00a\x00b\x00.\x00q\x00s\x00s\
"

qt_resource_struct = b"\
\x00\x00\x00\x00\x00\x02\x00\x00\x00\x02\x00\x00\x00\x01\
\x00\x00\x00\x00\x00\x00\x00\x00\
\x00\x00\x00\x00\x00\x02\x00\x00\x00\x02\x00\x00\x00\x08\
\x00\x00\x00\x00\x00\x00\x00\x00\
\x00\x00\x00\x0c\x00\x02\x00\x00\x00\x05\x00\x00\x00\x03\
\x00\x00\x00\x00\x00\x00\x00\x00\
\x00\x00\x00F\x00\x00\x00\x00\x00\x01\x00\x01b\x82\
\x00\x00\x01\xa0\x19~~\xfd\
\x00\x00\x00r\x00\x00\x00\x00\x00\x01\x00\x03of\
\x00\x00\x01\xa0\x19~}\xf9\
\x00\x00\x00\x1a\x00\x01\x00\x00\x00\x01\x00\x00\x00\x00\
\x00\x00\x01\xa0\x19~|\xef\
\x00\x00\x00\x5c\x00\x00\x00\x00\x00\x01\x00\x02t\x92\
\x00\x00\x01\xa0\x19~\x80\x19\
\x00\x00\x000\x00\x00\x00\x00\x00\x01\x00\x00f\xa2\
\x00\x00\x01\xa0\x19~\x81:\
\x00\x00\x00\x88\x00\x02\x00\x00\x00\x07\x00\x00\x00\x11\
\x00\x00\x00\x00\x00\x00\x00\x00\
\x00\x00\x00\x96\x00\x02\x00\x00\x00\x07\x00\x00\x00\x0a\
\x00\x00\x00\x00\x00\x00\x00\x00\
\x00\x00\x00\xd0\x00\x00\x00\x00\x00\x01\x00\x04\x86\xdc\
\x00\x00\x01\xa0\x18\xb36F\
\x00\x00\x01\x0e\x00\x00\x00\x00\x00\x01\x00\x04\x90\x0f\
\x00\x00\x01\xa0\x18\xb36F\
\x00\x00\x01$\x00\x00\x00\x00\x00\x01\x00\x04\x91a\
\x00\x00\x01\xa0\x18\xb36G\
\x00\x00\x01R\x00\x00\x00\x00\x00\x01\x00\x04\x96q\
\x00\x00\x01\xa0\x18\xb36\x9e\
\x00\x00\x01<\x00\x00\x00\x00\x00\x01\x00\x04\x93a\
\x00\x00\x01\xa0\x18\xb36\x9d\
\x00\x00\x00\xa6\x00\x01\x00\x00\x00\x01\x00\x04\x86B\
\x00\x00\x01\xa0\x18\xb36H\
\x00\x00\x00\xec\x00\x00\x00\x00\x00\x01\x00\x04\x8e\xb1\
\x00\x00\x01\xa0\x18\xb36\x9d\
\x00\x00\x00\xd0\x00\x00\x00\x00\x00\x01\x00\x04\x9d9\
\x00\x00\x01\xa0\x18\xb35\xe3\
\x00\x00\x01\x0e\x00\x00\x00\x00\x00\x01\x00\x04\xa6\xf6\
\x00\x00\x01\xa0\x18\xb35\xe3\
\x00\x00\x01$\x00\x00\x00\x00\x00\x01\x00\x04\xab]\
\x00\x00\x01\xa0\x18\xb35\xe5\
\x00\x00\x01R\x00\x01\x00\x00\x00\x01\x00\x04\xad]\
\x00\x00\x01\xa0\x18\xb36E\
\x00\x00\x01<\x00\x00\x00\x00\x00\x01\x00\x04\xa8M\
\x00\x00\x01\xa0\x18\xb36D\
\x00\x00\x00\xa6\x00\x01\x00\x00\x00\x01\x00\x04\x9c\x7f\
\x00\x00\x01\xa0\x18\xb35\xe5\
\x00\x00\x00\xec\x00\x00\x00\x00\x00\x01\x00\x04\xa5\x0e\
\x00\x00\x01\xa0\x18\xb36C\
"

def qInitResources():
    QtCore.qRegisterResourceData(0x03, qt_resource_struct, qt_resource_name, qt_resource_data)

def qCleanupResources():
    QtCore.qUnregisterResourceData(0x03, qt_resource_struct, qt_resource_name, qt_resource_data)

qInitResources()
