# Resource object code (Python 3)
# Created by: object code
# Created by: The Resource Compiler for Qt version 6.10.2
# WARNING! All changes made in this file will be lost!

from PySide6 import QtCore

qt_resource_data = b"\
\x00\x00L\x9a\
\x00\
\x01\x02\xc7x\xda\xd5\xbd\x09|\x15\xd5\xbd8~B\xf6\
\x9b\x9b\x04\x01\x11Qq@\x94\x80!,\x22*\xa2\x90\
\x85%\x10 &,J\xd50\xb9wr\xef\x90\xb93\
\xd7\x99\xb9\x09!\xa5\xc5\xd6\xa5nu\xab\xd6\xa5\xcf\xaa\
\xb5\x16Q\xabU\x14\xack}\xda\xc5\xba\xb6\xdajm\
\xdd\xaa\x88}n\xad\xaf}\xbf\xda\xd7\xfa\xfb\x9ee\xe6\
\x9c\xd9\xee\xbdA\xfb\xfb\xfc\xff\x9f\xbe\xe7!\xc9\x9c\xef\
\xd9\xbe\xfb\xf9~\xbfg\xe1\x9e\xe4\x84\xa7>\xfa\xceU\
\xcfL>\xf4\xd1M7=\xfc\x87\x1f \x84\xca\x15\xab\
gIw\x0bBc\xff\x0f\xfcp\x22B\xf1si{\
\xf4U\xb4}x5\xb4\xad\x08\xdd\xf1]h\xd7 \xb4\
\xae\x8a\xb6o\x1e\x87P\xe5=\x08\xadx\x1b\xa1cw\
 T\xdfM\xdb\xbe\x93\x10Z\xf25\x84\x0e\x7f\x14\xa1\
e\xb7 T\xf5%\xda\xf6v!\xd4\x9eFH\x1a\x84\
>2\xc0\xb9\x16\xa1S~\x81\xd0t\xf8[7|\x7f\
\xb4F\xdb;\x8eEh\xfd\xbf\x10:\x15\xc6?\xed\x11\
\x84f-F\xe8K\xf7\x22t\xf6<\x84z\xfe\x13\xfa\
\x1dG\xdb\x0f\x97\x22\x94\xce\x22\xa4\xdf\x8a\x90\x0apO\
\xb8\x1b\xa1\xdc\xcd0\xd6\x19\xa8l!|\xfb\xd0\xa7\xa8\
\xec\xe2\xbb\x10zj!*\xbb\xf2q\x84\x9e\xfd'*\
\xbb\xa6\x11\xa1\x09}\xa8\xec;\x0f \xf4\x95?\xa3\xb2\
\x1d\x17!\x14\xab\xa2\xed\xf9\xcf\xa3\xb2\xdbJ\x11\x1a#\
\xd16\xbd\x09\x95\xed\x81\xb9n\xb8\x16\x95=X\x86\xd0\
=\xef\xa2\xb2\xe7\xa0\xfd\xd2A\xa8\xec\xf9#\x11:\xea\
\x08T\xf6\xfel\x84\xbe\x01p\xff\x06\xf0\xc7\x9cF\xdb\
\xf4\xb5\xa8\xbc\xec9\xf8\xae\x8d\xb6\x99\xbf\xd2\xf6\xfe]\
\xb4}\xf2.\xda\xfe\xee&T\xbe~\x09\xec\xe3:T\
\x9e\x84\xb5\x8e}\x8a\xb6\x9b\xbbi\xbb\xf5\xab\xa8\xfc\x9a\
'a\xfd\x16m\x1fy\x16\x95\xdf\xbe\x09\xa1\xb9?\xa6\
\xed\x8ft\xda\xee\x1aF\x15\xe7_\x0f\xeb?\x07U<\
\xdf\x86\xd0\xc9\x1a\xaa\x5c\x0a\xdf/M\xa3\xd8_\x9e\x85\
}\xbb\x08\xd5\xac\xfe&B7\xefB\xe3\xef\xbc\x04\xa1\
\xc3\xfa\xd1\x84\xd3\xceF\xe8\xa6A4\xe1\x83\xbf \xf4\
\xab\xbf\xa1\xa3nH\x22\xd42\x84\x8eN^\x8e\xd07\
\x0fG'-\xfb>B\x17\xbc\x85N\xfa\xf4@\x84j\
\x86Q+\x02L\xf9\xf62\xd46\x0d\xc3\xfd\x16Zv\
\xf5\x13\x08m,\xa1\xed\xb9\xd5hy\xe3\xb7\x10\xfa\xd9\
i\xa8\xfd\xe3f\x80w4Zq4\x9c\xe3\x86\x13\xd0\
\x8a\xf9\xb0\x8e\x0d\x9bi{\xff\x01h\x05^\xd7\xe2e\
h\xc5\xf6\x13\x10:\xe0e\xda\xa6'\xd0v\xcb\xadh\
\xc5\x03\xbb\x01\xeen\xda\xde6\x9f\xb6O\x5c\x82:\xae\
\xed\x85\xdf\xbfG\xdb\xec\x97i{W/m_\xfc\x17\
Z\xfd(\xccw\xda\x04\xb4F\xbb\x12\xce\xe1\x0a\xda\xa6\
\x7f\x85\xba\xfe\xf9\xdfp\xbe\x0bi{\xc1\x19h\xad\x06\
\xe3\xcf\xb8\x16\xad\xdf\x0e\xe7\xf8\xbb_\xa3\xf5\x17\xc3\xcf\
\xa7\xf6\xd1\xf6\x92\x8fi{\xf7\x8b\xb4\xbd\xf7R\xb4\xfe\
\x87p\x9e\x8d\xc3\xe8\xd4\xdd\x80/[w\xa3\xd3\xf6\x01\
m\xac\xfb\x10m\xbc\xf0\x08\x84\xce<\x0cm\xdc\x01\xeb\
\xbe\xf4K\xb4\xfd\xd1\x89\xb4\xdd\xb5\x12m|\x0e\xf0\xf5\
\xbf\xaeE\x1b\xdf\x07\x5c\x8e\x19\xe8t\x82\xcf\xff\x8dN\
\xff\xfa}\x80\xaf6mw[H\x9d\xbb\x0b\xa1\x85;\
\xd0\xe6Yp~'^\x8a\x06\x06\x80\xd6\xe6U\xa0\x01\
<\xfe\xb2\xa7\xd0\xd6\xa3\x1f\x03\x9a\xd9\x8d\xb6\xbe\xa1\x00\
\xcd\xf4\xa3m7\x94 t\xf5\x10:\xbbAE\xe8\xcb\
W\xa2s\x8f{\x17\xa1\xb5\xf7\xa1K\xbeS\x87\xd0\xd7\
J\xd1\xb7\xaf\x86u\x0d\x1dA\xdb{v\xa0\xbb\xbe\x01\
\xf8;\xeaH\xf4\xd8\x9es\x10Zt\x1ez\xe6\xa8\x03\
\x80\xe2\xbfT2z\xe7\x99\x08\x9d\xf1\xab\x92\xc9w\xa6\
\x10\xb2\x8e)\x99\xf1\xfc\xb7\x11\xaaUi\xbbJa\xed\
\xcfi{\xef\xc3%\xf3\xa7\x9e\x85\xd0-{J\x16\xbe\
\x0e\xeb\xf9\xa0\xa1d\xd1\xdfOF\xe8\xd7\xdf/Y|\
\xd82\xa0Q\xa5\xa4u\x93\x8e\xd0\xecE%\x1d\xe5\xb0\
/\xff\xf9tIbg5B\xe3G\xd3V\xfbgI\
\xf2f\x03\xa1\xe3JJ\xec#\xfe\x89\xd0\xa3'\x96l\
\xbfs\x0a\xec\xf75\xb4\xbd\xfd\xd2\x92\x9d\xaf\x01\xbc\xdf\
\x7f\xbdd\xcfX\xc0\xdf\xc3\xd7\x95\xfc\xe4\xe3r\x84\x06\
O+yj\xc9\xa5\x08U\xd7\xd0v\xcfa%/\xae\
_\x8b\xd0[\x9f\x95\xfc\xb6\x7f'B\xef\x8e.y\xf7\
\xaf\xf0\xf3\xf9\xd3J\xfe1\xfbE\x84v\x8e\x1bU\xb1\
\x14\xe6\xb7b\xda\xa8\x9a*\xc0\xf73/\x18u\xf0k\
\xc0\xbf\xf4\x97G\xcdy\x13~^\xb3s\xd4\xbc\x7f\x00\
?\x99\xf6\xfa\xa8\xe3\xad_\x01\xbd\xbc:\xea\xf8\x17\x81\
'\xbd\xb8{\xd4\x89o\x9d\x0f\xf8\xfb\xc1\xa8\xd6\xb2\xaf\
\x00\x0f;e\x94v-\xd0\xff\xde\xb1\xa3\xce\x9a\x9f\x03\
\xfe\xf1\xd9\xa8\x81=\xb0\x8e\xed?\x18ug\x16\xbe\x97\
o\x1a\xf5\xca\xe2\xbf\x03\xdd~u\xd4\xef\xa5S\x10\xfa\
\xedOF\xbd+\xfd\x15\xe6y;m'O\xa2\xed\x9e\
}\xa5\xa8a\x1cB\x7f\xea-\xad\xbe\xf9\x068\xd7\xdf\
\x97\x1e8\x03\xe0\x1d\xf9R\xe9\x91\xaf\xf5\xc3\xbe?Y\
\xda\xda\x01x\x7f\xd4\xba\xd2\x95\x1f\xbd\x83\xd0\xf2\x9d\xa5\
k\x0e\x02\xfcZ\xf9Hi\xe7\x8f\xe1\xfb/m+\xed\
\xbe\xfb\x97\x08\x8d\xdeU\xba\xe1\xee\x83\x10\xba\xf5\x9e\xd2\
S\x0f\x80\xfe\xe7=_z\xc6\x1b\xf0\xf3\xf4\x17J\x93\
7\x01}ox\xa6t\xe0\x8d9@\x9f?)\xbd\xe4\
\xa0?\xc2>\x5cX\xfa\x1f\xff\x04\xbe\xf2\xf5\xf9\xa5O\
~\xb4\x15\xf8\xed\xcb\xa5O\x7f\xfa=\x84JO*}\
\x06\xd3\xf5\xe2\xaf\x96~\xf8\xc9\xa7\xc0W>*\x1b\xd7\
\x0d\xf3<\xb8\xa9\xec\x90\x8f\x81\xfe\xdf\xdeX\xd6\xb0\x0e\
\xe8\xf9O\xff,[y4\xac\xbf\xf7\xbc\xb2\x8e\x0fV\
!\xf4\xd3w\xca\x92\x9b`_\x97\x5cY\xa6\xdc\x05x\
7\xb6\x96\xb6\x9b+i;\xf4\xa72-w\x19B\xc9\
T\x99\xb9\x1d\xce!s\x1fm\xef?\xb9\xcc|\x1e\xe0\
\x9c\xb9\xaa\xec\xfc\xec\xcf\x01\xff\xde*\xbb\xb4\xf24\x84\
\xbe\xaa\x96]v\x01\xf0\xe7m\x17\x94}k\x07\xe0\xe5\
5\xdf-\xbb\xa6\xfd!\x90\x13\x97\xd1\xb6f)mk\
\x7fJ\xdb\xd1\xf3h;\xfe\xcb\xb4\x95n\xa6\xed\xea\x19\
\xb4]s4m{\xdf\xa6mj\x12m\x8d-\xb4\xdd\
}\x03m\xf7\xdcC\xdb\x17:\xca\xae\xd5\x81\xbe\xba\x97\
\x97\xddx\xcf\x0c\xe0\xa7\xcb\xcan\xea\x80}\x9f\xf3j\
\xd9\xcd\xbf\xfc-\xf0\xb3Ee;\xf6\xc0>\x8d\x1e,\
\xbb\xa3\x11Z\xe3\x7fh\xbb\xe5]\xda\xde3\x87\xb6\x0f\
,.\xbb\xe3\xf63\x80\x8fM\xa6mJ\xa6\xed\x96M\
e\x8f_\x0arh\xe7\xba\xb2'\x86@N\xdcwe\
\xd9s\x03\xc0\x17\xa6\x9e]\xf6\xc2\xe1\x80?\xb7\xef-\
{\xa9\x13d^Ks\xd9K\x1ba\xbf[+\xcb^\
\xd2q\xbb\xb5\xec\x8dKA\x9e\xae{\xb4\xec\x8f\xa7~\
\x19\xa1W\x8e-\xdb\xfb\xe7\xd7\x11z\xfc\x82\xb2\x0fN\
\x83\xbf\x1f\xfa\xdd\xb2\xff\x9e\x00\xfc\xe1\x98\xc3\xca\xfev\
9\xc8\xcdWz\xca>\x1d\x03\xe7\xfa\xfa\xb8\xf2q\x97\
\x00\x1e\xc9\x8b\xca\x0f\x9a\x0f\xf2h\xc6\xcf\xcb\x0f{\x0e\
\xf0\xf5\x99\xb7\xca\xa7,z\x0f\xa1\x0b\xd7\x97\x1f\xd1\x0f\
\xfc\xfe\x87\x0b\xcb\x1bV\xfc\x1ad\xebG\xe5sF\x03\
\x1d\xb4\xcf*\x9f\x7f\xe1\x10\xec\xc7k\xe5\xc7_\x01|\
\xe6\xc1\xa1\xf2\x85KA&\xbf\xb6\xaf|\xf1\xe9\xb0\xbe\
1\xcf\xd2V\xad+o\xf9\xc3\x1d\x08\xbd\xff\xa7\xf2%\
w\xbd\x82Pb/m\x95\x9bh\xab\xae\xa2\xed\xd0\x1d\
\xe5+\xdf\x80s\xdf\xf1\xaf\xf2\x9eY\xb0\xce\x96_\x94\
\xf7m\x06\xb9\xf1\xae]n\xcc\x02\xbc<\xeb\xeb\xe5\x03\
3\xda\x11\xea_R\xbe}\x03\xac\xe7\x9c\x8b\xca/\xba\
\x15\xce\x7ffG\xf9\xc5X^%o/\xbf\x18\xcb\xfe\
S\x1f\xa3\xed\x8f\xcai\xbbkB\xf97\x13\xc0/\x9f\
\x1e(\xbf\xf2)\xc0\xfb\xed\x9d\xe5\xd7]f\x03\xff\xd2\
\xca\xbf\xb3\xad\x09\xa1\xc7\xce*\xbf\xf5\xfdSA\xee\xdd\
\x5c\xbe\xf3\x22\xd0\x0b\x86g\x96\xdf\xf1{\xa0\xcb\x8a\x15\
\xe5\xbb\xaey\x0d\xf8\xf7\xce\xf2\x87\xff\x07t\x93\xe6D\
\xf9Ow\xc0z6\x95\x94\xbfx)|\x7f\xe2\xdf\xcb\
\x7fS\xfa\x19Bm\xbf)\x7f\xf5q\xd8\xbf\x03\x9f\xa4\
\xadv\x0fm\xbf\xbc\xa6\xfc\x0f\x7f\x07~4mI\xf9\
\xeb?\xfe1\xe8E\xbb\xca\xdfX\x09\xfc\xf2\xf8\xcb\xca\
\xdf\x8d\xc3\xbc.\xb8\xa8\xa2\xfa\x19\x90+\xdf\xad\xad8\
\xe21\xd0q\xda\xf7V4>{\x1b\xe81OV4\
M\x06z^q]E\xd37\xa7#t\xed\xc6\x8a\xd6\
\xc3A\x8e\xbev}\xc5)\xeb\xe1<^9\xbfB\x99\
\x0br\xbb}\xa0B\xb9\x11\xe6\x9f\xdc[\xb1\xfdv\xd8\
\x87i\x97U\x9c=\x1f\xc6{c}\xc5U[\x80\x1f\
\x9ewR\xc5\xcd\x13\x01\x9f~tc\xc5\x8e\xdb\x80\xdf\
\xbd\xbf\xb3\xe2\x8e\x0d\x09X\xc7\x91\x15?\xbc\x05\xfe\xfe\
\xd0\xd4\x8a\xbb\x1f\xf9!\xd0\xf5y\xb4\xdd\xfbt\xc5}\
e\xc0O\x9b\xef\xaf\xd8s9\xac{\xce\xf6\x8a\x07\xcf\
\x00=\xeb\xc6\xb5\x15\x04\x0fO\xfa^\xc5/~\xb4\x1d\
\xe4\xf7\xec\x8a\xe7\x7f\x0c\xfb\xf3\xea\x84\x8a?\x0e\xc0y\
-\xfcc\xc5\xbe\xff\x04>~\xd5\x03\x95\xa3*\xbe\x0e\
\xf2\xbb\xab\xb2\xfcm\xe0\x07/\x9fVY\xbd\x01\xf0\xb8\
\xf5\xe3\xca\xf8r\xa0\xdbI[+\x0f8}*\xe0\xe1\
\x98\xca\xc3\xbf\x0d\xeb\x9drA\xe5\xbcic`??\
\xaa<\xee\x98W\x11\xfa\x8dY\xd9n\x00\xff|\xf9\x96\
\xca\xce{a\xbeG=U\xb9\xa1\xaf\x12\xf8\xa7Vy\
\xe6.8\xaf\x97?\xa9Lo\x87\xfe\x13\xae\xac<\xf7\
\xca\x17@NtW^w5\xe8c\xcb\xb7T\xde\xf6\
\x10\xac\x7f\xf0\xe9\xca\xdb+\xc6\x02\xfd\x1cQy{\xd5\
5\xc0\x07\xed\xca\xdb'\x02\x1eu\x8c\xab\xdcu,\xc8\
\x9f\xef}\xaf\xf2\xbe\xb7\xfe\x81P\xdd\x89\xb4\x9d|{\
\xe5\xeeu\xa0{^6\xb9\xf2\xf5\xbaO\x10:dO\
\xe5\x1f\xff\x09r\xd4<\xb3\xf2\x9d\xa9\xf0\xf3\x8b\xdb\xab\
J?\x82q\xe3\xefTU\x7f\x15\xd6\x13?\xa1*\xd6\
k\x02\xbc\x9b\xab\xeam\xa0\xa3w\x7fR5\xa1\x05\xf6\
\xe5\x8d\x17\xaa\x8e\xbb\x16\xe4\xd2\xd3\xe5U'\xbdi\x01\
\xfd_]\xd5\xf2\x09\xec\xcf\x8b\x15UKN\x02\xb9Z\
r,m\x9f\xfdI\xd5\xd2\xfe\xb7@\xefT\xaaV\x5c\
\x05z\xce\x95oT\xad\xbc\x0a\xe4\xf7\x0fvU\xad\xbe\
\x07\xf8\xe8\x053\xaa\xd4c\x01\x1f\xfe\xeb\xf1*\xf5\x92\
\x8b\x01O\x9e\xa8\xd2_\x01\xb9x\xeb\xc7U\xb9M\xa0\
\xdb\xbe\xdfUuv\x03\xc8\xdf\x1b\xaa\xab.\x98\x0e\xf2\
c\xd3\xddUWO\x82\xef.V\xaa\xae[\xf2!\x9c\
\xdb\x9f\xabn\xbe\xf2g\xc0o\xaf\xaf\xdau\x07\x8cw\
\xd9\xf7\xaa~\x9c\x06|>\xed\xa9\xaa\x87/\x06\xfei\
\xaf\xa0\xed7\xdf\xa1\xed\x1d\x8fW=\xbe\x07\xe8\xe6\xf4\
\x87h\xfb\xe4{UO\x5c\x0f\xf3{\xad\xbf\xeai\x05\
\xe4\xf6\x1d\x9fV=[\x02rd\xd9\xc1U\xbf\xb1\xe1\
\x9c\xee<\xa1\xea\x9f\xaf\x80|\xeey\xbc\xba\xe2>\xe0\
\xdb?\xd9^]\xd3\x0e|\xe4\x887\xab\xc77\xfc\x08\
\xa1\xeb7TO\x7f\x0b\xce\xff\xe2Wh\xbb\xf3\x85\xea\
\xa37\xfd/\xe8\xc9\xa5\xd5\xb3/\x85}z\xe2\xa7\xd5\
\xf3\x89~\xa2W/J_\x00\xfa\xfe\x05\xb4\xed\xb3\xaa\
W\xcc\x00\xfd\xa8\xec\xeb\xd5\xa7\xbc\x0c\xf2\xe8\xc7}\xd5\
\x1b\xbfz'\xd0\xe5\x81\xd5\xa7\xdf\x06z\x0bH\xc6M\
\x15@\xbf\xe3\x12\xb4\xdd|E\xb5\xfc\x15h/\xbd\xb8\
\xba\xff\xb7\x80\xdf%\x03\xd5\x99\xbf\x83\x1c\x9f\xba\xbb\xfa\
\xac\x927\x10\xdagV\x9f\xff\x10\xacg\xe3q\xb4\xbd\
\xf8V\xda\xfe`o\xf57\x1e\x06~w\xfeg\xd5\x17\
\xe7\x80n\x1fE\xd5\x97\xbfq\x05\xd0\xef\x94\xea\xef\xe4\
\xe0\xf7\x93j\xaaw\xee\x84\xf9<2\xab\xfa\x9e\x8f'\
\x81\xbc\xfaK\xf5\x93\x9d\xc0/\xf4\xb9\xb4\xdd\xfa>m\
/\x9dD\xdb\xfb\xffT\xfd\xe4\x9e\x0b\x11\xfa\xf9c\xd5\
/\x5c\xf2g\xa0\xe3\x97\xaa_\x9a\x04\xf3\x9a0\x91\xb6\
\xfd\xb7\xd1vX\xa9\xfe\xed-\x80?\x0b.\xac~\xed\
\x05\xd0\x9f/\x7f\xa8\xfa\xbf\x1e\x85\xdf\x9fql\xf5?\
\xcf\x80\xf6\xc0\xcd\xb4\xd56\xd0vxOltr&\
\xcc\xe7\xe3\xd8$\x05\xf0c`ql\xf2\xad\xa0\xff\x1c\
\xbe/6\xe5W \xf7\x97\xfd=6\xfbv\x90\x07G\
\x8e\x8a-\xdc|4\xecKu\xec\xa4:,\x8f\xce\x8f\
-:\xe2\x10\x84\x0e\xca\xd0v\xca\xefhk\xdcC\xdb\
\xfb\x07c\x8b6\x03\xdd\x1dq\x08m\xb3sh{O\
2\xb6\xf1i\xac\x97\xbf\x1a\xeby\x04\xcemQYL\
\x1e\x0b\xfc\xe1\xae\xcbc\xc9\xe7\x9f\x01\xb9\xfa4mk\
?\xa3\xedA\xb3h\xbb\xfa6\xda\xaeQi\xdb{\x10\
m\x13;h\xbb\xfb\xf7\xb4\xfd\xb5\x1dS\x1e8\x14\xe8\
m \x96\xfe\xdbK\x00\xbf%\xa66\x83~\xdf\xfdf\
,\xf35\xc0\x8f\x8e\xdf\xc5\xec\xd4\xc1\x00\xf7\xde\xd8\xc0\
a ?fT\xc5\x066\xce\x059\xb3;6h\x82\
<\x8d\xdd\x18\x1b\xea\x01>p\xec\x93\xb1s\xfe\x01\xf6\
\xe1\x09\x8bcWe\x80nOz)vu?\xe0\xc7\
\xd8\xd3b\xd7\xed\xdc\x08z\xea7c7\x7f\x0a\xb6\xdd\
\x07\xb7\xc6~\xf0\x02\xcc\xbfS\x8f\xdd\x99\x02\xbes\xe7\
%\xb1\xfb\x07\xe0\xfb}\xf7\xc4\x1e\xf8\x0e\xd0\xf5\xdc\xf7\
i\x9b;\x86\xb6\x8f}\x18{DZ\x01z\xc33\xb1\
\xe7{\xe0\x9c~rx\xecW\x8f\x01\xff]xf\xec\
\xe5'\x80\xde\xae\xfb]\xec\xd5j\xe8\xff\x87\x1d\xb17\
\xef\x069\xff\xdc\xd9\xb1w\xaf\x04\xbd\xec\x92\xa3b\xfb\
~\x03x\xf2\xf0Wb\xff\xd5\x07\xf2\xb2ko\xec3\
\x05\xe8\xf0\xc1;kJ\x7f\x0a\xe7s\xe0x\xdaj\xa5\
5\xd5C\xa0O\x9d4\x1bZ\x98\xef}\xdd5\xd5\xb7\
\x82\xfcZ\x97\xaa9\xf2\xaf\x00\xbf\xaa\xacf\xf6\xf1@\
\xcf\x87,\xac\x99_\x02\xe7{\xd6\xf8\x9a\xf9Up\xae\
\xd9\xbbj\x96\xb7\x80\x5c\xac\xfb\x0bm\x95\xdf\xd7l\xba\
\x1f\xf6\xaf\xe3\xcc\x9a\xc4[\x00\xf7[/\xd7$\xff\xf0\
0\xe0\xc1)5\xdf8f9\xc8\xa3\xb55\x97\xfe\x01\
\xe4\xff\xcaX\xcd\xe5\x87?\x8d\xd0\xc4\xee\x9a+\xc6I\
\xc0G>\xab\xb9\xf68\xd0_\xbf\x7f{\xcd\x0dW\xc3\
~\x5c\xd4Ps\xfb\xb7\x80?\xecPjvg\x81\xcf\
\x1f]R\xf3\xf0_@.<1\xbd\xe6\xb1rX\xe7\
\xa3O\xd6<\x8e\xdb\xe5\x0bj\x9e\xac\x06\xbeYyg\
\xcd/\x11\xc8\x879\xa8\xe6\xd5)`\xc7\xffrS\xcd\
\x1f\xff\x04\xfa\xc0O'\xd5|\x88\xe0\xbb\xf5S\xe2%\
7\x00?\xfe\xe3Y\xf1\xb2\x1bA\xae\x9d\xfeq\xbc\xfc\
\xeb\x80G\x87\xfd\x8c\xb6\xa7N\xa6\xed\x1d_\x8a\x8f~\
\x14\xe4\xd5\x03\x03\xf1\xb1\xff\x07\xe8\xbc\xee\xab\xf1\x03g\
\xc0~]Y\x17\x9f|-\xe8\xa9/\x1d\x19\x9f1u\
\x03\xe0\xd5&\xdafT\xda\xee\xd8C\xdb\xfb\x9e\x8e\xb7\
\x1c\x04tz\xdbO\xe3\xad\x0f\x02\x9f\xfa\xb9\x16_v\
\x05\xf0\xcb\xa1~\xda\xde;.\xbe\xa2\x0f\xd6\xb7\xfc\x7f\
\xe2]\xeba\xbd_\x8e\xc7\xd7_\x0c\xe7\xb8rQ|\
\xfdn\xe0'\x93\xdf\x8f\x9fZ\x0d\xfb\xff\xce]\xf1\x8d\
\xcf\x1d\x06r\xe8\xcf\xf13\xd7\xc2\xbe\x8f\xdf\x1d7\x0e\
\x00\xfb\xbdrC<7\x0a\xf4\x9a\xe4\x11\xf1\xdcJ\xc0\
\xc3\xdb\xfa\xe2[\xff\x13\xf8\xdf\xc1\x9f\xc4\xb7\xbe\x0ax\
\xf5\xfa\x83\xf1\xe1s\xbf\x8b\xd0\xfc\x86\xf8\xf6\x0ba=\
\xb3\xbe\x1f?\xe7_\xc0\xef\xdf\xfba\xfc\x1b\x9f\x02\xbe\
\xbd\xf5t\xfc\xb2\x97A?|~C\xfc\x8a\x87nB\
\xe8;\xbf\x8c\x7f{\x0c\xe8=\x17\x1f\x15\xbf\xae\xe4w\
p\x0e\x87\xc4o\xba\x0d\xe4T\xeb=\xf1\xefm\x07=\
fS&~\xcb\xe5@\xef\x8b\x9f\x8e\xefH\x83\xfdp\
\xd1\xb9\xf1\xdbz@\xbe\xad~+\xfe`\x09\xc0=\xe3\
?h{\xe1'\xf1_\xdc\x08\xe7u\xd1_\xe2\xcf\xd6\
\x1f\x0e\xfa\xceW\xe2\xaf_\x02\xfc;\xf6?\xf1\x0f_\
\x01\xfa=\xeb\xa3\xf8\xdfN\x07\xfbp\xeb\xac\xda\xb2\xc6\
\xbb\x80?\x9cW[\xde\x05\xfd&\xbc];\xe12\xb0\
\xcf\xd7\x9eV{\xf8j\xc0\x17\xfb\xfc\xda9\x95@\xe7\
\x1f\xfc\xa3v\xde\xbd\xb0\xef\xab&\xd4.K\x00\x7f\xd9\
1\xa1\xb6\xe3U\xe0_\xfb\xde\xac]\xf7-\xd8\xd7\xd6\
E\xb5\x1b\x9f\x02\xbb\xb0mS\xed\xe9\xb7\x81\xde\xb1`\
o\xed\xe9\xef\x03=\xb6]_\xdb\xf3\x1b8\xff\x93\x94\
\xda\x0b0\xff;\xbe\x9b\xb6]7\xd5^\xb9\x05\xf8\xfb\
\xa8\xd7jo\xfa\x19\xc8\x83\xdb\x0f\xab\xbdc+\xd0\xd5\
\xc1W\xd7\xde\xfdM\xd0\x0f\xbe\xfeY\xed\x937\xc0\xbe\
~\xed\xfc\xda_\x97\x82\xde\xfe\x1bT\xfb\xd2\xc7 G\
\x94\xc5\xb5/\xff\x02\xf4\x9bg\xbaj\xffw\xec4\xe0\
\xb7uu\xb5m \xef\x1a\xae\xaf;\xe0\xba\xbd\xb0\x8f\
\xcf\xd7\x8d)\x87u\xbcUY7y\x1b\xd0\xe5\xae\x9d\
u\xb3n\x06y<\xf1\x8e\xba9w\x80\xde\xfd\xb3\xaf\
\xd5\x9d\xf8\x0c\xe0\xe1kG\xd4\xb5=\x03\xf4\xa2^Q\
\xb7\xf4\x09\x90w'O\xa9\xeb\xbd\x09\xf0\xf5\xb7_\xaa\
S\x16\x03?\xff\xc9\xdf\xebR\xe7<\x08\xf0\xd7\xd4\x99\
7\xc3>6\x9d^w\x97\x01\xdf\xdd\xdbQ\xf7\xa3\xe3\
\xc0\xce\xb7\xffP\xf7\xe8\xeb\x0b@\xbeW\xd7\xfd\xf2H\
\xd0W6\xf6\xd7\xfdz\xd4\x07\x08]\xd1W\xf7\xe6W\
\x00\xdf\xc6\xddO\xdb\xcd\xef\xd4\xed\xbb\x1e\xe8\xeb\xcd\xc7\
\xea>9\x00\xf6\xe1\xd9/\xd7\x97\xee\x86s~\xb2\xbd\
\xbe2\x05\xf20\x97\xae\xaf\xbb\x00\xf0;qx\xfd\xc1\
S\x16\x82^\xaf\xd36\xf5\xc3z\xc9\x82\xfd-\xffe\
\xfdd\xe3\x0f\xa0o=W?\xed\xcf\xa0\x7f\x94_K\
\xdbM\x0b\xea\x8f\xb9\x0e\xf8\xca\x03\xef\xd7\x9f\xb0x\x1f\
\xe8\x9d\x13\xeb;n\x02\xfb\x7fFw\xfd\x86=\x00w\
\xe0\xdd\xfaS'\xc2xo\xdfQ\xaf\xcfY\x07\xf2\xf4\
\xb2\xfas?\x82\xfd<\xe6?\xea/<\x06\xf0\xe7\xdc\
?\xd6_I\xc6\x7f\xa1\xfe\xea\xbfL\x06\xbb\xef\xa7\xf5\
\xd7\xac\x06z\xd8}d\xfd\xb5G\x03\xbe\xbf\xb0\xb5\xfe\
\x86\xe5\x80WO\xff\xa2\xfe&\xc2'\x1e\xa9\xbfs5\
\xc8\xcd\xe7f\xd6?6\x08\xdfW<U\xff\x8bSA\
\xde\x9f6\x8d\xb6w~V\xff\xf4\x0e\xe0OG\xf4\xd6\
\xbfx\x03\xe0\xe9\x8f\xef\xaf\x7fi\x1d\xcc\xe7\xd2g\xeb\
?\x9a\x05\xe79\xf0\xed\xfa\xff\xfe\x10\xec\xff\x05\xad\xf5\
\x7f=\x03\xce\xf1\xa5\xaf\xc0\xe0\x1f\xde\x02\x96\x1a\x9a\x8d\
\x9aQ\x02\xd9(\x87d\xa4!\x15m\x856\x01\xed'\
HG\x12J\x22\x05\xfe;\x00\xff5\x91E\x7f[\x85\
\xc5{\x05\xfc\x7f\xddz\xc5\xb4TC\x97\xd6e\x93\xb2\
\xad\x00\xbbGU\x8b\x93J\x9f\x9c\xd3\xec\x12\x0c\xfab\
4\x8c\xfa\xa1\xeb\x10\xda\x06@td\xc0\x7f\x15\x00\x83\
\x01\xbeI\x06K\xc2\xef\x1a\xe1\xe7\x9b`H\x03eP\
\x16\x86\xc9\xc17\xbd0\x09\x09\xbe\xc0\xff\xc5\x7f\xd1Q\
\x1f|\x9d\x82\xbf\x99!\xd3\xc3\xdfa\xa86\xfc\x94p\
\x7f2a\x8c,\x19\x03\xff<\xd9\x9d\xf6\x9c\xe1~e\
h\x9b\xa4Z\x92\xaa\x0f\xc8\x9a\x9al\x94\xb2\x9a\x22[\
\x8a\x94H+\x89~\xc9N+R\xda\xb0\xe1#)a\
\xe8}jjrpe\x13\xd0zqK`\xb4^\xf8\
\xd9F\xb2;J\xbcE\xb1e\x89\xed\x10\x01\xd0\xdck\
\xe4\xec\xb5r/\x01\xd0\x8b\xba\xa0\xc3\x80\x0f\x08^\xaa\
\x09\xffS\xc8\x89\xe0\xc5\x0f\xc3\xc2M\xb25=\xc2\xd7\
xC\xf0\x96\xceD'\x93ol\xf8M\xe0\xef\xeeT\
f\xb7\x19\x83z\xca\x94\x93\x8ad\xe5\x12\x09\xc5\xb2\xa4\
\xe1>\xd3\xc8\xf4\x0c\xd0\xd9m\x93f\x9e,\x0d\xdb\x86\
\xfbsp\xba'\xa36rr\x09\x98\x94\x09\xe7\x80\xff\
+\x05\xa6OO\x03\xff7\xeb=)\x8e2x*\x9a\
!'\xa56\xa57\x97\x0a\x0e4\x15-!;`\x90\
\x018@q\xe8\x05.\xb8z\x17\xdc\x12\xd34\xcc\x05\
Axs\x8b\x9a8\xfe\x02\xefw/ \x8f\xe2B\x1f\
\xedB\xefR\x08\x82\x04\xc1OBk\xa0#\x9e.\xc6\
\xb8,\xf9\xd7\x10;>\xf8\x1d_\xf7\x1a\xc0*S\xea\
4\x8d\xcdJ\xc2\xb6\xc2\x00\xad/jNu\xdd\xb6\xdc\
\xab)\xd1\x88\xb59/9\xff{\x10l&e\x00\xfb\
\x8d]w\xa0\xb50_\x09\xb5\xc3a9\x87\xbe\x99\xf0\
\x81\x14\xe3\x0fY\xd4D\xb6d3\xb4\xf8\xe79\xc0\xb6\
\xe6\xa2\xf9\xe8\x18h\xe7\xc3Os\xe1_\xf3\xd0\xb1\xe4\
o\x16cY*\xcc1\x01P4r\xe8o\xc2\xefd\
a[%\xf27\x05\xbe\xa1?\x0d\xb9\x1c\x8a\xf6\xcf\xc2\
\xbf\x93\xac\x1fF\x9e\x0c\x1c\x84\x8a!\xb9\xab\xeex\xfb\
\xe1\x1b\xdf\xbd\xee\x9c\xbd{\xf6\xec\xfd\xc6\xa5\xef>t\
\xf5;\x97\xeen\x94\xde\xb9\xf5ksf\xcf\x9d\x7f\xcc\
\xec\xf9s\xe6\x1e3\xefX\xf8\xc5\xdd\xe7\xbd\xfd\xd0u\
\xef>x\xf9;?\xbcn\xef\x9d\xb7\xec\xdbu+|\
\xf7\xf6\xc3\x8f\xbe\xfb\xad\x1d{\xbf}\xe3\xde{\xaf\xda\
{\xfd\xae\xbd\xdfz\x00oJus\xc2\xde\xa0\xeaI\
c\x90\xecJ\x1d;I\x15\xd6\x22\x8e[\xb1\xf7\xd1\xed\
{w=\x18\xd2\xa3\x01\xb5\xc29'\x09\xa74\xdc\x9d\
\x94\x05(~z\xac\xa6\xb0\xde\xbd\xf1\xec\x10pq\xd4\
\xc9\xd91\x1f~\xdf]W\xc1\xe4C\xbe\xef\x006\xde\
\xc9(\xb7\x0f\x06\x1b \xff\xc6G\xa2\x92m6\xc9\x96\
\xe6`\x12\x0a9\x08\xcds\xe4\x9a\xe7\xd09\xbb\x1e\xbf\
\xef\xae\xdd\xfb\x1e\xb9\xf2\x9ds\xbf/\xee\xf4\xe4\x90\xf1\
O\xdf\x8f\xf1\x13\xc5m\x980\x9f\xb1|>\xce\xde\x85\
M\xa6\xd1sz~\x89e\xc1p}\xf0\xd7A\x82\x9b\
\x9c\xbc\xe3\xfb\x1e\xbe\xeb\xed\x07\xef\x8f<\xe1FX\x22\
e\x14*\x91\x88\x09\x0f\xec>B\xf3\x1a\x93y|\xca\
\xb5\xef\xed\xbcx\xdf]g\xbfs\xcb\x8f\xf6\xed\xfa\xfe\
\xe4\x11\x83U\xd0\x16\xf87aha`\xf7~\xe3\xb2\
w.\xfc\xee\xe4P\x04jF\x7f\x86.x\x839\xfe\
\x966'\x93\xf8\xe3\x03\xa0]\xabl\xb1W\x01\xcb\x90\
SJ\x8b\xb1\x85t\x1a\x0dH,\x13\xd2U(\xe9r\
\xcck\x95\xf5\x84\xa2\xe5\xe9;\x06\xfa:\xca\x82\x09$\
+\xf6\xael\xc5\xc2\xdc\xcc\xe4\xe9\xbe\x1e=\x0a\xe2\x07\
\xf3\x877\x09?\xb7\x082\xe6\x08\xe28'w\x16A\
Q\xda\xaad\xcb\xa8F\xa3\x90}\xcf\x10T\xa3Bf\
\x1a\xf0\xcdm\xf0\xdfE\xee\x14\x8el6\x15i\xc8\xc8\
\x01\xa3d\xff\x18\x94u[\xb2\x0d)\x09\x02\x06\x18\xe8\
\xb4\xe1m\xd3\x16\xe1\x09\x8en\xd6u\xc3\x96m\xe0\x97\
\xb0\xe8\x01\xd9\x22\xf3\x9b\x11\x5c^`\xe4\x80\xc4e\xcb\
\x06\x81\x8b\x87\x88\x06\x1e\x07Qf\x11\xa6\x08\xcbu\xbb\
\x97\xb5\xc9f?\xeeT\xdf\x9c\xcd\x12P\xa9\x0dj2\
\xa5P5(\x06\x13\xa2\xec\x95\xf7(\xefPSi;\
\xb2K\x15\xf0z\x05\xcf\x9dwX\x9bV2Jd\x87\
)\xe84\xc6\xb81\x16ZD\xc9\x93\x08\xe3v\xb7\x98\
\xf3\x8af\xcdT\xe4\xe4\x90\xa4lQ-\x1b+xd\
K1\xecX\x0b\x9cr\x9b*kF\x8a)\x1a\xadD\
F&\x85\xd3u\xf6\xd1&\xbf7\x04\xe4\x89\xb7\x189\
=\xa9\xea)\x09\xa0\x84\x81+\x0ak\xfd\x9d\x8eB\xab\
\x89\xe4\xed%X\xe4`\x18&>\x9b\xb1A\x13} \
\xecTm+H\xd9\x94a\x0eI\xbaLw\xcc\x0fq\
\x1c\x99\x86\xa7\xb7\xa0.U;\xfd\x17\x84\xf5\x8d\x01\xb5\
j\x84\xccy\x8f\xca\xe5\x0a>\xcd\xd0\xef%\xdf\xec\xf1\
\x7f)u\x98T\xb3\xe7\xf3^\x0d\xd3\x95L\xe5\xac\x9c\
j*\xc90XT\xd6a\xbd\xd1\xf6l\xde\xa85+\
\xc3>\xc7\x8c\x05\xefu\xda3\xd9\x0a\xc0\x1a;\x1d:\
\xd7\xd5\x22'b,>A(\x97\x9e\xbd\xea\xeaD\x06\
\xf9+\x16\x0d\x19\x82d\x9f\xba\xe7\x82\xe9K%\xf4\xc5\
Wv\x100\x12\x09T2\xd3\x96V)zN\xeaN\
\x1b\xa6\x9d\xc8\x11\xf4\x8fQTn\x95\xcd$SE\xbb\
\xbcJ\x1d\x99\x81\x99\xcf\xc2\xe1\xf8\xd7\xa5X\x8a-Q\
\x88a\xc0\x8b\xc2?\xe0\x05\xd9\xa1\xb5\xb2\xd5/\xecL\
\xb1,3\xac\xef\x04\xd27K\xf5\x22b\x7f\x11i&\
`l5\xee%\xe1nQ0\x16\xa0n2e\x85\x9c\
\x08\xd5,}\xd0\x98\xe6\x96\x10\xc6j\xc2\xff\xe3d\xdf\
\x0d\xbc-\x01\x8c\x14@cn\x9a\x80a\x9a\x9a\x9a\xa2\
\x86<\x0a\x14\xa5\xd9\x00\xf0$\xd7\xb6H\x93#Q\x09\
\x03p\x88\x7f:g\xa1\x0d\xb3\xa5\x93\xa4\xa4ja\xcd\
;9\x1d\x83\x9d\xd0\x0a|\xc6V\xba\xc1bL\xe64\
\xc57@\x05\x9c\xf5<\x94\xe6\x12o\xee\xbct\xe1^\
\x9b`'\xa8\xceN14G\xb01\x03\xb2\xc8f\x22\
9\xc3\xf4U\xc5\xc5\xd1>\xc6\xf5\x1dM\xdft\xadf\
q\xf7\x1a@\x8fW\x84\x05Mj\xce\xc1.\x01\x8f\xb4\
%\xb9\xcf\x06\xbb\x84l\x5c\xd2\xd0\x15\xa9a\xa6R\xc4\
\x02\x8b\xc2\xb6\xfc \xb0\xe8\xa0\xf3\x13;\x93\x1e\x85;\
7\xf2\xce\xbe\xa5R\x13,E\x88(CN\x92#\xe3\
8\x0aSr\x80\xbax\x99\x7f\xb0\x89\xa0TR\xbb\xc7\
\xf0\xec\xb5\xc8\xe1*Zs\x96md\x0a\x03k\x02\x8d\
\x97\x1e\xa1I\x14C\x8d0\x9cl\xc1\x01\xea\xe9\x00R\
\xbb\x0e\xe75 \x17\xb1\xc1\xe3A\xb3\xa6\xc4\xa2\x8a\xa8\
\xc3\xc5n\x9b\xacjC\x85\xe1T\x01\x1c,F,Q\
'\x18\xb2\x8a\xe9\xb8\x9c\xc8 ~\x00e\xcb\x8d\x9cY\
\x0cj\xb0\x8e\xc2\x98\xe5\xb8k\x11\x83\xc6\xd1*B\x12\
\x84x\xf8\xf1\xacR\xf5\x5c1\x885\x01\xba\xe3\x8d\xb2\
\x98\xfd\x1c\xdc\xb6\xcaU\x86n\xa7\x8b\xd9\xb8\xb9D>\
J\x84\xb9\x0cy\xd0\xd4b2\xc7\x22V&\x96*T\
\x1e\xf0\xe5\x8eYm\x10\xa2\xb4$y\x00\x8e\x093\x9e\
\xc2\x03\xd6\xa1u\x04\x7f\xa8\x7fc+\xdf\xf65@\x92\
\x85\xbbO)\xcc\x89]\x905\x8c\xe3\x16GA\x87\xba\
\x07\x9aO\x96\xc6\xa8\x1c]\xabf\x8a\x98\xecT\xd0V\
\xb3\xee4\x15\xb6\xa5Q\xa0\xeb\x09\xe8\x5cVZ\x93\xc5\
Zo\x11x$\x81\x9a\xaa\x12E5+(\xff\x0a9\
2\xc5\x83\xd4\x95x\xc2\x06\x15\xf9\x856\x18\xc3\xccF\
X\x9a>\x85s\xad\xa9\xa6R\xc0\x9a\xd7\x0ee\x8b\xc2\
\xdbn\xaaU3\x06\x12\xc4\xdb\x8a\x0d\x8a\xd2_\x0c\xda\
\xce Z\x95\xc9\xd0\x94KJ5\xa0\x1es\x81r`\
\x1aS\xa7D\xe4dN\xd7\xd4\x8cj\x17%(\x8b\x92\
#\xa3)\x88\x80\xde\x10\xae;S\xef\xafB\xa6\x8e\x19\
*e\xb0\x18)R\xf0\xef\xf7\xe0w|\xda\x07\xb7j\
\xb2eID;mX\xa2\xa74\xd5JK\x86\xae\x0d\
M\x8f\x1e\xb7X})\xbc\xf7\xf8p\xc1\xc5\xe9\x8a\x89\
(\x87\xae\xc2\xa14\xbaNM\x93 \x147\xd5\x1b\x88\
\x8e\xc4\xa9W\x13V;\xbeM\xb1\x12\xa6J(@j\
\xa0\x94 ky\x96:)t\x8bC\x94<\xdc\x8f\xec\
b4\xac8\xea G\xe3\xdd\xb0\xb2VY#g\x5c\
E\xdc\xc1\x8e?p\x0aA\x8b,\xf1b\x9al\xaf\xb2\
\x04Ql\xe6\xe1\xe0\x83\x8fi\x95\xb366\xa7\xbb\x13\
\xa6\xa2\xe8V\xda\xb0\x83\x00'\xf9\x00\xfa|\x1a\x82\x94\
u\x80QOf\x10\xd2|X\x87\xcc\x8c4\x11\x9e\xee\
R\xf5\x00A\xba\x01r$\x129\x04Q\x079\xd0\x19\
\xc1T\xa0\xd1\x95\xa4\xb4\x1a\xd4\xae\xe08M\x0c\xcd\xa8\
\xcb\xd5v\x95B\x93X=*\x19\xc5\x22\x88=\x07\x1d\
/\x18\x0ac\x00\x05\x07\x14`\xa3\xea\x9c\xe3u\xa9O\
\xd5\x94\x90E\xcc&\xf8\x93\x15v\xb7\x0f\xfe\xad\x07\xbc\
T\xc1\xa3\x1eK\xe0\x10\xf4\x94\x96\xe6\xf4\x84\xed\xf8\xa0\
=\xf0\xe7\x02\xbfW\x88\x9fY&\x0c\x83{Y\x0b\xdf\
\x10\xc4\xd8\x08\x86\x11\x82\x18\x1b\xc1\x8c3\x19o\xb2\xd9\
\xce;.[\xbf\xe0\x92\xc8\x92\xc2\xce*\xc9\x1c\xbc\xe1\
\x08up\x9bid%\xc3\x94\x98\x88\xcb\x87W\x8b\xd1\
zr\xda\x09\xb6\x8di\xc2%\x0d\xc69\x9b\x09\xf4\xcd\
\xd8F\x85\x9f[\xc9\x8c5t43\xb3\x8f\x86C\xe0\
\xc4yx[.\x93\x95\xd6\xa6\xb1\xfb\xc2jXn\xd8\
+\x95\xa1\x05\xad\xb6\xa9\x1d\xdd\xac\xd9G\xb7M\x0f\x8e\
=\x03-#\x1b\xab\xb8\x87X\x18;\xc6.St\xc5\
\xc4\x0c&\x1fzt\xfa\x14\x97\xe0\xfe\x05U\x97\xe8s\
\x10\xb1\x1f\x90]r\x08\xa0\xd9Ql\xf8^S\xdf\x80\
w2X\xd0\xb7\x82\xe5\xec\x90X\xd0V\x16\xd5\xe4\x03\
`\x805\xad]\xec\xe2.g\x86Alc\xcb\xf3;\
\x944\xb2\x856\xe1\xa9\xbd\xcc\xfaZ\xc0nH(u\
\xf4\x90\x05a\xd9\xca\xef>\x0e\x86\x11\xad\x5c\x22-\xc9\
\xb6m.\x90\x86\xfb\x80*z\xb0{f[\xd8\x919\
k\x11\xd9\x8f3\x0a\xf5$\xe6\x08rp\xf8\x07\xe2\xe5\
\xb0\x8b\x15\x00o*VN\xb3\xb7\x85\xb1\xb8f\xc2\xa8\
)\xa30\x89\x07Hed\x22\xdeDU\xaf\xc9*\xba\
\xd4a\xa4\xac0t\x8e\xd2\x00\xbd(`\x15$\xa21\
\x01\xe2\x09\x19\xeed\xe2lM\xb0\x0dW\x04\x8a\xf5\xb3\
#\xc3\xb5\xec\xb2\x84\x9d`\xf7v\xd2\x1d\xec\x10\xac#\
I\xb2\xd4\xc7\x18\x12F\xa8,\x101\xb0\xc1\xa10\xe6\
\xc4%Q2(\x0b\xf2\x1e\xc6\xf8\x04\xc8\xabbN\xe3\
x\x00\x81\x8d\x90\x0c\xb9ES\x89\x15\x9fb\xe4jE\
\x13\x8apN\x07\x0e\xeb\xb9\xcc6I\xcd\xc8)\xc5\x92\
\xacH\xfa\xa8\x80soC-\x82w\xbd\xad\x05\x7fU\
\xb3$\xa9\xda\x98O;\x1fv\x08\xce\xed\xfc\xaem\xea\
\x13Q\xd8\xde\xf8\xdd\xda\xd8\xe3\xca]\xdaG\x14ri\
\x0fo[\x14:\x9d*\x22\x927\x0b8S\xca\x5c\xab\
\x81O\x8b\xd2\x12\x03\xbd&\xc2j5F\x06^/\x01\
\xf7\x18\xc6[\xd3\x86aQukA(\x94/\xc8\xe5\
\x1e\x80[\xc7\xe0R\xf2\xd4<*\xa4m\x1a\xe1K\x1a\
\xa9\xbf-\x00\xe0t\xc6\xfa\x9c+\xce\x1c\xd1\xe3\xa97\
=\xe1\xce\x87\xaf\xd1/S(er'T\x96\xfc\x9d\
^#s*\x99\xdcj\xe4\xb4\xa4\xa4\x1b6H\x18=\
)Y`\x1c$\x14\x22m\xa4>\xa0\xcd\xe1m\xa1\x93\
\x9b\xe2\xd1\x8du2\xd0\x80\xd7\x97%(jTO^\
\xad\x0cF\xafv\xa4\xcav\x00\xc0\xa1\x04\x85\xbc\xe8\x1f\
\x02\x86\x1es4\x98\xb6P=z\x80\xb0\xe7\xe8\xa8\x1b\
\x8d\x9c\x93\xa3\xe2\xdb\x9c\xdb\xb5\xa9VV\x93\xe9\x1d\x00\
\xd9O\x1c\xb0B5\xfb\xd0\xe1\xbb\x80\xab;v\x90F\
\xa2T(\x0fo$\xbb\xfc)\x91gN\x04\x83#\xee\
Mf\x9a\xf2\xfb-1b\x87s\xa9&f55J\
\xc0\xadz\x15\xb0\x01e8p\x12UC\xce\x9b\xcc1\
\x91\x96\xe1\x0f\xd8\xae\x8a \xef%\xc0\x80\xb3\xc4\xe8\xf4\
z\xff+\x96l\xc9\x1af\xf8\xaa&\xf9{\xc1\x1c\xbb\
C\xb6\xab\x96\xc2\xc0\x92(j\x83\xa6xbN\xa8c\
U\x89\x98\x92\x03\xae\x0f\x94\x17\xca\x8e\x03\xe0\x96\x86\x80\
\xc3\xfb\xae\x14IV\x0b|\xe44i)\x19\x0b\xf3T\
\xac\x1d\x8a\xe4\xb4 \x8a\x96\xa4\x909\xa4\x08\xb2\x99D\
\xce\xf0\x05\xd5q\xe8\x96<\x10\xc5\xac\x9a\xc5\xf9r\xf3\
m\xa9\xaa\x85\xf78\xd9\xdb\x83\xdc\xa6\x18Dqt\xae\
\x97\x93\xae\x0eF\xb1L\x0fuR\x1e\x84G\x90Z\xd3\
\xb2\x9e\x829.\xd9b+&\xd8\xac\x11\x8845\x94\
\xce\xbc[\xcdy\x7f\x8c\x80\xc6V\xeb\x82\x08\x01\xb5\x0c\
6L\xbc~+_\x96S\x93J\x046\xb63WQ\
\x01ll\xcf\xec\x0f6\xaa^\xe0\x01py\xb01]\
\xd0O\xa2\x123\x93Sw\x13\x99\xbb\xc31\xc2\xb9\x01\
\xbd~\x15\xbd*\xfc6f^;\x0d\xab\x93\xb8w\xa5\
IZ\x95\xb3l\xa9W\x91\x1c/\x0b\xe6\x092h4\
\x8c14\x85\xce\xfd\x86\x22\x0e\xd4\xb1\x0b\xfc+X\xc7\
Vg\x15\xc9\xfb\x1a\x19\x85\x88\x0e\xc5^f\xbe9\x9c\
\xd1\xfbw\xbe\xe2\x95\xce\x8a\x89\x88\xd3\xc9\x82\xd7Y|\
\xb1 \x1e\xf0J]&\xd9(\xe5\xf4$\xb4\x09\x03\x14\
\xc8F)=\x94M\x83\x92\x9cg#b\xe4\xd2<\xe1\
Q\xb1K\xc1B\x8c\xe0\xa7]^\xed\x9f+\x17\xa0\xf6\
\xa7T=\x15!\xecZHl\x8c\xe6\x22E\x1f\xf3\xa5\
\x8a\x9e\xf4\xfa\x0e\x03\xacc\x15\xf4\x1b]\xb5\x95\x08B\
\x9c\xe8\x01\xb5\x859\xa4\x13\x1e\x0fw\x9c\x00\xda\x22\xd9\
j\x86\xda\xa0!\x8b\xee\x22\xf6\x98\xa8Z\x95\xaf2r\
V8\x09\x8e\x01\xa4UY(&\x1b\x9c/\x1c\x8c4\
\x0d\xc6\x0b\xedx|^?=Wq|\x22A8\xff\
\xb1\xae\xb7\x9e\x5c\xaba\x92\x0c?\xc7\x0aj\x00\xf23\
\x04\xe3.\x92\xe3\xe6\xb9\x0f\x0f|\xaf\xf9\xf8-\x9e\xf9\
\x1a\xb4R\xe4A\xc4%1\x03h\xc3@\xfd\xa2b\x81\
\xa6\xa3\x13\xe1\x7fk\x09\x7f\xa6=\x1d\x17F\xd0\xa1\x80\
!p\xa7\xc5\x8c5+)#\x930/\xb5\xa4\x86\x19\
MF?\xd5D\xa6\x9fxb3\x98J\xce\xef\xa7G\
\x9c\xf0\x9a\x80}ZN\x22%C??5\xc4<U\
|\xd7\xf5t\x9a\x8e\x1d\xe9\xbd\x19,|\x903:i\
 05\xb7\xc0\xa4\x97\xf0\xcf\xb6\x84oF\x9d\xcb\xe5\
|\xe7\x1b\x07\x99a\x92\xbbd\x8f\x1a\xd3\xa5\x00\xa5\x87\
\xb3\xe7\xf3\x98?1\xe5\xf6\xe3Z f]\xbd\x8c\xe5\
:V\xb2\xcaB\x125\x16 \xfd\x09!\xf4\x84\xeb\xd7\
\xf2i\x8d\xee\x1d\x03\xd531c|\xd4\xb5<\xe8=\
\x19\xde\x01n\xcf\x1dO\xe7*\x0d\xaapz\xc6\x80b\
\x9a \xf2\x88\x86\x99\xc8\x99\xa6\x02\xa6\x1d=_ \xa7\
\x94\x9ah\xc2\x11\x09\xb6\xaa\xe7\x94E#^\x1d\x0d\xf8\
\xc6g\xb6\xd5\x0d\xd0L\x90\xf9\xe8L9\xd0\xdc\xbb,\
\xeab\xa0g\x8ac~\xd2h\x90|%8d\xe0\xf7\
Np\xe7{\xbe\x9b\x15~\xbe'\xd3\xd5\xe18\x1e\xb2\
@\x8b\xdc8\x0d\x02\xf7\x85\x9fq\xd8\x9a4m8=\
\xa8'\xa9\x03g\x1a\x08\xac\x84\x01\xecI\x02I\xa5\x0e\
(M\x91\xea\xebf\x82\x939\x1f\xb1\x96v\xe5\xf4\x08\
\xea^\x16\xaa\x8b\x95uGi`\x93\xbc=<1\xa9\
\x22\xf5\xc41\x04\xa6/YE+I~\xa4\x11\x0cd\
F\xdf\xd1jR\xd6\xc7c\xbc\xc4\x95\x14<m\x8e\x83\
\xc5\x1b\xc5\xc0\xa3\xfc\xf1\xba\xb24\x8a\xde\x95\xf5\xfe\xe0\
mQ\xea\xceas\xa3\x04\x09\xea!\xf3\xcb\xf4\xe5@\
A\xc4\x94\xea\x84o[`%i o\xc3\xcfo9\
1\xf2\xa8\x1a\x91\x7f[\x9c\xe4\x05\x83\xf8<U2!\
\x9b,\x15\x1f\x02\x9f\xd8\x0461b\xfc\xa8\x96\x1b\xf8\
\x14>~\x03\x11\x96\x96\xebC\xce\x92\x0d\xa1\xf4\xa91\
5\xcd\x1b\xee2\xb6[\x91\xcdDZ\xb2\x95\x0c\x18\x82\
\xb6b\xb1X\x97\x00\xe8\xe8\xd8\x1a\xbf\x0e\xe5D\xa5\x06\
5V\xc1\x93\xe70\xfa\xd0\xb1\x16\x16\x11\xc7c\xb91\
\xd8^\x06\xcc\xf1\xed !\x92G\x90\xa6\x0b\x22\xc8\xa8\
\x8d\xa0\x0b\xf3\x82\x0bddG\x88\xfa\x18\xfa\x85\x83\x8a\
\x5c7\x10\xeez\x02\x1dVD\x22GX\x9cMq\xe8\
1\xde\xbd.+\x8c\x1c\xb3A.s\xf8<\x02*)\
d\xc6H\xc0\xf0\x1c\xfa\xe2\xa3\x1cLFI\x18Y\xd5\
G\x19\xe1\x035\xf9\x06\xa2\xff*<\xccD:\x0cq\
\xa4\x143\xce<\xcf8^?Z\xb1\xa3Q\xcfb1\
\xa3-d\xc7\x17\x8e\xee\xe2\xd1\x0d\x05bL\xfd[I\
t{\xd9\x13_\x1aEu\xe2\x12i\x5c\xa1AbJ\
l\x12N\xaf\x16\xbdPS\xe9\xcd\xa9\x9a]\xc4B\xe7\
\x12\xa1\xae2\xa7y\x929\xf4T\xcfu\x97\x8f\xad\xf0\
;\x93\xb5\x8c\x8fH\xabd;\x91\x8e\xb2\x0f\xb62Y\
\xee\x0d\xcb\xe3\xba\x85D@+L'\xf3\x88'\xc2Z\
\xa8n\xeeqB0}\xa4M\xf07{\xffN\x15Q\
\xae\x9d,Z+(\x22D!K\xcb\x16\x18S\xd8s\
\x91\xc46%\x16{M\xc0\xf8=\x9eh\xfcW\xac\xc2\
d\xc2\x95\x94\x9d\x11H\xd2\xc7\xdc\xe1#\xf2\x5c\x84,\
)J\x8d\x93\x88\xfb\xcf\x0a\xd9,j\xd1\x8a[\x91\xf4\
mD'\xde\x08\x82\x91\x83\xb0\x01\x19#\xa9\xf6a:\
W\x5c\x07I`\x13\xb0.7h\x82\xcd\x86\x7fk\xfa\
\xf7lQ\x84j\xe3MJ\xe2|\xba\x8a\xe5\x1f-\x88\
p\xbc6\xc3\x8c\x9d\xabk\x17\x179\xcb\xdd \x9bz\
\x14\x9e\xd5\x91A]\x8dO\x8c\xee\xc5\x1aZ\x84\xed\x87\
\xb7\xa8\x17\xf4A\x1c\xcb\x89\xb9\x0a\xf7\xa8W\xcb\xc9\xde\
\x1e+\xadhZ\xc4\x5c\x9d\xae\x982{H\x82H\x06\
e\xb9w\x17w\xcf\xa9=\xc9\x5c&\x1b\xe1\x94\xc7\x00\
\xb0.j3\xa4\xe8!\xa8\xb2\x85+Qr2\xd9c\
\xc3\xd9\xf4\xf4\xa9[\x22|MT7\xee\xe72\xacW\
N\xf4G|\x9b\xf0_\x9c\xf4F\x5c\x9c\xcc\x06\xb0\x06\
L\xa9\x87\x10_\x0f\x0b\xec\xc1\xcef\xc3\xbd\xb5\xeb!\
v&\x0bI\xe4*\x0c\x80\xecQ\xf5\x9e\xb4a\xaa[\
A\xc5\x97\xb5\x9e\x84\x82C\x0f#\xec}g\x1c\x9c\xd5\
\xd2\xc3\xf0\x1c{<\xb9\xe5^\x8b!\x1a}=\x16\xb9\
\x11\x8c\xd0\x84\x22\xc1\xb0\x9fd\xa2`\xf0\x9b\xbfq\x1e\
\xa0\xd0\xc8Qn\xb0y\xac\xb7\x93\x10\x86\x97\xdbCX\
\xb0F6\xa5\x87\xc5u%\x5c\xdcK\x09\xfe\x83\x89\x00\
8\x91\xc3<\xb2'ah\x86\xd9\x93UL\xbc\x1fr\
*\xca\x17A\x9d\x1f2\x81LV\xc5\xf11\x016\xa5\
\xd9\x13uf1\xd2U\xf5 CyBS#\xb0a\
\x0c\xff<l$\xe8\x169RS\xb0+\xc1\x94>\xc1\
\xac\xea!W^6\xe6\x8b\x5cGs\xc1\xf6\xa8}\xc4\
R\xea\xc9`\xc1\x11\xe1U\x12\x071\xd9\x0d\x1e\xb5\xcc\
\x84\xacF\x0a\xd2T`\x8b\xd5\x01%\xefJ\xb3d\xaa\
\x841zV\x9a\xed5\xe4\x08#{\x92\xab\xd0\xd0c\
\xb7\x18%\xd8\xd4h\xe3\xce-\xaa\xc7\x00\xb7\xe0Q\xfc\
!\xfc\x89\xc6?\xf833+Y\x80xh\xa7q$\
\xcfD\x06\xb3\xd5\xd9i\xd1\x17\x16K\x9a\xf2 \xde\xd0\
\x08\x9b-N\x90\xd2?`\x85\xa2G\x8e7\xc9\x8db\
5\xc9\x8a)\xfd\xd3LO]\x5c\xb1\xa2\xe3\x8b[L\
\xea}&\xd0y\xc4\x19\xf6\xb1\xcds\xc0q=IH\
q\xed\x83\xbd\xc3\xb0\xa8n\x14q\x86\x81\x9bF\xce\xf1\
\xf0]ah\xafF\xe6\x89L\x92\xcd\xa36\xbe\x80\x98\
\xee\xf2\xbc\xd8?\x1e\xc3\xeb\xe9U,\x9b\xa2'^c\
\x14)\x8c\xf3\x8c\x108\x1e\x0a)\xf2x&\x08\xbd=\
;\xc5%\x00\x81\xc06(\x82\xf7E\xc0\x80\x9fe\xf6\
{\xacP\xf0\xa3\x1b'\xc2\xec\x91\xe1\xdf\x96bG\x10\
\xba\x08[%\x02\xbd\x98\x1d<\x88\x8e\xa0\x9a\xc5l\xe1\
ha\x10\xe2\x98\xe3\xba\x02\x01\xc3\xa2\xdcB05E\
\x8c8\xce\x81zA\x19w9\x10\xc7\xd4\x94b\x13\x9e\
\xd3;\xd4\xe3d?\x05\x80\x1d\xe5\x02\xf3\xefa8\xd0\
\xb1\x18\xa8\xb3\x85\xf9\x00\x8fs\x01\xd3\xfc\x1d\x0cX@\
\x10\x0c\xc6\xb2\x01\x8c\x15q\xa5\xe3\xf4\xb6\x89\x15\xdc\xef\
N\xc8\xb9\x87\xe1\xb0\x0e\xc0\xb0\xb0j\x8b\xe7\x93\xc07\
(\x11\x94\x94\x22)\xd96\xfb/0\x07\xce\x0dSF\
\x8f\x0d\xff'\xf7F\xdc\x0db\x15\x09\xdb\xa7i2\xa7\
h\x99=:M\xb2\xbf\x0a\x88\xed\xd1\xec\xb2\xc0 \xa8\
\x9a\x14\xd8r\x95\xaa\xf7\x19=r2\x191\x0f_?\
w9\x1ae.|\x1e\x0e\x1c\xbc,\x0d\xb8K\xc4\x19\
qx\xae\xf8\xe5gD`\x10\xd9[p\x15)\x0f\xa1\
\xd1U\xa4\x22\x88k\x8c\xd0\x8f\xda_|\xccj\xd2S\
\xd5\x13\x85\x87\xb4B\x86\x8c\xa2g\xba\xd0,\xf17\xba\
Z\xa7\xb8\xd0l\xce&\xfaf\x840\xc1\x9bK\xb7\x9c\
\xe3L\x85j\xc1\x06\xf7F\x8eg\x11\x94\xc5\xe2c\x90\
\xccU\xdcX\xab\xa7\xd74\x06\xad\x08\xe5p\x0c\xd1\xb0\
RD\xb5V\xc8\xddL\x8ao\x90f\xa4z\x92N%\
\x88<]\x15\xe7J\xd4\xdbU\xc1U\x1f\x22\xf6\xd6\xe9\
\xca\xf6\x98\xef-\xee\x88\xf77\xc2\x1cp\xfa\xd1\xd4l\
\x9d^rrs\x00\xf7\x1e\xccc\xbeL \xee\x0c\x8c\
\xcd\x1aS1\xfd\xda\x5c<\xa3&\x93\x1ah\x92\x91J\
\xdd\x8c(\x18yT\xa8\x03E\xa8\xf95\xa9q\xc4\xa4\
\xcd\x91s\xec!\xa6\xe5\xa0\x18\x80\x9b\xc1Wl=`\
jE\x91\xbb\xd8;'\x98JU\xb4g.\x1ba\xb7\
\xe0~\xe2\x94\xcb2F\xc4\x0c':\xdf\xe6Yp-\
\xee]h\xa1\xba`\x92\x99>\xe6\x1f\xd3\x89IfF\
\xf1\xfc\x09\xc4\x0e\xb7\x05\xcb\xdf\xa6~M~\x92\xbaa\
\x83\xe1\x9d\x90\x9d0\xe8\x90\x0b?\xc3\xc3\x11J\x8d\x08\
^0\x81\xec)g\xc7\xa63\x1c\x1f\xcc\xc8\x11Nl\
\xe2\xd1\x22L\x87,I\x1b\xb4\xc4,\xaf\xac\x1cua\
:\x9e\xd8\x82\x8e\x14\x08\xe2i\x8dI\x98\x7f4\x9a\x8e\
\xf3XhT\xa9\x16\xf8\x90\xe5\x09\x9c\x0e\xe1C\xb4\xb7\
\xe1\xb1\xd6+\xa0\x97\x11a\xaaO\x12{\xe4\xc1\x8cz\
\x0a#?n\x8c&\x08L\xf5\x15R\xa3\x88\xa3\xb1\xa5\
\x80\xbe\xd2\xafD\xddm\xfb\xfa\x85\x90P\xad\x03!\x9a\
\x8a\xc6\x87\x80\x11i\xa9\xc6\x05\x91\x8bre[,\xaa\
\x88w*\xb74E\xc9F\x8e\xc7>'\x87\x9d&n\
I\xe1\xb0I\xd7\x1eR\x01)\x02A-\xe6\xfa\xb3\x19\
+\x1f \xf8\x22(\xb9\xe46\x0d\xd8\xf9\x80\x9aP\x22\
\xe7<HL8\x01A\xadA5\xabD\xd8\x1d\xee\xe7\
\xf9lG\x02 \xffa\x97ak\x83_\xa2\xdbf\x84\
eg3\x92Hy$\x5c\xa5Ms\xb1\x22:\xe5\x88\
0\xf6\x13^eN\x8f&\xbdC\x89tQ\xbd\x84\x17\
\xd0\xbf\xeb\x06e\x95\xd1_\xa4\xda=5\x02R\xb8\x1d\
2F\x80\x98\xcf\x1a\x89\x9a\x9f\x97\x99\x89\xf3\x8b\xe6k\
\x1cR\x84mD\xa0\xe4\x9b\xcdh\x01\x86w\x06U\xa4\
o\xd4\xd8\xe3\x84~9\xc7\xf5\xcd\xf9\x13\xe9\x9b\xd3m\
5\x8a\xdb\x0c\x12!l\x13\xfb(ZI\xae\x1f\xc4U\
\x07\x0a\xe8\xc8_h\xee\xff\xe8e\x9a\xd1+k\xff\xce\
\xf2\x02\xf5\xe2\x10#\x8b\xc3^>\xa8'iX\xb5)\
\x04\xd1\xf28\xec\x81P\xefn-\x8b\xc4\x16\x9c\xbc~\
@\xc5f\xde\x05:N\x221\xebQA\xf7\x5c\xc2\xd6\
\x0co\xf3$\xa2\x04\x00\x15\xb5\x01ciL\x1esq\
\xefG\xe6`$\x80>\xd8I\xdd\xbdeqb$\x0c\
V\xecN%\xa7\x9f\x12\xc2\xd5x\x89\x1a#\x18C\xe8\
FK\xf8.~\x85K\xa8\xf9\xed,N\xcd\xc6A\xbd\
8\x06\xc4TIJ2\xfc\xe4\x5c+\xa84\x00\xd1N\
\xab\x16\x8b\x0ci\xca\xb7\x86\x92M\xa8\x99\xe5\x1e|\xca\
\xaeD\xc4\xa0Dg{\x9c\xf9\xe9n\xc0\xacB\xbcn\
\xb6P\x17\xce\x7f;\xdf(\xec\x86\xf8{K\x08\x11\xf4\
V8J\xbae\xdbr\x04>\x1e\xaf\x91\x8dk\xb3\xab\
^\xc3-\xef\xd6Hv\xd9\xa0\xb1=\xec\xf2\xc6[D\
l\x16\xb9\xaa\xa1a\x0e\xb3\xc8|u\xb6\xfb\x8dnV\
\x85s\x05(^\xff\xf0^\x12\xbb\x9d\x94I\xb1\x12\x13\
\xa0$\xc4,\x01\xdf\xc8\xb4`b\x8e\x97\xab\xf1\xc4\xba\
\xdc\xbeJ\xeeWhZ\x86\x9d\x96mr\x19d\x9b8\
\x0c\x93\xc7\x8bK\xd9\x5c/\x8ePTL\x1c\x928\xa0\
\x98\xf4\x1a\x89\xfd1!\xeb\xe4\xacq ?\xcb\xe9%\
\xd7i\xb6\x22k\xf4\x16IN$\x0c\xe0\xa0\xb3\xa4\xa4\
l\xcbR\xc6\xd0\x95\xa1F)\xa9X\xb6i\x0c\xd1/\
\xf0\x1f\x1a\xa5\xb4lff\xe1\xa4,\x9c\xda\xa0\xe1\xf0\
\x1b\xf2\xc7\x84\x91\x01S\x95\x05fD\xa2\xfdHn\x93\
\x22\x814\xeeW\x80[m \x86m\x5c\x87\xdc\xabh\
\xcdz\x12\xff\x962\x0b\xc3\x14\xc2\xd8e\x9e,\xc0\x99\
C\x0b1\x8f\xf3w?\xaa\xb8X\x8d@\x06\xbe\x13\x90\
\x11\x0d\xb9\xf8(\x10\xc3\x1f\x87\xc3\xadKa4\x9c^\
\xb5\x94\x04\xd4\xec\xef\x8a\xc2\xc7\xa8u\xc6(\x02\xf6T\
\xd4\xceVP\x94x[f`\xc4\xe5\xe2\xad\xce\x01L\
\xc5\x1c\xd3\x11W\x0b\xdb;j\xb5\xe1\x99A\xf7\xa0j\
'\xd2-9\xdb6t\xf6y7\xfa\x80\xdbu\xa7Q\
\xdfp\xf4\xf7u\xa4\x1c\x87\xc5*0r\x1fYe\x9b\
j9\xd1\x81U\x1d\xaa\xdeo\xb5\xc8&\xb3\x1d\x97\x02\
\xe6\x9f\xc2\xc7X\xda|J\xf0+\x1cr\x88\x19\xe3r\
X\xbb\xe0\xceY\xa6\xda\xcbs\xbd\xc1\xcf\xa9\x10\xca\xb0\
hH\xdbS\x98\xad\xbc\x1b\xe8T\x09\xf6\xd9H\xe4\x8e\
F6\xd6\x9b\xf5\x93\xf0\xc3\xf2\x05\xa9\xf0bJ\x5c\xf2\
d\xc9\xff+\xbe\x82\x17\x93\xc8\xd8\x12\x1e\xd7\x09Z\xc1\
\x85|\xc4k\x1d\xef\xa4\xc6\xa1N\x96\xadi\x90\xf3\xf6\
\x92\x5cew\xd6\xd0-\xea\x1b\xf2\xf6\x9b\x12\xca\x08t\
jT\xf8&\x15\xc3\xe4\xdf\xa1\x0c(\x1a9\xdc\xea\x0e\
#\xe5\xa9\xcf\xd8\xc1\x84\xaa\xb7.dy\xab\xe3d\xf4\
u\x88\xc3\xde;i\xd1\x9e\xcf\x0d\xca\x1c|\x9f\x8f\x09\
$;\x0b\x97%m\xa6\x9c\x0a\xe9\xd3\x008\xa3\x92\xa4\
E'\x8d+\x90\x09\xea\x0b&\xab\x03\xda\xc2%\x80\x80\
Q:qd>\x98\xfb\x97Y\x1aX{'3\x91<\
k\xeftL$\xdf\xe71\xb2\x8e\xcd\xdep\xcaNU\
\x0f\xf9\x94\x86\xbb\xcb$\x965\xe9\x8f\xbb\xb5r\x19%\
\xb4\x0f\x0d\xd0\xe8\x0b\x0cR\xbeN\xcf\x86\x0e\xe3T\xfc\
\x0d\xec\x80\x10\x13\xa1*\x83x\xfd!\xbd\x9bH\xea%\
+\x1d\xe2*o8\x12{\xa6W\xf9\xa2\xeeG\x1ez\
\xb4\x01\x8c\x14,/q\x9e\x97\xd1?\x93\xa9XZ\xe8\
 c\xf2\x1cN\xa5I\x22_\xad\x08<K\xb0\xcbo\
\x16/\xc4\xb7\x83\xd4i%\x05\xc7V\xc9\xaa\xee\xc1~\
OI\x05A\x93\xa5\xf9\xdda}\xa4\x90\xe2\xbe\x89P\
(\xb5N\x96\xf8\x12\xc7\xc3\x1b\x1c\xdfS\xc3@(k\
\xe4\xb8\x93\xfd=b|t\xfeu$\xfc\x18\xaf\xc6\xc5\
\xa9n\xc9\x165t3\xc6\x93\xaaN}da\x99\x10\
\x01T\xd6\xce\xfc\xcd\xfe\x8e\x87\x0ad\xe1\x8f\x93\x15h\
\x94\x90\x89S\x94\xa2)\x0c\xd0w\x22k\x9f\x86\x15\xd6\
\xc6\x01=Q\xf1\xd5\xc1Z\xac\x8e\xa5\xf0f\x9e\xc4\xe5\
`ia\x1e\x12\xc5+\x86\x9e\xd8)\x16\xda\x1eL+\
\xa4*2\xd6GS8\x1c\x92\xc5`\xab<\xdf\x19d\
\x81\x09\x98kkC\x93\xc3\x91`Ih\x95\xe4J\xa1\
`\xb3\xbf\xcf$\x7f\xbc\xb6\xb7\x0a,'\xe7\xae\x9c\x0e\
*C2\x14\xc8hR\x1aW(4\xc6\xbb9\xa5n\
\xc2\xba\xc5C\x93\xc2*x6Xp\x81\xcd\xe4 \xa8\
\xa1f\x09\xa3(6\xe6\x0bV\xf8\x0a\xdby\x0d\xa4@\
\xb1\x81&O-i\x9c\x8b\x96\x07\xad\xe2B,\xa3\x90\
\xa3\x81]\x1b\xa1Cc\xa9\x1c\x08_\x16\x0a\xc58\x11\
\xcba}\x1fc\x87\xa9\xb8\x91\xb497\x0dB\xa8\x95\
\xeb\xa6\x13\xd8\xc4\x90\xb2\xdd\x8c5\x95\xc9s\x11\xe5e\
_\xc1PL\xd1\xd8\xf4\xd4\xc9\xb79V\x10\xbc\xd1\xcd\
\x13\xa3\x9bf\xbb\xe5C$\xe6\xee\xc9\x10\xd7\x9c\xc6\xea\
ER\x95f\x80\x99\xe1\x0a3\xbe\xf8\xc6n\x5c\x8b\xcd\
a\xf8?Y\xea3\x150\xb6\x8c>{\x10\xd4\x9b&\
\xa9\xbd\x8f\xd8a\xd9\x9c\x99H\x03~&\xa9\xe1,\xeb\
C@\x0b\xa6\xd2H\xa2\x81\xc1|\x82\x8e\xa6\xd2\x07\xc6\
\xb7\x84+iS\x83M\xd14f)\xf97n\x02S\
-\x1d\xbd\x8cN\xc7\x83.\xac\x9aT\xc4\x99\x05+\x86\
\x0bB\x94\x17\xf7\x0fC\xce\x02\x05\xaa\x83S\x0dfT\
7x\x0a\xa1\xc4X6u\x03\xady\x12_%\x9b\xfd\
\xeb\xb2\x1e^\xdb\xc6\x0atlv\x01t\x09\x00\xaa@\
5\x1a\x94\x1a\xba\x22\xba\xe3\xf4J\xbf+Ab\x89\xfd\
\x09\x9fC\xa8\x16\xf7\xcee%\xec\xcd\xa3R\x22\x08\xaf\
\x11\xad\xf2\xc5\x87\xd2)%Y\x1c\xb8\x93m\x89\xff&\
\x14\xccZ\x85C6\x87`\x95F\x0e\x97@i\xc5N\
\xd4\x88\x19/$Evq\x7f:[\xcab\xd3\xac(\
\x86\xa8\x8a\xf3\xca\x00n`\x1b\xd7$\xba\xf0m\x8eD\
\xbc\xb5N\x8dL\x89\x04\xb3\x85\x8fZ\xac\xb7\xaa\x96\xd5\
P.\xba\xec\xf3h\xba\xf4\x0e\xd5\xb2\x05\xfb\xbc!\xb4\
\x9e[\xbe\x12y\x07\xf0\x022BU\xb7p\xe8\xc5\xd5\
\x19\x0b\xed\xba\x02,+\x19h\x82\x9f\xa2\xc3K\x9c$\
3\xc3S\x81\x8b\x9f\x88,T\x9c\xd5<\xf2|\x229\
n {\xc9\xa0\xd5\xb8\xe0<\xe4dRR\xa9\xf3,\
|\x22E\x17\x1e\x8b\xe8\x1d@S\xa1:\x22\xe9\x11\xdd\
y<\xe9<\xc0\xf4_\xd9\xc9\x8b\xe5|}\x951\xa0\
\x90t\x9bh\x18\x13|0L\x16\x09-\x8b\x95\x15\x01\
\xca\xbal\xbec\xf4q\x0fQ\xd5w.\x93\xc3\xbbN\
\xf5e\xd9\x18>l\xf3\x1aE\x07\xb0\x0c\x1bz<\x8e\
]\x14\x0e\xb91\x04s\x0b\x97w\x19\xed8\x9a\x0b#\
o\x91GW\xc7;\xb7\xdbJ\xe6\x0b\xabtK\xc1\x8e\
\xb4\xd2m\xde^\xff\xdf\xaat\x9bw\xaa\xc5U\xba\xcd\
\x0bb\xa4\xf5c\xf3\x02\xfbB\xeb\xc7\xe6\x1di\x04\xf5\
c\xf3\xc2\xc9W?\xb6@\xc7\xe8\xfa\xb1y;\x16\xa8\
\x1f\x9b\xb7o\xe1\xfa\xb1y\xbb\x17I\xab\xf9\x81\xcc\x0b\
U)\x8a\xaer\xccT\x8b`\x95\xe3\xbc\x83\x8e\xb0\xf2\
m^X\x85\x0b\xd1\xe6\xed\xbe\x7f\xe5b\xf3\x82\xfc\x02\
\xca\xc5\xe6\x85\xdf\x80\x9e!\xb6\x80\xca\x5c\xa4\xc1\x043\
\xcc\x99l\x813\xd5\x93\x0c\xafv=\xa9l\x01Vd\
O/f\x0d\xab\x0bg!F\x14\xe5\xcc\x0fy?\x8b\
\xdd\xe6\x85\xf9\xf9\x8a\xdd\x16@\xd5\x91\x14\xbb\xcd\x0b\xea\
\x0b.v[\x00\xad\xf7\xef\x22\xbcn\x8d\xae\xe0m\xf7\
\x8668n|\x8deL\x8b\xcc\xbe\xba\xd5\x00;[\
a\xd7\xd8a\xfd\x8bvX\x85u\x9e@\xee\x03\xe8s\
L\xd4\x8f\xe2\xef^\xd9\x95\xd3\x9d+\xb90\x081\xb4\
\x9e\xc9.\xc1\x15\xb7^\xd6rJt\x8f\xa0\xf3\xaeT\
\xceRe\xf1\x94V\xc3T\x9a\xb3Y\x8d\x85\xe2\xb1j\
\x11_L\xbd;\xbf\x92\xc1\x93\xf0\xa6\x16\xaa}g3\
\xce[/b\xc4\x88\xa2)B{\x8e\xb4\xaeY\xc4\xf0\
\x91\xba4/[\x17\xdas\xff\xaa\xa2\x85\x82\xca\xef\x92\
\x0d\xed\xd2\x14R\x1e)!lG\x14?<\x90\xd7\xb9\
\xa2Y>\xf9Og^hM\xb0\x02\xb8\x116X1\
\xa80/tM\xe2\x83u\xfc\x85\xc3\xa07n\x1c\x1f\
\x8c<Vg;\xce\xb9\xd0\xb1\xe6\x87\x8c\x95\x09Q7\
\x8aXZ\x86*\x1ay\x97v\xce\xfe\x0dG\x8a\xa0\xe9\
\xbeZ\x85\x8a+\x98\x0a\xd1\xa8\xe4\xba I\x12-\x7f\
\xa8.t\xf2\x0bp\xa4\x03\x0er`geh\xc9\xfc\
\x8b\xea\x0aY\x94,\xdc\x91Q\x07:^\xe2\x9b,\x9c\
\xdc\x10<M\xde\xc5\xfbY\xe7\xa1|\x8a\x06\xbeOc\
\xf3L\x129\x129\xa3\x8e\x08\x0cr_\xad\x13\x02i\
,\xa12G~\x1dB8k\xdbH\xa5\xb4\x02h<\
\x86\xdc\xc4\xf5\xb9\xa9\xce\x1e\x0fE\x97\xd2g*V:\
\xb2\xf3\xd4\x90\x15\x98\x91\xe0\xea\x188\xa1\xf2Y\x04\xd4\
\xb5\xbejN\x01\xc5YLa\xf3\xe8\xccV\x1e\xb6\x95\
\xbf\x8cDh\xa7\xc6\x91TX\xf0\x97q\x08\xa9\xaf\x10\
9\xd0\xdc\x91\x97X\xf0\x0d\x17V`!r\xb8\xa3<\
\xc3Ey\x19\x04\x05\x87\x0e\xc1|\x0c\x91`%\x0f\xd8\
|\x00\xe3\x04 M\x86L\xe6\xe1\xb1\x22\xbc`N\x7f\
\xfe}\xa1\xf5\x18\xdc<\xfb\xa26\xe6x\xcf\x88zh\
\xa1U\xa7\x00\xb1\xce\xe8\x15\xfbu\xdf\xe3\x09xdT\
RG\x15??\x86\x9f3K\xc80R\xd1\xe8\xee'\
 /\xba\x13\x13\x04W !\xa4\x94g\xefF\x13G\
\xbf`=q\xacoN\xb8\x16\xd2\x01\xbe\xae\x9a\xb2?\
\xee\x8f\x08(\xc5{#\x22\x00\x14\xa5\xefD.\xa1-\
\xcay&\x5c;\x08\x18\x1d\x01g\x1c\xf1%GA\xa8\
\x5c\xa2\x17\x02P\xa4{!\xa2\xf7\xc8L\xfc\x08 S\
\xc8\xcd\xe7'\x84B2\x0c{\xa3\xcc\x80\xaa\xd5\xca\x16\
[bU\xb0\x22\xe0\x15\xf4\x15D\xf4\x8b\x91\xe8\x1b\xcb\
C\xa5\xe5]\xb88K\xde\x03\xf0\xde\xfd\xea\xde\x03\x10\
\xac\x96\x08\x00q\xf7\xc2\xd9\x83\xbe\xddn\xeegD\xbf\
\xcfc\xbbG\x1e\xc4\xe70\xb0\xf3P\x99\xc2\x82\xd4t\
\x16X\xe5\xd9\xa1uz\xbf\xce\xdc\xfc\x91H6\x02\xe3\
<\x02\xc6\xc5\xb4\xa69\xb1\xc8\xbb\x89\xab\xde\x09\x1e\xe3\
\x86\x9c\x13C\xe3\xd4\xb51X\x000\x1d\x8d\xfe$\x93\
H(o\xa0\x9a\xcd\xea\xaf8\xaf\xa4&}_:\xc5\
!\x9c\xfa9\xdc\xee_\xdc\xdc\xd6\xd2\xd0\x9d\xcb\xe2\x00\
SKj\x91\x13\xfd)\x13\xb3\xe5F\xa9[3\x06\x1b\
\xa5\xe5j*-a\xcb\x1bl\xd0^US\xed!\xf6\
\xbb\x0e\x90\xddz\x82>*\xc3\x02)Yx\x0bv\xd6\
\xe3\xa8!v\xd3\xd4B\xb8B\x0b\x99\x0b~{Y\x02\
\x82}\xd3\xf7\x969]\x99X\xec\xd0\xbf6O\x8d\x80\
\x16\xd5n\xd1\xec\x02#wyF\xee!j\x9c\xce\xee\
\x1a\x97\x92\x82\x19\x1a\x9bO\x87g\x7f3lv\xf9f\
p\x00\x9dAO\x97\x82C\xc9\x97\xe6hnW\x9e\xc9\
4\x04\xdej\xa1\xd8\xad\x93\xa8\x16\x85\x98D^\xec\xae\
\xa7\xf1\xb5\xa6$\x84\x1e\xe5\xdd\xe76t*Z\x86\xda\
}{\xec\xc5\x1d\x1a\x93\x93\x14\xe2\x09\x0c&P\xe9E\
\xbb\xe6!\x8c\xb2\xb6S\x97\xb5\x17\x18\xf7<oa\x1b\
!\xd4\x06\xd3\x0b-K\x92d\xfa\xefH\xf1\xde\x8f\x1f\
\xf4\x86.?>\x1f\xb7$\x83K\x9a\x18&\xf35\x85\
\xe3\xf6R\xd9\xb2\x1b\xa5\x0ec\xb0X4\x9e\x12\xb9L\
7\xa2\x88;\x09\x96\xe1\xb0\x1f\xee\xea\xca\x03\xb6\x05\xce\
\xab\x13P\x03\xef\xcd*\x00\x84\xff\x9f\xc6\x9a\x0c\x11<\
\xc5o\x80\x07\x1fv?\x99x\xf3\xe6\xa1&4[X\
\xf9\xe4\xf6lBjX\x95[\x95\xeb\xd4\xe4!\xc5\x9c\
3Wb\x8f\x93K'\x9f$\xcdk\x9a]h\x8d3\
\xd0\x06@\xa0V\x86@x\x90\x0dD\xad\xc0\xcf\x92\xe3\
\xed\xef\xe2\xc7\xc1\xbdU\x1b\x96\xb5\x16\x00\xbb\x90\xf1=\
~\xc5\xe3\xb0t\xaa\x97\xce$q.\x11x\xc0\xad\x18\
\xe0S\xe4\x9aGv\x9f\xe79\x98\x8e)\xfc\xd63.\
\x1eSH\xed\xfe\x9c\xe3\x8fa\xe48\xb29le\xcf\
\xd9X$\x1e\xbd\xe0hn\xcc\x8eC#\x8a\xef\xee]\
c\xfd(\x8f\xe4\xc1l\xdc\xf3\xbf\x8e\x157\xe6\x99\x9f\
\x95\xcbp\xbe\xaaZ\xcct/#\xd1vX\x15XE\
X\x82E+\x06\x155m\x8d\x99 \x18u\x9dGz\
\xb9\x0c\xcf\xb20\x03\xd9w]1\x94\x7fY\x9c\xa6:\
\x0d\xcby\xd8\xba\x88\x85\xac\x87\x85\x0c\x11\xe5\xda\x09\xdd\
\xa3K\xe8$\xaav\x86\xdd\xd7\xfb\xb9\x8d\x87\x0b\xba\x93\
\xc7\x90Xa\x02\xae\x03v\x0e\xb5\xa98\x84\xaf\x88\xb9\
\xac\x10!\x141\x8fb\xe4OE\xe7\x10\xae\x87P\xc4\
\xe8E\xc6\xc1\xb2\xc8;\xffC]!\xf9\x07>=\x0f\
\x1fmV\x88-\xcff\xc5\xf7|}`\xa7x\x03\xff\
\xf2\x82\x8acP\x9e\x80@\x1f\xb0\x19\xce\x9b\xdb!`\
\xb4\x08?\xd4\x01\x82?]r_\xe8\xf6C\xee \xc2\
Z\xf42q\xc82KJ\xf3W\x22\xb4I\xfaR\xbe\
\xb1\x1bh\x01[\x12\xf7&g\xb3\x8alb\x87\xb8d\
\xf49\xbf\xd1\x84\x9c{\xff\x94\x1a}\x91\x1er \xb8\
-\xcc\x90\x8d\xb7\x92\x90\xd4\x1c\x0fv\xf3\x81\xedu\x1f\
~\x8b>m+@\xc2\xb4\xacq\x92\xd1K\x8eT\xca\
w\xf6\xc1$UX\x9c\xdbG\xd1\x94khe\xcfW\
\xd1\xdd\xb7\xe5~\xc5\x92\x94\xbe>R\x93\x9a\x841\x80\
\xc1\x8e\xaf(\xc3&Z\xe0\x1dw\xff\xe7\xd7\xb9*\x7f\
\xce\xb5N\xf8\xdb+\x96\xe71&?3\xca\x92\xefu\
O\xfa\x9eE\xecA\xca\x9e>eQ\xa0NP\x8c\xe1\
\x8e\x80\xe9\xfc\x14\xf8\xebL\xd0/57\x85n&\x11\
\xa3IV-\x87\x1f\xce\x12\x92#\x03\x22Z\xd2\x95A\
\x89\xa5\x0a\xd3<D\x9cj\xa1K9K\xe9\xcbi\x92\
\xadf\xe1\xb7\x98R\xa5\xce\xa1S\xec\x99K\xb5\x9c\xa2\
\xdb3\xe9c\xf2\xa1\x94\x81\xdf<\x1f\xa2\x89\x03B\x94\
\x81\xa2e\xc3w\xb6\x9d\xd8\xde\x867\xe0\xb7\x03p5\
\xc7\x98m\x10~+K\xdb\x13\xac\xd4\x0e\x1c\x89\x17N\
\xa7b\xa6E\x96\xbc\x19\xa5\x0aJ\x94DD\x86w\xb6\
u$\xeb\x22\x0dS\x96\xb2\x11\x93X\xe0\x8d\x92fW\
\xd4\x94\x0cU\xbe\x22\xe6\x1eUH\x9e\xb6\xff\x09\xf7C\
\x00&M\xda\xcb\x9aJ\x9fb\x9a\x0a\xec}\x9e\x85\x9f\
\xbe\xffcz\x049e'\xaa\xab\x90\xe0\xd8v\xee$\
\x98\x92gV$eb]{\xd8\xe4\x8a\x8b\xaa\x0e9\
\x1c?'I\x0aO\xd2\x85\xb9\x0d\xc7\xd1\xe0\xd9\xa0\xc3\
\xd0\x0f|!y\xafB\xce\x9f\xae\xedI|u\xca\xd4\
\x8a\xa88\x06?:a\x0dY\xb6\x92\x91,:@\xf8\
\xf2=e=\xb9\xfa\xc3\x8az\x86\xf5\x19/\xe6\xef\x90\
\x934\xbcW\xce4E\xa1\x99\x95\xee \x01\x14B\xf6\
\xdb\x04!$=\x02\x00\x0d\xe7\x88\x02PL\xba\x09\x05\
\xe1&\xc4O\x0dy!(:A\xa6\x86=\xec\xe3\xe6\
/y\x81-,l\xd5\xb8\x8c>\xc1\x18e\x22\xe0\xaa\
\x9e \xd8;\x12aj\xba\xee\xa6\x9b\xfbFl$+\
\x0e\x96DWY)a\x99e\xe4\xf9\xde\x1ek\xd7A\
2\xe0\xacU7\x8b\xd2\x07\xb7`&\x96\xf7\xf3\xed\xc2\
\xe7I\xf6V\xe1ML\x16\x0e\x14\xb9%\x12\xb3\xdch\
\x01(E\xb8\x85\xe2i\xde\xd9\x08=\x8f'\x8f4\x90\
)&\x17H\x9d\xad\x92\xb8\x8f\xe4i\x99\x16\x05{\xc7\
\x97\xe2\x1a\x86\x93CV\x91?\xc6]\xbc\x9c\xf2u\x1c\
Y\xac\x83\xafs\x9d\x17\xeb\x85DKGx\xfb:L\
\x0c\x90I\xd0ffqO\xcb\x98w\xd0\x07\xa1\xc1w\
\x03\xe0<\xb8\x1a\xc8\x0f\x10\xeec\x1c\xdf\xa0s\xe7\xe5\
\x03\xb944wM\x16\x02(,\x9f\xfbQ\x09{\x82\
\x83\xc7d\x8a9m\xce\xab\x1a\xbd\x8ax\x83\xe3\x9b\xc1\
\xfd\xff\x86D\xa6\x0c\xd3\xbd2.+\x97]\xdb&\xc9\
0Q'\xf0\xc5$'^\x17\xda\x0ch\xd3\xbe\xb70\
\x85p\xe2E\x8d,\xe3I\xed\x13\x13\x9dH\x8aHF\
\xd5\xd5\x8c\xbaUI\xe2\xe4\x0f\x0b\xff\x03\xe7Wc\x15\
\x06\xd4]ZQ\xa4\xa9\xd2\x8dIc\xaf\x03j\x8a\x93\
\x99\xcb\xedIj\x94\x19D\x9d\xe2\x02#\x03\xd6\xa5\xee\
\xba\xea\xf12hP\x93\xea^=Y\xe4\xb9\xb1\x0c\xab\
\x00i\x91\xed\x10\x1f8ml\xa4\xf9'\xd49\x04\xd3\
\x83\x19\xe3\xa9\x1aZ\x8eh\xa7\xb0\x86a\xf8U\x0f\x9e\
\xfb\xb6\xa2f\xea\xbc\xe4i\x10S\xcb\x99i\xf4\xdc\xf0\
}EV0\xf4\x93b},a\xa63\xfc3%\xfa\
3\x99\xa0\xfb;Z>+z\x9e\xdbY1\xf0\xe5\xa0\
\x16w\x85\x06'{\xd1\xc8\xefsots\x9d\xfdy\
xT6\xd0\xef?\xf0\xc4\xeer\xc6'fg5\x91\
\xd0\xe5\xe5m]x\x01\x8c6\x1a\xa5,M\xa0\xc3o\
GK*\xc6\x91>\x89\x14\xe8\x8c\xc6\x91\x1b\xbf\x80\x15\
\xdd\x14\x16\x80\xc2V\x9ad\x1e\x0c\xdd\xbd\xe4\xf4\x1a\x0c\
\x5c\xa9)\x94\x1d8/t\xc5\xf4)\x88\x0c\xc9^\xc1\
W\xa1\x83\x86\xd9\xefK\x0b\x0c]\xf7\xc5\x81\xb7.\x95\
@\xc8\xa7\x18\x18\xc1\xd9\x04\xbd\x10\xe0UJd\xe6^\
\xf2F\x8d\xe5c.^\x19-\xaa9sZe}\x9a\
\xcd\x1e\x9e\xc1\xbc\xa0Q\xca\x08u:X\x22$\xce\x1e\
\xa3r\xdc\xb9\x95\x0dY\xa0\x1dp\x94\xf71\xde\xa3\xba\
\xdc,[tJh\x91<T\xb0QY\x86.\x8d\xc0\
p1\x932:\x81\xcbE\xce\x7f\x80!f\xd0\xfb\xad\
\xfb\xb6\xd3\xafP9H)\x1e\xa4\x14\xe9K\xf7\x12\x98\
\x80n\xae\xff\x1b\xb6\x1bc\x96\xab\x8d5\xb2\xf3\xc1\xe7\
\xa18\x1f\x112\x8bF\xb7\xb6\xf0*%\xc2\x1e\xfaK\
\xb9$=\x19h\xcb@GZ\xc75\xf9e\x9d\xeb\xa4\
6S\xc56\xafP\xde$td\xe7\x91%\x93]j\
\x86K>=\xf0\xe65\xdd\xc3p\x0c\x91]K=\x08\
)\xc3\x92\xed=\xb7{\xe2\xbe\x12\xe5,+\xdbi)\
i(tkIM\xe8F\x89\xa5\xff\x92\xc0&\x82\x22\
\x19Y\xcf\xe1\xe7\x0a\xa2\xf7u\xb3\xbb\xba0\xf1\x16\xb6\
\xd2a\xcf\xb7\x8e\xf7z\x9b\x07\xaf\xf2\xfb\x0cg\x92\x15\
\x082n\x98\xff{\x9b\x83-\xaeH\x89\x9az\x09V\
\x9d(A~\xe2{\xe6(\xe59&\x93i\x96&K\
/u\xb8T\x86\xf9\x94\xf5<\xa4\xecX\xc6:;z\
/\xe71\x85\xdb3\xea\xd2\xa1\xc9\xb2\x0d\x8c7\xd2\xdc\
\xba\x14\xe3\xe6\x91NAWI\x1f\xd9SM\xfc\xc2\xe5\
\xf4v\xfc\x8c5\xd9Q\xf2v)\x89S\xf41\x0e\xdb\
\x1cr\x98\x9e$\xa7dUojh30\xaf\xcc\xe6\
l\xc7\xef\x87u|\xff\xabN\xd3#Qg9\xa0\xb7\
(\x03\xd2\xeeEZH\x150V\x04Dw\xd3\x839\
JM\xf6</O\xf0\xd6\xc9O\x8f\xc6\xdb\xff\x15l\
$\xf1FJ\xb4\x87\xf0\xc1\xf3\x22]\x8a\xcb\xab\x06\x98\
\xd7,\xe5\xbe\x08\xe2x\x7f\x92\xae\xdej\xb9\x11D\x0e\
*D\xd1\xb2\xdf\xcf\xc8\xad\xaf\xa8\xc3v\x1c\x1a\xfb;\
\x1b\xbeak\xc1Vs\xae\xd6\xd8KG\x96$'\xb1\
\x0a\x99\x05\xee\x06\x08\x90\xc2/`2\xbe\xc0\xbc\x9a,\
)\x1a\x8e{P\x05&\xe2\xff<z\xcf\x9f\x17|\xb4\
\x19\xa6f\xf6F\xfa\xe3\xc39J4\xf7\xe8s\x89\x99\
\xee6\xbf\x8c\xf9\xf7\xabF+\xba\x22\x98\x11\x15\xb7\x0e\
)YFF\xd9o\x85\x09\x97\x90X\xc2\x02t\xdfs\
\xfc3\xe1u:\x0a\x90Q^.+\xe0W\x90w\x1b\
\xae\x93\xd0\xe3\xe1\x12v\xa2\xcdM\x9cL0\x05$\xa3\
\xd8i#\x19`\xcbR\xef\x10W\xa8@~\x137!\
u\x8eE\xef\xc1\xd6\xd0\xc7w\x0b\xab\x8b\xd1\xcc\xd9\xaf\
\x9f\x88\xab\xf5h&\xdc\x8c\xe9v\x95C?\x8f\xb4\x84\
\xbf`u$/\xeb\x0b\xcb\xe9Q=\x85!\xc2\xa4\xa7\
LZG\xcf\x9a,<:\xc7\xc7\xb6i\x12P\xf46\
\xee\x8ap\x10\xe57\xbfGf^S\x22\xc4\x17\x11\xab\
\xd1\x1a\x16\xb0\xa1\xb8O\xb6\x8a_r4\xd4\x5c\x99\x85\
\x15\xa1\x04!q\x8b\xd9:|\xa9+7\xb8uH\x5c\
\xeb<`\x947\x92\xeb\x87\xa4!\xad^\xb3\x16\xdf?\
H\xd8\xb7;\x93\xfe\x0d\xd4\x9d\x84\x96\xb3@{\x8b\xde\
\xa2\xa7\xfe\x9fn\x11\xa5I\xbeE\x8a\x10\x88o\x08o\
\x84}\xbe\x8d[3\x92\x8d\xc3\xa2=r\xdfp\xa8m\
\x9e\xcd\xbb\x82m\x1e\x9e\xc6V\xb6\xbc\x04cN\xe2u\
\xc9\x06\xf6$\x05\x0dm\x88\xb6r\xe5\x11\xda\xedr\x1e\
\xbb\xfd\x84\x0d\xcc\xb9\xa3\x13\x0e\xac\x91\xff~>\x13\xfe\
\x9e\x7f\xcbr\xff\xdf\x18\xf5\x8b\x0am\xc7\xfe\x8a\xab\xab\
a\x01\xdd\x82^\xe7\xf7[`Q>\xe0VJ5\x89\
\x08\x1f\xf6\xbd\x0b\xb2\x8d]e\x8a\xde\x81\x84\xe7\x9e\xc3\
\x11\xfa\xa2\xe2\xe3\xdf\x8a\x0c\xbb\xe6\xb6=\x0c\xf3\x84\xe1\
\x01\x05Vnn\x93\x86\xd9\x8d\xe56a\xdd\x84\x082\
\xf2\x10H1L\x04\x19Y\xeb\xcb\xe94\x96:z\xc9\
w\xb3B\xb6\x85\xec\xe3|\xe8\x1c&\xb7G\xe2A\x1d\
\x12\xb8G!-\x81\x13\xc51\xc3\xdbB\xac\xec\xac\xe7\
\xb5e_\x19\xa8hr\x18\xcdnFR\xc1\x08\xde\x0e\
0\x0c\x98\xad<\x86te\xbf\x10\xd20u\x8f\x8f]\
w\xdd\x09v\xfe\x14X\xd7\x06\x1a&[H\xb7<I\
\xde\xc5\xd0\xc8\xfd\xa5\xed\xd6\x18\xe6\x91?\xe2s\xb5\xb3\
\xc8|`.\x8d\x8e\xfcdw\xf9\xc3\x96\x02{\x92\xb4\
z4\xa5\xcf\xde&\xb1\x9f\x9a\xf2\xad\x01_`\xea\x84\
H\xf1\xa3\x8fB1\xc9f=i\x1a*-\x97H\xfa\
\xf2;\xbf\xc2\xf7g\xde\x1eS\xd0\xaaB\x07\xcco\x9d\
\x1cg\xd0*\xa2\x8b\x05\x81M\xf5\xe5\xbe\xaa\x9e\x083\
\xff\x95\xca\x18\x96\x03\xeb\x8b \xf3\x82\xdc\xdftZ/\
\x14\xa7\xaa\x8a\xe0\x5c\x12\xd3h\x85\xeb9\xff~\x16*\
?\xe7\xfd~>\xf0\xaa\x1c\xc3\xa5,\xc1\x0c5`\x96\
$\x05\x88\xfe-\xa9%p\xa55`Li\xf2P\xd8\
\x06\xb7\x09r\x8aUdr_\xd4N\xfa.;kY\
\xb2\x82\xd4\xe2<j\xe5\x856\xc1\x13\x07\x1e\xb67q\
\xff\xed\xa5\x17\x00\xce\xb6\xf0\xf8\xe1\xf8\x1d\xbb\xe3u\x0b\
v\x9a\xe4\xad'\x159\xfb8M\x94\x88\x9a\xfc\xe7\xbb\
\xf7\xf5\xc2j\x01\xd5\x92>\x19\x18\x05\xc9a\x0bV\xd4\
\xf1r\x0dz9~J\x1d\xc6\x91\xc0\x88\x8b<\xc8/\
\xec\xda\xd7\x0b\xb6!\x02l\xf4\xc6\xc4\xf0L\xa3\xc0U\
\xc0\xbe\xb4\xa2.\x1e\xdc\xba\xa6\xb5+\xfc@G^9\
\xd4\x0b\xa3\x0c\xfbJxY\xde\xce\xd6\xe0'\xc5_\xee\
\xfa\xb1<\xd8\xcf+Ob\xac/\x13)\xde\xeeGE\
l\xa9W\x06\x0a\x05\xab\xba\xdd\x07Q\x22\xf7\xb5\x85$\
\xf8Xy\xea\xb7\x8e\x00\xdf\xba\xd3\xc6`A|\x1ba\
]So\xe7\xa7\x88\xcb\xc0_\xd2\x93\xbe\xb8\xa4\xb0\xe0\
0o\xf0\x1fU4Vcg7\xab\xb5\xee\xa8\x9c\x96\
\xe0 p\xeeXt\x169d\x91{A%4\x9a\x8f\
\x9b\xe4\xf9\x1d\xec\xe2\xc8\xce\xef\x9c@gM\xd0\xdbZ\
Ww\xae\x93T\x1dG\x13\xe1Kj\x92\x8d\xdeH\xb2\
\xfb\x99\x8e\xaa\xd0\x8cX\x1a*H\xb4\x16,\xa74\x09\
\xf7K\x12\x97=\xd1\xe0\xca\xf0}z\x11Y\xee5\xf8\
;\x1a\xe9b\x91\xcf_\x1cAt\xc5\xff\xff4\xc15\
\xcb\xbc\x95>G\xa2\x12\x12\xa5\xd9\xeb\xf6i\x0a\xdd\xc2\
B1.\x81\x0eE\x15\x11\x0e\xf4*\x1c\xdf\x11\xd2\xa5\
\xd0\x9b\xf5\xfe\x1e]B\x1d\x0b\xab@%\x0b\xd1\x99l\
\x85f\xcac\x03\x82W\xb0\x98R\xa8\x82\xc50\xb9)\
\xaf\xc2sr\xa31\x8a\xca\xa4\xf4v\xd9\xbf\x92\x11^\
\x18#N\xc2\xf4v\x8f\xbbu\x1f=u\xb4qi\xc7\
\xe0\xc7\xc5'j\xfa\xe7\xd8.<\xf4\x1e\x9e2\x1b\xc7\
\xa2\xda\xcc\xf1\xbcY\xff<\xf3\xa3\xae\xf7\xeb/\xf4\xd1\
\x17\xff1\x17A\x12\xde.\x85\xe9\xc1\xff}\x01b\xf0\
~\xbe\xa9\xc8@$\xaf\xd3J\x09\xad\x0f1,<\xc5\
\xe9<v,\xc4\xbc\x88!J\xc3\xe45N\xfc4\xe8\
61\x5c)!\xd6\xd8\xf1NtB\x04\xaa\x9a\x9e\xaa\
\xff\xce\xe3\xbd$\x7f}MV\x08v\x1c\x13@?a\
\xf3\x97\xe8\xd1\x1d\xf7\xd7&\xaa\xf4>\xcc\x96\xbfL}\
\xe5\xfe\x16\x22\xaa\xfc<El*\xf7\xab|Q\xe5\xfe\
\xd7-\xaa\xf4\x179\x10\xdd\x036CA'\xd0\xde\x1f\
.\x1d\xc7\xf5\x8b\xa4%\x9a\x9c\xb5B\xd6\x9e\xbf\xfcQ\
\xe5\x88\xab\x04\x8du\xea*\xb7\xe3T\x97\xfdyr(\
\x0a@\xe7\x17TDi\x1a\x11<\xd3\x04\xd1sd!\
\xd13mx\xdb\xb4ET\x22\xb2\xc9\x8d\xec\x1d*\x7f\
\xaf\x19\xc1\xbd\x08L5`V\xb1=\x92\xb8`\x0b\x99\
M\x11\xe20\xd0\xeb\xe4\x88\x82-\x5ce\xe2zm\x1f\
\xb9\x90\x11\xcb\x96puj\x82P\xd6\xc8\x09\xc8\xc1/\
Z6\x85\x8e\xda\xc2\x92\xec\x14w\x04\xff\x130\x0a\xe1\
\xf7\x19\xc1\x03\x86\xedqz\xc8\xb6\xc7\x9c\x99\xb0L\xd1\
\x15\x13\x93\xa8\x86\xdf<\x91\x14=\x97\x91\xfa\xd8k4\
\x81\x91\xa7\x00\xc5\xf2x\x86\xb0\xb2$B]r\x1a-\
\xc0\xaa\x90\x84\xafD\x07\xe9\xe4\x84\xbbx_\x06\x94\x85\
\xf7\x9e\xdet\x83\xa1\x9a\xc8\xe3\x03\x9b\x19\x09k,\x90\
\xd9 \xfc\xdf\x91\x04\xf8\xd5\xa6\x0e\xc2x1\xbc%l\
'\x9a\xe0{\x9e\x22xl\xbb> kjRr\xde\
\x1b$\x81.M\xd2\x92-2\xe6t\x0b$\xa3\x9f\xbc\
\xdel\xcd\x22/\xc1,\x81Mi\xca\x0e\x85.\xa1\x0e\
l\xbd\xb0\xaa\xd3\x15\xb4\xeath\x9f\xc5,\xa0!M\
2A$\x16#m\x07\x92\x05y\x02\x05)\x80\x84_\
\x9c!\xff\xe5\x9b|\xd0jC\x22U\x8fH\x8e\x91E\
\x1ev\x92\x07\x22\xf0\xe6+\xbea\x8b\xb9 \x0e\xab\xde\
\xdc\xc4l.\xaa\x22(\x9e\x88\x12\xb1o\xd4\xdd\xca\xf1\
\xab\x0d\xff\xb5\xaf\xecT\x81nr\xa2\x08\xe8%\xa9K\
\x0d\xee\xd5J`USI\xd1x]\x087\x17\x8a\xd6\
\x93\xcd\xfdT|\x0c\x1b\xc6\xb6\x9d\xfa\xf5\xd2\x10{\x9b\
9x\xa84\x890\xeb\x13\xdb\xa3\xd6\xac\x0c\xfd~s\
 xKq+\xb7xqZ\x16\x02\x17d\xf4\x01\xb9\
\x08J\x0aE\x9d\xb2.\x12\xf0D;\x93\x17k\x16v\
qZ'\x8e\xcdR-\x8e\xc3\xb8\xc0\x13\x98Z\xf8\xea\
\xc5\xca\xca\x09E2\x0d#b\xd3\xd6\xe7!<jk\
61\x11\xdb\xb4_\x046\xbdK$\xacFIiJ\
5\x8d\x88\xa8\x96\x89\x08/\xa8\x94\xf2@8g\x1a\xe7\
\xedAy\xa0P\xd6\x09\xfaIk\x8d\xd0\xae\xcb=]\
\x93\x9e\xb7\x07\x04u(,E\x88\xb1\xda\x05\xd4$\x13\
\x12\x9a\xf0p\xaej\xe9\xc9\x1b\x82SZ\xc0\x0c\xb2\xc0\
L\x8e\x8a(\x9a\xe0\xbb\xd1\x15\x92\x08\xbc\x8f\xf3\xfa\xe1\
\x05\x8b0\xa4<+\x95\x033\x1f'x\xb70#I\
F\xceu\xb1/A3+D}\xf2\x0a)\xce[d\
6\xf37\xd0\xfbHo\x99\xee\xc3X\x99\xee\xde!I\
gQ\x1e\x09\x18(e\x98C\xacdw`\xf0B\xa5\
\xbb\x02\x1d\xe6\x92\xf7\xa22\xc2\xcbe\xc5\xefr\xfdZ\
\x1c\xda[`\xab[\x08qX4\xe5\x91\xc4\xe6\x85\x07\
e\xa9,\xd12\xcb\xee4U\xf7\xb2\x95\xc7\xd9\x1d$\
[`\xd2YR\x03y\xb2\x11\xb48\x9d\x84\xcdM\x0f\
\x1d\xb83\x84:\xfdS\xf1?\xa4\x18Yh\xda\x13\xee\
\xc7\xe9\xd5\x99O\x82V\x9f\xa6\xcf\x17Y\xe1\xf3\x19\xf8\
\x1c\x8e\x8ep\xb7\xa0\xec^\x02\x9bn&\xc76f\xfc\
\x0d\x91\xb5\x88\xce\x90y\x91\x1a\xa9\xe3\xea3\xa4a\x16\
\xcc\xb6\x0d\xac\xc2\xa1\xac\xb2\x8d*\xa8,o\xce\xb5\xff\
Z|nQ\xaa\xde\xf5\x16\x9f\x96,\xb8#\x0f\xa2\x89\
\xc9\xd8\x10e\xd3 \x8f\xdeO\x0e\x1dx\xffr\x9f\x0f\
\xf0\x0fa\x85\x02\x9f-\x00\xe7\xc6w1\x03\x8c#\x03\
8\xf6t\xbe1\xc6y\xae\xd5\xfc\xea8\xbf\x5c\x0b\xd9\
r\x7f\xfc\xa9\xeeF\x01\xf0\xa2\x7f\xb4R\xc36\xf6[\
\x9a\xeaO\xa9h\x1b:\x92\x97\x07qBL\xf1\x8c\x87\
\xb3\xa6\x912\x81;\xc0\x91g\x153\xa1\xe8\xf6\xb6#\
C\xa70\x8f\x84\x9b:\x99\xd3\xc1\xc8\xcf\xb0\xdao\xfc\
\x9c\xc7,%%\xdep\x823\xc3\xb1\xf0#.\xda\xf4\
\x0d\xf4,\xe6\xb1\xa4\x08T\xb6<\xba\x89\x16\xba\xbc\x8c\
[\xaaHa\xda\x9d?\x14\xe4\x10\xe7Y\x1c\xack\xc0\
B\xf1C7y\xd7*\x85]\xec\x10\xacK\xfb*\xc3\
\xc7h\xa2\xad\xb4\x9a\xbd\x1d\xec\x87\xb4 \x12RA\x0e\
\xc1k\x00\xae\x8bd\x03\xa1c\xe2gP4\x96\x0f \
\x0b\x95$4\x85\xfa\xc2p\xf9bV(\xf04!\x82\
%\x98_,G\xec\xf9\x02\xbe\xb3\xcd\x9a\x89K\x9f1\
\xda\x22\xe6 \x9b\xe2\x02\xcfPml(G\x917\x18\
.\x8a\xf7\x8b\xba\x10\xb1\x98\xdf]rD3\xd8\x0f\xf8\
\x05/\x12\xb7\x8dK4\xe0\xb8]6\x15\x93\xbbR\xdc\
\xe1g\x13\xf5Ow\xd7f\x16\xaa{\xe2\xadq\xd1!\
\xe7\xf4D\x9a\xde\x9b\xb90\xff\x15q\x03\xa5\xfa\xb4\xe1\
\xe8\xe8\xf6&\x12\x90\x1d\x9e\x06A\x9fpQ\x0a\xc4\xbe\
\x87^\xcezNNc\x17k2\x11\x04\x1a\xdb\xe6\xe8\
\xd0\xad6\x96\x13\xef\x94\xe1\xa2\xd7-N(7\x1f\x8b\
\xe3@\x1f\xde!\x8b\x15\xae'2\xc2\xb5\x88\xf0\xdb2\
\x98\xe6Xx=\xad*A\xa3\xe7\x1d\xd5\xdf\x89\xd2j\
S\xfaH\xa1.i0\xad\xda\x8a\xa6\xe2\xb7\xa8tl\
\xed\xb2\xbe^t\xc27\xaf\x81l2\xce\x8ap>\x97\
\xe7\xfb$\xf1)\x87\xa5W\x16\xf3\x10\xc8HS\x94\x0e\
\x22\xf9d]$\xabR\xf2U\x9ar\xa7\xb4 :\xe5\
\xb6\xd0\x94\xb8\x9eG\x06\xf2\xe6\xe5\xba\x03\xe8\x81\x01\xc2\
\x82n\x8by\x02E,1\x5c\xb8\x80\xcb\xe1\xbeII\
\x1b\xd2\x8a.\x91R1\xf8w\x96\x8f/\xf8'9L\
\x8b\xcc\x88\xee\xf1\xa2\xf7\xe3@a\xe8a\x18\x82:\xcf\
}\x9c\xa09Tup\xe8&0\x0cw\x0c\x13\xe0\xfc\
U2\x17\xe4Z\xb0YT\xe6\xb9V\x22\x13\x1d\xa9\xb5\
\x11\x9d\xc4\xe7\x5c!P8\x9fp[\x83\xbf$\xd3\xab\
\xd0\xa0=r3\x89\x7fC]\xbc\xeeD6\x8etm\
D\xd5\xf6\xcb\xd3,3\xafEG\xaa\xefa\x9b\x0cP\
r\x82m\x85\xd4\xd0i*3M*\xca\xa7\xfb\xa8n\
\x7f\xe6c\xb1'\xc4$\x9fxT\x84\xd0R\xe7\xd2\xc9\
\xca7\xb3\x06\xa6_Hktm\xc8;3)\xe4Y\
\x8e^\xa2G\xd0y\x08\x11K-\xb2\x05\x10\x85\x079\
\x5c \x13\xbc\xe5,\x00D\x8b\xefe\xe9x\x8bb\xcb\
\x92P\xddB``m\xccoMu*\x82\x17\x9c\x81\
\xb5h9\xaf\xb0i\x222\x9d\xda\xa3\xd8\x88\xcc\x08\x02\
\xc6\x10\x22\x85\x02\x8ed\x0cIj\xd6\xc04U\xedt\
\xc6\x03\xf3\x1a\xdf\x1c\x12B\xb6\xc0:\xa0\xcb\xb6<\xf7\
\xef\xfcyz\x89\xdd\xe6g\xdcPT\xaf\x1f0\xcb\xc2\
\x22\x9c\x84/S`\xa8N\xc2\xb53\xca\x1aRO\xbc\
\xcd\x9d\xfdQd\xf6\x84\x89\xacko\x93\x14;\x81\xc5\
\x86\xa2\xa7\x89\xcc_\xd3\xb1\xa4M\xd2\xd4>?5\x86\
=T\x94\xf4\x5c\xd0\x89\xf99\x86'\x9fO\xdcK!\
\xbcV@\x07<#\xf11#w\xe0\xd5\x91y\xbf~\
\x05\x9c\xf3b*S\x06\x04\x83~\x08\xbe\xc1J&?\
\xc2\xf14s\xb7\x0fD\x88\x94\x1d\xb2\xd3 B\x07\x14\
}\xc03vQ7\x13\x82\xe8YK\x0cnY\x88,\
\xf6{\xfa\xad\x02\x91\x97c\x9c\xc8\xcb\xa5\xd8\xeb/u\
\xf9\x99\xe2QD\xe3\xb2C\x22q\xc2\xe1\xd5;\xf0X\
\xb5G\x0f0\x5c\xcd\x88V\xe7\x13\xf4\xd9\xd6\xb4\xaa\xcb\
>~CoDRl\x9cO\x18\x99x5\x17I\xf0\
\xb3\xe63\x85\x9d3\xd2\xbc\x9a\xa3X,\x8c\xdcf\xe2\
`'\xac\xc9hLIt\xb4\x1dK48\xdd9v\
\x84\x94m3\xa3\xc6*ZK\x9d\xe8\x14\xeerk\x97\
\xb9\xd3\xf1\x8c^\xec\xbd\x9c\xdba~h*)\xbd?\
\x0df\xc3:\xe8\xcc=ec\xd9m*\xc6X\x96T\
\xd4\xe4\x19`)\xd8ym\x82w\x89\xe3\x8b\x15z[\
c\x85:5\xb9\xadw(\x8b\xe5H*Y\xacO\xea\
\x09U\xb1\x1co\xe6d\xcf\xc8Ne\xef\x14\xc0\xfa\x84\
\xe0\x87W\x8b\xacnS\xe5\x94nX\xaa\xf7\x00\xa7\x06\
\x82E\x93y8y\x8d\x132\xeag\xe8\xf9c\xb3\xdc\
\xcf\xe6z^\xac\x0b\xaf\xe7\x16U\xcd\xb9\x1e\xbf\x1a-\
5\x93Xo\xe76\xdb\x05\xdc\x15\x00\xec\xa9\xf1\xe7\xc6\
\xc0:\xde\x8ch\x85\xc5U}\xf8\x0d\x1d\x1d\x18\xe7Q\
b\xd5\x8f\xf0o\xfc+\xefF\xb6\xb83P\x84z\x95\
\xfb\xa7$\xd1\x11\x0b\xe9GW\x04\xd6\x1c&\xda\x0aY\
mQ\xc7\xa0\x04^w\x0eF\x7fDW\xecZDV\
\x80\x89\x97l\x17\xb6}\xf0\x0fx\x13i\xb4~\xb7\xe8\
\x91_\xb2EI\xe4H\xa0\x08\xfe(p\xb8\x0b\x84\x85\
\xf6\xf8\xa6K\x7f\xee!\x93\xeb\xc9cc\x8f\xc3\x13\xea\
!\xd8\xd3\xc3\x86\xf3\xe90\x9bB\xbd\x8dX\xb2\xba\x91\
5\xa1f(\xdd\xae0\xe5\xce$z\x84\xc1<\xc3\x9c\
\xa8\xa5\xa5 \xfa\xd3`\x0cf\x0c\xc2Kh^/1\
\x12\xb9S\xd2\x9dW\x03crx\x16F>\x11\xc7\xa9\
\x94\x0a\xb1V#\xa7\xdb>P]\xc5\xa5\xffs\xa2#\
\xc7\xc7\xb3f}jg7\xbb\x96L\x86\xe7Ar\xbf\
\x12\x01\xd3\x8d]s\x1e\x08q\xb4\x8ch4X{\xd1\
\xb8\x90_\xa6\x19\xbd>u\x04W\x18\xb4}\xef\xa5V\
,7\xec\x95\x8aW\xb6\xee!\xa6t\xc65n\xb90\
2\x896K\xdf(s\xee\x8dlf\xe3\xd8\xc5\x15{\
\xf2h\x82\xb4\xc2\x11\xddF>J\xceS|\xa0\x95\x84\
\xc9\xce\xa2U)\x889\x90a\xd1H\xfe\x04\x17\xae\xf8\
\xafh\xd7\xf1;%@\xf8\xc0\xfb\xe5!`\x03\xf6 \
N\xea\xf3\xd4\x97\x92\x88E\x9e\xcc\x81\xde\xd8\xda\xb9n\
\x16.s\xb1\x0eW\xaamX\xa5j\x80H4\xf7e\
\xbaO@\x14\xe9\xf1\x14\x94\x9e.\xb2*\x8dUI\xe7\
\xf9&\x8eZ\xe2{\xf6\xa0]\xcf\xca\xaa\x0f\xe7\xfe\x06\
d\x15\x14\xbaQ\x9e\x1e1\x83#(A\xc3*5$\
B\x0b\xa7\xf6\xb9\xc50\x15_]\xffp\xeb\x8d\xdag\
9\xb2\xb4\x01\xf65\xafC\xe7\x7fB*\xe8\xb5\xf5_\
Wrb?\xc3I)\xf0\x88p'!\x19WkH\
\xe0*\xad\x0e\xf3c\x97\x13\xb4\xc0C#\xbe\x8a\x03s\
4\xc9\x1c\xe9\xe4\x0b\xcc2=\xfe^w\xab\x9f\x0e\xad\
`\x12\xbd\xd9\xc3,\xa3<M|\x12\xbc\xaa\x5c\xc2\xe5\
7\x0e\xd7\xe3Fl\x82\xe1\x7f\x82\xd9$\x8ej\xe9\x5c\
\xad\xa5\xe0\xbb\xf7\xd8Q\x85\xc7Kg\x08\xe7\x1e [\
\xed\xb8e\xb9\xff\xd4\x99;\xd7\xb9\x9a\xdd\x0dTMi\
\x18\xdffo\x932\xb8V]/\x96+\xd2\x12=\x05\
\x08\x9ff\xd7\xdc\xf8\xf5b\xf2\x0c4\xf3\xa8\x92\xa8\x12\
\xcf&\xad\x10\xc3\xf2\x0ah\xaaA\xa9\x18^h\xf6\xe0\
\x95@u\xae[\x95\xe9(n\xb0\xa6\xc0/\xfd\xde!\
G\x80\xe2J\xfas\xd0\x1c\x1e$Aa\xd1\xc2\x0dm\
\xa7\xce\x99\xe33\x8f:\x22\x94\xf8\xaaP\xd7nC^\
\xc7\x85P\x87F|\xb1\x1d\x17\x94\x09s\x0f\xd5\x91J\
\xdd\x19f\xba\xcbB\xb8\x0d\x883\xd3\xcb\x8c\xd3\xbe\xdc\
\xb7\x1c\x8b\x0c\x11\xbd\xf2\x9c\xa1\x1a\xbe\x14!\xc7\xaey\
S`\xcd\xc1p\x5c\xef[<\xd3h\xe6\x1c\xce\x88\xa6\
o\x7f\xf5Z\x09lF$\x1c\x83\x22)\xc9\x98\xb9z\
\xa6y*{\xac\x96\xe7\x88\x9b\x1e\xa7s/S\x1c\x15\
\xf6\x16@h\xf5P!\xfc,\x18\xf5y\xf4*\x96\xc7\
\xed\x14[\xc4~=Z`t\xad\x09<\x9e(\x968\
2\xd4\xef\xe9_Jbk4\x81\x0b\x9a\x115\xb3\xf4\
|\x8f\x1bp\xf7\xdb\xaa\x9c\xcdt\xb2\xc14\xb0 \x5c\
\x09\x86?S\xe0\xb3\x95\xf2\xdd\xc2\x0d3\x9e\x11\x08N\
\xe2J\xecje\xd0q\x16I\xc3\xdb$\xf7\x9dy\xcf\
(e\xd8\xcd\xc0\xc3{V\x1b>d[\xcd\xb8J\xce\
\xb3\x8c\xb2\xd5\x86\xee\x853)\xd2@\xf7fX\xd5\xac\
i\xed\x0a5\xca\xa7x\x92\xac\xf2\xdb\xca\xb54\xd1*\
\x8c\xd6\xcec`\x94\xfd5\x82}Qg\x0a3\xe5\x0c\
\xcf#}V\xd1w\xc6\xd3\xc8T\xfdV4y\xb9O\
\xd6qx`\x98U?\x86\xf8\x13\x95\xd0\xcbc\x9cd\
f\xca\x01]p\xb1\xaf\xbe\xe9\xfe\x1b?\x13i}\xd2\
\x82\xe6\xcf5\xa0X\xe4\x1f\xf3\x8b\xaag9\xb2j\x11\
B\xeaz\xd8J\x06\x8b\xa8\xed\xe0\x15\xeb3H\xf1~\
^b\x8eg\x1c\xea\xec\x0e(\xe8\xd8\x1b\xdd\xa9\x98}\
\x86\x99!\x9e\xc5\xb5\x8a\xe5\x15D;\x22\xee\xe9\x92\x81\
\xdcW\x89\xe4/\xcb>u\x80\x7fQ\x04\xef\x01\x08\xbc\
\xee\x95\xc1P7\xac&\x7f\xc8s$<\x9b\xacS\xa8\
\xf6\x80K=\xd0\xfc\x7f\xa9\xd7\xe5]R\xbf\xa2\x80q\
\xa9\xe1\x907`j\xfcU\x12\xa7\x84\xb3\xb5_NC\
\xea]M\xb0\x8dIz\xf2-\xc7t\x9a\x066b\xa3\
\x9c\x86[|\x0fXX>\xab\xa3\x90\xc3N\xc4\xb2\xf0\
<E^_J\x9c#\x17\xca\xd3\xbb\xa9%\xe0\x1a\x11\
Y:c\x8cs4\x931\x94\xfe'\x05\xae\x02\xc2C\
\x1e\xea@\xc7\xc1\xa7\x10v%p<I\x1f\xa61\x9c\
\xe2-IX) \xd1S\xb3@\x08\x85\xa3\xa5\xac\x81\
o-\xd9\x92P\xc8\x95\xc5\x02\x9f\xf3*X\x83 \xa0\
\xb5\x0b\x89\xa3\x04^\x92G\xa5\xf8\x94\x95vO\x9d\xa1\
B\x97\x89Q\xdc=|\x89\x16K\xbf\x14Y\xe9\x9cn\
\xb7<\xa2\xcb\x98e\xe7\xd6\x07\x97\xf3\xa3z\x01\x89\xa5\
RS\xba\xa4\xea\xbeS\xf2\xaa\x93\xb3\x22\xd2\x80h\xa5\
\xe3YN2\x90\xa0F\xf2\xef}\xef\x93\xe1o\xb3>\
~{\x0e\xa9\x85$\xbe\x88):\x88\x22^~d\x19\
\x92~\xc7\xd8\xfe:\xab&\x0b{\x17t \x01Vc\
\xe3\xb8\x91x\xe7\xb0A\xe5\xfa\x9e\x00\x87\xbc<U\x0b\
<\xb8!\x12&}\x19\xd0\xc9\xbcu\xb8\x94\x18\xadm\
\xe5\x89\xd7\x0e\xc4!\xb8\x93\x9e\xdd\x0d\x0a=\x0e\xb4d\
\xd4\x98T\xfb\xfa\x14S\xd1m7n\xc0\x1b\x95\xed\xa5\
\xca\xd3Ck\xa7;\xf8n\x93\x11\x0d_\x05\x97\x05\xa4\
$\xa6\x13\xbf\xcc\xe9\xd0\xf4\xe4\xa4\x89,c\xdaZ\xd9\
L)\xb6\x9b*\x9a\xc0A\xc4\x0b\xa4.`$&\x89\
\xe42I\xd6Zr\xbf\xa6\xe6\xa4\x87\x14\x9a^V\x90\
\xeb|j\x0d\xde\xa9\xa9zprY\x22q}>\xa6\
\xb5\xa4\xda\x92\xed\xe1\xdd\xe5k\x95->\x0fnWD\
\xa9A\x91Ms\xc5\xd71\x96-\x8fL\xf4F\x1d\xf1\
\xa9\x1f\xb5\x16\x88\x1c,\x11r\xd8\x03\x5c)v\x0cY\
\x16p\xe4\xbb\xdb\x8f\xba\xfa\xd3\x0a\xd4\x22\x1f\xed\xf8\x8a\
Bo\xf6\xa4\x08s\xd0\x11<\x9c\x03WQ\xfb\xcf\xf2\
r\xdd\x89\xc2#\x0b\xe2\x83G\xabP\x07\xbf*\xc6O\
(\xd0\x07\x8bVuxz/\x17z;n1\xae\xf0\
f\xd8\xb3'f\xc0u\x17\xad\xebL\xc2ca\x0f\x18\
(\xb5\xed\x19\x90p\xa0\x01\x08\xea\x8foO\x0b?3\
\x14\x91\xed\xc7,7\x9e\xe7)\x88\xa1\xd6\x110\x81z\
\x87\xd6\x85\x921\x829\xd4\x8d>\xe0\xe5 N\xf3\x09\
\xe6C#\x03\xbf\xc4\x18\xf2\x1a@\xac\x80q\xf2\x0dl\
^\x95\x94\xfc_K\x98\xc5w\
\x00\x00\xb4\xa0\
<\
\xb8d\x18\xca\xef\x9c\x95\xcd!\x1c\xbf`\xa1\xbd\xdd\xa7\
\x00\x00\x00\x05zh_TWB\x00\x00\x13\xf0\x00\x00\
\x05;\x00\x00\x08q\x00\x00\x05;\x00\x00\x1e\x93\x00\x00\
\x05;\x00\x00\x82T\x00\x00\x05C\x00\x00w/\x00\x00\
\x05O\x00\x00<\xa6\x00\x00\x05O\x00\x00\x981\x00\x00\
\x07\xb2\x00\x005\x92\x00\x005\xa8\x00\x00\x0ai\x00\x00\
5\xa8\x00\x00I5\x00\x00E\x82\x00\x00\x16W\x00\x00\
G\xa4\x00\x00\x05U\x00\x00G\xa4\x00\x00Fb\x00\x00\
Ih\x00\x00\x16\xd9\x00\x00Ja\x00\x00=3\x00\x00\
Q\xc9\x00\x00\x1d\x0e\x00\x00S\x82\x00\x00\x1ej\x00\x00\
V\xfe\x00\x00?e\x00\x00Y\xbe\x00\x00!\x1a\x00\x00\
[\xb3\x00\x00\x5c\x5c\x00\x00_\xc3\x00\x00<\xd3\x00\x00\
_\xc3\x00\x00\xa0@\x00\x00hp\x00\x00O\x8e\x00\x00\
ih\x00\x00(\x08\x00\x00u\xa2\x00\x002\xbb\x00\x04\
<4\x00\x00\x82\x1c\x00\x04\x8c\xaf\x00\x00\x8b\x1c\x00\x04\
\x93\xc2\x00\x00\x8d\xab\x00\x04\x98,\x00\x00\x11<\x00\x04\
\x9c\xb9\x00\x00Z\xcd\x00\x04\xa8\x8b\x00\x00\x06\x84\x00\x04\
\xa8\x8b\x00\x00`\xba\x00\x04\xa9\x03\x00\x00\x0cx\x00\x04\
\xa9\x03\x00\x00J\xc0\x00\x04\xb8w\x00\x00>\xaf\x00\x04\
\xbb\x04\x00\x00{-\x00\x04\xcf\x04\x00\x00Ag\x00\x04\
\xd0%\x00\x00\x1a\xc3\x00\x04\xec0\x00\x00a\x8d\x00\x04\
\xf6\xc2\x00\x00\x0c\xab\x00\x04\xf6\xc2\x00\x00J\xf3\x00\x05\
\x04\xcf\x00\x00A\x8e\x00\x05\x04\xcf\x00\x00O\x09\x00\x05\
\x04\xcf\x00\x00}\xec\x00\x05\x04\xcf\x00\x00\x88\x15\x00\x05\
\x04\xcf\x00\x00\x94o\x00\x05VE\x00\x00\x98M\x00\x05\
d\x95\x00\x00\x0d\xd0\x00\x05d\x95\x00\x00LQ\x00\x05\
d\x95\x00\x00W\x93\x00\x05\x98\xc5\x00\x00!A\x00\x05\
\x98\xc5\x00\x00\x83\x5c\x00\x05\xab`\x00\x00#R\x00\x05\
\xab`\x00\x00z,\x00\x05\xab`\x00\x00|Q\x00\x06\
\x87\x9b\x00\x00'\xe0\x00\x06\xd0D\x00\x00+\xa2\x00\x07\
F\xc5\x00\x001\xf6\x00\x0a\xf2\xce\x00\x00\x5c\xa7\x00\x0b\
N\x8e\x00\x00p\xce\x00\x16\xad\x8d\x00\x00\x14\xa7\x00\x18\
Y\x81\x00\x00p'\x00\x18\xed\xf2\x00\x00\x8f\xea\x00&\
\x9ed\x00\x00.\xbf\x00+d\x91\x00\x00e\x05\x00=\
G\xa5\x00\x00b@\x00=\xfa\x15\x00\x00\x07\xab\x00C\
\x00\xa7\x00\x00j\x8d\x00D'\xc5\x00\x002\x22\x00G\
\x96\xc4\x00\x00@\x89\x00G\x96\xc4\x00\x00_\x0d\x00H\
,\x94\x00\x00\x89K\x00I\xf0A\x00\x00\x8fq\x00J\
+\x82\x00\x00>a\x00J6\x95\x00\x00>\x88\x00J\
6\x95\x00\x00}m\x00Jd\x95\x00\x00-\x05\x00J\
\x809\x00\x00\x0cB\x00J\x809\x00\x00J\x8a\x00J\
\x809\x00\x00V6\x00J\xb9\xb7\x00\x00A\x13\x00J\
\xb9\xb7\x00\x00u\x12\x00J\xb9\xb7\x00\x00\x879\x00L\
\x99b\x00\x00A?\x00L\x99b\x00\x00P\xe0\x00L\
\x99b\x00\x00x\xee\x00L\x99b\x00\x00\x91,\x00N\
\xbf\xa5\x00\x00\x1bf\x00Ol\x93\x00\x00\x0c\xe0\x00O\
l\x93\x00\x00K(\x00R\xfd\xf4\x00\x00\x06\xb0\x00R\
\xfd\xf4\x00\x00a\xdf\x00Tl\x95\x00\x00\x1d\xcf\x00V\
\x80\x04\x00\x00\x94\x8f\x00V\x8c\x95\x00\x00?>\x00V\
\x8c\x95\x00\x00d\xde\x00V\x8c\x95\x00\x00y\xb0\x00V\
\x8c\x95\x00\x00{\xad\x00V\xae\xc2\x00\x00\x1fG\x00X\
\xb7\xb9\x00\x00W\xc1\x00Y\xe8\x85\x00\x00=\x8a\x00Z\
\x8a#\x00\x00Cy\x00Z\xa8\x94\x00\x00e\xc9\x00Z\
\xa8\x94\x00\x00z\x03\x00Z\xa8\x94\x00\x00|+\x00Z\
\xcf\xb3\x00\x00\x9eU\x00Z\xec5\x00\x00\x06\xdd\x00\x5c\
V\xfe\x00\x00?\xb2\x00\x5c\x83\xb5\x00\x00Od\x00\x5c\
\x83\xb5\x00\x00~k\x00i2\xb4\x00\x00*8\x00j\
/\x9b\x00\x00)_\x00vvN\x00\x00$4\x00v\
\x8c\x95\x00\x003 \x00z+\xc0\x00\x004\xa3\x00z\
\xe0e\x00\x0053\x00}\x9e\x01\x00\x00j\x1d\x00\x81\
(i\x00\x00Y)\x00\x857\xe7\x00\x00<o\x00\x8d\
\x9c\x0e\x00\x00]\x09\x00\x97\x96\x04\x00\x00V\x95\x00\x97\
\x96\x04\x00\x00{\x02\x00\xaf\x88w\x00\x00\x01q\x00\xc0\
\xb8\x84\x00\x00,z\x00\xcd&\x11\x00\x00\x003\x01\x10\
\xaa^\x00\x00CB\x01!\xadg\x00\x00R\x8d\x01*\
\xd0\x97\x00\x00\x09\x0b\x01*\xd0\x97\x00\x007\x9d\x01*\
\xd0\x97\x00\x007\xd6\x01*\xd0\x97\x00\x00{\xd3\x016\
$q\x00\x00r\x1a\x01<\xdf5\x00\x00\x9fj\x01?\
\xf9>\x00\x00\x90Q\x01@\x1dG\x00\x00@\x0b\x01C\
`n\x00\x00!\xd3\x01L\x05#\x00\x00\x86\xbe\x01c\
\xaa\x09\x00\x00\x0fx\x01c\xaa\x09\x00\x00NE\x01d\
\xa2o\x00\x00&\x13\x01t#\xfd\x00\x00\x83\xb1\x01\x80\
\xad\x22\x00\x00d\xaa\x01\x80\xad\x22\x00\x00v\x9f\x01\xaa\
\xde>\x00\x00\x95c\x01\xb8\x13D\x00\x00\x16\x0b\x01\xc1\
\xf0\x05\x00\x00UK\x01\xcaE\x8f\x00\x00\x05\xe3\x01\xca\
E\x8f\x00\x00~\xf3\x01\xd4VT\x00\x00\x99I\x01\xd7\
k\xaa\x00\x00\x9b\xa4\x01\xe7\xf5T\x00\x00`a\x01\xfb\
0\xd4\x00\x00u\xa4\x02\x06F5\x00\x004\xff\x02\x0b\
\x08\x8e\x00\x00C\xcd\x02\x19\xde;\x00\x00O\xba\x021\
\xe1\x8e\x00\x0094\x024\xfb\xbe\x00\x00\x1b\xf9\x028\
s\xd2\x00\x00(1\x028\xd4R\x00\x00\x90\xfd\x02;\
\xe2\x87\x00\x00\x89\xad\x02C\x04~\x00\x00%\x0d\x02l\
\x99\x03\x00\x00\x9b\x1b\x02q6u\x00\x00\x8b}\x02v\
\xb8\x09\x00\x00[\xd9\x02\xadpR\x00\x00E\xeb\x02\xd9\
@\xf9\x00\x00\x98k\x02\xdc Q\x00\x00\x92\xc7\x02\xe7\
 \xf5\x00\x00\x06I\x02\xe7 \xf5\x00\x00\x17`\x02\xe7\
 \xf5\x00\x00\x7f|\x03\x00(\x14\x00\x00\x9d\xa8\x03\x09\
\xa2\x9e\x00\x00$\xc4\x03\x15*u\x00\x00\x1a\x8d\x03%\
\xdek\x00\x00R\xdf\x03CL9\x00\x00\x1a\xeb\x03K\
\xef\xe5\x00\x003\xd4\x03O\x17\x85\x00\x006H\x03P\
\xba\x9e\x00\x00A\xb5\x03S\xb0\xcb\x00\x00\x0bv\x03W\
\xb0\x17\x00\x00s,\x03X\x11u\x00\x00`.\x03]\
\xe0\x17\x00\x00\x1d5\x03d\xa1\xce\x00\x00>\xd5\x03v\
\xe01\x00\x00j\xd3\x03\x8d\x17\xe3\x00\x00u\xfe\x03\x9d\
\xfdE\x00\x00]\xe0\x03\xc5\xefz\x00\x00\x17*\x03\xcc\
\xfa\xa3\x00\x00\x02\x13\x03\xcdG\xa5\x00\x00-5\x03\xee\
\xf3\xfa\x00\x00!\x9d\x04\x14S\xf5\x00\x00\x11\xc8\x04\x1b\
\xf0d\x00\x00\x9a\x0c\x04(U\xc4\x00\x00\x9d\xfd\x04K\
+\x03\x00\x00F\x8e\x04L\xedM\x00\x00\x88\xe9\x04d\
`5\x00\x001S\x04e\xafi\x00\x00\x0dM\x04e\
\xafi\x00\x00L\x19\x04e\xafi\x00\x00W,\x04l\
u\x90\x00\x00G\xdb\x04r\x80\xd4\x00\x00N\xd7\x04r\
\x80\xd4\x00\x00}\x92\x04r\xd0\x03\x00\x00C\xa1\x04\x87\
p\xc8\x00\x00,\xbc\x04\x8f\x07Y\x00\x00[\x13\x04\x90\
\x894\x00\x00Y\xc7\x04\x94\xa8\x84\x00\x00kG\x04\x98\
I\xbc\x00\x00\x05\x82\x04\x98I\xbc\x00\x00\x07\x82\x04\x98\
I\xbc\x00\x00\x09>\x04\x98I\xbc\x00\x00\x0b\x08\x04\x98\
I\xbc\x00\x00\x0f\xd2\x04\x98I\xbc\x00\x00\x17\x00\x04\x98\
I\xbc\x00\x008\x0e\x04\x98I\xbc\x00\x008\xcf\x04\x98\
I\xbc\x00\x00F\xcc\x04\x98I\xbc\x00\x00I\xd4\x04\x98\
I\xbc\x00\x00P\x16\x04\x98I\xbc\x00\x00~\x8e\x04\x98\
I\xbc\x00\x00\x7fR\x04\x98I\xbc\x00\x00\x8e\xec\x04\x99\
n\x95\x00\x00;r\x04\xa0\xb2*\x00\x00#\x09\x04\xa1\
L\x85\x00\x00\x22\xcb\x04\xa2\xcb\xd7\x00\x00_5\x04\xa8\
\xb8\xa5\x00\x00\x0b?\x04\xac,\xa5\x00\x00P{\x04\xac\
,\xa5\x00\x00Ve\x04\xac,\xa5\x00\x00z\xab\x04\xac\
,\xa5\x00\x00\x7f\xb2\x04\xac\xab]\x00\x00\x0b\xc3\x04\xac\
\xab]\x00\x00J\x0b\x04\xac\xab]\x00\x00V\x04\x04\xc2\
\x8f\xa2\x00\x00u\xd3\x04\xc4y%\x00\x00}\x11\x04\xcf\
v\x94\x00\x00\x19\xa3\x04\xd1\x1fR\x00\x00v\xd2\x04\xd5\
P\xa4\x00\x00.\x8f\x04\xd5Z\xc4\x00\x00//\x04\xd5\
n\xc4\x00\x00/\x90\x04\xe0\x8f\xb2\x00\x00=[\x04\xe3\
X|\x00\x00\x93\x97\x04\xe6\xf1\xdf\x00\x00\x85\xeb\x04\xed\
Y\xc4\x00\x00\x14\x0d\x04\xf4\x18N\x00\x00#\xa5\x04\xf6\
\x91\xc9\x00\x00\x93\xb9\x04\xfa\x12\xa3\x00\x00\x96\xea\x05\x14\
\x8d9\x00\x00E\xa7\x05\x1760\x00\x00\x1d\xf8\x05\x1d\
\xcf\x09\x00\x00\x8d\x0a\x05\x22?\xe9\x00\x00b\x86\x05#\
k\x81\x00\x00xX\x05(J\xd3\x00\x00>1\x051\
\x10\xbe\x00\x004;\x056\x8ay\x00\x00\x8fB\x058\
\x92\xc0\x00\x00\x813\x05<F\x99\x00\x00\x96\xc6\x05@\
\x5c\xa5\x00\x00\x0d\x16\x05@\x5c\xa5\x00\x00K^\x05B\
\xdd\xac\x00\x00\x9f0\x05E\xaf\xd9\x00\x00Gz\x05E\
\xaf\xd9\x00\x00H\xbb\x05E\xaf\xd9\x00\x00K\x95\x05E\
\xaf\xd9\x00\x00V\xfc\x05K\xe0\xd4\x00\x00t\xe6\x05_\
/R\x00\x00.\xfd\x05fj\xa7\x00\x00\x9b\xde\x05o\
/\xe3\x00\x00Q\x97\x05v*I\x00\x00M\x09\x05\x80\
W\xc4\x00\x00^\xb7\x05\x8b\xa6\x84\x00\x00\x1f\xd6\x05\x8c\
F\xc5\x00\x00H\x0b\x05\x8c\xac5\x00\x00?\x8a\x05\x8c\
\xac5\x00\x00y\xd9\x05\x8c\xac5\x00\x00|\x04\x05\x8e\
c\xb5\x00\x00\x8cL\x05\x93\xca\x17\x00\x00[\x9c\x05\x9a\
\x90t\x00\x00B\xee\x05\x9c}.\x00\x00\x84y\x05\xa6\
\xecX\x00\x00+\xca\x05\xaa\x8b\xc3\x00\x00X'\x05\xac\
\xdcQ\x00\x00\x046\x05\xb4\x98\xde\x00\x00\x1fp\x05\xbd\
\xf7S\x00\x00-\xe3\x05\xc6\xa8\xa5\x00\x00D\xad\x05\xd4\
\x8fX\x00\x00)\xb7\x05\xd6\x03\xff\x00\x000\xbc\x05\xdb\
\xc29\x00\x00\x0fA\x05\xdb\xc29\x00\x00N\x0e\x05\xdb\
\xc29\x00\x00X\xf9\x05\xdd\xf9D\x00\x00\x1b\x8f\x05\xdf\
\xba\xba\x00\x00\x08\x96\x05\xe0Kg\x00\x00'\x06\x05\xe7\
\x0c5\x00\x00b\x07\x06\x09\xcd\xf4\x00\x00n\xd1\x06#\
\xc0[\x00\x004\xcc\x06,\xce\xa9\x00\x00\x1e\xb9\x06.\
!\xe5\x00\x005\x5c\x06.\x8e)\x00\x00k\xc2\x06C\
\x1f\x15\x00\x00\x96\x99\x06QV\xe9\x00\x00\x93\xdd\x06e\
2`\x00\x004p\x06e\xa0.\x00\x00H:\x06\x80\
\xab\x84\x00\x00\x1b\xc4\x06\x816D\x00\x00\x97\xa2\x06\x95\
x>\x00\x00_\xd5\x06\xa2\x1a]\x00\x00zT\x06\xa8\
\xa9\xaa\x00\x00\x9f\x06\x06\xacWc\x00\x00-\xb1\x06\xae\
\xa4>\x00\x00\x81\xa6\x06\xb0\xbe\xae\x00\x00\x02F\x06\xb0\
\xbe\xae\x00\x00\x9bx\x06\xb5\x04\x22\x00\x00.$\x06\xb8\
\x91\xde\x00\x00\x22\x8a\x06\xbb]a\x00\x00o\x80\x06\xc4\
y%\x00\x00+\x01\x06\xc9\xb1\x80\x00\x001\xc6\x06\xd0\
\xbaQ\x00\x00\x94\xb6\x06\xe3v\xd4\x00\x00*g\x06\xe8\
\xc3G\x00\x00i\xb9\x07\x02\x06\x83\x00\x00\x8f\x92\x07\x05\
\xe4d\x00\x00\x93\x11\x07\x09W\xa2\x00\x00/\xf2\x07\x0c\
HY\x00\x00\x15f\x07\x11\x5c$\x00\x00\x13\xba\x07\x1f\
\x97[\x00\x00\x18K\x074'\x12\x00\x00Eo\x077\
3\xdb\x00\x00\x92\x1a\x07Io~\x00\x00\x93<\x07P\
\xb3\xaa\x00\x00\x1b2\x07Wf\x07\x00\x00\x8b<\x07^\
\xb4t\x00\x00\x93m\x07h\x80$\x00\x00\x11a\x07\x85\
\x93\xd1\x00\x00\x86s\x07\x9a\x96,\x00\x003\xaa\x07\xa9\
\xbc\x84\x00\x00U\x96\x07\xab\x06\x13\x00\x00U\xd3\x07\xab\
\x08\x98\x00\x006\x0e\x07\xab\x1aR\x00\x006\x88\x07\xb4\
5q\x00\x00qk\x07\xb5\xe2\xfb\x00\x00\x09\x99\x07\xb5\
\xe2\xfb\x00\x00\x17\xc1\x07\xb7U\xe4\x00\x00fW\x07\xdf\
\x0e\xf3\x00\x00\x13v\x07\xe3\xfd\x9b\x00\x00R \x07\xe5\
$\xf3\x00\x00\x90\xd8\x08\x03\xeft\x00\x00\x08\xc1\x08\x09\
\x7fd\x00\x00\x089\x08\x0abr\x00\x006\xfe\x08\x0f\
tN\x00\x00\x9c\x17\x08\x18B%\x00\x00\x97\xe7\x087\
\x99\xfd\x00\x00\x8c\x01\x08=\xe1s\x00\x00_f\x08B\
\xf3Q\x00\x00\x90\x92\x08E=\x0e\x00\x00\x00\xaf\x08E\
=\x0e\x00\x00\x8d\x81\x08Fk\xe2\x00\x00\xa0]\x08J\
\x95A\x00\x00h\xb4\x08K\x95\xb4\x00\x00s\xe8\x08N\
\xb2\xf5\x00\x00a\xb4\x08i5\xf4\x00\x00\x9e~\x08i\
\x8d\x8c\x00\x00'0\x08n\xd9n\x00\x00s`\x08u\
`l\x00\x00\x9e\xd4\x08\x81(\x11\x00\x00nA\x08\x89\
)\xf9\x00\x00E:\x08\x96\x1e\x8c\x00\x00c\xdb\x08\x9a\
E\xee\x00\x00.W\x08\xa2\x93\xc7\x00\x00\x88\xb7\x08\xb4\
\xac\x0e\x00\x00f\xa5\x08\xbah\xc3\x00\x00@b\x08\xbd\
\x8c\xc8\x00\x00S(\x08\xbd\x8c\xc8\x00\x00eq\x08\xbd\
\x8c\xc8\x00\x00wV\x08\xc2\xb8\xc5\x00\x00Bb\x08\xc2\
\xb8\xc5\x00\x00\x88=\x08\xc4\x9b\xe2\x00\x00\x96s\x08\xcc\
e\x97\x00\x00w\x82\x08\xce\x01\x9e\x00\x002\x8b\x08\xd6\
t\x12\x00\x00w\xb5\x08\xfd\xd9#\x00\x00D~\x09\x06\
\xb5i\x00\x00\x85.\x09\x0bI\xc9\x00\x00\x193\x09\x16\
(\xb1\x00\x00l\xdb\x09)\xe2\x83\x00\x00d5\x09)\
\xe2\x83\x00\x00v1\x09+`\xfc\x00\x00Z\x19\x090\
\x8f%\x00\x00\x87d\x096vN\x00\x00$|\x09?\
h\x89\x00\x00\x0a\xa1\x09?h\x89\x00\x00Im\x09J\
*\xb9\x00\x00\x03\x07\x09Q\xd8\xce\x00\x00\x80f\x09Z\
\x7f\xad\x00\x00\x843\x09\x5c\xa9e\x00\x00\x00\x00\x09`\
\x06\xb5\x00\x00\x0eE\x09`\x06\xb5\x00\x00L\x86\x09a\
~\xb5\x00\x00e\xf0\x09k\xd7]\x00\x00\x00\xde\x09m\
\xf9T\x00\x00\x19\xcd\x09q\x01\xe0\x00\x00\x9c|\x09\x87\
\xbc\xc5\x00\x00@\xb1\x09\x87\xbc\xc5\x00\x00d\x0c\x09\x87\
\xbc\xc5\x00\x00t\x1e\x09\x88\xbd\xa3\x00\x00`\xe1\x09\x8c\
u\xff\x00\x00\x83\x84\x09\x91\xe0\x92\x00\x000$\x09\x9c\
u\xa3\x00\x00\x15/\x09\xaa\xaa\x89\x00\x00\x82\xd9\x09\xb2\
\xf0\x1e\x00\x001\x94\x09\xc5P\x17\x00\x00O4\x09\xc5\
P\x17\x00\x00W\xf4\x09\xc5P\x17\x00\x00e\x9e\x09\xc5\
P\x17\x00\x00~\x10\x09\xc5\xb8\x8a\x00\x00\x8aB\x09\xd1\
\x8d\xf1\x00\x00o?\x09\xd5\x1e\xb5\x00\x00\x11\x06\x09\xd5\
\x1e\xb5\x00\x00MW\x09\xd5\x1e\xb5\x00\x00XW\x09\xd7\
\xa4d\x00\x00(\xa6\x09\xde\xd1\x8d\x00\x00g8\x09\xeb\
\xbf\xb5\x00\x00B\xbf\x09\xfd]\xb5\x00\x00\x0f\x00\x09\xfd\
]\xb5\x00\x00M\xcd\x09\xfd]\xb5\x00\x00X\x8e\x0a\x10\
d-\x00\x00\x15\xac\x0a\x1ee\xb4\x00\x00T\x8c\x0a!\
\xa6o\x00\x00\x16\x80\x0a\x22\xd2k\x00\x003I\x0a0\
\xab\x94\x00\x00\x1a\x02\x0a<j+\x00\x00\x0e\x05\x0a=\
\x0e\x95\x00\x00;\xa5\x0a?#\x1b\x00\x00\x10\x85\x0a?\
#\x1b\x00\x00\x18\x84\x0a?#\x1b\x00\x00PD\x0a?\
#\x1b\x00\x00}\xbd\x0a?j[\x00\x00\x18\xb7\x0a?\
j[\x00\x00P\xa9\x0a?j[\x00\x00z\xd2\x0aZ\
\xcc\xc5\x00\x002[\x0a_\xbe\x83\x00\x00,\x12\x0aa\
\x13>\x00\x00y\x17\x0ad\xd0\xcd\x00\x00\x05\xb2\x0ad\
\xd0\xcd\x00\x00\x09k\x0ad\xd0\xcd\x00\x00\x10U\x0ad\
\xd0\xcd\x00\x008m\x0ad\xd0\xcd\x00\x009\x01\x0ad\
\xd0\xcd\x00\x00F5\x0ad\xd0\xcd\x00\x00GJ\x0ad\
\xd0\xcd\x00\x00~\xc0\x0ad\xd0\xcd\x00\x00\x90.\x0ae\
\xb9\x1c\x00\x00\x17\x96\x0ah\xf6\xd5\x00\x00,F\x0ai\
A\x82\x00\x00;\xe1\x0am\x82\xfc\x00\x0074\x0at\
g\x19\x00\x00\x10\xbd\x0av\x1d\x99\x00\x00\x1d`\x0av\
Z2\x00\x00>\x09\x0awr\xd7\x00\x00\x07\x0a\x0ay\
_\x07\x00\x00%U\x0a\x84\xfb\xa8\x00\x00'\xa8\x0a\x95\
m\xe4\x00\x00+/\x0a\x96ke\x00\x00\x0d\x85\x0a\x9a\
\xaaZ\x00\x00\x01\xa6\x0a\xa2\xfa7\x00\x00\x9f\xd4\x0a\xa7\
\xd1>\x00\x009\xae\x0a\xadgY\x00\x00w\xeb\x0a\xb6\
v\xe4\x00\x00\x9c\xa8\x0a\xb9\x9c\xf3\x00\x00#z\x0a\xb9\
\x9c\xf3\x00\x00S\xcb\x0a\xb9\x9c\xf3\x00\x00\x84\xcc\x0a\xbe\
 J\x00\x00\x07\xdf\x0a\xd0_d\x00\x00\x84\xf7\x0a\xd2\
\xc0\xe5\x00\x00*\x02\x0a\xd8\xc4\x11\x00\x00l\x96\x0a\xdb\
\x09\xe4\x00\x00\x95\xf6\x0a\xe1\xb0\x85\x00\x00\x8d\xfb\x0a\xe7\
\x93\x14\x00\x00df\x0a\xe8\xd6\x1e\x00\x00\x82z\x0a\xeb\
f\x09\x00\x00;,\x0a\xffe\xee\x00\x00\x81]\x0b\x03\
\xc6\x94\x00\x00\x0e\xc8\x0b\x03\xc6\x94\x00\x00M\x95\x0b\x09\
yE\x00\x00*\xa2\x0b\x09ye\x00\x00|\xe5\x0b\x09\
\xa6\xc4\x00\x00=\x01\x0b%\xf5\x11\x00\x00\x05 \x0b0\
8\xf9\x00\x00\x13\x00\x0b6\x01k\x00\x00QR\x0b6\
\x08+\x00\x00Q\x0d\x0bHB\xd9\x00\x00\x0a\x1c\x0bH\
B\xd9\x00\x00H\xe8\x0b`\xb6\xd5\x00\x006\xca\x0bc\
\xe2\x94\x00\x00iD\x0bd\xdd\xbd\x00\x00\x1a7\x0b\x88\
3H\x00\x00)0\x0b\x8f\xdd\xb2\x00\x005\xb8\x0b\x91\
\x1f\xcc\x00\x00\x12\x8d\x0b\x92\x14 \x00\x00'k\x0b\x99\
7\x8e\x00\x00r\xb7\x0b\x9e\x96Y\x00\x00c\x08\x0b\xab\
\x94\x0e\x00\x00ty\x0b\xb7p\xde\x00\x00\x1e%\x0b\xbd\
\xf2c\x00\x00\x86\xf9\x0b\xc0\x05\xe4\x00\x00\x84\x05\x0b\xc2\
\x05\xe4\x00\x003|\x0b\xc5\x09q\x00\x00\x04\xeb\x0b\xcb\
\x00\xae\x00\x00\x22@\x0b\xdb\x22C\x00\x00\x8b\xb0\x0b\xe3\
\xea\x81\x00\x00\x88j\x0b\xee\x00\xe4\x00\x00=\xb8\x0c\x01\
\x9e\xd1\x00\x00\x99\x8f\x0c\x04\xa05\x00\x00B\x8e\x0c\x05\
\x83\x83\x00\x00\x14\xfb\x0c\x05\x83\x83\x00\x00?\x0f\x0c\x05\
\x83\x83\x00\x00w\x01\x0c\x10\xbf.\x00\x00\x7f\xdc\x0c\x13\
\xf8\xce\x00\x00\x09\xcd\x0c\x15*\xee\x00\x00h6\x0c!\
\x99\xcb\x00\x00\x91M\x0c*$W\x00\x0088\x0c*\
$W\x00\x00N\x9f\x0c*$W\x00\x00t\xb4\x0c*\
$W\x00\x00}<\x0cB\x17\xa3\x00\x00up\x0cC\
\xbb\xe2\x00\x00\x8a\x10\x0cG\x92\xf4\x00\x00V\xc9\x0cG\
\x92\xf4\x00\x00{R\x0cJfY\x00\x004\x0b\x0cR\
V\x8e\x00\x00X\xc8\x0cV\x8c\xe5\x00\x005\xe3\x0cV\
\xb7\xad\x00\x00\x17\xf2\x0cX\x09e\x00\x00\x9a\xe7\x0cZ\
\xcf\x1d\x00\x00\x14I\x0c^T\xf9\x00\x00\x10\x01\x0co\
\x11\x8b\x00\x00\x04\xb9\x0cu\x02\xbe\x00\x00G\xa9\x0cu\
K\x99\x00\x00u<\x0cz\xc3\x9e\x00\x00\x12I\x0cz\
\xdb7\x00\x00\x97C\x0c{\x85\x9f\x00\x00%\x8e\x0c\x80\
\x8a\x83\x00\x00!i\x0c\x84\xfes\x00\x00\x9d<\x0c\x88\
\xfa>\x00\x00\x99$\x0c\x90\xd8\xbc\x00\x00\x8eo\x0c\x92\
\xbc\xa1\x00\x00m\x8d\x0c\x97\x12\xac\x00\x00c\xaa\x0c\x9a\
\x01\xda\x00\x00&\xad\x0c\xa1\xa9\x84\x00\x00/\xc0\x0c\xa3\
\x80I\x00\x00E\x03\x0c\xa4\x91\xb5\x00\x00-p\x0c\xa8\
h\x87\x00\x00cC\x0c\xa9_$\x00\x008\x98\x0c\xbb\
\x01s\x00\x00C\x17\x0c\xbb\x01s\x00\x00b\xdd\x0c\xc9\
\xa0\x0e\x00\x00c\x80\x0c\xce\x0f\x1f\x00\x00 \x00\x0c\xdf\
\x8d\xc8\x00\x00\x07Q\x0c\xee\xd9[\x00\x00Q\xdb\x0c\xf6\
\x5c\xfe\x00\x00W]\x0d\x04,\xaf\x00\x002\xec\x0d\x05\
Rs\x00\x00\x11\x94\x0d\x18\x90\xf2\x00\x00</\x0d\x1f\
N\x94\x00\x00SW\x0d1\x07\xc5\x00\x00\xa0\x01\x0d4\
\xb3\xee\x00\x007f\x0dGc\xb4\x00\x00tF\x0dL\
\xdb\xf1\x00\x00\x9c\xcd\x0dU\x94\xe2\x00\x00/_\x0dZ\
\xca\xe7\x00\x000Z\x0d\x5c\xa9\x15\x00\x00(\xe8\x0d\x5c\
\xec2\x00\x000\x8b\x0d_\xd6C\x00\x00*\xd1\x0d\x89\
P\x17\x00\x00&\xdb\x0d\x89P\x17\x00\x00:\xf9\x0d\x93\
x%\x00\x00\x01\xdc\x0d\xa1\xc7\xc9\x00\x00va\x0d\xac\
z\xf3\x00\x00\x12\x06\x0d\xb0\x8e\xd4\x00\x00^S\x0d\xc5\
\x9e\xbe\x00\x00]w\x0d\xd3\x034\x00\x00\x91\xc8\x0d\xd5\
\xf0#\x00\x00H~\x0d\xd8\xc9)\x00\x00\x8c\xc0\x0d\xfc\
\x13'\x00\x000\xec\x0e\x0dDn\x00\x00\x1cm\x0e\x11\
\x9a\xe6\x00\x00\x8e\xa0\x0e\x12\x05s\x00\x00\x98\xc9\x0e!\
}d\x00\x00|v\x0e/\xa2t\x00\x00\x12\xbc\x0e1\
\xac*\x00\x00\x89l\x0e;\xcd\x81\x00\x00\x967\x0eD\
\xcd+\x00\x00K\xcc\x0eF\xc4\xc3\x00\x00+h\x0eb\
\xa1\xae\x00\x00\x92\x8d\x0ee@\x89\x00\x00\x85\x7f\x0eg\
\x84\xbb\x00\x001\x1f\x0er\xa2\x0e\x00\x00 |\x0e\xaf\
o\xc3\x00\x00{|\x0e\xb17\x93\x00\x00S\x91\x0e\xbf\
\xdf:\x00\x00\x08\x0d\x0e\xcb%\xa2\x00\x00@\xdf\x0e\xd3\
\x02\xed\x00\x00g\xb2\x0e\xe1~\xa3\x00\x00\x0e\x84\x0e\xe1\
~\xa3\x00\x00L\xc5\x0e\xe8\x9b\xb2\x00\x00\x98\x9a\x0e\xf3\
\x11C\x00\x00\x8dT\x0f\x03\xb7\xa1\x00\x00\x87\xd7\x0f\x07\
gi\x00\x00S\xfa\x0f\x0e\x89.\x00\x00F\xfb\x0f\x19\
\x22<\x00\x00\x0b\xfc\x0f\x19\x22<\x00\x00JD\x0f \
s\xf1\x00\x00\x03\xe1\x0f!o\xdd\x00\x00\x02w\x0f'\
\xf1\xfb\x00\x00\x03\xb9\x0f'\xf1\xfb\x00\x00D\xda\x0f3\
\x9a\x85\x00\x00\x80\x1e\x0f9@\xe8\x00\x00\x04\x0e\x0fL\
\xa1\xb3\x00\x00\x1d\x97\x0fW\xb8i\x00\x00U\x01\x0fX\
\x1aC\x00\x00\x9a<\x0fn1U\x00\x00Z\x8a\x0f\x85\
\xef\xbe\x00\x00#\xed\x0f\x8a3\xb5\x00\x00_\x99\x0f\x93\
gi\x00\x00TC\x0f\x96\xf2!\x00\x00A\xea\x0f\x98\
N\xf4\x00\x00~9\x0f\x99+e\x00\x00\x8f\x0e\x0f\x9e\
H$\x00\x00\x8cw\x0f\xa13H\x00\x00)\x88\x0f\xad\
N]\x00\x00\x8d\xcb\x0f\xc0w!\x00\x00\x04z\x0f\xc9\
X\x97\x00\x00?\xdd\x0f\xc9X\x97\x00\x00x+\x0f\xcc\
\xa8\xc4\x00\x00\x18\xea\x0f\xd4\x9eI\x00\x00\x80\xa0\x0f\xd5\
U\xb3\x00\x00f \x0f\xef/\xd4\x00\x00T\xc7\x0f\xf4\
\xee^\x00\x00(s\x0f\xf5]#\x00\x00\x91~i\x00\
\x00\xa0\x8c\x03\x00\x00\x00\x08rHg,f\xf4e\xb0\
\x08\x00\x00\x00\x00\x06\x00\x00\x00\x0eVersio\
n Update\x07\x00\x00\x00\x08@de\
fault\x01\x03\x00\x00\x00.\x00{\x00k\x00\
e\x00y\x00}\x00 \x90\x19z.c\x09\x93uf\
/q!eHv\x84\xff\x0c\x8a\xcbj\xa2g\xe5q\
\xb1\x93u\x8a-[\x9a\xff\x01\x08\x00\x00\x00\x00\x06\x00\
\x00\x001{key} is inva\
lid, please chec\
k the hotkey con\
fig!\x07\x00\x00\x00\x08@defaul\
t\x01\x03\x00\x00\x00\x06n,\x8afrH\x08\x00\x00\
\x00\x00\x06\x00\x00\x00\x0cBeta Vers\
ion\x07\x00\x00\x00\x08AboutTab\
\x01\x03\x00\x00\x00F\x96M}\x1ab\x10R\x9f\x00 \
\x00{\x00f\x00r\x00o\x00m\x00_\x00v\x00e\
\x00r\x00s\x00i\x00o\x00n\x00}\x00 \x00-\
\x00>\x00 \x00{\x00t\x00o\x00_\x00v\x00e\
\x00r\x00s\x00i\x00o\x00n\x00}\x08\x00\x00\x00\
\x00\x06\x00\x00\x000Downgrade \
success {from_ve\
rsion} -> {to_ve\
rsion}\x07\x00\x00\x00\x08About\
Tab\x01\x03\x00\x00\x00\x0aN\x0b\x8f\x09\x95\x8bv\
|rH\x08\x00\x00\x00\x00\x06\x00\x00\x00\x0eDow\
nload Debug\x07\x00\x00\x00\x08\
AboutTab\x01\x03\x00\x00\x00\x0aN\x0b\
\x8f\x09\x93/\x8a\xa4\xff\x1a\x08\x00\x00\x00\x00\x06\x00\x00\
\x00\x0fDownload Error\
:\x07\x00\x00\x00\x08AboutTab\x01\x03\
\x00\x00\x00\x0aN\x0b\x8f\x09kc_\x0frH\x08\x00\
\x00\x00\x00\x06\x00\x00\x00\x10Download\
 Release\x07\x00\x00\x00\x08Abo\
utTab\x01\x03\x00\x00\x00\x08v\xf8\x95\xdc\x98\
\x05v\xee\x08\x00\x00\x00\x00\x06\x00\x00\x00\x0eOth\
er Projects\x07\x00\x00\x00\x08\
AboutTab\x01\x03\x00\x00\x00\x06kc\
_\x0frH\x08\x00\x00\x00\x00\x06\x00\x00\x00\x0eSt\
able Version\x07\x00\x00\x00\
\x08AboutTab\x01\x03\x00\x00\x00Ff\
\xf4e\xb0b\x10R\x9f\x00 \x00{\x00f\x00r\x00\
o\x00m\x00_\x00v\x00e\x00r\x00s\x00i\x00\
o\x00n\x00}\x00 \x00-\x00>\x00 \x00{\x00\
t\x00o\x00_\x00v\x00e\x00r\x00s\x00i\x00\
o\x00n\x00}\x08\x00\x00\x00\x00\x06\x00\x00\x00-U\
pdate success {f\
rom_version} -> \
{to_version}\x07\x00\x00\x00\
\x08AboutTab\x01\x03\x00\x00\x00H`\
\xa8v\x84\x90Jb2}\xe8\x86_\xff\x0cY\x82\x00\
 \x001\x000\x002\x006\x003\x000\x006\x00\
1\x002\x003\x004\x005\xff\x0c\x5c\x07g\x03}\
\x81[\x9akd^3\x86_O\x7fu(N\x14q\
!l\xd5f\xf4e9\x08\x00\x00\x00\x00\x06\x00\x00\x00\
L\xe4\xbd\xa0\xe7\x9a\x84\xe6\xb8\xb8\xe6\x88\x8f\xe7\xbc\x96\
\xe5\x8f\xb7, \xe5\xa6\x8210263061\
2345, \xe5\xb0\x86\xe4\xbc\x9a\xe7\xbb\x91\xe5\
\xae\x9a\xe6\xad\xa4\xe8\xb4\xa6\xe5\x8f\xb7\xe4\xbd\xbf\xe7\x94\
\xa8\xe6\x97\xa0\xe6\xb3\x95\xe6\x9b\xb4\xe6\x94\xb9\x07\x00\x00\
\x00\x09ActWindow\x01\x03\x00\x00\x00\
\x04U_u(\x08\x00\x00\x00\x00\x06\x00\x00\x00\x06\xe6\
\xbf\x80\xe6\xb4\xbb\x07\x00\x00\x00\x09ActWin\
dow\x01\x03\x00\x00\x00\x06U_u(x\xbc\x08\
\x00\x00\x00\x00\x06\x00\x00\x00\x09\xe6\xbf\x80\xe6\xb4\xbb\xe7\
\xa0\x81\x07\x00\x00\x00\x09ActWindow\
\x01\x03\x00\x00\x00\x04\x8afu(\x08\x00\x00\x00\x00\x06\
\x00\x00\x00\x06\xe8\xaf\x95\xe7\x94\xa8\x07\x00\x00\x00\x09A\
ctWindow\x01\x03\x00\x00\x00\x10\x8a\xcb\
\x8f8Qe\x90Jb2}\xe8\x86_\xff\x01\x08\x00\
\x00\x00\x00\x06\x00\x00\x00\x16\xe8\xaf\xb7\xe8\xbe\x93\xe5\x85\
\xa5\xe6\xb8\xb8\xe6\x88\x8f\xe7\xbc\x96\xe5\x8f\xb7!\x07\x00\
\x00\x00\x09ActWindow\x01\x03\x00\x00\
\x00\x0e\x8a\xcb\x8f8QeU_u(x\xbc\xff\x01\
\x08\x00\x00\x00\x00\x06\x00\x00\x00\x13\xe8\xaf\xb7\xe8\xbe\x93\
\xe5\x85\xa5\xe6\xbf\x80\xe6\xb4\xbb\xe7\xa0\x81!\x07\x00\x00\
\x00\x09ActWindow\x01\x03\x00\x00\x00\
\x08\x8e\xdf\x9a\xd4U_u(\x08\x00\x00\x00\x00\x06\x00\
\x00\x00\x0c\xe8\xbd\xaf\xe4\xbb\xb6\xe6\xbf\x80\xe6\xb4\xbb\x07\
\x00\x00\x00\x09ActWindow\x01\x03\x00\
\x00\x00\x0a\x9aW\x8bIY1eW\xff\x01\x08\x00\x00\
\x00\x00\x06\x00\x00\x00\x0d\xe9\xaa\x8c\xe8\xaf\x81\xe5\xa4\xb1\
\xe8\xb4\xa5!\x07\x00\x00\x00\x09ActWind\
ow\x01\x03\x00\x00\x00\x0a\x9aW\x8bIb\x10R\x9f\
\xff\x01\x08\x00\x00\x00\x00\x06\x00\x00\x00\x0d\xe9\xaa\x8c\xe8\
\xaf\x81\xe6\x88\x90\xe5\x8a\x9f!\x07\x00\x00\x00\x09Ac\
tWindow\x01\x03\x00\x00\x00\x04e\xb0X\
\x9e\x08\x00\x00\x00\x00\x06\x00\x00\x00\x03Add\x07\x00\
\x00\x00\x11AddTextMessag\
eBox\x01\x03\x00\x00\x00\x04S\xd6m\x88\x08\x00\
\x00\x00\x00\x06\x00\x00\x00\x06Cancel\x07\x00\
\x00\x00\x11AddTextMessag\
eBox\x01\x03\x00\x00\x00\x04x\xba\x8a\x8d\x08\x00\
\x00\x00\x00\x06\x00\x00\x00\x07Confirm\x07\
\x00\x00\x00\x11AddTextMessa\
geBox\x01\x03\x00\x00\x00\x1c`\xa8x\xba[\
\x9a\x89\x81R*\x96d\x00 \x00'\x00{\x00}\x00\
'\x00 U\xce\xff\x1f\x08\x00\x00\x00\x00\x06\x00\x00\x00\
%Are you sure yo\
u want to delete\
 '{}'?\x07\x00\x00\x00\x10Annot\
ationCanvas\x01\x03\x00\x00\x00\
\x08x\xba\x8a\x8dR*\x96d\x08\x00\x00\x00\x00\x06\x00\
\x00\x00\x0eConfirm Delet\
e\x07\x00\x00\x00\x10Annotation\
Canvas\x01\x03\x00\x00\x00\x04m\xf1\x82r\
\x08\x00\x00\x00\x00\x06\x00\x00\x00\x04Dark\x07\x00\
\x00\x00\x0fAppConfigWidg\
et\x01\x03\x00\x00\x00\x04m\xfa\x82r\x08\x00\x00\x00\
\x00\x06\x00\x00\x00\x05Light\x07\x00\x00\x00\x0f\
AppConfigWidget\x01\
\x03\x00\x00\x00\x04N;\x98L\x08\x00\x00\x00\x00\x06\x00\
\x00\x00\x05Theme\x07\x00\x00\x00\x0fApp\
ConfigWidget\x01\x03\x00\x00\
\x00\x12]\xf2[XW(e\xbc\x00 \x00'\x00{\
\x00}\x00'\x08\x00\x00\x00\x00\x06\x00\x00\x00\x16Al\
ready exists in \
'{}'\x07\x00\x00\x00\x0aBBoxDia\
log\x01\x03\x00\x00\x00\x06\x90\x8auLhF\x08\
\x00\x00\x00\x00\x06\x00\x00\x00\x0cBoundin\
g Box\x07\x00\x00\x00\x0aBBoxDi\
alog\x01\x03\x00\x00\x00\x04S\xd6m\x88\x08\x00\
\x00\x00\x00\x06\x00\x00\x00\x06Cancel\x07\x00\
\x00\x00\x0aBBoxDialog\x01\x03\x00\
\x00\x00\x08R\x06\x98^T\x0dz1\x08\x00\x00\x00\x00\
\x06\x00\x00\x00\x0dCategory na\
me\x07\x00\x00\x00\x0aBBoxDialo\
g\x01\x03\x00\x00\x00\x06R\x06\x98^\x00:\x08\x00\x00\
\x00\x00\x06\x00\x00\x00\x09Category:\
\x07\x00\x00\x00\x0aBBoxDialog\x01\
\x03\x00\x00\x00\x06\x9a\xd8^\xa6\x00:\x08\x00\x00\x00\x00\
\x06\x00\x00\x00\x07Height:\x07\x00\x00\x00\
\x0aBBoxDialog\x01\x03\x00\x00\x00\
\x0cT\x0dz1N\x0d\x80\xfdp\xbazz\x08\x00\x00\
\x00\x00\x06\x00\x00\x00\x0dName requ\
ired\x07\x00\x00\x00\x0aBBoxDia\
log\x01\x03\x00\x00\x00\x04x\xba[\x9a\x08\x00\x00\
\x00\x00\x06\x00\x00\x00\x02OK\x07\x00\x00\x00\x0aBB\
oxDialog\x01\x03\x00\x00\x00\x06[\xec\
^\xa6\x00:\x08\x00\x00\x00\x00\x06\x00\x00\x00\x06Wi\
dth:\x07\x00\x00\x00\x0aBBoxDia\
log\x01\x03\x00\x00\x00\x14e\xb0X\x9e\x81\xf3\x95\
\x8bY\xcbR\x9f\x80\xfd\x88hcw_\x91\x08\x00\x00\
\x00\x00\x06\x00\x00\x00\x17Add Start\
 Menu Shortcut\x07\x00\
\x00\x00\x0aConfigCard\x01\x03\x00\
\x00\x00\x08\x91\xcd\x8a-\x8a-[\x9a\x08\x00\x00\x00\x00\
\x06\x00\x00\x00\x0cReset Confi\
g\x07\x00\x00\x00\x0aConfigCard\
\x01\x03\x00\x00\x00\x04S\xd6m\x88\x08\x00\x00\x00\x00\x06\
\x00\x00\x00\x06Cancel\x07\x00\x00\x00\x0eC\
opyTaskDialog\x01\x03\x00\
\x00\x00\x04x\xba\x8a\x8d\x08\x00\x00\x00\x00\x06\x00\x00\x00\
\x07Confirm\x07\x00\x00\x00\x0eCop\
yTaskDialog\x01\x03\x00\x00\x00\
\x08\x89\x07\x88\xfdN\xfbR\xd9\x08\x00\x00\x00\x00\x06\x00\
\x00\x00\x09Copy Task\x07\x00\x00\x00\
\x0eCopyTaskDialog\x01\
\x03\x00\x00\x00\x16\x90xd\xc7\x89\x81\x89\x07\x88\xfdv\
\x84N\xfbR\xd9\x00.\x00.\x00.\x08\x00\x00\x00\x00\
\x06\x00\x00\x00\x16Select task\
 to copy...\x07\x00\x00\x00\x0e\
CopyTaskDialog\x01\x03\
\x00\x00\x00\x12\x00(\x000\x00 \x00=\x00 ]\xf2\
y\x81u(\x00)\x08\x00\x00\x00\x00\x06\x00\x00\x00\x0e\
(0 = disabled)\x07\x00\
\x00\x00\x18CreateSchedul\
eTaskDialog\x01\x03\x00\x00\x00\
\x08\x002\x004\x5c\x0ffB\x08\x00\x00\x00\x00\x06\x00\
\x00\x00\x0324h\x07\x00\x00\x00\x18Creat\
eScheduleTaskDia\
log\x01\x03\x00\x00\x00\x1cN\xfbR\xd9[\x8cb\
\x10_\x8c\x81\xeaR\xd5\x90\x00Q\xfa\x00 \x00(\x00\
-\x00e\x00)\x08\x00\x00\x00\x00\x06\x00\x00\x00\x1eA\
uto exit after t\
ask done (-e)\x07\x00\x00\
\x00\x18CreateSchedule\
TaskDialog\x01\x03\x00\x00\x00\x04\
S\xd6m\x88\x08\x00\x00\x00\x00\x06\x00\x00\x00\x06Ca\
ncel\x07\x00\x00\x00\x18CreateS\
cheduleTaskDialo\
g\x01\x03\x00\x00\x00\x04Ru^\xfa\x08\x00\x00\x00\x00\
\x06\x00\x00\x00\x06Create\x07\x00\x00\x00\x18\
CreateScheduleTa\
skDialog\x01\x03\x00\x00\x00\x0cRu\
^\xfa\x8a\x08R\x83N\xfbR\xd9\x08\x00\x00\x00\x00\x06\
\x00\x00\x00\x14Create Sched\
ule Task\x07\x00\x00\x00\x18Cre\
ateScheduleTaskD\
ialog\x01\x03\x00\x00\x00\x06\x81\xea[\x9a\x7f\
\xa9\x08\x00\x00\x00\x00\x06\x00\x00\x00\x06Custo\
m\x07\x00\x00\x00\x18CreateSche\
duleTaskDialog\x01\x03\
\x00\x00\x00\x0a\x81\xea[\x9a\x7f\xa9\x95\x93\x96\x94\x08\x00\
\x00\x00\x00\x06\x00\x00\x00\x0fCustom I\
nterval\x07\x00\x00\x00\x18Crea\
teScheduleTaskDi\
alog\x01\x03\x00\x00\x00\x04k\xcfY)\x08\x00\
\x00\x00\x00\x06\x00\x00\x00\x05Daily\x07\x00\x00\
\x00\x18CreateSchedule\
TaskDialog\x01\x03\x00\x00\x00\x02\
Y)\x08\x00\x00\x00\x00\x06\x00\x00\x00\x04Days\
\x07\x00\x00\x00\x18CreateSched\
uleTaskDialog\x01\x03\x00\
\x00\x00\x04\x5c\x0ffB\x08\x00\x00\x00\x00\x06\x00\x00\x00\
\x04Hour\x07\x00\x00\x00\x18Create\
ScheduleTaskDial\
og\x01\x03\x00\x00\x00\x04\x5c\x0ffB\x08\x00\x00\x00\
\x00\x06\x00\x00\x00\x05Hours\x07\x00\x00\x00\x18\
CreateScheduleTa\
skDialog\x01\x03\x00\x00\x00\x04R\x06\
\x94\x18\x08\x00\x00\x00\x00\x06\x00\x00\x00\x06Minu\
te\x07\x00\x00\x00\x18CreateSch\
eduleTaskDialog\x01\
\x03\x00\x00\x00\x04k\xcfg\x08\x08\x00\x00\x00\x00\x06\x00\
\x00\x00\x07Monthly\x07\x00\x00\x00\x18C\
reateScheduleTas\
kDialog\x01\x03\x00\x00\x00\x0cl\x92g\
\x09S\xefu(N\xfbR\xd9\x08\x00\x00\x00\x00\x06\x00\
\x00\x00\x12No tasks avai\
lable\x07\x00\x00\x00\x18Create\
ScheduleTaskDial\
og\x01\x03\x00\x00\x00\x04N\x00k!\x08\x00\x00\x00\
\x00\x06\x00\x00\x00\x04Once\x07\x00\x00\x00\x18C\
reateScheduleTas\
kDialog\x01\x03\x00\x00\x00\x08\x90xd\
\xc7N\xfbR\xd9\x08\x00\x00\x00\x00\x06\x00\x00\x00\x0bS\
elect Task\x07\x00\x00\x00\x18C\
reateScheduleTas\
kDialog\x01\x03\x00\x00\x00\x08\x95\x8bY\
\xcbfB\x95\x93\x08\x00\x00\x00\x00\x06\x00\x00\x00\x0aS\
tart Time\x07\x00\x00\x00\x18Cr\
eateScheduleTask\
Dialog\x01\x03\x00\x00\x00\x08U_R\xd5\
\x90x\x98\x05\x08\x00\x00\x00\x00\x06\x00\x00\x00\x0fSt\
artup Options\x07\x00\x00\
\x00\x18CreateSchedule\
TaskDialog\x01\x03\x00\x00\x00\x04\
\x8d\x85fB\x08\x00\x00\x00\x00\x06\x00\x00\x00\x07Ti\
meout\x07\x00\x00\x00\x18Create\
ScheduleTaskDial\
og\x01\x03\x00\x00\x00\x08\x89\xf8v|\x98^W\x8b\
\x08\x00\x00\x00\x00\x06\x00\x00\x00\x0cTrigge\
r Type\x07\x00\x00\x00\x18Creat\
eScheduleTaskDia\
log\x01\x03\x00\x00\x00\x04k\xcfTh\x08\x00\x00\
\x00\x00\x06\x00\x00\x00\x06Weekly\x07\x00\x00\
\x00\x18CreateSchedule\
TaskDialog\x01\x03\x00\x00\x00\x18\
\x5c\x0ffB\x00 \x00(\x000\x00 \x00=\x00 \
q!\x96PR6\x00)\x08\x00\x00\x00\x00\x06\x00\x00\
\x00\x15hours (0 = unl\
imited)\x07\x00\x00\x00\x18Crea\
teScheduleTaskDi\
alog\x01\x03\x00\x00\x00\x04S\xd6m\x88\x08\x00\
\x00\x00\x00\x06\x00\x00\x00\x06Cancel\x07\x00\
\x00\x00\x10CreateTaskDia\
log\x01\x03\x00\x00\x00\x16\x98^R%T\x0dz\
1\x00 \x00(P\xc5\x96P\x82\xf1e\x87\x00)\x08\
\x00\x00\x00\x00\x06\x00\x00\x00\x19Class N\
ame (English onl\
y)\x07\x00\x00\x00\x10CreateTas\
kDialog\x01\x03\x00\x00\x00\x04x\xba\x8a\
\x8d\x08\x00\x00\x00\x00\x06\x00\x00\x00\x07Confi\
rm\x07\x00\x00\x00\x10CreateTas\
kDialog\x01\x03\x00\x00\x00\x08^\xfaz\
\xcbN\xfbR\xd9\x08\x00\x00\x00\x00\x06\x00\x00\x00\x0bC\
reate Task\x07\x00\x00\x00\x10C\
reateTaskDialog\x01\
\x03\x00\x00\x00\x0ec\xcf\x8f\xf0\x00 \x00(\x90xX\
k\x00)\x08\x00\x00\x00\x00\x06\x00\x00\x00\x16Des\
cription (Option\
al)\x07\x00\x00\x00\x10CreateTa\
skDialog\x01\x03\x00\x00\x00\x08N\xfb\
R\xd9T\x0dz1\x08\x00\x00\x00\x00\x06\x00\x00\x00\x09\
Task Name\x07\x00\x00\x00\x10Cr\
eateTaskDialog\x01\x03\
\x00\x00\x00\x04T|S\xeb\x08\x00\x00\x00\x00\x06\x00\x00\
\x00\x04Call\x07\x00\x00\x00\x08Debug\
Tab\x01\x03\x00\x00\x00\x04b*W\x16\x08\x00\x00\
\x00\x00\x06\x00\x00\x00\x12Capture S\
creenshot\x07\x00\x00\x00\x08De\
bugTab\x01\x03\x00\x00\x00\x08b*W\x16\
b\x10R\x9f\x08\x00\x00\x00\x00\x06\x00\x00\x00\x0fCa\
pture Success\x07\x00\x00\
\x00\x08DebugTab\x01\x03\x00\x00\x00\x0c\
b*W\x16P\xb3V\xdezzP<\x08\x00\x00\x00\
\x00\x06\x00\x00\x00\x15Capture re\
turned None\x07\x00\x00\x00\x08\
DebugTab\x01\x03\x00\x00\x00\x14}\xe8\
\x8bo\x00 \x00i\x001\x008\x00n\x00 j\x94\
hH\x08\x00\x00\x00\x00\x06\x00\x00\x00\x12Conv\
ert i18n files\x07\x00\
\x00\x00\x08DebugTab\x01\x03\x00\x00\x00\
\x14T|S\xeb\x00 \x00T\x00a\x00s\x00k\x00\
 e\xb9l\xd5\x08\x00\x00\x00\x00\x06\x00\x00\x00\x13D\
ebug Task Functi\
on\x07\x00\x00\x00\x08DebugTab\x01\
\x03\x00\x00\x00\x08\x96d\x93/]\xe5Qw\x08\x00\x00\
\x00\x00\x06\x00\x00\x00\x0aDebug Too\
l\x07\x00\x00\x00\x08DebugTab\x01\x03\
\x00\x00\x00\x0eb\xd6f\xf3b\x16\x90xS\xd6b*\
W\x16\x08\x00\x00\x00\x00\x06\x00\x00\x00\x19Drop\
 or Select Scree\
nshot\x07\x00\x00\x00\x08DebugT\
ab\x01\x03\x00\x00\x00:\x00D\x00u\x00m\x00p\
\x00 \x00T\x00h\x00r\x00e\x00a\x00d\x00s\
\x00 \x00(_\xebcw\x93u\xff\x1a\x00C\x00t\
\x00r\x00l\x00+\x00A\x00l\x00t\x00+\x00D\
\x00)\x08\x00\x00\x00\x00\x06\x00\x00\x00\x1fDump\
 Threads(HotKey:\
Ctrl+Alt+D)\x07\x00\x00\x00\x08\
DebugTab\x01\x03\x00\x00\x00\x14u\x22\
u\x1f\x00 \x00i\x001\x008\x00n\x00 j\x94\
hH\x08\x00\x00\x00\x00\x06\x00\x00\x00\x13Gene\
rate i18n files\x07\
\x00\x00\x00\x08DebugTab\x01\x03\x00\x00\
\x00\x16b*W\x16e\xb9_\x0fN\x0dS\xefu(\
b\x16g*\x90xS\xd6\x08\x00\x00\x00\x00\x06\x00\x00\
\x00 No Capture Ava\
ilable or Select\
ed\x07\x00\x00\x00\x08DebugTab\x01\
\x03\x00\x00\x00\x0eg*\x8a-[\x9a\x00 \x00O\x00\
C\x00R\x08\x00\x00\x00\x00\x06\x00\x00\x00\x11No \
OCR configured\x07\x00\
\x00\x00\x08DebugTab\x01\x03\x00\x00\x00\
(l\x92g\x09\x8ar\x5cl`'b\x16e\xb9l\
\xd5\xff\x1a\x00{\x00f\x00u\x00n\x00c\x00_\x00\
n\x00a\x00m\x00e\x00}\x08\x00\x00\x00\x00\x06\x00\
\x00\x00\x19No such attr:\
 {func_name}\x07\x00\x00\x00\
\x08DebugTab\x01\x03\x00\x00\x00\x22\x00\
O\x00C\x00R\x00 T|S\xebb\x10R\x9f\xff\
\x1a\x00{\x00r\x00e\x00s\x00u\x00l\x00t\x00\
}\x08\x00\x00\x00\x00\x06\x00\x00\x00\x15OCR s\
uccess: {result}\
\x07\x00\x00\x00\x08DebugTab\x01\x03\x00\
\x00\x00\x0e\x95\x8bU_e\xe5\x8a\x8c\x8c\xc7e\x99Y\
>\x08\x00\x00\x00\x00\x06\x00\x00\x00\x09Open \
Logs\x07\x00\x00\x00\x08DebugTa\
b\x01\x03\x00\x00\x00\x08\x90xS\xd6b*W\x16\x08\
\x00\x00\x00\x00\x06\x00\x00\x00\x12Select \
Screenshots\x07\x00\x00\x00\x08\
DebugTab\x01\x03\x00\x00\x00\x0e\x8f8\
Qee\xb9l\xd5b\x16\x5cl`'\x08\x00\x00\x00\
\x00\x06\x00\x00\x00\x1bType a fun\
ction or propert\
y\x07\x00\x00\x00\x08DebugTab\x01\x03\
\x00\x00\x00,T|S\xebb\x10R\x9f\x00 \x00s\
\x00u\x00c\x00c\x00e\x00s\x00s\x00:\x00 \
\x00{\x00r\x00e\x00s\x00u\x00l\x00t\x00}\
\x08\x00\x00\x00\x00\x06\x00\x00\x00\x16call s\
uccess: {result}\
\x07\x00\x00\x00\x08DebugTab\x01\x03\x00\
\x00\x00\x1a]\xf2\x90xS\xd6\x00 \x00{\x00n\x00\
u\x00m\x00}\x00 _5W\x16rG\x08\x00\x00\
\x00\x00\x06\x00\x00\x00\x15{num} ima\
ges selected\x07\x00\x00\x00\
\x08DebugTab\x01\x03\x00\x00\x00\x06\x00\
A\x00D\x00B\x08\x00\x00\x00\x00\x06\x00\x00\x00\x03A\
DB\x07\x00\x00\x00\x0bEditTaskT\
ab\x01\x03\x00\x00\x00\x16x\xba[\x9a\x89\x81R*\
\x96d\x00 \x00{\x00}\x00 U\xce\xff\x1f\x08\x00\
\x00\x00\x00\x06\x00\x00\x00#Are you \
sure you want to\
 delete {}?\x07\x00\x00\x00\x0b\
EditTaskTab\x01\x03\x00\x00\x00\
\x04S@W\xdf\x08\x00\x00\x00\x00\x06\x00\x00\x00\x03B\
ox\x07\x00\x00\x00\x0bEditTaskT\
ab\x01\x03\x00\x00\x00\x04S\xd6m\x88\x08\x00\x00\x00\
\x00\x06\x00\x00\x00\x06Cancel\x07\x00\x00\x00\
\x0bEditTaskTab\x01\x03\x00\x00\
\x00\x0a\x90xd\xc7N\xfbR\xd9\x00:\x08\x00\x00\x00\
\x00\x06\x00\x00\x00\x0cChoose Tas\
k:\x07\x00\x00\x00\x0bEditTaskT\
ab\x01\x03\x00\x00\x00\x08x\xba\x8a\x8dR*\x96d\
\x08\x00\x00\x00\x00\x06\x00\x00\x00\x0eConfir\
m Delete\x07\x00\x00\x00\x0bEdi\
tTaskTab\x01\x03\x00\x00\x00\x04c\xa7\
R6\x08\x00\x00\x00\x00\x06\x00\x00\x00\x07Cont\
rol\x07\x00\x00\x00\x0bEditTask\
Tab\x01\x03\x00\x00\x00\x08\x89\x07\x88\xfdN\xfbR\
\xd9\x08\x00\x00\x00\x00\x06\x00\x00\x00\x09Copy \
Task\x07\x00\x00\x00\x0bEditTas\
kTab\x01\x03\x00\x00\x00\x18b~N\x0dR0\
\x00 \x00{\x00}\x00 v\x84S\x9fY\xcbj\x94\
hH\x08\x00\x00\x00\x00\x06\x00\x00\x00!Coul\
d not find sourc\
e file for {}\x07\x00\x00\
\x00\x0bEditTaskTab\x01\x03\x00\
\x00\x00\x0a^\xfaz\xcbe\xb0N\xfbR\xd9\x08\x00\x00\
\x00\x00\x06\x00\x00\x00\x0fCreate Ne\
w Task\x07\x00\x00\x00\x0bEditT\
askTab\x01\x03\x00\x00\x00\x08^\xfaz\xcb\
N\xfbR\xd9\x08\x00\x00\x00\x00\x06\x00\x00\x00\x0bCr\
eate Task\x07\x00\x00\x00\x0bEd\
itTaskTab\x01\x03\x00\x00\x00\x08R\
*\x96dN\xfbR\xd9\x08\x00\x00\x00\x00\x06\x00\x00\x00\
\x0bDelete Task\x07\x00\x00\x00\
\x0bEditTaskTab\x01\x03\x00\x00\
\x00\x0e\x81sg,v\x84\x98oy:T\x0dz1\
\x08\x00\x00\x00\x00\x06\x00\x00\x00\x1bDispla\
y name for the s\
cript\x07\x00\x00\x00\x0bEditTa\
skTab\x01\x03\x00\x00\x00\x22P\xc5\x96P\x82\
\xf1e\x870\x01ex[WT\x8cg\x09eHv\
\x84j\x94hHT\x0dz1[WQC\x08\x00\x00\
\x00\x00\x06\x00\x00\x00.English, \
numbers and vali\
d filename chars\
 only\x07\x00\x00\x00\x0bEditTa\
skTab\x01\x03\x00\x00\x00\x04S/Q\xfa\x08\
\x00\x00\x00\x00\x06\x00\x00\x00\x06Export\x07\
\x00\x00\x00\x0bEditTaskTab\x01\
\x03\x00\x00\x00\x08S/Q\xfa\x81sg,\x08\x00\x00\
\x00\x00\x06\x00\x00\x00\x0dExport Sc\
ript\x07\x00\x00\x00\x0bEditTas\
kTab\x01\x03\x00\x00\x00\x08S/Q\xfaY1\
eW\x08\x00\x00\x00\x00\x06\x00\x00\x00\x0dExpo\
rt failed\x07\x00\x00\x00\x0bEd\
itTaskTab\x01\x03\x00\x00\x00\x18\x8b\
\x80S\xd6S\x9fY\xcbj\x94hHY1eW\x00\
:\x00 \x00{\x00}\x08\x00\x00\x00\x00\x06\x00\x00\x00\
\x1eFailed to read \
source file: {}\x07\
\x00\x00\x00\x0bEditTaskTab\x01\
\x03\x00\x00\x00\x08Q2[XY1eW\x08\x00\x00\
\x00\x00\x06\x00\x00\x00\x0eFailed to\
 save\x07\x00\x00\x00\x0bEditTa\
skTab\x01\x03\x00\x00\x00\x04j\x94hH\x08\
\x00\x00\x00\x00\x06\x00\x00\x00\x04File\x07\x00\x00\
\x00\x0bEditTaskTab\x01\x03\x00\
\x00\x00\x10j\x94hH]\xf2\x88\xabY\x16\x90\xe8O\
\xeee9\x08\x00\x00\x00\x00\x06\x00\x00\x00\x17Fil\
e Changed Extern\
ally\x07\x00\x00\x00\x0bEditTas\
kTab\x01\x03\x00\x00\x00\x0aj\x94hHT\x0d\
z1\xff\x1a\x08\x00\x00\x00\x00\x06\x00\x00\x00\x0aFi\
le Name:\x07\x00\x00\x00\x0bEdi\
tTaskTab\x01\x03\x00\x00\x00\x04c\x07\
SW\x08\x00\x00\x00\x00\x06\x00\x00\x00\x05Guid\
e\x07\x00\x00\x00\x0bEditTaskTa\
b\x01\x03\x00\x00\x00\x08S/Qe\x81sg,\x08\
\x00\x00\x00\x00\x06\x00\x00\x00\x0dImport \
Script\x07\x00\x00\x00\x0bEditT\
askTab\x01\x03\x00\x00\x00\x08S/Qe\
Y1eW\x08\x00\x00\x00\x00\x06\x00\x00\x00\x0dIm\
port failed\x07\x00\x00\x00\x0b\
EditTaskTab\x01\x03\x00\x00\x00\
 \x98^R%T\x0dz1q!eH0\x02S\
\xea\x80\xfdO\x7fu(\x82\xf1e\x87[WQC0\
\x02\x08\x00\x00\x00\x00\x06\x00\x00\x004Inval\
id Class Name. M\
ust be English c\
haracters only.\x07\
\x00\x00\x00\x0bEditTaskTab\x01\
\x03\x00\x00\x006q!eHv\x84j\x94hHT\
\x0dz10\x02S\xea\x80\xfdO\x7fu(\x82\xf1e\
\x87[Wk\xcd0\x01ex[W0\x01^\x95}\
\xdaT\x8c\x90#[W\x86_0\x02\x08\x00\x00\x00\x00\
\x06\x00\x00\x00KInvalid fil\
e name. Use Engl\
ish letters, num\
bers, underscore\
s, hyphens only.\
\x07\x00\x00\x00\x0bEditTaskTab\
\x01\x03\x00\x00\x00\x04c\x09\x93u\x08\x00\x00\x00\x00\x06\
\x00\x00\x00\x03Key\x07\x00\x00\x00\x0bEdit\
TaskTab\x01\x03\x00\x00\x00\x04e\xe5\x8a\
\x8c\x08\x00\x00\x00\x00\x06\x00\x00\x00\x07Loggi\
ng\x07\x00\x00\x00\x0bEditTaskT\
ab\x01\x03\x00\x00\x00\x08q!\x96P_\xaat\xb0\
\x08\x00\x00\x00\x00\x06\x00\x00\x00\x0fLoop i\
nfinitely\x07\x00\x00\x00\x0bEd\
itTaskTab\x01\x03\x00\x00\x00\x0c_\
\xaat\xb0c\x07[\x9ak!ex\x08\x00\x00\x00\x00\
\x06\x00\x00\x00\x0cLoop x time\
s\x07\x00\x00\x00\x0bEditTaskTa\
b\x01\x03\x00\x00\x00\x04n\xd1\x9f \x08\x00\x00\x00\x00\
\x06\x00\x00\x00\x05Mouse\x07\x00\x00\x00\x0bE\
ditTaskTab\x01\x03\x00\x00\x00\x06\
N\x0d_\xaat\xb0\x08\x00\x00\x00\x00\x06\x00\x00\x00\x07\
No loop\x07\x00\x00\x00\x0bEdit\
TaskTab\x01\x03\x00\x00\x00\x12l\x92g\
\x09S\xefS/Q\xfav\x84N\xfbR\xd90\x02\x08\
\x00\x00\x00\x00\x06\x00\x00\x00\x13No task\
s to export.\x07\x00\x00\x00\
\x0bEditTaskTab\x01\x03\x00\x00\
\x00\x06\x00O\x00C\x00R\x08\x00\x00\x00\x00\x06\x00\x00\
\x00\x03OCR\x07\x00\x00\x00\x0bEditTa\
skTab\x01\x03\x00\x00\x00\x04x\xba[\x9a\x08\
\x00\x00\x00\x00\x06\x00\x00\x00\x02OK\x07\x00\x00\x00\x0b\
EditTaskTab\x01\x03\x00\x00\x00\
D\x00O\x00K\x00S\x00c\x00r\x00i\x00p\x00\
t\x00 j\x94hH\x00 \x00(\x00*\x00.\x00\
o\x00k\x00s\x00c\x00r\x00i\x00p\x00t\x00\
)\x00;\x00;b@g\x09j\x94hH\x00 \x00\
(\x00*\x00)\x08\x00\x00\x00\x00\x06\x00\x00\x00*O\
KScript Files (*\
.okscript);;All \
Files (*)\x07\x00\x00\x00\x0bEd\
itTaskTab\x01\x03\x00\x00\x00\x04Q\
vN\xd6\x08\x00\x00\x00\x00\x06\x00\x00\x00\x05Oth\
er\x07\x00\x00\x00\x0bEditTaskT\
ab\x01\x03\x00\x00\x00\x1c\x8a\xcb\x81\xf3\x5c\x11\x90x\
d\xc7N\x00P\x0bN\xfbR\xd9\x902\x88LS/\
Q\xfa0\x02\x08\x00\x00\x00\x00\x06\x00\x00\x00*Pl\
ease select at l\
east one task to\
 export.\x07\x00\x00\x00\x0bEdi\
tTaskTab\x01\x03\x00\x00\x00\x04\x93\x04\
\x88\xfd\x08\x00\x00\x00\x00\x06\x00\x00\x00\x06Reco\
rd\x07\x00\x00\x00\x0bEditTaskT\
ab\x01\x03\x00\x00\x00$\x93\x04\x88\xfd\x5c\x07\x89\x86\
\x84\xcbv\xeeRMv\x84\x81sg,\x90\x8f\x8f/\
0\x02f/T&~|~\x8c\xff\x1f\x08\x00\x00\x00\
\x00\x06\x00\x00\x008Record wil\
l override the c\
urrent script lo\
gic. Continue?\x07\x00\
\x00\x00\x0bEditTaskTab\x01\x03\
\x00\x00\x00@W(\x89\x96z\x97\x00 \x00'\x00{\
\x00h\x00w\x00n\x00d\x00_\x00n\x00a\x00m\
\x00e\x00}\x00'\x00 \x86Ue\xbcm;R\xd5\
r\xc0aKfB\xff\x0c\x5c\x07\x95\x8bY\xcb\x93\x04\
\x88\xfd0\x02\x08\x00\x00\x00\x00\x06\x00\x00\x00>Re\
cording will sta\
rt when window '\
{hwnd_name}' bec\
omes active.\x07\x00\x00\x00\
\x0bEditTaskTab\x01\x03\x00\x00\
\x00\x04W\xf7\x88L\x08\x00\x00\x00\x00\x06\x00\x00\x00\x03\
Run\x07\x00\x00\x00\x0bEditTask\
Tab\x01\x03\x00\x00\x00\x04Q2[X\x08\x00\x00\
\x00\x00\x06\x00\x00\x00\x04Save\x07\x00\x00\x00\x0b\
EditTaskTab\x01\x03\x00\x00\x00\
\x08Q2[X\x8b\x8af\xf4\x08\x00\x00\x00\x00\x06\x00\
\x00\x00\x0cSave Changes\x07\
\x00\x00\x00\x0bEditTaskTab\x01\
\x03\x00\x00\x00\x0a\x81sg,T\x0dz1\xff\x1a\x08\
\x00\x00\x00\x00\x06\x00\x00\x00\x0cScript \
Name:\x07\x00\x00\x00\x0bEditTa\
skTab\x01\x03\x00\x00\x00\x1c\x81sg,]\
\xf2b\x10R\x9fS/Q\xfaR0N\x0b\x8f\x09\x8c\
\xc7e\x99Y>0\x02\x08\x00\x00\x00\x00\x06\x00\x00\x00\
1Script exported\
 successfully to\
 Downloads folde\
r.\x07\x00\x00\x00\x0bEditTaskT\
ab\x01\x03\x00\x00\x00\x12\x81sg,T\x0dz1\
p\xba_\xc5Xk\x98\x050\x02\x08\x00\x00\x00\x00\x06\
\x00\x00\x00\x18Script name \
is required.\x07\x00\x00\x00\
\x0bEditTaskTab\x01\x03\x00\x00\
\x00\x0ed\x1c\x5c\x0b{\xc4g,\x00.\x00.\x00.\
\x08\x00\x00\x00\x00\x06\x00\x00\x00\x13Search\
 templates...\x07\x00\x00\
\x00\x0bEditTaskTab\x01\x03\x00\
\x00\x00\x0c\x90xd\xc7\x81sg,j\x94hH\x08\
\x00\x00\x00\x00\x06\x00\x00\x00\x12Select \
Script File\x07\x00\x00\x00\x0b\
EditTaskTab\x01\x03\x00\x00\x00\
\x12\x90xd\xc7\x89\x81S/Q\xfav\x84N\xfbR\
\xd9\xff\x1a\x08\x00\x00\x00\x00\x06\x00\x00\x00\x17Sel\
ect tasks to exp\
ort:\x07\x00\x00\x00\x0bEditTas\
kTab\x01\x03\x00\x00\x00\x04P\x5ckb\x08\x00\
\x00\x00\x00\x06\x00\x00\x00\x04Stop\x07\x00\x00\x00\
\x0bEditTaskTab\x01\x03\x00\x00\
\x00\x04b\x10R\x9f\x08\x00\x00\x00\x00\x06\x00\x00\x00\x07\
Success\x07\x00\x00\x00\x0bEdit\
TaskTab\x01\x03\x00\x00\x00\x12N\xfbR\
\xd9T\x0dz1N\x0d\x80\xfdp\xbazz0\x02\x08\
\x00\x00\x00\x00\x06\x00\x00\x00\x16Task Na\
me is required.\x07\
\x00\x00\x00\x0bEditTaskTab\x01\
\x03\x00\x00\x00\x0eN\xfbR\xd9\x89\x07\x88\xfdb\x10R\
\x9f0\x02\x08\x00\x00\x00\x00\x06\x00\x00\x00\x19Tas\
k copied success\
fully.\x07\x00\x00\x00\x0bEditT\
askTab\x01\x03\x00\x00\x00\x0eN\xfbR\xd9\
^\xfaz\xcbb\x10R\x9f0\x02\x08\x00\x00\x00\x00\x06\
\x00\x00\x00\x1aTask created\
 successfully.\x07\x00\
\x00\x00\x0bEditTaskTab\x01\x03\
\x00\x00\x00\x0eN\xfbR\xd9R*\x96db\x10R\x9f\
0\x02\x08\x00\x00\x00\x00\x06\x00\x00\x00\x1aTask\
 deleted success\
fully.\x07\x00\x00\x00\x0bEditT\
askTab\x01\x03\x00\x00\x00\x10N\xfbR\xd9\
j\x94hH]\xf2[XW(0\x02\x08\x00\x00\x00\
\x00\x06\x00\x00\x00\x19Task file \
already exists.\x07\
\x00\x00\x00\x0bEditTaskTab\x01\
\x03\x00\x00\x00\x0eN\xfbR\xd9\x91\xcd^\xfab\x10R\
\x9f0\x02\x08\x00\x00\x00\x00\x06\x00\x00\x00\x1aTas\
k rebuilt succes\
sfully.\x07\x00\x00\x00\x0bEdit\
TaskTab\x01\x03\x00\x00\x00\x08j!g\
\x7fS9\x91M\x08\x00\x00\x00\x00\x06\x00\x00\x00\x11T\
emplate Matching\
\x07\x00\x00\x00\x0bEditTaskTab\
\x01\x03\x00\x00\x00&v\xeeRMv\x84N\xfbR\xd9\
g\x09g*Q2[Xv\x84\x8b\x8af\xf40\x02\
f/T&\x89\x81Q2[X\xff\x1f\x08\x00\x00\x00\
\x00\x06\x00\x00\x00?The curren\
t task has unsav\
ed changes. Do y\
ou want to save \
them?\x07\x00\x00\x00\x0bEditTa\
skTab\x01\x03\x00\x00\x00*j\x94hH]\
\xf2\x88\xabY\x16\x90\xe8O\xeee90\x02f/T\
&\x89\x81\x89\x86\x84\xcbg*Q2[Xv\x84\x8b\
\x8af\xf4\xff\x1f\x08\x00\x00\x00\x00\x06\x00\x00\x00PT\
he file was modi\
fied externally.\
 Do you want to \
overwrite your u\
nsaved changes?\x07\
\x00\x00\x00\x0bEditTaskTab\x01\
\x03\x00\x00\x00\x06rHg,\xff\x1a\x08\x00\x00\x00\x00\
\x06\x00\x00\x00\x08Version:\x07\x00\x00\
\x00\x0bEditTaskTab\x01\x03\x00\
\x00\x00\x04\x8bfTJ\x08\x00\x00\x00\x00\x06\x00\x00\x00\
\x07Warning\x07\x00\x00\x00\x0bEdi\
tTaskTab\x01\x03\x00\x00\x00\x04\x89\x96\
z\x97\x08\x00\x00\x00\x00\x06\x00\x00\x00\x06Wind\
ow\x07\x00\x00\x00\x0bEditTaskT\
ab\x01\x03\x00\x00\x00\x12\x00A\x00D\x00B\x00 \
\x00S\x00h\x00e\x00l\x00l\x08\x00\x00\x00\x00\x06\
\x00\x00\x00\x09adb_shell\x07\x00\x00\
\x00\x0bEditTaskTab\x01\x03\x00\
\x00\x00\x12\x00A\x00D\x00B\x00 \x00U\x00I\x00\
 [\xfcQ\xfa\x08\x00\x00\x00\x00\x06\x00\x00\x00\x0ba\
db_ui_dump\x07\x00\x00\x00\x0bE\
ditTaskTab\x01\x03\x00\x00\x00\x0c\
m\xfbR\xa0e\x87g,O\xeekc\x08\x00\x00\x00\
\x00\x06\x00\x00\x00\x0cadd_text_f\
ix\x07\x00\x00\x00\x0bEditTaskT\
ab\x01\x03\x00\x00\x00\x04\x8f\xd4V\xde\x08\x00\x00\x00\
\x00\x06\x00\x00\x00\x04back\x07\x00\x00\x00\x0bE\
ditTaskTab\x01\x03\x00\x00\x00\x06\
w\xe9_bhF\x08\x00\x00\x00\x00\x06\x00\x00\x00\x03\
box\x07\x00\x00\x00\x0bEditTask\
Tab\x01\x03\x00\x00\x00\x0al4^s\x5cEN\
-hF\x08\x00\x00\x00\x00\x06\x00\x00\x00\x18box\
_in_horizontal_c\
enter\x07\x00\x00\x00\x0bEditTa\
skTab\x01\x03\x00\x00\x00\x06\x5cO^Uh\
F\x08\x00\x00\x00\x00\x06\x00\x00\x00\x0dbox_o\
f_screen\x07\x00\x00\x00\x0bEdi\
tTaskTab\x01\x03\x00\x00\x00\x0e\x7f)\
e>T\x0ev\x84\x5cO^UhF\x08\x00\x00\x00\
\x00\x06\x00\x00\x00\x14box_of_scr\
een_scaled\x07\x00\x00\x00\x0bE\
ditTaskTab\x01\x03\x00\x00\x00\x0e\
\x8b\xa1{\x97\x98\x9c\x82rv~R\x06k\xd4\x08\x00\
\x00\x00\x00\x06\x00\x00\x00\x1acalculat\
e_color_percenta\
ge\x07\x00\x00\x00\x0bEditTaskT\
ab\x01\x03\x00\x00\x00\x06n\x05\x96dhF\x08\x00\
\x00\x00\x00\x06\x00\x00\x00\x09clear_bo\
x\x07\x00\x00\x00\x0bEditTaskTa\
b\x01\x03\x00\x00\x00\x04p\xb9Q\xfb\x08\x00\x00\x00\x00\
\x06\x00\x00\x00\x05click\x07\x00\x00\x00\x0bE\
ditTaskTab\x01\x03\x00\x00\x00\x06\
p\xb9Q\xfbhF\x08\x00\x00\x00\x00\x06\x00\x00\x00\x09\
click_box\x07\x00\x00\x00\x0bEd\
itTaskTab\x01\x03\x00\x00\x00\x14Y\
\x82g\x9cT\x0dy\xf0S9\x91MR\x19p\xb9Q\
\xfbhF\x08\x00\x00\x00\x00\x06\x00\x00\x00\x17cli\
ck_box_if_name_m\
atch\x07\x00\x00\x00\x0bEditTas\
kTab\x01\x03\x00\x00\x00\x08v\xf8[\xf9p\xb9\
Q\xfb\x08\x00\x00\x00\x00\x06\x00\x00\x00\x0eclic\
k_relative\x07\x00\x00\x00\x0bE\
ditTaskTab\x01\x03\x00\x00\x00\x06\
Rj\x8d4g\x7f\x08\x00\x00\x00\x00\x06\x00\x00\x00\x09\
clipboard\x07\x00\x00\x00\x0bEd\
itTaskTab\x01\x03\x00\x00\x00\x0cR\
\x1b^\xfa_\xebcwe\xb9_\x0f\x08\x00\x00\x00\x00\
\x06\x00\x00\x00\x0fcreate_shor\
tcut\x07\x00\x00\x00\x0bEditTas\
kTab\x01\x03\x00\x00\x00\x08y\x81u(N\xfb\
R\xa1\x08\x00\x00\x00\x00\x06\x00\x00\x00\x07disa\
ble\x07\x00\x00\x00\x0bEditTask\
Tab\x01\x03\x00\x00\x00\x06~\xd8R6hF\x08\
\x00\x00\x00\x00\x06\x00\x00\x00\x0adraw_bo\
xes\x07\x00\x00\x00\x0bEditTask\
Tab\x01\x03\x00\x00\x00\x08T/u(N\xfbR\
\xa1\x08\x00\x00\x00\x00\x06\x00\x00\x00\x06enabl\
e\x07\x00\x00\x00\x0bEditTaskTa\
b\x01\x03\x00\x00\x00\x0axnO\xddW(g\x00R\
M\x08\x00\x00\x00\x00\x06\x00\x00\x00\x0fensur\
e_in_front\x07\x00\x00\x00\x0bE\
ditTaskTab\x01\x03\x00\x00\x00\x0c\
ry_\x81f/T&[XW(\x08\x00\x00\x00\
\x00\x06\x00\x00\x00\x0efeature_ex\
ists\x07\x00\x00\x00\x0bEditTas\
kTab\x01\x03\x00\x00\x00\x04g\xe5b~\x08\x00\
\x00\x00\x00\x06\x00\x00\x00\x04find\x07\x00\x00\x00\
\x0bEditTaskTab\x01\x03\x00\x00\
\x00\x12W(hFQ\x85g\xe5b~g\x00Os\
S9\x91M\x08\x00\x00\x00\x00\x06\x00\x00\x00\x16fi\
nd_best_match_in\
_box\x07\x00\x00\x00\x0bEditTas\
kTab\x01\x03\x00\x00\x00\x0ag\xe5b~Y\x1a\
N*hF\x08\x00\x00\x00\x00\x06\x00\x00\x00\x0afi\
nd_boxes\x07\x00\x00\x00\x0bEdi\
tTaskTab\x01\x03\x00\x00\x00\x08g\xe5\
b~ry_\x81\x08\x00\x00\x00\x00\x06\x00\x00\x00\x0c\
find_feature\x07\x00\x00\x00\
\x0bEditTaskTab\x01\x03\x00\x00\
\x00\x0eg\xe5b~ry_\x81^v\x8b\xbe\x7fn\
\x08\x00\x00\x00\x00\x06\x00\x00\x00\x14find_f\
eature_and_set\x07\x00\
\x00\x00\x0bEditTaskTab\x01\x03\
\x00\x00\x00\x12W(hFQ\x85g\xe5b~\x99\x96\
N*S9\x91M\x08\x00\x00\x00\x00\x06\x00\x00\x00\x17\
find_first_match\
_in_box\x07\x00\x00\x00\x0bEdit\
TaskTab\x01\x03\x00\x00\x00\x08g\xe5b\
~N\x00N*\x08\x00\x00\x00\x00\x06\x00\x00\x00\x08f\
ind_one\x07\x00\x00\x00\x0bEdit\
TaskTab\x01\x03\x00\x00\x00\x0cc\x09T\
\x0dy\xf0\x83\xb7S\xd6hF\x08\x00\x00\x00\x00\x06\x00\
\x00\x00\x0fget_box_by_na\
me\x07\x00\x00\x00\x0bEditTaskT\
ab\x01\x03\x00\x00\x00\x0ec\x09T\x0dy\xf0\x83\xb7\
S\xd6ry_\x81\x08\x00\x00\x00\x00\x06\x00\x00\x00\x13\
get_feature_by_n\
ame\x07\x00\x00\x00\x0bEditTask\
Tab\x01\x03\x00\x00\x00\x08\x83\xb7S\xd6r\xb6`\
\x01\x08\x00\x00\x00\x00\x06\x00\x00\x00\x0aget_s\
tatus\x07\x00\x00\x00\x0bEditTa\
skTab\x01\x03\x00\x00\x00\x10\x90\x1a\x8f\xc7|\
{T\x0d\x83\xb7S\xd6N\xfbR\xa1\x08\x00\x00\x00\x00\
\x06\x00\x00\x00\x11get_task_by\
_class\x07\x00\x00\x00\x0bEditT\
askTab\x01\x03\x00\x00\x00\x0a\x8flR0\
h\x07{~\x98u\x08\x00\x00\x00\x00\x06\x00\x00\x00\x09\
go_to_tab\x07\x00\x00\x00\x0bEd\
itTaskTab\x01\x03\x00\x00\x00\x08\x5c\
O^U\x9a\xd8^\xa6\x08\x00\x00\x00\x00\x06\x00\x00\x00\
\x10height_of_scree\
n\x07\x00\x00\x00\x0bEditTaskTa\
b\x01\x03\x00\x00\x00\x08O\xe1`oX\x9eR\xa0\x08\
\x00\x00\x00\x00\x06\x00\x00\x00\x08info_ad\
d\x07\x00\x00\x00\x0bEditTaskTa\
b\x01\x03\x00\x00\x00\x0eO\xe1`om\xfbR\xa0R\
0R\x17\x88h\x08\x00\x00\x00\x00\x06\x00\x00\x00\x10i\
nfo_add_to_list\x07\
\x00\x00\x00\x0bEditTaskTab\x01\
\x03\x00\x00\x00\x08O\xe1`on\x05\x96d\x08\x00\x00\
\x00\x00\x06\x00\x00\x00\x0ainfo_clea\
r\x07\x00\x00\x00\x0bEditTaskTa\
b\x01\x03\x00\x00\x00\x08O\xe1`o\x83\xb7S\xd6\x08\
\x00\x00\x00\x00\x06\x00\x00\x00\x08info_ge\
t\x07\x00\x00\x00\x0bEditTaskTa\
b\x01\x03\x00\x00\x00\x08O\xe1`o\x90\x12X\x9e\x08\
\x00\x00\x00\x00\x06\x00\x00\x00\x09info_in\
cr\x07\x00\x00\x00\x0bEditTaskT\
ab\x01\x03\x00\x00\x00\x08O\xe1`o\x8b\xbe\x7fn\
\x08\x00\x00\x00\x00\x06\x00\x00\x00\x08info_s\
et\x07\x00\x00\x00\x0bEditTaskT\
ab\x01\x03\x00\x00\x00\x08\x8f\x93Qee\x87g,\
\x08\x00\x00\x00\x00\x06\x00\x00\x00\x0ainput_\
text\x07\x00\x00\x00\x0bEditTas\
kTab\x01\x03\x00\x00\x00\x0cf/T&N:\
\x00A\x00D\x00B\x08\x00\x00\x00\x00\x06\x00\x00\x00\x06\
is_adb\x07\x00\x00\x00\x0bEditT\
askTab\x01\x03\x00\x00\x00\x0cf/T&\
N:mO\x89\xc8Vh\x08\x00\x00\x00\x00\x06\x00\x00\
\x00\x0ais_browser\x07\x00\x00\x00\
\x0bEditTaskTab\x01\x03\x00\x00\
\x00\x08\x8b\xb0_U\x8c\x03\x8b\xd5\x08\x00\x00\x00\x00\x06\
\x00\x00\x00\x09log_debug\x07\x00\x00\
\x00\x0bEditTaskTab\x01\x03\x00\
\x00\x00\x08\x8b\xb0_U\x95\x19\x8b\xef\x08\x00\x00\x00\x00\
\x06\x00\x00\x00\x09log_error\x07\x00\
\x00\x00\x0bEditTaskTab\x01\x03\
\x00\x00\x00\x08\x8b\xb0_UO\xe1`o\x08\x00\x00\x00\
\x00\x06\x00\x00\x00\x08log_info\x07\x00\
\x00\x00\x0bEditTaskTab\x01\x03\
\x00\x00\x00\x08\x8b\xb0_U\x8bfTJ\x08\x00\x00\x00\
\x00\x06\x00\x00\x00\x0blog_warnin\
g\x07\x00\x00\x00\x0bEditTaskTa\
b\x01\x03\x00\x00\x00\x08N-\x95.p\xb9Q\xfb\x08\
\x00\x00\x00\x00\x06\x00\x00\x00\x0cmiddle_\
click\x07\x00\x00\x00\x0bEditTa\
skTab\x01\x03\x00\x00\x00\x0cv\xf8[\xf9N\
-\x95.p\xb9Q\xfb\x08\x00\x00\x00\x00\x06\x00\x00\x00\
\x15middle_click_re\
lative\x07\x00\x00\x00\x0bEditT\
askTab\x01\x03\x00\x00\x00\x08\x9f h\x07\
c\x09N\x0b\x08\x00\x00\x00\x00\x06\x00\x00\x00\x0amo\
use_down\x07\x00\x00\x00\x0bEdi\
tTaskTab\x01\x03\x00\x00\x00\x08\x9f \
h\x07g~_\x00\x08\x00\x00\x00\x00\x06\x00\x00\x00\x08\
mouse_up\x07\x00\x00\x00\x0bEdi\
tTaskTab\x01\x03\x00\x00\x00\x08y\xfb\
R\xa8\x9f h\x07\x08\x00\x00\x00\x00\x06\x00\x00\x00\x04\
move\x07\x00\x00\x00\x0bEditTas\
kTab\x01\x03\x00\x00\x00\x0cv\xf8[\xf9y\xfb\
R\xa8\x9f h\x07\x08\x00\x00\x00\x00\x06\x00\x00\x00\x0d\
move_relative\x07\x00\x00\
\x00\x0bEditTaskTab\x01\x03\x00\
\x00\x00\x06N\x0bN\x00^'\x08\x00\x00\x00\x00\x06\x00\
\x00\x00\x0anext_frame\x07\x00\x00\
\x00\x0bEditTaskTab\x01\x03\x00\
\x00\x00\x04\x90\x1aw\xe5\x08\x00\x00\x00\x00\x06\x00\x00\x00\
\x0cnotification\x07\x00\x00\
\x00\x0bEditTaskTab\x01\x03\x00\
\x00\x00\x0e\x00O\x00C\x00Re\x87[W\x8b\xc6R\
+\x08\x00\x00\x00\x00\x06\x00\x00\x00\x03ocr\x07\x00\
\x00\x00\x0bEditTaskTab\x01\x03\
\x00\x00\x00\x08\x8d\x85Q\xfak\xd4O\x8b\x08\x00\x00\x00\
\x00\x06\x00\x00\x00\x0cout_of_rat\
io\x07\x00\x00\x00\x0bEditTaskT\
ab\x01\x03\x00\x00\x00\x04f\x82P\x5c\x08\x00\x00\x00\
\x00\x06\x00\x00\x00\x05pause\x07\x00\x00\x00\x0b\
EditTaskTab\x01\x03\x00\x00\x00\
\x08S\xf3\x95.p\xb9Q\xfb\x08\x00\x00\x00\x00\x06\x00\
\x00\x00\x0bright_click\x07\x00\
\x00\x00\x0bEditTaskTab\x01\x03\
\x00\x00\x00\x04b*V\xfe\x08\x00\x00\x00\x00\x06\x00\x00\
\x00\x0ascreenshot\x07\x00\x00\x00\
\x0bEditTaskTab\x01\x03\x00\x00\
\x00\x04n\xdaR\xa8\x08\x00\x00\x00\x00\x06\x00\x00\x00\x06\
scroll\x07\x00\x00\x00\x0bEditT\
askTab\x01\x03\x00\x00\x00\x08v\xf8[\xf9\
n\xdaR\xa8\x08\x00\x00\x00\x00\x06\x00\x00\x00\x0fsc\
roll_relative\x07\x00\x00\
\x00\x0bEditTaskTab\x01\x03\x00\
\x00\x00\x08S\xd1\x90\x01c\x09\x95.\x08\x00\x00\x00\x00\
\x06\x00\x00\x00\x08send_key\x07\x00\x00\
\x00\x0bEditTaskTab\x01\x03\x00\
\x00\x00\x08c\x09N\x0bc\x09\x95.\x08\x00\x00\x00\x00\
\x06\x00\x00\x00\x0dsend_key_do\
wn\x07\x00\x00\x00\x0bEditTaskT\
ab\x01\x03\x00\x00\x00\x08g~_\x00c\x09\x95.\
\x08\x00\x00\x00\x00\x06\x00\x00\x00\x0bsend_k\
ey_up\x07\x00\x00\x00\x0bEditTa\
skTab\x01\x03\x00\x00\x00\x04O\x11w \x08\
\x00\x00\x00\x00\x06\x00\x00\x00\x05sleep\x07\x00\
\x00\x00\x0bEditTaskTab\x01\x03\
\x00\x00\x00\x08O\x11w h\xc0g\xe5\x08\x00\x00\x00\
\x00\x06\x00\x00\x00\x0bsleep_chec\
k\x07\x00\x00\x00\x0bEditTaskTa\
b\x01\x03\x00\x00\x00\x08T/R\xa8\x8b\xbeY\x07\x08\
\x00\x00\x00\x00\x06\x00\x00\x00\x0cstart_d\
evice\x07\x00\x00\x00\x0bEditTa\
skTab\x01\x03\x00\x00\x00\x04n\xd1R\xa8\x08\
\x00\x00\x00\x00\x06\x00\x00\x00\x05swipe\x07\x00\
\x00\x00\x0bEditTaskTab\x01\x03\
\x00\x00\x00\x08v\xf8[\xf9n\xd1R\xa8\x08\x00\x00\x00\
\x00\x06\x00\x00\x00\x0eswipe_rela\
tive\x07\x00\x00\x00\x0bEditTas\
kTab\x01\x03\x00\x00\x00\x04\x7f\xfb\x8b\xd1\x08\x00\
\x00\x00\x00\x06\x00\x00\x00\x02tr\x07\x00\x00\x00\x0bE\
ditTaskTab\x01\x03\x00\x00\x00\x04\
\x89\xe6S\xd1\x08\x00\x00\x00\x00\x06\x00\x00\x00\x07tr\
igger\x07\x00\x00\x00\x0bEditTa\
skTab\x01\x03\x00\x00\x00\x04`bY\x0d\x08\
\x00\x00\x00\x00\x06\x00\x00\x00\x07unpause\
\x07\x00\x00\x00\x0bEditTaskTab\
\x01\x03\x00\x00\x00\x0c{I_\x85^vp\xb9Q\xfb\
hF\x08\x00\x00\x00\x00\x06\x00\x00\x00\x0ewait\
_click_box\x07\x00\x00\x00\x0bE\
ditTaskTab\x01\x03\x00\x00\x00\x0e\
{I_\x85^vp\xb9Q\xfbry_\x81\x08\x00\
\x00\x00\x00\x06\x00\x00\x00\x12wait_cli\
ck_feature\x07\x00\x00\x00\x0bE\
ditTaskTab\x01\x03\x00\x00\x00\x14\
{I_\x85^vp\xb9Q\xfb\x00O\x00C\x00R\
e\x87[W\x08\x00\x00\x00\x00\x06\x00\x00\x00\x0ewa\
it_click_ocr\x07\x00\x00\x00\
\x0bEditTaskTab\x01\x03\x00\x00\
\x00\x08{I_\x85ry_\x81\x08\x00\x00\x00\x00\x06\
\x00\x00\x00\x0cwait_feature\
\x07\x00\x00\x00\x0bEditTaskTab\
\x01\x03\x00\x00\x00\x0e{I_\x85\x00O\x00C\x00R\
e\x87[W\x08\x00\x00\x00\x00\x06\x00\x00\x00\x08wa\
it_ocr\x07\x00\x00\x00\x0bEditT\
askTab\x01\x03\x00\x00\x00\x08{I_\x85\
v\xf4R0\x08\x00\x00\x00\x00\x06\x00\x00\x00\x0awa\
it_until\x07\x00\x00\x00\x0bEdi\
tTaskTab\x01\x03\x00\x00\x00\x08\x5cO\
^U[\xbd^\xa6\x08\x00\x00\x00\x00\x06\x00\x00\x00\x0f\
width_of_screen\x07\
\x00\x00\x00\x0bEditTaskTab\x01\
\x03\x00\x00\x00\x08\x91\xcd\x8a-\x8a-[\x9a\x08\x00\x00\
\x00\x00\x06\x00\x00\x00\x0cReset Con\
fig\x07\x00\x00\x00\x10GlobalCo\
nfigCard\x01\x03\x00\x00\x00\x08\x91\xcd\
\x8a-\x8a-[\x9a\x08\x00\x00\x00\x00\x06\x00\x00\x00\x0c\
Reset Config\x07\x00\x00\x00\
\x0fGlobalConfigTab\
\x01\x03\x00\x00\x00\x04S\xd6m\x88\x08\x00\x00\x00\x00\x06\
\x00\x00\x00\x06Cancel\x07\x00\x00\x00\x0bH\
wndChooser\x01\x03\x00\x00\x00\x08\
\x90xS\xd6\x89\x96z\x97\x08\x00\x00\x00\x00\x06\x00\x00\
\x00\x0dChoose Window\x07\
\x00\x00\x00\x0bHwndChooser\x01\
\x03\x00\x00\x00\x04x\xba\x8a\x8d\x08\x00\x00\x00\x00\x06\x00\
\x00\x00\x07Confirm\x07\x00\x00\x00\x0bH\
wndChooser\x01\x03\x00\x00\x00\x0c\
\x00{\x00}\x00 ]\xf2\x90xS\xd6\x08\x00\x00\x00\
\x00\x06\x00\x00\x00\x0b{} Selecte\
d\x07\x00\x00\x00\x0bHwndChoose\
r\x01\x03\x00\x00\x00\x04S\xd6m\x88\x08\x00\x00\x00\x00\
\x06\x00\x00\x00\x06Cancel\x07\x00\x00\x00\x13\
ImportWarningDia\
log\x01\x03\x00\x00\x00\x04x\xba\x8a\x8d\x08\x00\x00\
\x00\x00\x06\x00\x00\x00\x07Confirm\x07\x00\
\x00\x00\x13ImportWarning\
Dialog\x01\x03\x00\x00\x00\x1cb\x11N\x86\
\x89\xe3\x98\xa8\x96\xaaN&^\x0cg\x1b\x5c\x0eQe\
kd\x81sg,0\x02\x08\x00\x00\x00\x00\x06\x00\x00\
\x006I understand t\
he risks and wan\
t to import this\
 script.\x07\x00\x00\x00\x13Imp\
ortWarningDialog\
\x01\x03\x00\x00\x00x\x8a\xcbx\xbaO\xdd`\xa8O\xe1\
N\xfb\x81sg,v|^\x03\x80\x05\xff\x0cg*\
}\x93\x9aW\x8bIv\x84\x81sg,S\xef\x80\xfd\
g\x03\xff\x08OFN\x0d\x96Pe\xbc\xff\x09z\xca\
S\xd6`\xa8v\x84^3b6\x00/exd\xda\
\x00/\x91\xd1\x93\x22\xff\x0cx4X\xde`\xa8v\x84\
exd\xda\xff\x0cb\x16d\x0dX\xde\x00/c\xa7\
R6`\xa8v\x84\x8a\x08{\x97j_0\x02\x08\x00\
\x00\x00\x00\x06\x00\x00\x00\xabMake sur\
e that you trust\
 the script publ\
isher, unverifie\
d script can and\
 not limited to \
steal your accou\
nt/ data money, \
destroy your dat\
a, harm/ control\
ling your comput\
er.\x07\x00\x00\x00\x13ImportWa\
rningDialog\x01\x03\x00\x00\x00\
\x04\x8bfTJ\x08\x00\x00\x00\x00\x06\x00\x00\x00\x07W\
arning\x07\x00\x00\x00\x13Impor\
tWarningDialog\x01\x03\
\x00\x00\x00\x10b@g\x09j\x94hH\x00 \x00(\
\x00*\x00)\x08\x00\x00\x00\x00\x06\x00\x00\x00\x0dAl\
l Files (*)\x07\x00\x00\x00\x14\
LabelAndFileSele\
ctor\x01\x03\x00\x00\x00\x04p\x0f\x89\xbd\x08\x00\
\x00\x00\x00\x06\x00\x00\x00\x06Browse\x07\x00\
\x00\x00\x14LabelAndFileS\
elector\x01\x03\x00\x00\x00\x08\x90xd\
\xc7j\x94hH\x08\x00\x00\x00\x00\x06\x00\x00\x00\x0bS\
elect File\x07\x00\x00\x00\x14L\
abelAndFileSelec\
tor\x01\x03\x00\x00\x00\x10\x90xd\xc7j\x94h\
Hb\x16\x8c\xc7e\x99Y>\x08\x00\x00\x00\x00\x06\x00\
\x00\x00\x15Select File o\
r Folder\x07\x00\x00\x00\x14Lab\
elAndFileSelecto\
r\x01\x03\x00\x00\x00\x0a\x90xd\xc7\x8c\xc7e\x99Y\
>\x08\x00\x00\x00\x00\x06\x00\x00\x00\x0dSelec\
t Folder\x07\x00\x00\x00\x14Lab\
elAndFileSelecto\
r\x01\x03\x00\x00\x00\x08RM_\x80\x8a-[\x9a\x08\
\x00\x00\x00\x00\x06\x00\x00\x00\x0cGo to C\
onfig\x07\x00\x00\x00\x0eLabelA\
ndGlobal\x01\x03\x00\x00\x00\x02T&\
\x08\x00\x00\x00\x00\x06\x00\x00\x00\x02No\x07\x00\x00\x00\
\x14LabelAndSwitchB\
utton\x01\x03\x00\x00\x00\x02f/\x08\x00\x00\
\x00\x00\x06\x00\x00\x00\x03Yes\x07\x00\x00\x00\x14L\
abelAndSwitchBut\
ton\x01\x03\x00\x00\x00\x0e\x00D\x00i\x00s\x00\
c\x00o\x00r\x00d\x08\x00\x00\x00\x00\x06\x00\x00\x00\
\x07Discord\x07\x00\x00\x00\x08Lin\
ksBar\x01\x03\x00\x00\x00\x08^8\x89\x8bU\
O\x98L\x08\x00\x00\x00\x00\x06\x00\x00\x00\x03FAQ\
\x07\x00\x00\x00\x08LinksBar\x01\x03\x00\
\x00\x00\x0c\x00G\x00i\x00t\x00H\x00u\x00b\x08\
\x00\x00\x00\x00\x06\x00\x00\x00\x06GitHub\x07\
\x00\x00\x00\x08LinksBar\x01\x03\x00\x00\
\x00\x0cR\x06N\xabN\x0b\x8f\x09\x90#}P\x08\x00\
\x00\x00\x00\x06\x00\x00\x00\x05Share\x07\x00\x00\
\x00\x08LinksBar\x01\x03\x00\x00\x00\x16\
R\x06N\xab\x90#}P]\xf2\x89\x07\x88\xfdR0\
Rj\x8c\xbc|?\x08\x00\x00\x00\x00\x06\x00\x00\x00\x1e\
Share Link copie\
d to clipboard\x07\x00\
\x00\x00\x08LinksBar\x01\x03\x00\x00\x00\
\x04\x8d\x0aR\xa9\x08\x00\x00\x00\x00\x06\x00\x00\x00\x07S\
ponsor\x07\x00\x00\x00\x08Links\
Bar\x01\x03\x00\x00\x00\x08Qh\x90\xe8}\x1aR\
%\x08\x00\x00\x00\x00\x06\x00\x00\x00\x0aAll L\
evels\x07\x00\x00\x00\x09LogWin\
dow\x01\x03\x00\x00\x00\x04n\x05\x96d\x08\x00\x00\
\x00\x00\x06\x00\x00\x00\x05Clear\x07\x00\x00\x00\
\x09LogWindow\x01\x03\x00\x00\x00\x04\
\x95\xdc\x95\x89\x08\x00\x00\x00\x00\x06\x00\x00\x00\x05Cl\
ose\x07\x00\x00\x00\x09LogWindo\
w\x01\x03\x00\x00\x00\x04b\xd6f\xf3\x08\x00\x00\x00\x00\
\x06\x00\x00\x00\x04Drag\x07\x00\x00\x00\x09Lo\
gWindow\x01\x03\x00\x00\x00\x0e{\xe9\x90\
xe\xe5\x8a\x8c\x00.\x00.\x00.\x08\x00\x00\x00\x00\
\x06\x00\x00\x00\x0eFilter logs\
...\x07\x00\x00\x00\x09LogWindo\
w\x01\x03\x00\x00\x00\x08\x95\x8bU_e\xe5\x8a\x8c\x08\
\x00\x00\x00\x00\x06\x00\x00\x00\x09Open Lo\
gs\x07\x00\x00\x00\x09LogWindow\
\x01\x03\x00\x00\x00\x04f\xabP\x5c\x08\x00\x00\x00\x00\x06\
\x00\x00\x00\x05Pause\x07\x00\x00\x00\x09Lo\
gWindow\x01\x03\x00\x00\x00\x04\x7fn\x98\
\x02\x08\x00\x00\x00\x00\x06\x00\x00\x00\x03Pin\x07\x00\
\x00\x00\x09LogWindow\x01\x03\x00\x00\
\x00\x04~|~\x8c\x08\x00\x00\x00\x00\x06\x00\x00\x00\x06\
Resume\x07\x00\x00\x00\x09LogWi\
ndow\x01\x03\x00\x00\x00\x08S\xd6m\x88\x7fn\
\x98\x02\x08\x00\x00\x00\x00\x06\x00\x00\x00\x05Unpi\
n\x07\x00\x00\x00\x09LogWindow\x01\
\x03\x00\x00\x00\x08g\xe5w\x0be\xe5\x8a\x8c\x08\x00\x00\
\x00\x00\x06\x00\x00\x00\x08View Log\x07\
\x00\x00\x00\x09LogWindow\x01\x03\x00\
\x00\x00 {I_\x85\x00 \x00o\x00k\x00-\x00\
s\x00c\x00r\x00i\x00p\x00t\x00.\x00l\x00\
o\x00g\x08\x00\x00\x00\x00\x06\x00\x00\x00\x19Wai\
ting for ok-scri\
pt.log\x07\x00\x00\x00\x09LogWi\
ndow\x01\x03\x00\x00\x00\x02{F\x08\x00\x00\x00\
\x00\x06\x00\x00\x00\x07records\x07\x00\x00\
\x00\x09LogWindow\x01\x03\x00\x00\x00\
\x04\x95\xdce\xbc\x08\x00\x00\x00\x00\x06\x00\x00\x00\x05A\
bout\x07\x00\x00\x00\x0aMainWin\
dow\x01\x03\x00\x00\x00\x08b*W\x16e\xb9_\
\x0f\x08\x00\x00\x00\x00\x06\x00\x00\x00\x07Captu\
re\x07\x00\x00\x00\x0aMainWindo\
w\x01\x03\x00\x00\x00\x08b*W\x16\x93/\x8a\xa4\x08\
\x00\x00\x00\x00\x06\x00\x00\x00\x0dCapture\
 Error\x07\x00\x00\x00\x0aMainW\
indow\x01\x03\x00\x00\x00\x08\x95\x8bv|]\
\xe5Qw\x08\x00\x00\x00\x00\x06\x00\x00\x00\x05Deb\
ug\x07\x00\x00\x00\x0aMainWindo\
w\x01\x03\x00\x00\x00\x04\x93/\x8a\xa4\x08\x00\x00\x00\x00\
\x06\x00\x00\x00\x05Error\x07\x00\x00\x00\x0aM\
ainWindow\x01\x03\x00\x00\x00\x04\x90\
\x00Q\xfa\x08\x00\x00\x00\x00\x06\x00\x00\x00\x04Exi\
t\x07\x00\x00\x00\x0aMainWindow\
\x01\x03\x00\x00\x00\x04c\xd0y:\x08\x00\x00\x00\x00\x06\
\x00\x00\x00\x04Info\x07\x00\x00\x00\x0aMai\
nWindow\x01\x03\x00\x00\x00\x08]\xf2f\
\xabP\x5c0\x02\x08\x00\x00\x00\x00\x06\x00\x00\x00\x0eP\
ause Success.\x07\x00\x00\
\x00\x0aMainWindow\x01\x03\x00\x00\
\x00\x1e\x8a\xcbj\xa2g\xe5\x90Jb2\x89\x96z\x97\
f/T&]\xf2kcx\xba\x90xS\xd6\xff\x01\
\x08\x00\x00\x00\x00\x06\x00\x00\x00;Please\
 check whether t\
he game window i\
s selected corre\
ctly!\x07\x00\x00\x00\x0aMainWi\
ndow\x01\x03\x00\x00\x00\x06kc_\x0frH\
\x08\x00\x00\x00\x00\x06\x00\x00\x00\x07Releas\
e\x07\x00\x00\x00\x0aMainWindow\
\x01\x03\x00\x00\x00\x0aW\xf7\x88Lz\x0b_\x0fx\xbc\
\x08\x00\x00\x00\x00\x06\x00\x00\x00\x08Run Co\
de\x07\x00\x00\x00\x0aMainWindo\
w\x01\x03\x00\x00\x00\x08\x8a\x08R\x83N\xfbR\xd9\x08\
\x00\x00\x00\x00\x06\x00\x00\x00\x08Schedul\
e\x07\x00\x00\x00\x0aMainWindow\
\x01\x03\x00\x00\x00\x04\x81sg,\x08\x00\x00\x00\x00\x06\
\x00\x00\x00\x06Script\x07\x00\x00\x00\x0aM\
ainWindow\x01\x03\x00\x00\x00\x04\x8a\
-[\x9a\x08\x00\x00\x00\x00\x06\x00\x00\x00\x08Set\
tings\x07\x00\x00\x00\x0aMainWi\
ndow\x01\x03\x00\x00\x00\x0aU_R\xd5b\x10\
R\x9f0\x02\x08\x00\x00\x00\x00\x06\x00\x00\x00\x0eSt\
art Success.\x07\x00\x00\x00\
\x0aMainWindow\x01\x03\x00\x00\x00\
\x04N\xfbR\xd9\x08\x00\x00\x00\x00\x06\x00\x00\x00\x05T\
asks\x07\x00\x00\x00\x0aMainWin\
dow\x01\x03\x00\x00\x00\x04j!g\x7f\x08\x00\x00\
\x00\x00\x06\x00\x00\x00\x09Templates\
\x07\x00\x00\x00\x0aMainWindow\x01\
\x03\x00\x00\x008\x90\x19f/N\x00k>QM\x8c\
\xbb\x8e\xdf\x9a\xd4\xff\x0cY\x82g\x9c`\xa8f/N\
\xd8\x8c\xbb\x8c\xfc\x8c\xb7v\x84\xff\x0c\x8a\xcbT\x11\x8c\
\xe3[\xb6u3\x8a\xcb\x90\x00k>\xff\x01\x08\x00\x00\
\x00\x00\x06\x00\x00\x00ZThis is a\
 free software. \
If you purchased\
 this anywhere, \
request a refund\
 from the seller\
.\x07\x00\x00\x00\x0aMainWindow\
\x01\x03\x00\x00\x00\x08SsfB\x89\xf8v|\x08\x00\
\x00\x00\x00\x06\x00\x00\x00\x08Triggers\
\x07\x00\x00\x00\x0aMainWindow\x01\
\x03\x00\x00\x00\x08rHg,f\xf4e\xb0\x08\x00\x00\
\x00\x00\x06\x00\x00\x00\x06Update\x07\x00\x00\
\x00\x0aMainWindow\x01\x03\x00\x00\
\x00\x04U_u(\x08\x00\x00\x00\x00\x06\x00\x00\x00\x06\
\xe6\xbf\x80\xe6\xb4\xbb\x07\x00\x00\x00\x0aMainW\
indow\x01\x03\x00\x00\x00\x0cR*\x96d\x00\
 \x00(\x00D\x00)\x08\x00\x00\x00\x00\x06\x00\x00\x00\
\x0aDelete (D)\x07\x00\x00\x00\x0c\
MarkUpWindow\x01\x03\x00\x00\
\x00\x0c~j\x88\xfd\x00 \x00(\x00R\x00)\x08\x00\
\x00\x00\x00\x06\x00\x00\x00\x08Draw (R)\
\x07\x00\x00\x00\x0cMarkUpWindo\
w\x01\x03\x00\x00\x00\x0aj\x19l\xe8}\xe8\x8f/V\
h\x08\x00\x00\x00\x00\x06\x00\x00\x00\x0dMarku\
p Editor\x07\x00\x00\x00\x0cMar\
kUpWindow\x01\x03\x00\x00\x00\x0eO\
\xeee9\x00 \x00(\x96\xd9d\xca\x00)\x08\x00\x00\
\x00\x00\x06\x00\x00\x00\x15Modify (D\
ouble Click)\x07\x00\x00\x00\
\x0cMarkUpWindow\x01\x03\x00\
\x00\x00\x10S\xf3\x93u\x9e\xded\xca\x89\x07\x88\xfd\x98\
O\x82r\x08\x00\x00\x00\x00\x06\x00\x00\x00\x19Rig\
ht click to copy\
 color\x07\x00\x00\x00\x0cMarkU\
pWindow\x01\x03\x00\x00\x00\x04x\xba\x8a\
\x8d\x08\x00\x00\x00\x00\x06\x00\x00\x00\x07Confi\
rm\x07\x00\x00\x00\x0dMessageWi\
ndow\x01\x03\x00\x00\x00\x04e\xb0X\x9e\x08\x00\
\x00\x00\x00\x06\x00\x00\x00\x03Add\x07\x00\x00\x00\x10\
ModifyListDialog\
\x01\x03\x00\x00\x00\x08S\xefu(\x90x\x98\x05\x08\x00\
\x00\x00\x00\x06\x00\x00\x00\x11Availabl\
e Options\x07\x00\x00\x00\x10Mo\
difyListDialog\x01\x03\
\x00\x00\x00\x04S\xd6m\x88\x08\x00\x00\x00\x00\x06\x00\x00\
\x00\x06Cancel\x07\x00\x00\x00\x10Mod\
ifyListDialog\x01\x03\x00\
\x00\x00\x10\x9e\xded\xca\x90x\x98\x05N\xe5e\xb0X\
\x9e0\x02\x08\x00\x00\x00\x00\x06\x00\x00\x00\x1aCli\
ck an option to \
add it.\x07\x00\x00\x00\x10Modi\
fyListDialog\x01\x03\x00\x00\
\x00\x04x\xba\x8a\x8d\x08\x00\x00\x00\x00\x06\x00\x00\x00\x07\
Confirm\x07\x00\x00\x00\x10Modi\
fyListDialog\x01\x03\x00\x00\
\x00\x04O\xeee9\x08\x00\x00\x00\x00\x06\x00\x00\x00\x06\
Modify\x07\x00\x00\x00\x10Modif\
yListDialog\x01\x03\x00\x00\x00\
\x04N\x0by\xfb\x08\x00\x00\x00\x00\x06\x00\x00\x00\x09M\
ove Down\x07\x00\x00\x00\x10Mod\
ifyListDialog\x01\x03\x00\
\x00\x00\x04N\x0ay\xfb\x08\x00\x00\x00\x00\x06\x00\x00\x00\
\x07Move Up\x07\x00\x00\x00\x10Mod\
ifyListDialog\x01\x03\x00\
\x00\x00\x04y\xfb\x96d\x08\x00\x00\x00\x00\x06\x00\x00\x00\
\x06Remove\x07\x00\x00\x00\x10Modi\
fyListDialog\x01\x03\x00\x00\
\x00\x0ed\x1c\x5c\x0b\x90x\x98\x05\x00.\x00.\x00.\
\x08\x00\x00\x00\x00\x06\x00\x00\x00\x11Search\
 options...\x07\x00\x00\x00\x10\
ModifyListDialog\
\x01\x03\x00\x00\x00\x08]\xf2\x90x\x90x\x98\x05\x08\x00\
\x00\x00\x00\x06\x00\x00\x00\x10Selected\
 Options\x07\x00\x00\x00\x10Mod\
ifyListDialog\x01\x03\x00\
\x00\x00\x04O\xeee9\x08\x00\x00\x00\x00\x06\x00\x00\x00\
\x06Modify\x07\x00\x00\x00\x0eModi\
fyListItem\x01\x03\x00\x00\x00\x12\
\x00(\x000\x00 \x00=\x00 ]\xf2y\x81u(\
\x00)\x08\x00\x00\x00\x00\x06\x00\x00\x00\x0e(0 =\
 disabled)\x07\x00\x00\x00\x18M\
odifyScheduleTas\
kDialog\x01\x03\x00\x00\x00\x08\x002\x00\
4\x5c\x0ffB\x08\x00\x00\x00\x00\x06\x00\x00\x00\x032\
4h\x07\x00\x00\x00\x18ModifySch\
eduleTaskDialog\x01\
\x03\x00\x00\x00\x1cN\xfbR\xd9[\x8cb\x10_\x8c\x81\
\xeaR\xd5\x90\x00Q\xfa\x00 \x00(\x00-\x00e\x00\
)\x08\x00\x00\x00\x00\x06\x00\x00\x00\x1eAuto \
exit after task \
done (-e)\x07\x00\x00\x00\x18Mo\
difyScheduleTask\
Dialog\x01\x03\x00\x00\x00\x04S\xd6m\x88\
\x08\x00\x00\x00\x00\x06\x00\x00\x00\x06Cancel\
\x07\x00\x00\x00\x18ModifySched\
uleTaskDialog\x01\x03\x00\
\x00\x00\x06\x81\xea[\x9a\x7f\xa9\x08\x00\x00\x00\x00\x06\x00\
\x00\x00\x06Custom\x07\x00\x00\x00\x18Mo\
difyScheduleTask\
Dialog\x01\x03\x00\x00\x00\x0a\x81\xea[\x9a\
\x7f\xa9\x95\x93\x96\x94\x08\x00\x00\x00\x00\x06\x00\x00\x00\x0f\
Custom Interval\x07\
\x00\x00\x00\x18ModifySchedu\
leTaskDialog\x01\x03\x00\x00\
\x00\x04k\xcfY)\x08\x00\x00\x00\x00\x06\x00\x00\x00\x05\
Daily\x07\x00\x00\x00\x18Modify\
ScheduleTaskDial\
og\x01\x03\x00\x00\x00\x02Y)\x08\x00\x00\x00\x00\x06\
\x00\x00\x00\x04Days\x07\x00\x00\x00\x18Mod\
ifyScheduleTaskD\
ialog\x01\x03\x00\x00\x00\x04\x5c\x0ffB\x08\
\x00\x00\x00\x00\x06\x00\x00\x00\x04Hour\x07\x00\x00\
\x00\x18ModifySchedule\
TaskDialog\x01\x03\x00\x00\x00\x04\
\x5c\x0ffB\x08\x00\x00\x00\x00\x06\x00\x00\x00\x05Ho\
urs\x07\x00\x00\x00\x18ModifySc\
heduleTaskDialog\
\x01\x03\x00\x00\x00\x04R\x06\x94\x18\x08\x00\x00\x00\x00\x06\
\x00\x00\x00\x06Minute\x07\x00\x00\x00\x18M\
odifyScheduleTas\
kDialog\x01\x03\x00\x00\x00\x04O\xeee\
9\x08\x00\x00\x00\x00\x06\x00\x00\x00\x06Modif\
y\x07\x00\x00\x00\x18ModifySche\
duleTaskDialog\x01\x03\
\x00\x00\x00\x0cO\xeee9\x8a\x08R\x83N\xfbR\xd9\
\x08\x00\x00\x00\x00\x06\x00\x00\x00\x14Modify\
 Schedule Task\x07\x00\
\x00\x00\x18ModifySchedul\
eTaskDialog\x01\x03\x00\x00\x00\
\x04k\xcfg\x08\x08\x00\x00\x00\x00\x06\x00\x00\x00\x07M\
onthly\x07\x00\x00\x00\x18Modif\
yScheduleTaskDia\
log\x01\x03\x00\x00\x00\x04N\x00k!\x08\x00\x00\
\x00\x00\x06\x00\x00\x00\x04Once\x07\x00\x00\x00\x18\
ModifyScheduleTa\
skDialog\x01\x03\x00\x00\x00\x08\x95\x8b\
Y\xcbfB\x95\x93\x08\x00\x00\x00\x00\x06\x00\x00\x00\x0a\
Start Time\x07\x00\x00\x00\x18M\
odifyScheduleTas\
kDialog\x01\x03\x00\x00\x00\x08U_R\
\xd5\x90x\x98\x05\x08\x00\x00\x00\x00\x06\x00\x00\x00\x0fS\
tartup Options\x07\x00\
\x00\x00\x18ModifySchedul\
eTaskDialog\x01\x03\x00\x00\x00\
\x12N\xfbR\xd9}\x22_\x15\x00 \x00(\x00-\x00\
t\x00)\x08\x00\x00\x00\x00\x06\x00\x00\x00\x0fTas\
k Index (-t)\x07\x00\x00\x00\
\x18ModifyScheduleT\
askDialog\x01\x03\x00\x00\x00\x08N\
\xfbR\xd9T\x0dz1\x08\x00\x00\x00\x00\x06\x00\x00\x00\
\x09Task Name\x07\x00\x00\x00\x18M\
odifyScheduleTas\
kDialog\x01\x03\x00\x00\x00\x04\x8d\x85f\
B\x08\x00\x00\x00\x00\x06\x00\x00\x00\x07Timeo\
ut\x07\x00\x00\x00\x18ModifySch\
eduleTaskDialog\x01\
\x03\x00\x00\x00\x08\x89\xf8v|\x98^W\x8b\x08\x00\x00\
\x00\x00\x06\x00\x00\x00\x0cTrigger T\
ype\x07\x00\x00\x00\x18ModifySc\
heduleTaskDialog\
\x01\x03\x00\x00\x00\x04k\xcfTh\x08\x00\x00\x00\x00\x06\
\x00\x00\x00\x06Weekly\x07\x00\x00\x00\x18M\
odifyScheduleTas\
kDialog\x01\x03\x00\x00\x00\x18\x5c\x0ff\
B\x00 \x00(\x000\x00 \x00=\x00 q!\x96\
PR6\x00)\x08\x00\x00\x00\x00\x06\x00\x00\x00\x15h\
ours (0 = unlimi\
ted)\x07\x00\x00\x00\x18ModifyS\
cheduleTaskDialo\
g\x01\x03\x00\x00\x00\x08\x90xS\xd6\x89\x96z\x97\x08\
\x00\x00\x00\x00\x06\x00\x00\x00\x0dChoose \
Window\x07\x00\x00\x00\x0eOneTi\
meTaskTab\x01\x03\x00\x00\x00\x06]\
\xf2[\x8cb\x10\x08\x00\x00\x00\x00\x06\x00\x00\x00\x09C\
ompleted\x07\x00\x00\x00\x0eOne\
TimeTaskTab\x01\x03\x00\x00\x00\
\x04\x8c\xc7\x8a\x0a\x08\x00\x00\x00\x00\x06\x00\x00\x00\x04I\
nfo\x07\x00\x00\x00\x0eOneTimeT\
askTab\x01\x03\x00\x00\x00\x06W\xf7\x88L\
N-\x08\x00\x00\x00\x00\x06\x00\x00\x00\x07Runn\
ing\x07\x00\x00\x00\x0eOneTimeT\
askTab\x01\x03\x00\x00\x00\x02P<\x08\x00\
\x00\x00\x00\x06\x00\x00\x00\x05Value\x07\x00\x00\
\x00\x0eOneTimeTaskTab\
\x01\x03\x00\x00\x00\x04\x93/\x8a\xa4\x08\x00\x00\x00\x00\x06\
\x00\x00\x00\x03app\x07\x00\x00\x00\x10QCor\
eApplication\x01\x03\x00\x00\
\x00\x14O`x\xba[\x9a\x89\x81R*\x96dN\xfb\
R\xd9U\xce\xff\x1f\x08\x00\x00\x00\x00\x06\x00\x00\x00$\
Are you sure you\
 want to delete \
task\x07\x00\x00\x00\x0fSchedul\
eTaskTab\x01\x03\x00\x00\x00\x04S\xd6\
m\x88\x08\x00\x00\x00\x00\x06\x00\x00\x00\x06Canc\
el\x07\x00\x00\x00\x0fScheduleT\
askTab\x01\x03\x00\x00\x00\x08Ru^\xfa\
N\xfbR\xd9\x08\x00\x00\x00\x00\x06\x00\x00\x00\x0bCr\
eate Task\x07\x00\x00\x00\x0fSc\
heduleTaskTab\x01\x03\x00\
\x00\x00\x04R*\x96d\x08\x00\x00\x00\x00\x06\x00\x00\x00\
\x06Delete\x07\x00\x00\x00\x0fSche\
duleTaskTab\x01\x03\x00\x00\x00\
\x08R*\x96dN\xfbR\xd9\x08\x00\x00\x00\x00\x06\x00\
\x00\x00\x0bDelete Task\x07\x00\
\x00\x00\x0fScheduleTaskT\
ab\x01\x03\x00\x00\x00\x04\x93/\x8a\xa4\x08\x00\x00\x00\
\x00\x06\x00\x00\x00\x05Error\x07\x00\x00\x00\x0f\
ScheduleTaskTab\x01\
\x03\x00\x00\x00\x0cRu^\xfaN\xfbR\xd9Y1e\
W\x08\x00\x00\x00\x00\x06\x00\x00\x00\x15Faile\
d to create task\
\x07\x00\x00\x00\x0fScheduleTas\
kTab\x01\x03\x00\x00\x00\x0cR*\x96dN\xfb\
R\xd9Y1eW\x08\x00\x00\x00\x00\x06\x00\x00\x00\x15\
Failed to delete\
 task\x07\x00\x00\x00\x0fSchedu\
leTaskTab\x01\x03\x00\x00\x00\x0cR\
\xa0\x8f\x09N\xfbR\xd9Y1eW\x08\x00\x00\x00\x00\
\x06\x00\x00\x00\x14Failed to l\
oad tasks\x07\x00\x00\x00\x0fSc\
heduleTaskTab\x01\x03\x00\
\x00\x00\x0cO\xeee9N\xfbR\xd9Y1eW\x08\
\x00\x00\x00\x00\x06\x00\x00\x00\x15Failed \
to modify task\x07\x00\
\x00\x00\x0fScheduleTaskT\
ab\x01\x03\x00\x00\x00\x1cO\xeee9N\xfbR\xd9\
Y1eW\xff\x1aq!l\xd5R*\x96d\x82\x0a\
N\xfbR\xd9\x08\x00\x00\x00\x00\x06\x00\x00\x00-Fa\
iled to modify t\
ask: cannot dele\
te old task\x07\x00\x00\x00\x0f\
ScheduleTaskTab\x01\
\x03\x00\x00\x00\x12bS\x95\x8bO\xeee9\x5c\x0d\x8a\
qhFY1eW\x08\x00\x00\x00\x00\x06\x00\x00\x00\
\x1cFailed to open \
modify dialog\x07\x00\x00\
\x00\x0fScheduleTaskTa\
b\x01\x03\x00\x00\x00\x10R\x07c\xdbN\xfbR\xd9r\
\xc0aKY1eW\x08\x00\x00\x00\x00\x06\x00\x00\x00\
\x15Failed to toggl\
e task\x07\x00\x00\x00\x0fSched\
uleTaskTab\x01\x03\x00\x00\x00\x04\
R7e\xb0\x08\x00\x00\x00\x00\x06\x00\x00\x00\x07Re\
fresh\x07\x00\x00\x00\x0fSchedu\
leTaskTab\x01\x03\x00\x00\x00\x08R\
7e\xb0Y1eW\x08\x00\x00\x00\x00\x06\x00\x00\x00\
\x0eRefresh failed\x07\
\x00\x00\x00\x0fScheduleTask\
Tab\x01\x03\x00\x00\x00\x08\x8a\x08R\x83N\xfbR\
\xd9\x08\x00\x00\x00\x00\x06\x00\x00\x00\x0eSched\
ule Tasks\x07\x00\x00\x00\x0fSc\
heduleTaskTab\x01\x03\x00\
\x00\x00\x04b\x10R\x9f\x08\x00\x00\x00\x00\x06\x00\x00\x00\
\x07Success\x07\x00\x00\x00\x0fSch\
eduleTaskTab\x01\x03\x00\x00\
\x00\x0cN\xfbR\xd9Ru^\xfab\x10R\x9f\x08\x00\
\x00\x00\x00\x06\x00\x00\x00\x19Task cre\
ated successfull\
y\x07\x00\x00\x00\x0fScheduleTa\
skTab\x01\x03\x00\x00\x00\x0cN\xfbR\xd9R\
*\x96db\x10R\x9f\x08\x00\x00\x00\x00\x06\x00\x00\x00\
\x19Task deleted su\
ccessfully\x07\x00\x00\x00\x0fS\
cheduleTaskTab\x01\x03\
\x00\x00\x00\x0aN\xfbR\xd9]\xf2y\x81u(\x08\x00\
\x00\x00\x00\x06\x00\x00\x00\x0dTask dis\
abled\x07\x00\x00\x00\x0fSchedu\
leTaskTab\x01\x03\x00\x00\x00\x0aN\
\xfbR\xd9]\xf2U_u(\x08\x00\x00\x00\x00\x06\x00\
\x00\x00\x0cTask enabled\x07\
\x00\x00\x00\x0fScheduleTask\
Tab\x01\x03\x00\x00\x00\x0cN\xfbR\xd9O\xeee\
9b\x10R\x9f\x08\x00\x00\x00\x00\x06\x00\x00\x00\x1aT\
ask modified suc\
cessfully\x07\x00\x00\x00\x0fSc\
heduleTaskTab\x01\x03\x00\
\x00\x00\x10}\xe9[XN-g*b~R0N\
\xfbR\xd9\x08\x00\x00\x00\x00\x06\x00\x00\x00\x17Tas\
k not found in c\
ache\x07\x00\x00\x00\x0fSchedul\
eTaskTab\x01\x03\x00\x00\x00\x0aN\xfb\
R\xd9]\xf2R7e\xb0\x08\x00\x00\x00\x00\x06\x00\x00\
\x00\x0fTasks refreshe\
d\x07\x00\x00\x00\x0fScheduleTa\
skTab\x01\x03\x00\x00\x00\x04d\xcdO\x5c\x08\
\x00\x00\x00\x00\x06\x00\x00\x00\x07Actions\
\x07\x00\x00\x00\x11ScheduleTas\
kTable\x01\x03\x00\x00\x00\x06\x81\xea[\x9a\
\x7f\xa9\x08\x00\x00\x00\x00\x06\x00\x00\x00\x06Cust\
om\x07\x00\x00\x00\x11ScheduleT\
askTable\x01\x03\x00\x00\x00\x04k\xcf\
Y)\x08\x00\x00\x00\x00\x06\x00\x00\x00\x05Dail\
y\x07\x00\x00\x00\x11ScheduleTa\
skTable\x01\x03\x00\x00\x00\x04R*\x96\
d\x08\x00\x00\x00\x00\x06\x00\x00\x00\x06Delet\
e\x07\x00\x00\x00\x11ScheduleTa\
skTable\x01\x03\x00\x00\x00\x06]\xf2y\
\x81u(\x08\x00\x00\x00\x00\x06\x00\x00\x00\x08Dis\
abled\x07\x00\x00\x00\x11Schedu\
leTaskTable\x01\x03\x00\x00\x00\
\x06]\xf2U_u(\x08\x00\x00\x00\x00\x06\x00\x00\x00\
\x07Enabled\x07\x00\x00\x00\x11Sch\
eduleTaskTable\x01\x03\
\x00\x00\x00\x04O\xeee9\x08\x00\x00\x00\x00\x06\x00\x00\
\x00\x06Modify\x07\x00\x00\x00\x11Sch\
eduleTaskTable\x01\x03\
\x00\x00\x00\x04k\xcfg\x08\x08\x00\x00\x00\x00\x06\x00\x00\
\x00\x07Monthly\x07\x00\x00\x00\x11Sc\
heduleTaskTable\x01\
\x03\x00\x00\x00\x08N\x0bk!\x90K\x88L\x08\x00\x00\
\x00\x00\x06\x00\x00\x00\x08Next Run\x07\
\x00\x00\x00\x11ScheduleTask\
Table\x01\x03\x00\x00\x00\x04N\x00k!\x08\
\x00\x00\x00\x00\x06\x00\x00\x00\x04Once\x07\x00\x00\
\x00\x11ScheduleTaskTa\
ble\x01\x03\x00\x00\x00\x08n\x96P\x99\x5c1}\
\xd2\x08\x00\x00\x00\x00\x06\x00\x00\x00\x05Ready\
\x07\x00\x00\x00\x11ScheduleTas\
kTable\x01\x03\x00\x00\x00\x06\x90K\x88L\
N-\x08\x00\x00\x00\x00\x06\x00\x00\x00\x07Runn\
ing\x07\x00\x00\x00\x11Schedule\
TaskTable\x01\x03\x00\x00\x00\x04r\
\xc0aK\x08\x00\x00\x00\x00\x06\x00\x00\x00\x06Sta\
tus\x07\x00\x00\x00\x11Schedule\
TaskTable\x01\x03\x00\x00\x00\x08N\
\xfbR\xd9T\x0dz1\x08\x00\x00\x00\x00\x06\x00\x00\x00\
\x09Task Name\x07\x00\x00\x00\x11S\
cheduleTaskTable\
\x01\x03\x00\x00\x00\x08\x89\xf8v|\x98^W\x8b\x08\x00\
\x00\x00\x00\x06\x00\x00\x00\x0cTrigger \
Type\x07\x00\x00\x00\x11Schedul\
eTaskTable\x01\x03\x00\x00\x00\x04\
g*w\xe5\x08\x00\x00\x00\x00\x06\x00\x00\x00\x07Un\
known\x07\x00\x00\x00\x11Schedu\
leTaskTable\x01\x03\x00\x00\x00\
\x04k\xcfTh\x08\x00\x00\x00\x00\x06\x00\x00\x00\x06W\
eekly\x07\x00\x00\x00\x11Schedu\
leTaskTable\x01\x03\x00\x00\x00\
4\x00A\x00D\x00B\x00 b*W\x16\x00 \x00\
(e/c\xf4\x80\xccfo0\x01v\xf8[\xb9`\
'\x9a\xd80\x01\x90\x1f^\xa6ab0\x01\x9a\xd8^\
\xf6\x90r\x00)\x08\x00\x00\x00\x00\x06\x00\x00\x00@A\
DB(Supports Back\
ground, Slow, Hi\
gh Compatibility\
, High Latency)\x07\
\x00\x00\x00\x15SelectCaptur\
eListView\x01\x03\x00\x00\x00\x22\x00\
B\x00i\x00t\x00B\x00l\x00t\x00 \x00-\x00\
 g\x00_\xeb\xff\x0cQ|[\xb9`'g\x00]\
\xee\x08\x00\x00\x00\x00\x06\x00\x00\x00\x06BitBl\
t\x07\x00\x00\x00\x15SelectCapt\
ureListView\x01\x03\x00\x00\x00\
6\x00B\x00i\x00t\x00B\x00l\x00t\x00_\x00\
R\x00e\x00n\x00d\x00e\x00r\x00F\x00u\x00\
l\x00l\x00 \x00-\x00 ab\xff\x0cQ|[\
\xb9`'g\x00Y}\x08\x00\x00\x00\x00\x06\x00\x00\x00\
\x11BitBlt_RenderFu\
ll\x07\x00\x00\x00\x15SelectCap\
tureListView\x01\x03\x00\x00\
\x00\x0ap\x0f\x89\xbdVhb*W\x16\x08\x00\x00\x00\
\x00\x06\x00\x00\x00\x0fBrowser Ca\
pture\x07\x00\x00\x00\x15Select\
CaptureListView\x01\
\x03\x00\x00\x00\x18\x00D\x00X\x00G\x00I\x00 \x00\
-\x00 g\x00ab\xff\x0cY\x07u(\x08\x00\x00\
\x00\x00\x06\x00\x00\x00\x04DXGI\x07\x00\x00\x00\x15\
SelectCaptureLis\
tView\x01\x03\x00\x00\x00(j!d\xecV\
h\x89\x96z\x97\x00 \x00(e/c\xf4\x80\xccf\
o0\x01\x90\x1f^\xa6_\xeb0\x01ON^\xf6\x90\
r\x00)\x08\x00\x00\x00\x00\x06\x00\x00\x007Emu\
lator Window(Sup\
ports Background\
, Fast, Low Late\
ncy)\x07\x00\x00\x00\x15SelectC\
aptureListView\x01\x03\
\x00\x00\x00\x08\x90Jb2\x89\x96z\x97\x08\x00\x00\x00\
\x00\x06\x00\x00\x00\x0bGame Windo\
w\x07\x00\x00\x00\x15SelectCapt\
ureListView\x01\x03\x00\x00\x00\
8S\x9fu\x1f\x00 \x00(\x00M\x00u\x00M\x00\
u\x00P\x00l\x00a\x00y\x00e\x00r\x00 \x00\
1\x002\x00 rHg,\x00 \x00>\x00=\x00\
 \x004\x00.\x000\x00)\x08\x00\x00\x00\x00\x06\x00\
\x00\x00!Ipc (MuMuPlay\
er12 version >= \
4.0)\x07\x00\x00\x00\x15SelectC\
aptureListView\x01\x03\
\x00\x00\x00\x1e\x00W\x00G\x00C\x00 \x00-\x00 \
\x00>\x00=\x00W\x00i\x00n\x001\x000\xff\x0c\
_\xeb\x08\x00\x00\x00\x00\x06\x00\x00\x00\x03WGC\x07\
\x00\x00\x00\x15SelectCaptur\
eListView\x01\x03\x00\x00\x00&\x00\
A\x00D\x00B\x00I\x00n\x00t\x00e\x00r\x00\
a\x00c\x00t\x00i\x00o\x00n\x00 \x00-\x00\
 T\x0eS\xf0\x08\x00\x00\x00\x00\x06\x00\x00\x00\x0eA\
DBInteraction\x07\x00\x00\
\x00\x19SelectInteract\
ionListView\x01\x03\x00\x00\x00\
.\x00B\x00r\x00o\x00w\x00s\x00e\x00r\x00\
I\x00n\x00t\x00e\x00r\x00a\x00c\x00t\x00\
i\x00o\x00n\x00 \x00-\x00 T\x0eS\xf0\x08\
\x00\x00\x00\x00\x06\x00\x00\x00\x12Browser\
Interaction\x07\x00\x00\x00\x19\
SelectInteractio\
nListView\x01\x03\x00\x00\x004\x00\
G\x00e\x00n\x00s\x00h\x00i\x00n\x00 \x00\
-\x00 T\x0eS\xf0\xff\x0ce/c\x01\x90\xe8R\
\x06\x00 \x00U\x00n\x00i\x00t\x00y\x00 n\
8b\x0f\x08\x00\x00\x00\x00\x06\x00\x00\x00\x07Gen\
shin\x07\x00\x00\x00\x19SelectI\
nteractionListVi\
ew\x01\x03\x00\x00\x00:\x00P\x00o\x00s\x00t\
\x00M\x00e\x00s\x00s\x00a\x00g\x00e\x00 \
\x00-\x00 T\x0eS\xf0\xff\x0cQ|[\xb9Y'\
Y\x1aep^\x94u(T\x8c\x5c\x11epn8\
b\x0f\x08\x00\x00\x00\x00\x06\x00\x00\x00\x0bPost\
Message\x07\x00\x00\x00\x19Sele\
ctInteractionLis\
tView\x01\x03\x00\x00\x00.\x00P\x00y\x00\
D\x00i\x00r\x00e\x00c\x00t\x00 \x00-\x00\
 RMS\xf0\xff\x0c\x00P\x00y\x00n\x00p\x00\
u\x00t\x00 Y\x07u(\x08\x00\x00\x00\x00\x06\x00\
\x00\x00\x08PyDirect\x07\x00\x00\x00\x19\
SelectInteractio\
nListView\x01\x03\x00\x00\x00\x22\x00\
P\x00y\x00n\x00p\x00u\x00t\x00 \x00-\x00\
 RMS\xf0\xff\x0cQ|[\xb9`'g\x00Y\
}\x08\x00\x00\x00\x00\x06\x00\x00\x00\x06Pynpu\
t\x07\x00\x00\x00\x19SelectInte\
ractionListView\x01\
\x03\x00\x00\x00\x04\x95\xdce\xbc\x08\x00\x00\x00\x00\x06\x00\
\x00\x00\x05About\x07\x00\x00\x00\x0aSet\
tingTab\x01\x03\x00\x00\x00\x08\x8e\xdf\x9a\
\xd4\x8a-[\x9a\x08\x00\x00\x00\x00\x06\x00\x00\x00\x0aA\
pp Config\x07\x00\x00\x00\x0aSe\
ttingTab\x01\x03\x00\x00\x00\x08\x8e\xdf\
\x9a\xd4\x8a-[\x9a\x08\x00\x00\x00\x00\x06\x00\x00\x00\x0c\
App Settings\x07\x00\x00\x00\
\x0aSettingTab\x01\x03\x00\x00\x00\
\x0ca\xc9u(z\x0b_\x0fN;\x98L\x08\x00\x00\
\x00\x00\x06\x00\x00\x00\x11Applicati\
on Theme\x07\x00\x00\x00\x0aSet\
tingTab\x01\x03\x00\x00\x00\x12\x8b\x8af\
\xf4a\xc9u(z\x0b_\x0fv\x84Y\x16\x89\xc0\x08\
\x00\x00\x00\x00\x06\x00\x00\x00(Change \
the appearance o\
f the applicatio\
n\x07\x00\x00\x00\x0aSettingTab\
\x01\x03\x00\x00\x00\x08j\xa2g\xe5f\xf4e\xb0\x08\x00\
\x00\x00\x00\x06\x00\x00\x00\x0cCheck up\
date\x07\x00\x00\x00\x0aSetting\
Tab\x01\x03\x00\x00\x00\x12\x8a-[\x9a\x5c\x07W\
(\x91\xcdU__\x8cu\x1feH\x08\x00\x00\x00\x00\
\x06\x00\x00\x00(Configurati\
on takes effect \
after restart\x07\x00\x00\
\x00\x0aSettingTab\x01\x03\x00\x00\
\x00\x04m\xf1\x82r\x08\x00\x00\x00\x00\x06\x00\x00\x00\x04\
Dark\x07\x00\x00\x00\x0aSetting\
Tab\x01\x03\x00\x00\x00Hc\xa2}\x22e\xb0R\
\x9f\x80\xfdN&[x\x7f\xd2g\x09\x95\xdc\x00 \x00\
P\x00y\x00Q\x00t\x00-\x00F\x00l\x00u\x00\
e\x00n\x00t\x00-\x00W\x00i\x00d\x00g\x00\
e\x00t\x00s\x00 v\x84[\xe6u(b\x80]\
\xe7\x08\x00\x00\x00\x00\x06\x00\x00\x00EDisco\
ver new features\
 and learn usefu\
l tips about PyQ\
t-Fluent-Widgets\
\x07\x00\x00\x00\x0aSettingTab\x01\
\x03\x00\x00\x00\x04\x8a\xaaf\x0e\x08\x00\x00\x00\x00\x06\x00\
\x00\x00\x04Help\x07\x00\x00\x00\x0aSett\
ingTab\x01\x03\x00\x00\x00\x04\x8a\x9e\x8a\x00\
\x08\x00\x00\x00\x00\x06\x00\x00\x00\x08Langua\
ge\x07\x00\x00\x00\x0aSettingTa\
b\x01\x03\x00\x00\x00\x04m\xfa\x82r\x08\x00\x00\x00\x00\
\x06\x00\x00\x00\x05Light\x07\x00\x00\x00\x0aS\
ettingTab\x01\x03\x00\x00\x00\x0c\x95\
\x8bU_\x8a\xaaf\x0e\x98\x01\x97b\x08\x00\x00\x00\x00\
\x06\x00\x00\x00\x0eOpen help p\
age\x07\x00\x00\x00\x0aSettingT\
ab\x01\x03\x00\x00\x00\x0c\x90xd\xc7`\xa8v\x84\
\x8a\x9e\x8a\x00\x08\x00\x00\x00\x00\x06\x00\x00\x00\x1bSe\
t your preferred\
 language\x07\x00\x00\x00\x0aSe\
ttingTab\x01\x03\x00\x00\x00\x16\x8a-\
[\x9a\x00 \x00U\x00I\x00 v\x84POY}\
\x8a\x9e\x8a\x00\x08\x00\x00\x00\x00\x06\x00\x00\x00\x22Se\
t your preferred\
 language for UI\
\x07\x00\x00\x00\x0aSettingTab\x01\
\x03\x00\x00\x00\x04\x8a-[\x9a\x08\x00\x00\x00\x00\x06\x00\
\x00\x00\x08Settings\x07\x00\x00\x00\x0a\
SettingTab\x01\x03\x00\x00\x00\x08\
f\xf4e\xb0b\x10R\x9f\x08\x00\x00\x00\x00\x06\x00\x00\
\x00\x14Updated succes\
sfully\x07\x00\x00\x00\x0aSetti\
ngTab\x01\x03\x00\x00\x00\x0cO\x7fu(|\
\xfb}q\x8a-[\x9a\x08\x00\x00\x00\x00\x06\x00\x00\x00\
\x12Use system sett\
ing\x07\x00\x00\x00\x0aSettingT\
ab\x01\x03\x00\x00\x00\x04rHg,\x08\x00\x00\x00\
\x00\x06\x00\x00\x00\x07Version\x07\x00\x00\
\x00\x0aSettingTab\x01\x03\x00\x00\
\x00\x08Qh\x90\xe8f\xabP\x5c\x08\x00\x00\x00\x00\x06\
\x00\x00\x00\x09Pause All\x07\x00\x00\
\x00\x0bStartButton\x01\x03\x00\
\x00\x00\x08Qh\x90\xe8\x95\x8bY\xcb\x08\x00\x00\x00\x00\
\x06\x00\x00\x00\x09Start All\x07\x00\
\x00\x00\x0bStartButton\x01\x03\
\x00\x00\x00\x04b*W\x16\x08\x00\x00\x00\x00\x06\x00\x00\
\x00\x07Capture\x07\x00\x00\x00\x09St\
artCard\x01\x03\x00\x00\x00\x08S/Q\
\xfae\xe5\x8a\x8c\x08\x00\x00\x00\x00\x06\x00\x00\x00\x0bE\
xport Logs\x07\x00\x00\x00\x09S\
tartCard\x01\x03\x00\x00\x00\x0e\x90J\
b2\x89\x96z\x97]\xf2\x96\xe2}\xda\x08\x00\x00\x00\
\x00\x06\x00\x00\x00\x18Game Windo\
w Disconnected\x07\x00\
\x00\x00\x09StartCard\x01\x03\x00\x00\
\x00\x08[\x89\x88\xddv\xee\x93\x04\x08\x00\x00\x00\x00\x06\
\x00\x00\x00\x0eInstall Fold\
er\x07\x00\x00\x00\x09StartCard\
\x01\x03\x00\x00\x00\x04f\xabP\x5c\x08\x00\x00\x00\x00\x06\
\x00\x00\x00\x05Pause\x07\x00\x00\x00\x09St\
artCard\x01\x03\x00\x00\x00&]\xf2f\
\xabP\x5c\xff\x1a\x00P\x00C\x00 rH\x90Jb\
2\x89\x96z\x97_\xc5\x98\x08W(g\x00RM\x5c\
d\xff\x01\x08\x00\x00\x00\x00\x06\x00\x00\x00(Pau\
sed: PC Game Win\
dow Must Be in F\
ront!\x07\x00\x00\x00\x09StartC\
ard\x01\x03\x00\x00\x00\x08\x91\xcde\xb0ett\
\x06\x08\x00\x00\x00\x00\x06\x00\x00\x00\x07Refre\
sh\x07\x00\x00\x00\x09StartCard\
\x01\x03\x00\x00\x00\x06W\xf7\x88LN-\x08\x00\x00\x00\
\x00\x06\x00\x00\x00\x07Running\x07\x00\x00\
\x00\x09StartCard\x01\x03\x00\x00\x00\
\x04\x95\x8bY\xcb\x08\x00\x00\x00\x00\x06\x00\x00\x00\x05S\
tart\x07\x00\x00\x00\x09StartCa\
rd\x01\x03\x00\x00\x00\x08U_R\xd5\x90Jb2\
\x08\x00\x00\x00\x00\x06\x00\x00\x00\x0aStart \
Game\x07\x00\x00\x00\x09StartCa\
rd\x01\x03\x00\x00\x00\x0cSsfB\x89\xf8v|\
N\xfbR\xd9\x08\x00\x00\x00\x00\x06\x00\x00\x00\x0dTr\
igger Tasks\x07\x00\x00\x00\x09\
StartCard\x01\x03\x00\x00\x00\x12\x9e\
\xded\xca\x90xS\xd6N\xfbR\xd9N\xe5\x95\x8bY\
\xcb\x08\x00\x00\x00\x00\x06\x00\x00\x00\x1eWaiti\
ng for task to b\
e enabled\x07\x00\x00\x00\x09St\
artCard\x01\x03\x00\x00\x000\xff\x0c\x8a\
\xcbx\xba\x8a\x8d\x90Jb2\x89\x96z\x97f/T\
&\x88\xab~.e>0\x01\x96\xb1\x85\xcfb\x16\x8d\
\x85Q\xfa\x87\xa2^U{\xc4W\x0d0\x02\x08\x00\x00\
\x00\x00\x06\x00\x00\x00?, check i\
f game windows i\
s minimized, res\
ized or out of s\
creen.\x07\x00\x00\x00\x0fStart\
Controller\x01\x03\x00\x00\x00*\
\xff\x0ce/c\xf4v\x84g\x00ON\x89\xe3g\x90\
^\xa6p\xba\x00 \x00{\x00m\x00i\x00n\x00_\
\x00s\x00i\x00z\x00e\x00}\x08\x00\x00\x00\x00\x06\
\x00\x00\x00,, the suppor\
ted min resoluti\
on is {min_size}\
\x07\x00\x00\x00\x0fStartContro\
ller\x01\x03\x00\x00\x006\xff\x0ce/c\xf4\
v\x84\x89\x96z\x97k\xd4O\x8bp\xba\x00 \x00{\
\x00s\x00u\x00p\x00p\x00o\x00r\x00t\x00e\
\x00d\x00_\x00r\x00a\x00t\x00i\x00o\x00}\
\x08\x00\x00\x00\x00\x06\x00\x00\x00*, the \
supported ratio \
is {supported_ra\
tio}\x07\x00\x00\x00\x0fStartCo\
ntroller\x01\x03\x00\x00\x00,\x98o\
y:\x8a-[\x9aN-v\x84\x81\xeaR\xd5\x00 \
\x00H\x00D\x00R\x00 ]\xf2\x95\x8bU_\xff\x0c\
\x8a\xcbQH\x95\xdc\x95\x890\x02\x08\x00\x00\x00\x00\x06\
\x00\x00\x00.Auto HDR is \
enabled, please \
turn it off firs\
t.\x07\x00\x00\x00\x0fStartCont\
roller\x01\x03\x00\x00\x008\x98oy:\
\x8a-[\x9aN-v\x84\x81\xeaR\xd5\x00 \x00H\
\x00D\x00R\x00 ]\xf2\x95\x8bU_\xff\x0cS\xef\
\x80\xfd\x5c\x0e\x81\xf4N\xfbR\xd9W\xf7\x88Lup\
^8\xff\x01\x08\x00\x00\x00\x00\x06\x00\x00\x004Au\
to HDR is enable\
d, tasks might n\
ot work correctl\
y!\x07\x00\x00\x00\x0fStartCont\
roller\x01\x03\x00\x00\x00 q!l\xd5\
U_R\xd5\x90Jb2\xff\x0c\x8a\xcbx\xba\x8a\x8d\
\x90Jb2]\xf2[\x89\x88\xdd\xff\x01\x08\x00\x00\x00\
\x00\x06\x00\x00\x001Can't star\
t game, make sur\
e the game is in\
stalled\x07\x00\x00\x00\x0fStar\
tController\x01\x03\x00\x00\x00\
\x18b*W\x16Y1eW\xff\x0c\x8a\xcbj\xa2g\
\xe5\x90Jb2\x89\x96z\x97\x08\x00\x00\x00\x00\x06\x00\
\x00\x00(Capture faile\
d, please check \
game window\x07\x00\x00\x00\x0f\
StartController\x01\
\x03\x00\x00\x00\x18j!d\xecVhg*\x90#}\
\xda\xff\x0c\x8a\xcbQHU_R\xd5\xff\x01\x08\x00\x00\
\x00\x00\x06\x00\x00\x004Emulator \
is not connected\
, start the emul\
ator first!\x07\x00\x00\x00\x0f\
StartController\x01\
\x03\x00\x00\x00\x10\x00G\x00P\x00U\x00 \x9aER\
\xd5\x8bfTJ\x08\x00\x00\x00\x00\x06\x00\x00\x00\x12G\
PU Driver Warnin\
g\x07\x00\x00\x00\x0fStartContr\
oller\x01\x03\x00\x00\x00\x1cq!l\xd5U\
_R\xd5\x90Jb2\xff\x0c\x8a\xcbbKR\xd5\x95\
\x8bU_\x90Jb2\x08\x00\x00\x00\x00\x06\x00\x00\x00\
4Game path does \
not exist, Pleas\
e open game manu\
ally!\x07\x00\x00\x00\x0fStartC\
ontroller\x01\x03\x00\x00\x00*N\
\x0de/c\xf4v\xeeRM\x89\xe3g\x90^\xa6\x00\
 \x00{\x00r\x00e\x00s\x00o\x00l\x00u\x00\
t\x00i\x00o\x00n\x00}\x08\x00\x00\x00\x00\x06\x00\
\x00\x00-Game resoluti\
on {resolution} \
is not supported\
\x07\x00\x00\x00\x0fStartContro\
ller\x01\x03\x00\x00\x00T{\xc4g,W\x16\
rG\x8f\x09QeY1eW\xff\x0c\x8a\xcb\x91\xcd\
e\xb0[\x89\x88\xdd0\x02\x00(\x8a\xcbR\xffe>\
\x7fne\xbc0\x0cN\x0b\x8f\x090\x0d{IS\xef\
\x80\xfdg\x03\x81\xeaR\xd5R*\x96dW\x16rG\
v\x84\x8c\xc7e\x99Y>Qg0\x02\x00)\x08\x00\
\x00\x00\x00\x06\x00\x00\x00\x5cImage re\
source load fail\
ed, please try i\
nstall again.(Do\
n't put the app \
in Downloads fol\
der)\x07\x00\x00\x00\x0fStartCo\
ntroller\x01\x03\x00\x00\x00\x10g*\
\x90xS\xd6\x90Jb2\x89\x96z\x97\xff\x01\x08\x00\
\x00\x00\x00\x06\x00\x00\x00\x11No game \
selected!\x07\x00\x00\x00\x0fSt\
artController\x01\x03\x00\
\x00\x00:\x00P\x00C\x00 rH\x97\x00\x89\x81{\
\xa1t\x06T\xe1k\x0a\x96P\xff\x0c\x8a\xcbN\xe5{\
\xa1t\x06T\xe1k\x0a\x96P\x91\xcde\xb0U_R\
\xd5kda\xc9u(z\x0b_\x0f\xff\x01\x08\x00\x00\
\x00\x00\x06\x00\x00\x00TPC versio\
n requires admin\
 privileges, Ple\
ase restart this\
 app with admin \
privileges!\x07\x00\x00\x00\x0f\
StartController\x01\
\x03\x00\x00\x00F\x89\xe3g\x90^\xa6\x00 \x00{\x00\
r\x00e\x00s\x00o\x00l\x00u\x00t\x00i\x00\
o\x00n\x00}\x00 j\xa2g\xe5Y1eW\xff\
\x0c\x90\xe8R\x06N\xfbR\xd9S\xef\x80\xfdq!l\
\xd5kc^8\x90KO\x5c\xff\x01\x08\x00\x00\x00\x00\
\x06\x00\x00\x00JResolution \
{resolution} che\
ck failed, some \
tasks might not \
work correctly!\x07\
\x00\x00\x00\x0fStartControl\
ler\x01\x03\x00\x00\x00(v\xeeRMv\x84\x90\
Jb2b\x16j!d\xecVhN\x0de/c\
\xf4b@\x90xv\x84b*W\x16e\xb9_\x0f\xff\
\x01\x08\x00\x00\x00\x00\x06\x00\x00\x00DSelec\
ted capture meth\
od is not suppor\
ted by the game \
or your system!\x07\
\x00\x00\x00\x0fStartControl\
ler\x01\x03\x00\x00\x00 U_R\xd5\x90Jb\
2Y1eW\xff\x0c\x8a\xcbQHbKR\xd5U\
_R\xd5\x90Jb2\xff\x01\x08\x00\x00\x00\x00\x06\x00\
\x00\x00*Start game fa\
iled, please sta\
rt game first\x07\x00\x00\
\x00\x0fStartControlle\
r\x01\x03\x00\x00\x00\x0aU_R\xd5\x90>fB\xff\
\x01\x08\x00\x00\x00\x00\x06\x00\x00\x00\x13Start\
 game timeout!\x07\x00\
\x00\x00\x0fStartControll\
er\x01\x03\x00\x00\x008\x90Jb2\x89\x96z\x97\
]\xf2g\x00\x5c\x0fS\x16b\x16\x90\xe8R\x06\x8d\x85\
Q\xfa\x87\xa2^U{\xc4W\x0d\xff\x0c\x8a\xcbR\xff\
O\x7fu(shOTQh\x87\xa2^U\xff\x01\
\x08\x00\x00\x00\x00\x06\x00\x00\x00KWindow\
 is minimized or\
 out of screen, \
and do NOT use f\
ull-screen exclu\
sive!\x07\x00\x00\x00\x0fStartC\
ontroller\x01\x03\x00\x00\x004\x89\
\x96z\x97]\xf2g\x00\x5c\x0fS\x16b\x16\x8d\x85Q\
\xfa\x87\xa2^U{\xc4W\x0d\xff\x0c\x8a\xcbR\xffO\
\x7fu(shOTQh\x87\xa2^Uj!_\
\x0f\xff\x01\x08\x00\x00\x00\x00\x06\x00\x00\x00OWin\
dow is minimized\
 or out of scree\
n, and don't use\
 full-screen exc\
lusive mode!\x07\x00\x00\x00\
\x0fStartController\
\x01\x03\x00\x00\x00@\x00W\x00i\x00n\x00d\x00o\
\x00w\x00s\x00 \x98oy:\x8a-[\x9aN-\
v\x84Y\x1c\x95\x93QI}\xda\x00/\x8bww<\
j!_\x0f]\xf2\x95\x8bU_\xff\x0c\x8a\xcbQH\
\x95\xdc\x95\x890\x02\x08\x00\x00\x00\x00\x06\x00\x00\x009\
Windows night li\
ght is enabled, \
please turn it o\
ff first.\x07\x00\x00\x00\x0fSt\
artController\x01\x03\x00\
\x00\x00L\x00W\x00i\x00n\x00d\x00o\x00w\x00\
s\x00 \x98oy:\x8a-[\x9aN-v\x84Y\
\x1c\x95\x93QI}\xda\x00/\x8bww<j!_\
\x0f]\xf2\x95\x8bU_\xff\x0cN\xfbR\xd9S\xef\x80\
\xfdq!l\xd5kc^8\x90KO\x5c\xff\x01\x08\
\x00\x00\x00\x00\x06\x00\x00\x00?Windows\
 night light is \
enabled, tasks m\
ight not work co\
rrectly!\x07\x00\x00\x00\x0fSta\
rtController\x01\x03\x00\x00\
\x00@\x00{\x00v\x00e\x00n\x00d\x00o\x00r\
\x00}\x00 \x00{\x00f\x00e\x00a\x00t\x00u\
\x00r\x00e\x00}\x00 ]\xf2U_u(\xff\x0c\
S\xef\x80\xfd\x5c\x0e\x81\xf4R\x9f\x80\xfdup^8\
\xff\x01\x08\x00\x00\x00\x00\x06\x00\x00\x009{ven\
dor} {feature} i\
s enabled and ma\
y cause malfunct\
ions!\x07\x00\x00\x00\x0fStartC\
ontroller\x01\x03\x00\x00\x00\x1e\x00\
{\x00}\x00 g*\x90#}\xda\xff\x0c\x8a\xcb\x90\
xS\xd6\x90Jb2\x89\x96z\x970\x02\x08\x00\x00\
\x00\x00\x06\x00\x00\x003{} is not\
 connected, plea\
se select the ga\
me window.\x07\x00\x00\x00\x0fS\
tartController\x01\x03\
\x00\x00\x00\x06\x8f\x09QeN-\x08\x00\x00\x00\x00\x06\
\x00\x00\x00\x07Loading\x07\x00\x00\x00\x12\
StartLoadingDial\
og\x01\x03\x00\x00\x002kcW(U_R\xd5\
\xff\x0c\x00{\x00s\x00e\x00c\x00o\x00n\x00d\
\x00s\x00_\x00l\x00e\x00f\x00t\x00}\x00 \
y\xd2_\x8c\x90>fB0\x02\x08\x00\x00\x00\x00\x06\
\x00\x00\x00/Starting, ti\
meout after {sec\
onds_left} secon\
ds.\x07\x00\x00\x00\x12StartLoa\
dingDialog\x01\x03\x00\x00\x00\x12\
\x00A\x00n\x00d\x00r\x00o\x00i\x00d\x00 \
rH\x08\x00\x00\x00\x00\x06\x00\x00\x00\x07Andr\
oid\x07\x00\x00\x00\x08StartTab\
\x01\x03\x00\x00\x00\x04b*W\x16\x08\x00\x00\x00\x00\x06\
\x00\x00\x00\x07Capture\x07\x00\x00\x00\x08\
StartTab\x01\x03\x00\x00\x00\x08b*\
W\x16e\xb9_\x0f\x08\x00\x00\x00\x00\x06\x00\x00\x00\x0e\
Capture Method\x07\x00\
\x00\x00\x08StartTab\x01\x03\x00\x00\x00\
\x0c\x90xd\xc7N\x92R\xd5e\xb9_\x0f\x08\x00\x00\
\x00\x00\x06\x00\x00\x00\x12Choose In\
teraction\x07\x00\x00\x00\x08St\
artTab\x01\x03\x00\x00\x00\x08\x90xS\xd6\
\x89\x96z\x97\x08\x00\x00\x00\x00\x06\x00\x00\x00\x0dCh\
oose Window\x07\x00\x00\x00\x08\
StartTab\x01\x03\x00\x00\x00\x06]\xf2\
\x90#}\xda\x08\x00\x00\x00\x00\x06\x00\x00\x00\x09Co\
nnected\x07\x00\x00\x00\x08Star\
tTab\x01\x03\x00\x00\x00\x08\x95\x8bv|]\xe5\
Qw\x08\x00\x00\x00\x00\x06\x00\x00\x00\x05Debu\
g\x07\x00\x00\x00\x08StartTab\x01\x03\
\x00\x00\x00\x0a\x96d\x93/a\xf8mnz\x97\x08\x00\
\x00\x00\x00\x06\x00\x00\x00\x0dDebug Ov\
erlay\x07\x00\x00\x00\x08StartT\
ab\x01\x03\x00\x00\x00\x0aP\x5cu(j\x19\x8a\x18\
hF\x08\x00\x00\x00\x00\x06\x00\x00\x00\x0dDisa\
ble Boxes\x07\x00\x00\x00\x08St\
artTab\x01\x03\x00\x00\x00\x06]\xf2\x96\xe2\
}\xda\x08\x00\x00\x00\x00\x06\x00\x00\x00\x0cDisc\
onnected\x07\x00\x00\x00\x08Sta\
rtTab\x01\x03\x00\x00\x00\x06j!d\xecV\
h\x08\x00\x00\x00\x00\x06\x00\x00\x00\x08Emula\
tor\x07\x00\x00\x00\x08StartTab\
\x01\x03\x00\x00\x00\x0aU_u(j\x19\x8a\x18hF\
\x08\x00\x00\x00\x00\x06\x00\x00\x00\x0cEnable\
 Boxes\x07\x00\x00\x00\x08Start\
Tab\x01\x03\x00\x00\x00\x08S/Q\xfae\xe5\x8a\
\x8c\x08\x00\x00\x00\x00\x06\x00\x00\x00\x0bExpor\
t Logs\x07\x00\x00\x00\x08Start\
Tab\x01\x03\x00\x00\x00\x0e\x96\xb1\x85\xcfa\xf8m\
nz\x97e\xe5\x8a\x8c\x08\x00\x00\x00\x00\x06\x00\x00\x00\
\x13Hide Log on Ove\
rlay\x07\x00\x00\x00\x08StartTa\
b\x01\x03\x00\x00\x00\x08[\x89\x88\xddv\xee\x93\x04\x08\
\x00\x00\x00\x00\x06\x00\x00\x00\x0eInstall\
 Folder\x07\x00\x00\x00\x08Star\
tTab\x01\x03\x00\x00\x00\x08e\xe5\x8a\x8cv\xee\
\x93\x04\x08\x00\x00\x00\x00\x06\x00\x00\x00\x0aLog \
Folder\x07\x00\x00\x00\x08Start\
Tab\x01\x03\x00\x00\x00\x08\x95\x8bU_e\xe5\x8a\
\x8c\x08\x00\x00\x00\x00\x06\x00\x00\x00\x09Open \
Logs\x07\x00\x00\x00\x08StartTa\
b\x01\x03\x00\x00\x00\x08\x00P\x00C\x00 rH\x08\
\x00\x00\x00\x00\x06\x00\x00\x00\x02PC\x07\x00\x00\x00\x08\
StartTab\x01\x03\x00\x00\x00\x08\x91\xcd\
e\xb0ett\x06\x08\x00\x00\x00\x00\x06\x00\x00\x00\x07\
Refresh\x07\x00\x00\x00\x08Star\
tTab\x01\x03\x00\x00\x00\x0ckcW(\x91\xcd\
e\xb0ett\x06\x08\x00\x00\x00\x00\x06\x00\x00\x00\x0a\
Refreshing\x07\x00\x00\x00\x08S\
tartTab\x01\x03\x00\x00\x00\x08b*W\
\x16v\xee\x93\x04\x08\x00\x00\x00\x00\x06\x00\x00\x00\x11S\
creenshot Folder\
\x07\x00\x00\x00\x08StartTab\x01\x03\x00\
\x00\x00\x10W(a\xf8mnz\x97\x98oy:e\
\xe5\x8a\x8c\x08\x00\x00\x00\x00\x06\x00\x00\x00\x13Sho\
w Log on Overlay\
\x07\x00\x00\x00\x08StartTab\x01\x03\x00\
\x00\x00\x08g\xe5w\x0be\xe5\x8a\x8c\x08\x00\x00\x00\x00\
\x06\x00\x00\x00\x08View Log\x07\x00\x00\
\x00\x08StartTab\x01\x03\x00\x00\x00:\
\x00N\x00P\x00Uc\xa8t\x06\x93/\x8a\xa4\xff\x0c\
`\xa8S\xef\x80\xfd\x97\x00\x89\x81f\xf4e\xb0\x00I\
\x00n\x00t\x00e\x00l\x00 \x00N\x00P\x00U\
\x9aER\xd5z\x0b_\x0f\xff\x01\x08\x00\x00\x00\x00\x06\
\x00\x00\x00CNPU inferrin\
g Error, you mig\
ht need to updat\
e the Intel NPU \
driver!\x07\x00\x00\x00\x04Task\
\x01\x03\x00\x00\x00\x04\x93/\x8a\xa4\x08\x00\x00\x00\x00\x06\
\x00\x00\x00\x05Error\x07\x00\x00\x00\x0bTa\
skButtons\x01\x03\x00\x00\x00*\x90\
Jb2\x89\x96z\x97g*\x90#}\xda\xff\x0c\x8a\
\xcb\x90xS\xd6\x90Jb2\x89\x96z\x97T\x8cb\
*W\x16e\xb9_\x0f0\x02\x08\x00\x00\x00\x00\x06\x00\
\x00\x00OGame window i\
s not connected,\
 please select t\
he game window a\
nd capture metho\
d.\x07\x00\x00\x00\x0bTaskButto\
ns\x01\x03\x00\x00\x00\x04f\xabP\x5c\x08\x00\x00\x00\
\x00\x06\x00\x00\x00\x05Pause\x07\x00\x00\x00\x0b\
TaskButtons\x01\x03\x00\x00\x00\
\x04~|~\x8c\x08\x00\x00\x00\x00\x06\x00\x00\x00\x06R\
esume\x07\x00\x00\x00\x0bTaskBu\
ttons\x01\x03\x00\x00\x00\x04\x95\x8bY\xcb\x08\
\x00\x00\x00\x00\x06\x00\x00\x00\x05Start\x07\x00\
\x00\x00\x0bTaskButtons\x01\x03\
\x00\x00\x00\x04P\x5ckb\x08\x00\x00\x00\x00\x06\x00\x00\
\x00\x04Stop\x07\x00\x00\x00\x0bTaskB\
uttons\x01\x03\x00\x00\x00\x18`\xa8x\xba\
[\x9a\x89\x81R*\x96d\x00 \x00{\x00}\x00 \
U\xce\xff\x1f\x08\x00\x00\x00\x00\x06\x00\x00\x00\x22Ar\
e you sure you w\
ant to delete {}\
\x07\x00\x00\x00\x08TaskCard\x01\x03\x00\
\x00\x00\x04R*\x96d\x08\x00\x00\x00\x00\x06\x00\x00\x00\
\x06Delete\x07\x00\x00\x00\x08Task\
Card\x01\x03\x00\x00\x00\x08R*\x96dN\xfb\
R\xd9\x08\x00\x00\x00\x00\x06\x00\x00\x00\x0bDele\
te Task\x07\x00\x00\x00\x08Task\
Card\x01\x03\x00\x00\x00\x06g*U_u(\
\x08\x00\x00\x00\x00\x06\x00\x00\x00\x08Disabl\
ed\x07\x00\x00\x00\x08TaskCard\x01\
\x03\x00\x00\x00\x04}\xe8\x8f/\x08\x00\x00\x00\x00\x06\x00\
\x00\x00\x04Edit\x07\x00\x00\x00\x08Task\
Card\x01\x03\x00\x00\x00\x06]\xf2U_u(\
\x08\x00\x00\x00\x00\x06\x00\x00\x00\x07Enable\
d\x07\x00\x00\x00\x08TaskCard\x01\x03\
\x00\x00\x00\x08O\x7fu(\x8a\xaaf\x0e\x08\x00\x00\x00\
\x00\x06\x00\x00\x00\x0cInstructio\
ns\x07\x00\x00\x00\x08TaskCard\x01\
\x03\x00\x00\x00\x04f\xabP\x5c\x08\x00\x00\x00\x00\x06\x00\
\x00\x00\x05Pause\x07\x00\x00\x00\x08Tas\
kCard\x01\x03\x00\x00\x00\x08\x91\xcd\x8a-\x8a\
-[\x9a\x08\x00\x00\x00\x00\x06\x00\x00\x00\x0cRes\
et Config\x07\x00\x00\x00\x08Ta\
skCard\x01\x03\x00\x00\x00\x04~|~\x8c\
\x08\x00\x00\x00\x00\x06\x00\x00\x00\x06Resume\
\x07\x00\x00\x00\x08TaskCard\x01\x03\x00\
\x00\x00\x04\x95\x8bY\xcb\x08\x00\x00\x00\x00\x06\x00\x00\x00\
\x05Start\x07\x00\x00\x00\x08TaskC\
ard\x01\x03\x00\x00\x00\x04P\x5ckb\x08\x00\x00\
\x00\x00\x06\x00\x00\x00\x04Stop\x07\x00\x00\x00\x08\
TaskCard\x01\x03\x00\x00\x00&{I\
_\x85\x00 \x00{\x00t\x00a\x00s\x00k\x00_\
\x00n\x00a\x00m\x00e\x00}\x00 N\xfbR\xd9\
[\x8cb\x10\x08\x00\x00\x00\x00\x06\x00\x00\x00,Wa\
iting for {task_\
name} task to be\
 completed\x07\x00\x00\x00\x08T\
askCard\x01\x03\x00\x00\x00\x04P\x5cu\
(\x08\x00\x00\x00\x00\x06\x00\x00\x00\x07Disab\
le\x07\x00\x00\x00\x0cTaskOpBut\
ton\x01\x03\x00\x00\x00\x04U_u(\x08\x00\x00\
\x00\x00\x06\x00\x00\x00\x06Enable\x07\x00\x00\
\x00\x0cTaskOpButton\x01\x03\
\x00\x00\x00\x08\x90xS\xd6\x89\x96z\x97\x08\x00\x00\x00\
\x00\x06\x00\x00\x00\x0dChoose Win\
dow\x07\x00\x00\x00\x07TaskTab\x01\
\x03\x00\x00\x00\x04\x95\xdc\x95\x89\x08\x00\x00\x00\x00\x06\x00\
\x00\x00\x05Close\x07\x00\x00\x00\x07Tas\
kTab\x01\x03\x00\x00\x00\x06]\xf2[\x8cb\x10\
\x08\x00\x00\x00\x00\x06\x00\x00\x00\x09Comple\
ted\x07\x00\x00\x00\x07TaskTab\x01\
\x03\x00\x00\x00\x08^\xfaz\xcbN\xfbR\xd9\x08\x00\x00\
\x00\x00\x06\x00\x00\x00\x0bCreate Ta\
sk\x07\x00\x00\x00\x07TaskTab\x01\x03\
\x00\x00\x00\x04\x8c\xc7\x8a\x0a\x08\x00\x00\x00\x00\x06\x00\x00\
\x00\x04Info\x07\x00\x00\x00\x07TaskT\
ab\x01\x03\x00\x00\x00\x06W\xf7\x88LN-\x08\x00\
\x00\x00\x00\x06\x00\x00\x00\x07Running\x07\
\x00\x00\x00\x07TaskTab\x01\x03\x00\x00\x00\
\x0a]\xf2W\xf7\x88LfB\x95\x93\x08\x00\x00\x00\x00\
\x06\x00\x00\x00\x0cTime Elapse\
d\x07\x00\x00\x00\x07TaskTab\x01\x03\x00\
\x00\x00\x02P<\x08\x00\x00\x00\x00\x06\x00\x00\x00\x05V\
alue\x07\x00\x00\x00\x07TaskTab\
\x01\x03\x00\x00\x00\x04S\xd6m\x88\x08\x00\x00\x00\x00\x06\
\x00\x00\x00\x06Cancel\x07\x00\x00\x00\x13T\
emplateInputDial\
og\x01\x03\x00\x00\x00\x04x\xba\x8a\x8d\x08\x00\x00\x00\
\x00\x06\x00\x00\x00\x07Confirm\x07\x00\x00\
\x00\x13TemplateInputD\
ialog\x01\x03\x00\x00\x00\x1ax\xba[\x9a\x89\
\x81R*\x96d\x00 \x00'\x00{\x00}\x00'\x00\
 U\xce\xff\x1f\x08\x00\x00\x00\x00\x06\x00\x00\x00%A\
re you sure you \
want to delete '\
{}'?\x07\x00\x00\x00\x0bTemplat\
eTab\x01\x03\x00\x00\x00\x04S\xd6m\x88\x08\x00\
\x00\x00\x00\x06\x00\x00\x00\x06Cancel\x07\x00\
\x00\x00\x0bTemplateTab\x01\x03\
\x00\x00\x00\x08x\xba\x8a\x8dR*\x96d\x08\x00\x00\x00\
\x00\x06\x00\x00\x00\x0eConfirm De\
lete\x07\x00\x00\x00\x0bTemplat\
eTab\x01\x03\x00\x00\x00\x04R*\x96d\x08\x00\
\x00\x00\x00\x06\x00\x00\x00\x06Delete\x07\x00\
\x00\x00\x0bTemplateTab\x01\x03\
\x00\x00\x00\x0ab*W\x16Y1eW0\x02\x08\x00\
\x00\x00\x00\x06\x00\x00\x00\x18Failed t\
o capture frame.\
\x07\x00\x00\x00\x0bTemplateTab\
\x01\x03\x00\x00\x00\x10u\x1fb\x10j\x19|dR\x17\
\x82\x09j\x94hH\x08\x00\x00\x00\x00\x06\x00\x00\x00\x18\
Generate label e\
num file\x07\x00\x00\x00\x0bTem\
plateTab\x01\x03\x00\x00\x00\x0cW\x16\
rG]\xf2R*\x96d0\x02\x08\x00\x00\x00\x00\x06\
\x00\x00\x00\x0eImage delete\
d.\x07\x00\x00\x00\x0bTemplateT\
ab\x01\x03\x00\x00\x00>v\xf8\x5c\x0d\x8d\xef_\x91\
q!eH0\x02{\xc4O\x8b\xff\x1a\x00o\x00k\
\x00_\x00t\x00a\x00s\x00k\x00s\x00/\x00L\
\x00a\x00b\x00e\x00l\x00E\x00n\x00u\x00m\
\x00.\x00p\x00y\x08\x00\x00\x00\x00\x06\x00\x00\x005\
Invalid relative\
 path. Example: \
ok_tasks/LabelEn\
um.py\x07\x00\x00\x00\x0bTempla\
teTab\x01\x03\x00\x00\x00\x04j\x19l\xe8\x08\
\x00\x00\x00\x00\x06\x00\x00\x00\x06Markup\x07\
\x00\x00\x00\x0bTemplateTab\x01\
\x03\x00\x00\x00\x12l\x92g\x09j\x19l\xe8\x97\x00\x89\
\x81Q2[X0\x02\x08\x00\x00\x00\x00\x06\x00\x00\x00\
\x17No annotations \
to save.\x07\x00\x00\x00\x0bTem\
plateTab\x01\x03\x00\x00\x00\x1eb*\
W\x16e\xb9_\x0fN\x0dS\xefu(0\x02\x8a\xcb\
QHU_R\xd5b*W\x160\x02\x08\x00\x00\x00\
\x00\x06\x00\x00\x008No capture\
 method availabl\
e. Please start \
capture first.\x07\x00\
\x00\x00\x0bTemplateTab\x01\x03\
\x00\x00\x00\x08f\xabq!{\xc4g,\x08\x00\x00\x00\
\x00\x06\x00\x00\x00\x10No templat\
es yet\x07\x00\x00\x00\x0bTempl\
ateTab\x01\x03\x00\x00\x00\x04x\xba[\x9a\
\x08\x00\x00\x00\x00\x06\x00\x00\x00\x02OK\x07\x00\x00\x00\
\x0bTemplateTab\x01\x03\x00\x00\
\x00\x18\x8d\xef_\x91v\xf8\x5c\x0de\xbc]\xe5O\x5c\
S@h9v\xee\x93\x040\x02\x08\x00\x00\x00\x00\x06\
\x00\x00\x00'Path is rela\
tive to the work\
space root.\x07\x00\x00\x00\x0b\
TemplateTab\x01\x03\x00\x00\x00\
:v\xf8\x5c\x0d\x8d\xef_\x91\xff\x0cO\x8bY\x82\xff\
\x1a\x00o\x00k\x00_\x00t\x00a\x00s\x00k\x00\
s\x00/\x00L\x00a\x00b\x00e\x00l\x00E\x00\
n\x00u\x00m\x00.\x00p\x00y\x08\x00\x00\x00\x00\
\x06\x00\x00\x00)Relative pa\
th, e.g. ok_task\
s/LabelEnum.py\x07\x00\
\x00\x00\x0bTemplateTab\x01\x03\
\x00\x00\x00\x04Q2[X\x08\x00\x00\x00\x00\x06\x00\x00\
\x00\x04Save\x07\x00\x00\x00\x0bTempl\
ateTab\x01\x03\x00\x00\x00\x06Q2[X\
R0\x08\x00\x00\x00\x00\x06\x00\x00\x00\x07Save\
 To\x07\x00\x00\x00\x0bTemplate\
Tab\x01\x03\x00\x00\x00\x12Q2[Xb\x10R\
\x9fR0\x00:\x00 \x00{\x00}\x08\x00\x00\x00\x00\
\x06\x00\x00\x00\x22Save comple\
ted successfully\
 to: {}\x07\x00\x00\x00\x0bTemp\
lateTab\x01\x03\x00\x00\x00\x04b*W\
\x16\x08\x00\x00\x00\x00\x06\x00\x00\x00\x0aScree\
nshot\x07\x00\x00\x00\x0bTempla\
teTab\x01\x03\x00\x00\x00\x12b*W\x16]\
\xf2Q2[X\x00:\x00 \x00{\x00}\x08\x00\x00\
\x00\x00\x06\x00\x00\x00\x14Screensho\
t saved: {}\x07\x00\x00\x00\x0b\
TemplateTab\x01\x03\x00\x00\x00\
\x16c\x09T\x0dz1b\x16R\x06\x98^d\x1c\x5c\
\x0b\x00.\x00.\x00.\x08\x00\x00\x00\x00\x06\x00\x00\x00\
\x1dSearch by name \
or category...\x07\x00\
\x00\x00\x0bTemplateTab\x01\x03\
\x00\x00\x00\x04b\x10R\x9f\x08\x00\x00\x00\x00\x06\x00\x00\
\x00\x07Success\x07\x00\x00\x00\x0bTe\
mplateTab\x01\x03\x00\x00\x00\x08d\
\xf7S\xd6b*W\x16\x08\x00\x00\x00\x00\x06\x00\x00\x00\
\x0fTake Screenshot\
\x07\x00\x00\x00\x0bTemplateTab\
\x01\x03\x00\x00\x00\x1a\x00a\x00s\x00s\x00e\x00t\
\x00s\x00 \x00(shz\xcba\xc9u(\x00)\
\x08\x00\x00\x00\x00\x06\x00\x00\x00\x17assets\
 (standalone app\
)\x07\x00\x00\x00\x0bTemplateTa\
b\x01\x03\x00\x00\x00,\x00o\x00k\x00_\x00t\x00\
a\x00s\x00k\x00s\x00/\x00a\x00s\x00s\x00\
e\x00t\x00s\x00 \x00(\x81\xea\x8a\x02\x81sg\
,\x00)\x08\x00\x00\x00\x00\x06\x00\x00\x00 ok_\
tasks/assets (cu\
stom scripts)\x07\x00\x00\
\x00\x0bTemplateTab\x01\x03\x00\
\x00\x004x\xba[\x9a\x89\x81f\xf4e\xb0\x81\xf3\x00\
 \x00{\x00v\x00e\x00r\x00s\x00i\x00o\x00\
n\x00}\x00 \x00{\x00t\x00y\x00p\x00e\x00\
}\x00 U\xce\xff\x1f\x08\x00\x00\x00\x00\x06\x00\x00\x00\
4Are you sure yo\
u want to update\
 to {version} {t\
ype}?\x07\x00\x00\x00\x0bVersio\
nCard\x01\x03\x00\x00\x00\x14j\xa2g\xe5f\
\xf4e\xb0fBv|u\x1f\x93/\x8a\xa4\xff\x01\x08\
\x00\x00\x00\x00\x06\x00\x00\x00\x17Check f\
or update error!\
\x07\x00\x00\x00\x0bVersionCard\
\x01\x03\x00\x00\x00\x0aj\xa2g\xe5e\xb0rHg,\
\x08\x00\x00\x00\x00\x06\x00\x00\x00\x11Check \
for updates\x07\x00\x00\x00\x0b\
VersionCard\x01\x03\x00\x00\x00\
\x0ckcW(j\xa2g\xe5f\xf4e\xb0\x08\x00\x00\
\x00\x00\x06\x00\x00\x00\x14Checking \
for updates\x07\x00\x00\x00\x0b\
VersionCard\x01\x03\x00\x00\x00\
\x06\x95\x8bv|rH\x08\x00\x00\x00\x00\x06\x00\x00\x00\
\x05Debug\x07\x00\x00\x00\x0bVersi\
onCard\x01\x03\x00\x00\x002N\x0b\x8f\x09\
N-\xff\x1a\x00{\x00p\x00r\x00o\x00g\x00r\
\x00e\x00s\x00s\x00}\x00 \x00{\x00p\x00e\
\x00r\x00c\x00e\x00n\x00t\x00}\x00%\x08\x00\
\x00\x00\x00\x06\x00\x00\x00!Download\
ing {progress} {\
percent}%\x07\x00\x00\x00\x0bVe\
rsionCard\x01\x03\x00\x00\x00\x0cv\
|s\xfee\xb0rHg,\xff\x01\x08\x00\x00\x00\x00\
\x06\x00\x00\x00\x12Found new v\
ersion!\x07\x00\x00\x00\x0bVers\
ionCard\x01\x03\x00\x00\x00\x04\x8c\xc7\x8a\
\x0a\x08\x00\x00\x00\x00\x06\x00\x00\x00\x04Info\x07\
\x00\x00\x00\x0bVersionCard\x01\
\x03\x00\x00\x00\x06kc_\x0frH\x08\x00\x00\x00\x00\
\x06\x00\x00\x00\x07Release\x07\x00\x00\x00\
\x0bVersionCard\x01\x03\x00\x00\
\x00\x12v\xeeRM]\xf2f/g\x00e\xb0rH\
g,\xff\x01\x08\x00\x00\x00\x00\x06\x00\x00\x00\x1bTh\
is is the newest\
 version!\x07\x00\x00\x00\x0bVe\
rsionCard\x01\x03\x00\x00\x00\x08z\
\xcbSsf\xf4e\xb0\x08\x00\x00\x00\x00\x06\x00\x00\x00\
\x0aUpdate Now\x07\x00\x00\x00\x0b\
VersionCard\x01\x03\x00\x00\x00\
(f\xf4e\xb0\x81\xf3\x00 \x00{\x00v\x00e\x00\
r\x00s\x00i\x00o\x00n\x00}\x00 \x00{\x00\
t\x00y\x00p\x00e\x00}\x08\x00\x00\x00\x00\x06\x00\
\x00\x00\x1aUpdate to {ve\
rsion} {type}\x07\x00\x00\
\x00\x0bVersionCard\x01\x03\x00\
\x00\x00\x04c\xd0y:\x08\x00\x00\x00\x00\x06\x00\x00\x00\
\x05Alert\x07\x00\x00\x00\x03app\x01\x03\
\x00\x00\x00\x0e]\xf2f\xf4e\xb0\x81\xf3rHg,\
\xff\x1a\x08\x00\x00\x00\x00\x06\x00\x00\x00\x1bAlre\
ady updated to v\
ersion:\x07\x00\x00\x00\x03app\x01\
\x03\x00\x00\x00(]\xf2g\x09S\xe6N\x00P\x0bW\
\xf7\x88LP\x0b\x9a\xd4kcW(\x90KO\x5c\xff\
\x0c\x8a\xcbbKR\xd5}Pg_0\x02\x08\x00\x00\
\x00\x00\x06\x00\x00\x00#Another i\
nstance is alrea\
dy running\x07\x00\x00\x00\x03a\
pp\x01\x03\x00\x00\x00\x0ea\xc9u(z\x0b_\x0f\
U_R\xd5Vh\x08\x00\x00\x00\x00\x06\x00\x00\x00\x0c\
App Launcher\x07\x00\x00\x00\
\x03app\x01\x03\x00\x00\x00\x5ca\xc9u(z\x0b\
_\x0fU_R\xd5\x93/\x8a\xa40\x02\x8a\xcb\x5c\x07\
[\x89\x88\xdd\x8c\xc7e\x99Y>e\xb0X\x9e\x81\xf3\
\x00 \x00W\x00i\x00n\x00d\x00o\x00w\x00s\
\x00 \x00D\x00e\x00f\x00e\x00n\x00d\x00e\
\x00r\x00 v}T\x0dU\xaeN&\x91\xcde\xb0\
[\x89\x88\xdd\xff\x1a\x08\x00\x00\x00\x00\x06\x00\x00\x00f\
App startup erro\
r. Please add th\
e installation f\
older to the Win\
dows Defender wh\
itelist and rein\
stall:\x07\x00\x00\x00\x03app\x01\x03\
\x00\x00\x00\x04\x81\xeaR\xd5\x08\x00\x00\x00\x00\x06\x00\x00\
\x00\x04Auto\x07\x00\x00\x00\x03app\x01\x03\
\x00\x00\x00\x12\x81\xeaR\xd5\x8a\xbfet\x90Jb2\
\x89\xe3g\x90^\xa6\x08\x00\x00\x00\x00\x06\x00\x00\x00\x17\
Auto Resize Game\
 Window\x07\x00\x00\x00\x03app\x01\
\x03\x00\x00\x00\x0c\x81\xeaR\xd5U_R\xd5\x90Jb\
2\x08\x00\x00\x00\x00\x06\x00\x00\x00\x0fAuto \
Start Game\x07\x00\x00\x00\x03a\
pp\x01\x03\x00\x00\x00\x1aa\xc9u(z\x0b_\x0f\
U_R\xd5fB\x81\xeaR\xd5U_R\xd5\x90J\
b2\x08\x00\x00\x00\x00\x06\x00\x00\x00\x1fAuto\
 Start Game When\
 App Starts\x07\x00\x00\x00\x03\
app\x01\x03\x00\x00\x00\x1e\x81\xeaR\xd5U_R\
\xd5\x00 \x00{\x00a\x00p\x00p\x00_\x00n\x00\
a\x00m\x00e\x00}\x08\x00\x00\x00\x00\x06\x00\x00\x00\
\x15Auto Start {app\
_name}\x07\x00\x00\x00\x03app\x01\x03\
\x00\x00\x00\x08\x81\xeaR\xd5f\xf4e\xb0\x08\x00\x00\x00\
\x00\x06\x00\x00\x00\x0bAuto Updat\
e\x07\x00\x00\x00\x03app\x01\x03\x00\x00\x00\x14V\
\xe0\x90Jb2\x95\xdc\x95\x89\x80\x0c\x81\xeaR\xd5\x95\
\xdc\x95\x89\x08\x00\x00\x00\x00\x06\x00\x00\x00\x1dAut\
o exit because g\
ame exited\x07\x00\x00\x00\x03a\
pp\x01\x03\x00\x00\x00\x14\x81\xeaR\xd5f\xf4e\xb0\
\xff\x08\x98\x10v|\x88LrH\xff\x09\x08\x00\x00\x00\
\x00\x06\x00\x00\x00\x1eAutomatic \
Update (Pre-rele\
ase)\x07\x00\x00\x00\x03app\x01\x03\x00\x00\
\x00\x14\x81\xeaR\xd5f\xf4e\xb0\xff\x08P\xc5kc\
_\x0frH\xff\x09\x08\x00\x00\x00\x00\x06\x00\x00\x00\x1e\
Automatic Update\
(Release Only)\x07\x00\
\x00\x00\x03app\x01\x03\x00\x00\x00\x08W\xfag,\
\x8a-[\x9a\x08\x00\x00\x00\x00\x06\x00\x00\x00\x0dBa\
sic Options\x07\x00\x00\x00\x03\
app\x01\x03\x00\x00\x00\x06n,\x8afrH\x08\
\x00\x00\x00\x00\x06\x00\x00\x00\x0cBeta Ve\
rsion\x07\x00\x00\x00\x03app\x01\x03\x00\
\x00\x00\x04j!|\xca\x08\x00\x00\x00\x00\x06\x00\x00\x00\
\x04Blur\x07\x00\x00\x00\x03app\x01\x03\x00\
\x00\x00\x0a\x90nd\xcbo\x14{\x97l\xd5\x08\x00\x00\
\x00\x00\x06\x00\x00\x00\x0eBlur Algo\
rithm\x07\x00\x00\x00\x03app\x01\x03\x00\
\x00\x006j!|\xca\x90Jb2\x00 \x00U\x00\
I\x00D\x00 {IV\xfa[\x9aQg[\xb9N\
\xe5^\xf6\x95w\x00 \x00O\x00L\x00E\x00D\x00\
 \x87\xa2^UX\xfdT}\x08\x00\x00\x00\x00\x06\x00\
\x00\x00&Blur Game UID\
 etc to enhance \
OLED life\x07\x00\x00\x00\x03ap\
p\x01\x03\x00\x00\x00\x0c\x90nd\xcbj\xa2g\xe5\x95\
\x93\x96\x94\x08\x00\x00\x00\x00\x06\x00\x00\x00\x0dBlu\
r Interval\x07\x00\x00\x00\x03a\
pp\x01\x03\x00\x00\x00\x1eb~N\x0dR0\x00 \
\x00P\x00y\x00t\x00h\x00o\x00n\x00 \x00v\
\x00e\x00n\x00v\x08\x00\x00\x00\x00\x06\x00\x00\x00\x16\
Can't find pytho\
n venv\x07\x00\x00\x00\x03app\x01\x03\
\x00\x00\x00\x04S\xd6m\x88\x08\x00\x00\x00\x00\x06\x00\x00\
\x00\x06Cancel\x07\x00\x00\x00\x03app\
\x01\x03\x00\x00\x00\x0ab*W\x16_qh<s\x87\
\x08\x00\x00\x00\x00\x06\x00\x00\x00\x12Captur\
e Frame Rate\x07\x00\x00\x00\
\x03app\x01\x03\x00\x00\x00\x08b*W\x16^\xf6\
\x90r\x08\x00\x00\x00\x00\x06\x00\x00\x00\x0fCapt\
ure Latency\x07\x00\x00\x00\x03\
app\x01\x03\x00\x00\x00\x04W\x0bQg\x08\x00\x00\
\x00\x00\x06\x00\x00\x00\x05China\x07\x00\x00\x00\
\x03app\x01\x03\x00\x00\x00\x18\x90xd\xc7U_\
R\xd5Vh[\x89\x88\xddf\xf4e\xb0v\x84e\xb9\
_\x0f\x08\x00\x00\x00\x00\x06\x00\x00\x00(Choo\
se how the launc\
her installs upd\
ates\x07\x00\x00\x00\x03app\x01\x03\x00\x00\
\x00\x12\x8a-[\x9aa\xc9u(z\x0b_\x0fU_\
R\xd5Vh\x08\x00\x00\x00\x00\x06\x00\x00\x00\x1aCo\
nfigure the app \
launcher\x07\x00\x00\x00\x03app\
\x01\x03\x00\x00\x00\x04x\xba\x8a\x8d\x08\x00\x00\x00\x00\x06\
\x00\x00\x00\x07Confirm\x07\x00\x00\x00\x03\
app\x01\x03\x00\x00\x00\x16^\xfaz\xcb\x00 \x00\
v\x00e\x00n\x00v\x00 Y1eW0\x02\x08\
\x00\x00\x00\x00\x06\x00\x00\x00\x13Create \
venv failed.\x07\x00\x00\x00\
\x03app\x01\x03\x00\x00\x00\x12R*\x96dv\xf8\
O\x9dYWN\xf6b\x10R\x9f\xff\x01\x08\x00\x00\x00\
\x00\x06\x00\x00\x00\x1cDelete dep\
endencies succes\
s!\x07\x00\x00\x00\x03app\x01\x03\x00\x00\x00\x04\
\x8a:e\xb7\x08\x00\x00\x00\x00\x06\x00\x00\x00\x09Di\
agnosis\x07\x00\x00\x00\x03app\x01\
\x03\x00\x00\x00\x0cU_u(j!|\xca\x90nd\
\xcb\x08\x00\x00\x00\x00\x06\x00\x00\x00\x0bEnabl\
e Blur\x07\x00\x00\x00\x03app\x01\x03\
\x00\x00\x00\x04\x93/\x8a\xa4\x08\x00\x00\x00\x00\x06\x00\x00\
\x00\x05Error\x07\x00\x00\x00\x03app\x01\
\x03\x00\x00\x00\x0a[\x8cb\x10_\x8c\x90\x00Q\xfa\x08\
\x00\x00\x00\x00\x06\x00\x00\x00\x0fExit Af\
ter Task\x07\x00\x00\x00\x03app\
\x01\x03\x00\x00\x00\x1a\x90Jb2\x95\xdc\x95\x89fB\
\x81\xeaR\xd5\x90\x00Q\xfaa\xc9u(z\x0b_\x0f\
\x08\x00\x00\x00\x00\x06\x00\x00\x00\x18Exit A\
pp when Game Exi\
ts\x07\x00\x00\x00\x03app\x01\x03\x00\x00\x00\x22\
V\xe0\x90Jb2]\xf2\x95\xdc\x95\x89\xff\x0ca\xc9\
u(z\x0b_\x0f\x5c\x07\x81\xeaR\xd5\x90\x00Q\xfa\
\xff\x01\x08\x00\x00\x00\x00\x06\x00\x00\x00\x18Exit\
 because game ex\
ited\x07\x00\x00\x00\x03app\x01\x03\x00\x00\
\x00\x1c[\x8cb\x10N\xfbR\xd9_\x8c\x90\x00Q\xfa\
\x90Jb2T\x8ca\xc9u(z\x0b_\x0f\x08\x00\
\x00\x00\x00\x06\x00\x00\x00?Exit the\
 Game and the Ap\
p after Successf\
ully Executing t\
he Task\x07\x00\x00\x00\x03app\x01\
\x03\x00\x00\x00\x0eW\xf7\x88L[\x8cub_\x8c\x90\
\x00Q\xfa\x08\x00\x00\x00\x00\x06\x00\x00\x00\x14Exi\
t_After_Executio\
n\x07\x00\x00\x00\x03app\x01\x03\x00\x00\x00\x12\x8b\
\x80S\xd6rHg,n\x05U\xaeY1eW\xff\
\x01\x08\x00\x00\x00\x00\x06\x00\x00\x00 Fetch\
 remote version \
list error!\x07\x00\x00\x00\x03\
app\x01\x03\x00\x00\x00\x08~=_qh<e\
x\x08\x00\x00\x00\x00\x06\x00\x00\x00\x0bFrame\
 Count\x07\x00\x00\x00\x03app\x01\x03\
\x00\x00\x00\x0a\x89\x96z\x97\x89\xe3g\x90^\xa6\x08\x00\
\x00\x00\x00\x06\x00\x00\x00\x0fGame Res\
olution\x07\x00\x00\x00\x03app\x01\
\x03\x00\x00\x00\x08\x90Jb2\x97\xf3eH\x08\x00\x00\
\x00\x00\x06\x00\x00\x00\x0aGame Soun\
d\x07\x00\x00\x00\x03app\x01\x03\x00\x00\x00\x04Q\
ht\x03\x08\x00\x00\x00\x00\x06\x00\x00\x00\x06Glo\
bal\x07\x00\x00\x00\x03app\x01\x03\x00\x00\x00\
\x06_\xebcw\x93u\x08\x00\x00\x00\x00\x06\x00\x00\x00\
\x06HotKey\x07\x00\x00\x00\x03app\x01\
\x03\x00\x00\x000X\x9eR\xa0\x95\x93\x96\x94N\xe5\x96\
MON\x00 \x00C\x00P\x00U\x00/\x00G\x00\
P\x00U\x00 O\x7fu(s\x87\x00 \x00(k\
\xeby\xd2\x00)\x08\x00\x00\x00\x00\x06\x00\x00\x00JI\
ncrease Delay be\
tween Trigger Ta\
sks to Reduce CP\
U/GPU Usage(Mill\
iseconds)\x07\x00\x00\x00\x03ap\
p\x01\x03\x00\x00\x00\x04\x8c\xc7\x8a\x0a\x08\x00\x00\x00\x00\
\x06\x00\x00\x00\x04Info\x07\x00\x00\x00\x03ap\
p\x01\x03\x00\x00\x00\x08Qg[\xb9Xk\x88\xdc\x08\
\x00\x00\x00\x00\x06\x00\x00\x00\x07Inpaint\
\x07\x00\x00\x00\x03app\x01\x03\x00\x00\x008[\x89\
\x88\xddv\xf8O\x9dYWN\xf6Y1eW\xff\x0c\
\x8a\xcbV\x17\x8aff\xf4c\xdbf\xf4e\xb0O\x86\
n\x90\xff\x0cb\x16\x91\xcde\xb0N\x0b\x8f\x09[\x8c\
etrH\xff\x01\x08\x00\x00\x00\x00\x06\x00\x00\x00]\
Install dependen\
cies failed, try\
 changing the up\
date source, or \
re-download the \
full version!\x07\x00\x00\
\x00\x03app\x01\x03\x00\x00\x00:[\x89\x88\xddv\
\xee\x93\x04\x00 \x00{\x00p\x00a\x00t\x00h\x00\
}\x00 _\xc5\x98\x08p\xba\x82\xf1e\x87\x8d\xef_\
\x91\xff\x0c\x8a\xcby\xfbR\xd5\x81\xf3QvN\xd6\x8d\
\xef_\x910\x02\x08\x00\x00\x00\x00\x06\x00\x00\x00AI\
nstall dir {path\
} must be an Eng\
lish path, move \
to another path.\
\x07\x00\x00\x00\x03app\x01\x03\x00\x00\x00\x10U_\
R\xd5_\x8c\x95\xdc\x95\x89U_R\xd5Vh\x08\x00\
\x00\x00\x00\x06\x00\x00\x00\x19Kill Lau\
ncher After Star\
t\x07\x00\x00\x00\x03app\x01\x03\x00\x00\x00\x14O\
\x7fu(\x00 \x00D\x00X\x001\x001\x00 U\
_R\xd5\x08\x00\x00\x00\x00\x06\x00\x00\x00\x10Lau\
nch with DX11\x07\x00\x00\
\x00\x03app\x01\x03\x00\x00\x00\x06U_R\xd5V\
h\x08\x00\x00\x00\x00\x06\x00\x00\x00\x08Launc\
her\x07\x00\x00\x00\x03app\x01\x03\x00\x00\x00\
\x08bKR\xd5f\xf4e\xb0\x08\x00\x00\x00\x00\x06\x00\
\x00\x00\x0dManual Update\
\x07\x00\x00\x00\x03app\x01\x03\x00\x00\x00\x06\x8a\x18\
a\xb6\x9a\xd4\x08\x00\x00\x00\x00\x06\x00\x00\x00\x06Me\
mory\x07\x00\x00\x00\x03app\x01\x03\x00\x00\
\x00\x1au(e\xbc\x90nd\xcb\x8a-[\x9aS@\
W\xdfv\x84\x86Ut\x06e\xb9_\x0f\x08\x00\x00\x00\
\x00\x06\x00\x00\x00'Method use\
d to obscure con\
figured areas\x07\x00\x00\
\x00\x03app\x01\x03\x00\x00\x00\x1c\x9e\xded\xca\x95\
\xdc\x95\x89c\x09\x92\x15fBg\x00\x5c\x0fS\x16\x81\
\xf3|\xfb}qS#\x08\x00\x00\x00\x00\x06\x00\x00\x00\
+Minimize Window\
 to System Tray \
when Closing\x07\x00\x00\x00\
\x03app\x01\x03\x00\x00\x00\x10\x90Jb2W(\
\x80\xccfofB\x97\x5c\x97\xf3\x08\x00\x00\x00\x00\x06\
\x00\x00\x00\x1dMute Game wh\
ile in Backgroun\
d\x07\x00\x00\x00\x03app\x01\x03\x00\x00\x00\x1ag\
\x09e\xb0rHg,\x00 \x00{\x00}\x00 S\
\xefO\x9bf\xf4e\xb0\xff\x01\x08\x00\x00\x00\x00\x06\x00\
\x00\x00\x18New Version {\
} Available\x07\x00\x00\x00\x03\
app\x01\x03\x00\x00\x00\x02T&\x08\x00\x00\x00\x00\
\x06\x00\x00\x00\x02No\x07\x00\x00\x00\x03app\x01\
\x03\x00\x00\x00\x02q!\x08\x00\x00\x00\x00\x06\x00\x00\x00\
\x04None\x07\x00\x00\x00\x03app\x01\x03\x00\
\x00\x00\x0ce\x87[W\x8f\xa8\x8bX^\xf6\x90r\x08\
\x00\x00\x00\x00\x06\x00\x00\x00\x0bOCR Lat\
ency\x07\x00\x00\x00\x03app\x01\x03\x00\x00\
\x00\x0a\x95\x8bU_U_R\xd5Vh\x08\x00\x00\x00\
\x00\x06\x00\x00\x00\x0dOpen Launc\
her\x07\x00\x00\x00\x03app\x01\x03\x00\x00\x00\
\x1c\x95\x8bU_a\xc9u(z\x0b_\x0fU_R\
\xd5VhN\xe5{\xa1t\x06f\xf4e\xb0\x08\x00\x00\
\x00\x00\x06\x00\x00\x00'Open the \
app launcher to \
manage updates\x07\x00\
\x00\x00\x03app\x01\x03\x00\x00\x00\x04d\xcdO\x5c\
\x08\x00\x00\x00\x00\x06\x00\x00\x00\x09Operat\
ion\x07\x00\x00\x00\x03app\x01\x03\x00\x00\x00\
\x14]\xf2f\xabP\x5c\xff\x1a\x90Jb2]\xf2\x95\
\xdc\x95\x89\xff\x01\x08\x00\x00\x00\x00\x06\x00\x00\x00\x1aP\
aused because ga\
me exited\x07\x00\x00\x00\x03ap\
p\x01\x03\x00\x00\x00,]\xf2f\xabP\x5c\xff\x1a\x90\
Jb2\x89\x96z\x97]\xf2g\x00\x5c\x0fS\x16b\
\x16\x90\xe8R\x06\x8d\x85Q\xfa\x87\xa2^U{\xc4W\
\x0d\xff\x01\x08\x00\x00\x00\x00\x06\x00\x00\x009Pau\
sed because game\
 window is minim\
ized or out of s\
creen!\x07\x00\x00\x00\x03app\x01\x03\
\x00\x00\x00\x08eH\x80\xfdn,\x8af\x08\x00\x00\x00\
\x00\x06\x00\x00\x00\x10Performanc\
e Test\x07\x00\x00\x00\x03app\x01\x03\
\x00\x00\x00P\x8a\xcbW(\x00 \x00M\x00u\x00M\
\x00u\x00 j!d\xecVh\x00 \x00[\x8a-\
[\x9a\x00]\x00-\x00>\x00[QvN\xd6\x8a-\
[\x9a\x00]\x00 N-\x95\xdc\x95\x89\x00 \x00[\
\x80\xccfoc\x9bj_fBO\xddc\x01W\xf7\
\x88L\x00]\x08\x00\x00\x00\x00\x06\x00\x00\x00CPl\
ease turn off en\
able background \
keep alive in Mu\
MuPlayer setting\
s\x07\x00\x00\x00\x03app\x01\x03\x00\x00\x00\x0a\x86\
Ut\x06_qh<s\x87\x08\x00\x00\x00\x00\x06\x00\
\x00\x00\x12Process Frame\
 Rate\x07\x00\x00\x00\x03app\x01\x03\x00\
\x00\x00\x1c\x86Ut\x06_\x8c\x90nd\xcb\x5cdv\
\x84f\xf4e\xb0\x95\x93\x96\x94\xff\x08y\xd2\xff\x09\x08\
\x00\x00\x00\x00\x06\x00\x00\x00)Seconds\
 between process\
ed overlay updat\
es\x07\x00\x00\x00\x03app\x01\x03\x00\x00\x00\x06\
zi[\x9arH\x08\x00\x00\x00\x00\x06\x00\x00\x00\x0e\
Stable Version\x07\x00\
\x00\x00\x03app\x01\x03\x00\x00\x00\x0eU_R\xd5\
z\x0b_\x0fup^8\xff\x1a\x08\x00\x00\x00\x00\x06\
\x00\x00\x00\x14Start App Ex\
ception:\x07\x00\x00\x00\x03app\
\x01\x03\x00\x00\x00\x10\x95\x8bY\xcbN\x0b\x8f\x09v\xf8\
O\x9dYWN\xf6\x08\x00\x00\x00\x00\x06\x00\x00\x00\x11\
Start downloadin\
g\x07\x00\x00\x00\x03app\x01\x03\x00\x00\x00\x1cv\
{QefB\x81\xeaR\xd5U_R\xd5a\xc9u\
(z\x0b_\x0fU_R\xd5Vh\x08\x00\x00\x00\x00\
\x06\x00\x00\x001Start the l\
auncher automati\
cally when you s\
ign in\x07\x00\x00\x00\x03app\x01\x03\
\x00\x00\x00\x0a\x95\x8bY\xcb\x00/P\x5ckb\x08\x00\
\x00\x00\x00\x06\x00\x00\x00\x0aStart/St\
op\x07\x00\x00\x00\x03app\x01\x03\x00\x00\x00\x06\
]\xf2P\x5ckb\x08\x00\x00\x00\x00\x06\x00\x00\x00\x07\
Stopped\x07\x00\x00\x00\x03app\x01\
\x03\x00\x00\x00&b\x10R\x9fW\xf7\x88LN\xfbR\
\xd9\xff\x0ckcW(\x90\x00Q\xfa\x90Jb2T\
\x8ca\xc9u(z\x0b_\x0f\xff\x01\x08\x00\x00\x00\x00\
\x06\x00\x00\x001Successfull\
y Executed Task,\
 Exiting Game an\
d App!\x07\x00\x00\x00\x03app\x01\x03\
\x00\x00\x00$R\x07c\xdbN\x0dT\x0cv\x84\x00 \
\x00W\x00i\x00n\x00d\x00o\x00w\x00s\x00 \
b*W\x16e\xb9_\x0f\x08\x00\x00\x00\x00\x06\x00\x00\
\x000Switch between\
 different Windo\
ws capture metho\
ds\x07\x00\x00\x00\x03app\x01\x03\x00\x00\x00\x16\
v\xeej\x19z\x97S\xe3o\xc0m;\xff\x1a`b\
_\xa9\x93\x04\x88\xfd\x08\x00\x00\x00\x00\x06\x00\x00\x00'\
Target window ac\
tive: Recording \
resumed\x07\x00\x00\x00\x03app\x01\
\x03\x00\x00\x00\x18v\xeej\x19z\x97S\xe3\x97^o\
\xc0m;\xff\x1af\xabP\x5c\x93\x04\x88\xfd\x08\x00\x00\
\x00\x00\x06\x00\x00\x00(Target wi\
ndow inactive: R\
ecording paused\x07\
\x00\x00\x00\x03app\x01\x03\x00\x00\x00\x0ce\x87[\
W\x8f\xa8\x8bX}Pg\x9c\x08\x00\x00\x00\x00\x06\x00\
\x00\x00\x05Texts\x07\x00\x00\x00\x03app\
\x01\x03\x00\x00\x00\x18v\xeeRMrHg,\x00 \
\x00{\x00}\x00 _\xc5\x98\x08f\xf4e\xb0\x08\x00\
\x00\x00\x00\x06\x00\x00\x00&The curr\
ent version {} m\
ust be updated\x07\x00\
\x00\x00\x03app\x01\x03\x00\x00\x00\x0a\x89\xf8v|\
Vh\x95\x93\x96\x94\x08\x00\x00\x00\x00\x06\x00\x00\x00\x10\
Trigger Interval\
\x07\x00\x00\x00\x03app\x01\x03\x00\x00\x00\x0af\xf4\
e\xb0Qg[\xb9\xff\x1a\x08\x00\x00\x00\x00\x06\x00\x00\
\x00\x08Updates:\x07\x00\x00\x00\x03a\
pp\x01\x03\x00\x00\x00\x16O\x7fu(\x00 \x00D\
\x00i\x00r\x00e\x00c\x00t\x00M\x00L\x08\x00\
\x00\x00\x00\x06\x00\x00\x00\x0cUse Dire\
ctML\x07\x00\x00\x00\x03app\x01\x03\x00\x00\
\x004Y\x82g\x9c`\xa8g\x09\x8f\x03Y'\x98o\
y:\x8a\x18a\xb6\x9a\xd4v\x84\x98oy:Sa\
\xff\x0cS\xef\x90x0\x0cf/0\x0dN\xe5c\xd0\
SGeH\x80\xfd\x08\x00\x00\x00\x00\x06\x00\x00\x00\x1e\
Use GPU to Impro\
ve Performance\x07\x00\
\x00\x00\x03app\x01\x03\x00\x00\x00\x08\x89\x96z\x97\
\x8a-[\x9a\x08\x00\x00\x00\x00\x06\x00\x00\x00\x0dWi\
ndow Config\x07\x00\x00\x00\x03\
app\x01\x03\x00\x00\x00\x18\x00W\x00i\x00n\x00\
d\x00o\x00w\x00s\x00 b*W\x16e\xb9_\
\x0f\x08\x00\x00\x00\x00\x06\x00\x00\x00\x0fWindo\
ws Capture\x07\x00\x00\x00\x03a\
pp\x01\x03\x00\x00\x00\x02f/\x08\x00\x00\x00\x00\x06\
\x00\x00\x00\x03Yes\x07\x00\x00\x00\x03app\x01\
\x03\x00\x00\x00\x0c\x00{\x00}\x00 U_R\xd5V\
h\x08\x00\x00\x00\x00\x06\x00\x00\x00\x0b{} La\
uncher\x07\x00\x00\x00\x03app\x01\
\x00\x00\xc5\x86\
<\
\xb8d\x18\xca\xef\x9c\x95\xcd!\x1c\xbf`\xa1\xbd\xdd\xa7\
\x00\x00\x00\x05ko_KRB\x00\x00\x13\xf8\x00\x00\
\x05;\x00\x00\x09E\x00\x00\x05;\x00\x00 \xa5\x00\x00\
\x05;\x00\x00\x90\xac\x00\x00\x05C\x00\x00\x84\x8f\x00\x00\
\x05O\x00\x00Dt\x00\x00\x05O\x00\x00\xa8w\x00\x00\
\x07\xb2\x00\x00<f\x00\x005\xa8\x00\x00\x0bQ\x00\x00\
5\xa8\x00\x00Q\xcb\x00\x00E\x82\x00\x00\x17\xc3\x00\x00\
G\xa4\x00\x00\x05\xf9\x00\x00G\xa4\x00\x00N\xca\x00\x00\
Ih\x00\x00\x18K\x00\x00Ja\x00\x00E\x05\x00\x00\
Q\xc9\x00\x00\x1f\x14\x00\x00S\x82\x00\x00 |\x00\x00\
S\x82\x00\x00\x849\x00\x00V\xfe\x00\x00Gg\x00\x00\
Y\xbe\x00\x00#^\x00\x00[\xb3\x00\x00fL\x00\x00\
_\xc3\x00\x00D\xa5\x00\x00_\xc3\x00\x00\xb1 \x00\x00\
hp\x00\x00XT\x00\x00ih\x00\x00+D\x00\x00\
u\xa2\x00\x008\xdf\x00\x04<4\x00\x00\x90j\x00\x04\
\x8c\xaf\x00\x00\x9a0\x00\x04\x93\xc2\x00\x00\x9c\xfb\x00\x04\
\x98,\x00\x00\x12`\x00\x04\x9c\xb9\x00\x00d\x95\x00\x04\
\xa8\x8b\x00\x00\x074\x00\x04\xa8\x8b\x00\x00k\x06\x00\x04\
\xa9\x03\x00\x00\x0dz\x00\x04\xa9\x03\x00\x00Sl\x00\x04\
\xb8w\x00\x00F\xa7\x00\x04\xbb\x04\x00\x00\x88\xef\x00\x04\
\xcf\x04\x00\x00Iw\x00\x04\xd0%\x00\x00\x1c}\x00\x04\
\xec0\x00\x00k\xef\x00\x04\xf6\xc2\x00\x00\x0d\xad\x00\x04\
\xf6\xc2\x00\x00S\x9f\x00\x05\x04\xcf\x00\x00I\x9e\x00\x05\
\x04\xcf\x00\x00W\xcd\x00\x05\x04\xcf\x00\x00\x8b\xc8\x00\x05\
\x04\xcf\x00\x00\x97\x01\x00\x05\x04\xcf\x00\x00\xa4U\x00\x05\
VE\x00\x00\xa8\x97\x00\x05d\x95\x00\x00\x0e\xdc\x00\x05\
d\x95\x00\x00T\xff\x00\x05d\x95\x00\x00a\x1f\x00\x05\
\x98\xc5\x00\x00#\x85\x00\x05\x98\xc5\x00\x00\x91\xde\x00\x05\
\xab`\x00\x00%\xdc\x00\x05\xab`\x00\x00\x87\xd8\x00\x05\
\xab`\x00\x00\x8a\x1f\x00\x06\x87\x9b\x00\x00+\x18\x00\x06\
\xd0D\x00\x00/\xfc\x00\x07F\xc5\x00\x007\xea\x00\x0a\
\xf2\xce\x00\x00f\x9b\x00\x0bN\x8e\x00\x00}h\x00\x16\
\xad\x8d\x00\x00\x16\x0b\x00\x18Y\x81\x00\x00|\x9b\x00\x18\
\xed\xf2\x00\x00\x9f~\x00&\x9ed\x00\x003\xfb\x00+\
d\x91\x00\x00o\xb5\x00=G\xa5\x00\x00l\xac\x00=\
\xfa\x15\x00\x00\x08o\x00C\x00\xa7\x00\x00v\x0d\x00D\
'\xc5\x00\x008\x16\x00G\x96\xc4\x00\x00H\x93\x00G\
\x96\xc4\x00\x00i5\x00H,\x94\x00\x00\x98M\x00I\
\xf0A\x00\x00\x9e\xf1\x00J+\x82\x00\x00FW\x00J\
6\x95\x00\x00F\x80\x00J6\x95\x00\x00\x8bG\x00J\
d\x95\x00\x001\xc9\x00J\x809\x00\x00\x0dD\x00J\
\x809\x00\x00S6\x00J\x809\x00\x00_\xba\x00J\
\xb9\xb7\x00\x00I!\x00J\xb9\xb7\x00\x00\x82\x1e\x00J\
\xb9\xb7\x00\x00\x96\x13\x00L\x99b\x00\x00IO\x00L\
\x99b\x00\x00Y\xb0\x00L\x99b\x00\x00\x86t\x00L\
\x99b\x00\x00\xa0\xbe\x00N\xbf\xa5\x00\x00\x1d*\x00O\
l\x93\x00\x00\x0d\xe2\x00Ol\x93\x00\x00S\xd4\x00R\
\xfd\xf4\x00\x00\x07b\x00R\xfd\xf4\x00\x00lC\x00T\
l\x95\x00\x00\x1f\xd3\x00V\x80\x04\x00\x00\xa4u\x00V\
\x8c\x95\x00\x00G<\x00V\x8c\x95\x00\x00o\x88\x00V\
\x8c\x95\x00\x00\x87V\x00V\x8c\x95\x00\x00\x89s\x00V\
\xae\xc2\x00\x00![\x00X\xb7\xb9\x00\x00aO\x00Y\
\xe8\x85\x00\x00Ed\x00Z\x8a#\x00\x00K\xa7\x00Z\
\xa8\x94\x00\x00p\x8f\x00Z\xa8\x94\x00\x00\x87\xaf\x00Z\
\xa8\x94\x00\x00\x89\xf9\x00Z\xcf\xb3\x00\x00\xaf/\x00Z\
\xec5\x00\x00\x07\x8f\x00\x5cV\xfe\x00\x00G\xb4\x00\x5c\
\x83\xb5\x00\x00X*\x00\x5c\x83\xb5\x00\x00\x8cI\x00i\
2\xb4\x00\x00.8\x00j/\x9b\x00\x00-\x1f\x00v\
vN\x00\x00&\xd0\x00v\x8c\x95\x00\x009L\x00z\
+\xc0\x00\x00;9\x00z\xe0e\x00\x00;\xed\x00}\
\x9e\x01\x00\x00uo\x00\x81(i\x00\x00b\xc5\x00\x85\
7\xe7\x00\x00D7\x00\x8d\x9c\x0e\x00\x00g\x03\x00\x97\
\x96\x04\x00\x00`\x19\x00\x97\x96\x04\x00\x00\x88\xc0\x00\xaf\
\x88w\x00\x00\x01\x9f\x00\xc0\xb8\x84\x00\x001\x08\x00\xcd\
&\x11\x00\x00\x009\x01\x10\xaa^\x00\x00Kn\x01!\
\xadg\x00\x00[\x87\x01*\xd0\x97\x00\x00\x09\xe7\x01*\
\xd0\x97\x00\x00>\xe7\x01*\xd0\x97\x00\x00?$\x01*\
\xd0\x97\x00\x00\x89\x9d\x016$q\x00\x00~\xc8\x01<\
\xdf5\x00\x00\xb0^\x01?\xf9>\x00\x00\x9f\xe3\x01@\
\x1dG\x00\x00H\x11\x01C`n\x00\x00$%\x01L\
\x05#\x00\x00\x95\x8e\x01c\xaa\x09\x00\x00\x10\x96\x01c\
\xaa\x09\x00\x00W\x09\x01d\xa2o\x00\x00)\x13\x01t\
#\xfd\x00\x00\x927\x01\x80\xad\x22\x00\x00oR\x01\x80\
\xad\x22\x00\x00\x83\xd3\x01\xaa\xde>\x00\x00\xa5m\x01\xb8\
\x13D\x00\x00\x17u\x01\xc1\xf0\x05\x00\x00^\xa5\x01\xca\
E\x8f\x00\x00\x06\x87\x01\xcaE\x8f\x00\x00\x8c\xd1\x01\xd4\
VT\x00\x00\xa9\xab\x01\xd7k\xaa\x00\x00\xac.\x01\xe7\
\xf5T\x00\x00j\x9d\x01\xfb0\xd4\x00\x00\x82\xc0\x02\x06\
F5\x00\x00;\xa9\x02\x0b\x08\x8e\x00\x00K\xfd\x02\x19\
\xde;\x00\x00X\x80\x021\xe1\x8e\x00\x00@\x86\x024\
\xfb\xbe\x00\x00\x1d\xcf\x028s\xd2\x00\x00+k\x028\
\xd4R\x00\x00\xa0\x91\x02;\xe2\x87\x00\x00\x98\xbd\x02C\
\x04~\x00\x00'\xcd\x02l\x99\x03\x00\x00\xab\x97\x02q\
6u\x00\x00\x9a\x99\x02v\xb8\x09\x00\x00e\xc9\x02\xad\
pR\x00\x00NM\x02\xd9@\xf9\x00\x00\xa8\xb7\x02\xdc\
 Q\x00\x00\xa2e\x02\xe7 \xf5\x00\x00\x06\xf7\x02\xe7\
 \xf5\x00\x00\x18\xd4\x02\xe7 \xf5\x00\x00\x8d`\x03\x00\
(\x14\x00\x00\xaej\x03\x09\xa2\x9e\x00\x00't\x03\x15\
*u\x00\x00\x1cE\x03%\xdek\x00\x00[\xeb\x03C\
L9\x00\x00\x1c\xa5\x03K\xef\xe5\x00\x00:,\x03O\
\x17\x85\x00\x00=@\x03P\xba\x9e\x00\x00I\xc5\x03S\
\xb0\xcb\x00\x00\x0cf\x03W\xb0\x17\x00\x00\x80*\x03X\
\x11u\x00\x00jd\x03]\xe0\x17\x00\x00\x1f9\x03d\
\xa1\xce\x00\x00F\xcf\x03v\xe01\x00\x00vY\x03\x8d\
\x17\xe3\x00\x00\x83\x22\x03\x9d\xfdE\x00\x00g\xea\x03\xc5\
\xefz\x00\x00\x18\x9c\x03\xcc\xfa\xa3\x00\x00\x02a\x03\xcd\
G\xa5\x00\x002\x01\x03\xee\xf3\xfa\x00\x00#\xe9\x04\x14\
S\xf5\x00\x00\x12\xf8\x04\x1b\xf0d\x00\x00\xaa\x88\x04(\
U\xc4\x00\x00\xae\xc9\x04K+\x03\x00\x00N\xf6\x04L\
\xedM\x00\x00\x97\xe1\x04d`5\x00\x007\x15\x04e\
\xafi\x00\x00\x0eM\x04e\xafi\x00\x00T\xc7\x04e\
\xafi\x00\x00`\xb6\x04lu\x90\x00\x00Pa\x04r\
\x80\xd4\x00\x00W\x9b\x04r\x80\xd4\x00\x00\x8bl\x04r\
\xd0\x03\x00\x00K\xcf\x04\x87p\xc8\x00\x001d\x04\x8f\
\x07Y\x00\x00d\xed\x04\x90\x894\x00\x00cu\x04\x94\
\xa8\x84\x00\x00v\xe9\x04\x98I\xbc\x00\x00\x06&\x04\x98\
I\xbc\x00\x00\x08F\x04\x98I\xbc\x00\x00\x0a\x1e\x04\x98\
I\xbc\x00\x00\x0b\xf8\x04\x98I\xbc\x00\x00\x10\xf0\x04\x98\
I\xbc\x00\x00\x18r\x04\x98I\xbc\x00\x00?`\x04\x98\
I\xbc\x00\x00@!\x04\x98I\xbc\x00\x00O>\x04\x98\
I\xbc\x00\x00Rr\x04\x98I\xbc\x00\x00X\xe2\x04\x98\
I\xbc\x00\x00\x8cl\x04\x98I\xbc\x00\x00\x8d6\x04\x98\
I\xbc\x00\x00\x9e\x5c\x04\x99n\x95\x00\x00C.\x04\xa0\
\xb2*\x00\x00%\x91\x04\xa1L\x85\x00\x00%K\x04\xa2\
\xcb\xd7\x00\x00i]\x04\xa8\xb8\xa5\x00\x00\x0c/\x04\xac\
,\xa5\x00\x00YI\x04\xac,\xa5\x00\x00_\xe9\x04\xac\
,\xa5\x00\x00\x88g\x04\xac,\xa5\x00\x00\x8d\x98\x04\xac\
\xab]\x00\x00\x0c\xb7\x04\xac\xab]\x00\x00R\xa9\x04\xac\
\xab]\x00\x00_\x82\x04\xc2\x8f\xa2\x00\x00\x82\xf3\x04\xc4\
y%\x00\x00\x8a\xe9\x04\xcfv\x94\x00\x00\x1bA\x04\xd1\
\x1fR\x00\x00\x84\x08\x04\xd5P\xa4\x00\x003\xc3\x04\xd5\
Z\xc4\x00\x004\x89\x04\xd5n\xc4\x00\x004\xfc\x04\xe0\
\x8f\xb2\x00\x00E5\x04\xe3X|\x00\x00\xa3Q\x04\xe6\
\xf1\xdf\x00\x00\x94\xa5\x04\xedY\xc4\x00\x00\x15_\x04\xf4\
\x18N\x00\x00&/\x04\xf6\x91\xc9\x00\x00\xa3u\x04\xfa\
\x12\xa3\x00\x00\xa7\x10\x05\x14\x8d9\x00\x00N\x03\x05\x17\
60\x00\x00\x1f\xfe\x05\x1d\xcf\x09\x00\x00\x9cH\x05\x22\
?\xe9\x00\x00l\xfa\x05#k\x81\x00\x00\x85\xc2\x05(\
J\xd3\x00\x00F%\x051\x10\xbe\x00\x00:\xb1\x056\
\x8ay\x00\x00\x9e\xba\x058\x92\xc0\x00\x00\x8fU\x05<\
F\x99\x00\x00\xa6\xec\x05@\x5c\xa5\x00\x00\x0e\x18\x05@\
\x5c\xa5\x00\x00T\x0a\x05B\xdd\xac\x00\x00\xb0$\x05E\
\xaf\xd9\x00\x00O\xf8\x05E\xaf\xd9\x00\x00QM\x05E\
\xaf\xd9\x00\x00T?\x05E\xaf\xd9\x00\x00`\x86\x05K\
\xe0\xd4\x00\x00\x81\xf2\x05_/R\x00\x004K\x05f\
j\xa7\x00\x00\xacj\x05o/\xe3\x00\x00Zo\x05v\
*I\x00\x00U\xbd\x05\x80W\xc4\x00\x00h\xd5\x05\x8b\
\xa6\x84\x00\x00!\xf0\x05\x8cF\xc5\x00\x00P\x97\x05\x8c\
\xac5\x00\x00G\x8c\x05\x8c\xac5\x00\x00\x87\x85\x05\x8c\
\xac5\x00\x00\x89\xd2\x05\x8ec\xb5\x00\x00\x9br\x05\x93\
\xca\x17\x00\x00e\x8c\x05\x9a\x90t\x00\x00K\x16\x05\x9c\
}.\x00\x00\x93\x11\x05\xa6\xecX\x00\x000$\x05\xaa\
\x8b\xc3\x00\x00a\xb5\x05\xac\xdcQ\x00\x00\x04\xb0\x05\xb4\
\x98\xde\x00\x00!\x84\x05\xbd\xf7S\x00\x002\xe5\x05\xc6\
\xa8\xa5\x00\x00M\x01\x05\xd4\x8fX\x00\x00-\x89\x05\xd6\
\x03\xff\x00\x006X\x05\xdb\xc29\x00\x00\x10_\x05\xdb\
\xc29\x00\x00V\xd2\x05\xdb\xc29\x00\x00b\x95\x05\xdd\
\xf9D\x00\x00\x1dU\x05\xdf\xba\xba\x00\x00\x09j\x05\xe0\
Kg\x00\x00*0\x05\xe7\x0c5\x00\x00lk\x06\x09\
\xcd\xf4\x00\x00z\xfd\x06#\xc0[\x00\x00;h\x06,\
\xce\xa9\x00\x00 \xcb\x06.!\xe5\x00\x00<\x1c\x06.\
\x8e)\x00\x00w|\x06C\x1f\x15\x00\x00\xa6\xb9\x06Q\
V\xe9\x00\x00\xa3\x99\x06e2`\x00\x00:\xf8\x06e\
\xa0.\x00\x00P\xc6\x06\x80\xab\x84\x00\x00\x1d\x94\x06\x81\
6D\x00\x00\xa7\xdc\x06\x95x>\x00\x00j\x03\x06\xa2\
\x1a]\x00\x00\x88\x00\x06\xa8\xa9\xaa\x00\x00\xaf\xfa\x06\xac\
Wc\x00\x002\xa7\x06\xae\xa4>\x00\x00\x8f\xd2\x06\xb0\
\xbe\xae\x00\x00\x02\x9a\x06\xb0\xbe\xae\x00\x00\xab\xfe\x06\xb5\
\x04\x22\x00\x0038\x06\xb8\x91\xde\x00\x00%\x06\x06\xbb\
]a\x00\x00{\xcc\x06\xc4y%\x00\x00/3\x06\xc9\
\xb1\x80\x00\x007\xb2\x06\xd0\xbaQ\x00\x00\xa4\x9c\x06\xe3\
v\xd4\x00\x00.s\x06\xe8\xc3G\x00\x00t\xff\x07\x02\
\x06\x83\x00\x00\x9f\x12\x07\x05\xe4d\x00\x00\xa2\xbf\x07\x09\
W\xa2\x00\x005r\x07\x0cHY\x00\x00\x16\xd6\x07\x11\
\x5c$\x00\x00\x14\xf2\x07\x1f\x97[\x00\x00\x19\xd5\x074\
'\x12\x00\x00M\xc7\x0773\xdb\x00\x00\xa1\xa4\x07I\
o~\x00\x00\xa2\xf0\x07P\xb3\xaa\x00\x00\x1c\xf4\x07W\
f\x07\x00\x00\x9aP\x07^\xb4t\x00\x00\xa3#\x07h\
\x80$\x00\x00\x12\x85\x07\x85\x93\xd1\x00\x00\x95A\x07\x9a\
\x96,\x00\x009\xfa\x07\xa9\xbc\x84\x00\x00_\x04\x07\xab\
\x06\x13\x00\x00_Q\x07\xab\x08\x98\x00\x00<\xf6\x07\xab\
\x1aR\x00\x00=\x96\x07\xb45q\x00\x00~\x05\x07\xb5\
\xe2\xfb\x00\x00\x0ay\x07\xb5\xe2\xfb\x00\x00\x197\x07\xb7\
U\xe4\x00\x00q\x1f\x07\xdf\x0e\xf3\x00\x00\x14\xae\x07\xe3\
\xfd\x9b\x00\x00[\x00\x07\xe5$\xf3\x00\x00\xa0l\x08\x03\
\xeft\x00\x00\x09\x95\x08\x09\x7fd\x00\x00\x09\x07\x08\x0a\
br\x00\x00>$\x08\x0ftN\x00\x00\xac\xa1\x08\x18\
B%\x00\x00\xa8-\x087\x99\xfd\x00\x00\x9b%\x08=\
\xe1s\x00\x00i\x8e\x08B\xf3Q\x00\x00\xa0$\x08E\
=\x0e\x00\x00\x00\xcf\x08E=\x0e\x00\x00\x9c\xcd\x08F\
k\xe2\x00\x00\xb1=\x08J\x95A\x00\x00s\xc0\x08K\
\x95\xb4\x00\x00\x80\xf2\x08N\xb2\xf5\x00\x00l\x18\x08i\
5\xf4\x00\x00\xafR\x08i\x8d\x8c\x00\x00*X\x08n\
\xd9n\x00\x00\x80`\x08u`l\x00\x00\xaf\xc6\x08\x81\
(\x11\x00\x00zS\x08\x89)\xf9\x00\x00M\x90\x08\x96\
\x1e\x8c\x00\x00nu\x08\x9aE\xee\x00\x003s\x08\xa2\
\x93\xc7\x00\x00\x97\xa9\x08\xb4\xac\x0e\x00\x00qu\x08\xba\
h\xc3\x00\x00Hl\x08\xbd\x8c\xc8\x00\x00\x5c:\x08\xbd\
\x8c\xc8\x00\x00p5\x08\xbd\x8c\xc8\x00\x00\x84\xb2\x08\xc2\
\xb8\xc5\x00\x00J\x8a\x08\xc2\xb8\xc5\x00\x00\x97)\x08\xc4\
\x9b\xe2\x00\x00\xa6\x93\x08\xcce\x97\x00\x00\x84\xde\x08\xce\
\x01\x9e\x00\x008\x9b\x08\xd6t\x12\x00\x00\x85\x11\x08\xfd\
\xd9#\x00\x00L\xcc\x09\x06\xb5i\x00\x00\x93\xd8\x09\x0b\
I\xc9\x00\x00\x1a\xcb\x09\x16(\xb1\x00\x00x\xad\x09)\
\xe2\x83\x00\x00n\xd1\x09)\xe2\x83\x00\x00\x83U\x09+\
`\xfc\x00\x00c\xd7\x090\x8f%\x00\x00\x96>\x096\
vN\x00\x00'\x22\x09?h\x89\x00\x00\x0b\x89\x09?\
h\x89\x00\x00R\x03\x09J*\xb9\x00\x00\x03e\x09Q\
\xd8\xce\x00\x00\x8el\x09Z\x7f\xad\x00\x00\x92\xc5\x09\x5c\
\xa9e\x00\x00\x00\x00\x09`\x06\xb5\x00\x00\x0fU\x09`\
\x06\xb5\x00\x00U6\x09a~\xb5\x00\x00p\xb6\x09k\
\xd7]\x00\x00\x01\x02\x09m\xf9T\x00\x00\x1bo\x09q\
\x01\xe0\x00\x00\xad\x1a\x09\x87\xbc\xc5\x00\x00H\xbb\x09\x87\
\xbc\xc5\x00\x00n\xa8\x09\x87\xbc\xc5\x00\x00\x81$\x09\x88\
\xbd\xa3\x00\x00k/\x09\x8cu\xff\x00\x00\x92\x06\x09\x91\
\xe0\x92\x00\x005\xa4\x09\x9cu\xa3\x00\x00\x16\x99\x09\xaa\
\xaa\x89\x00\x00\x91W\x09\xb2\xf0\x1e\x00\x007t\x09\xc5\
P\x17\x00\x00W\xf8\x09\xc5P\x17\x00\x00a\x80\x09\xc5\
P\x17\x00\x00pb\x09\xc5P\x17\x00\x00\x8b\xec\x09\xc5\
\xb8\x8a\x00\x00\x99L\x09\xd1\x8d\xf1\x00\x00{\x83\x09\xd5\
\x1e\xb5\x00\x00\x12(\x09\xd5\x1e\xb5\x00\x00V\x0f\x09\xd5\
\x1e\xb5\x00\x00a\xe5\x09\xd7\xa4d\x00\x00,\x1a\x09\xde\
\xd1\x8d\x00\x00r$\x09\xeb\xbf\xb5\x00\x00J\xeb\x09\xfd\
]\xb5\x00\x00\x10\x1a\x09\xfd]\xb5\x00\x00V\x8d\x09\xfd\
]\xb5\x00\x00b\x1e\x0a\x10d-\x00\x00\x17$\x0a\x1e\
e\xb4\x00\x00]\xbe\x0a!\xa6o\x00\x00\x17\xec\x0a\x22\
\xd2k\x00\x009{\x0a0\xab\x94\x00\x00\x1b\xae\x0a<\
j+\x00\x00\x0f\x13\x0a=\x0e\x95\x00\x00Ce\x0a?\
#\x1b\x00\x00\x11\xa5\x0a?#\x1b\x00\x00\x1a\x12\x0a?\
#\x1b\x00\x00Y\x10\x0a?#\x1b\x00\x00\x8b\x97\x0a?\
j[\x00\x00\x1aG\x0a?j[\x00\x00Yw\x0a?\
j[\x00\x00\x88\x8e\x0aZ\xcc\xc5\x00\x008]\x0a_\
\xbe\x83\x00\x000\x86\x0aa\x13>\x00\x00\x86\x9d\x0ad\
\xd0\xcd\x00\x00\x06V\x0ad\xd0\xcd\x00\x00\x0aK\x0ad\
\xd0\xcd\x00\x00\x11u\x0ad\xd0\xcd\x00\x00?\xbf\x0ad\
\xd0\xcd\x00\x00@S\x0ad\xd0\xcd\x00\x00N\x9d\x0ad\
\xd0\xcd\x00\x00O\xc8\x0ad\xd0\xcd\x00\x00\x8c\x9e\x0ad\
\xd0\xcd\x00\x00\x9f\xc0\x0ae\xb9\x1c\x00\x00\x19\x0c\x0ah\
\xf6\xd5\x00\x000\xc4\x0aiA\x82\x00\x00C\xa3\x0am\
\x82\xfc\x00\x00>\x5c\x0atg\x19\x00\x00\x11\xdf\x0av\
\x1d\x99\x00\x00\x1fd\x0avZ2\x00\x00E\xfd\x0aw\
r\xd7\x00\x00\x07\xbc\x0ay_\x07\x00\x00(-\x0a\x84\
\xfb\xa8\x00\x00*\xd4\x0a\x95m\xe4\x00\x00/e\x0a\x96\
ke\x00\x00\x0e\x85\x0a\x9a\xaaZ\x00\x00\x01\xe0\x0a\xa2\
\xfa7\x00\x00\xb0\xb2\x0a\xa7\xd1>\x00\x00A\x1c\x0a\xad\
gY\x00\x00\x85M\x0a\xb6v\xe4\x00\x00\xadF\x0a\xb9\
\x9c\xf3\x00\x00&\x04\x0a\xb9\x9c\xf3\x00\x00\x5c\xe9\x0a\xb9\
\x9c\xf3\x00\x00\x93p\x0a\xbe J\x00\x00\x08\xa9\x0a\xd0\
_d\x00\x00\x93\x9b\x0a\xd2\xc0\xe5\x00\x00-\xee\x0a\xd8\
\xc4\x11\x00\x00xZ\x0a\xdb\x09\xe4\x00\x00\xa6\x16\x0a\xe1\
\xb0\x85\x00\x00\x9dO\x0a\xe7\x93\x14\x00\x00o\x08\x0a\xe8\
\xd6\x1e\x00\x00\x90\xd2\x0a\xebf\x09\x00\x00B\xe6\x0a\xff\
e\xee\x00\x00\x8f\x81\x0b\x03\xc6\x94\x00\x00\x0f\xdc\x0b\x03\
\xc6\x94\x00\x00VO\x0b\x09yE\x00\x00.\xc0\x0b\x09\
ye\x00\x00\x8a\xb9\x0b\x09\xa6\xc4\x00\x00D\xd3\x0b%\
\xf5\x11\x00\x00\x05\xc2\x0b08\xf9\x00\x00\x14F\x0b6\
\x01k\x00\x00Z&\x0b6\x08+\x00\x00Y\xdd\x0bH\
B\xd9\x00\x00\x0b\x00\x0bHB\xd9\x00\x00Qz\x0b`\
\xb6\xd5\x00\x00=\xe0\x0bc\xe2\x94\x00\x00tj\x0bd\
\xdd\xbd\x00\x00\x1b\xe9\x0b\x883H\x00\x00,\xe4\x0b\x8f\
\xdd\xb2\x00\x00<\x8c\x0b\x91\x1f\xcc\x00\x00\x13\xc3\x0b\x92\
\x14 \x00\x00*\x93\x0b\x997\x8e\x00\x00\x7f\x85\x0b\x9e\
\x96Y\x00\x00m\x86\x0b\xab\x94\x0e\x00\x00\x81\x81\x0b\xb7\
p\xde\x00\x00 /\x0b\xbd\xf2c\x00\x00\x95\xcd\x0b\xc0\
\x05\xe4\x00\x00\x92\x93\x0b\xc2\x05\xe4\x00\x009\xbc\x0b\xc5\
\x09q\x00\x00\x05\x8b\x0b\xcb\x00\xae\x00\x00$\xb0\x0b\xdb\
\x22C\x00\x00\x9a\xd0\x0b\xe3\xea\x81\x00\x00\x97V\x0b\xee\
\x00\xe4\x00\x00E\x9a\x0c\x01\x9e\xd1\x00\x00\xa9\xfb\x0c\x04\
\xa05\x00\x00J\xba\x0c\x05\x83\x83\x00\x00\x16c\x0c\x05\
\x83\x83\x00\x00G\x0b\x0c\x05\x83\x83\x00\x00\x84_\x0c\x10\
\xbf.\x00\x00\x8d\xc2\x0c\x13\xf8\xce\x00\x00\x0a\xaf\x0c\x15\
*\xee\x00\x00s<\x0c!\x99\xcb\x00\x00\xa0\xdf\x0c*\
$W\x00\x00?\x8a\x0c*$W\x00\x00Wc\x0c*\
$W\x00\x00\x81\xc0\x0c*$W\x00\x00\x8b\x16\x0cB\
\x17\xa3\x00\x00\x82\x84\x0cC\xbb\xe2\x00\x00\x99\x1e\x0cG\
\x92\xf4\x00\x00`Q\x0cG\x92\xf4\x00\x00\x89\x14\x0cJ\
fY\x00\x00:y\x0cRV\x8e\x00\x00b\x5c\x0cV\
\x8c\xe5\x00\x00<\xc1\x0cV\xb7\xad\x00\x00\x19j\x0cX\
\x09e\x00\x00\xab[\x0cZ\xcf\x1d\x00\x00\x15\xa5\x0c^\
T\xf9\x00\x00\x11\x1f\x0co\x11\x8b\x00\x00\x05O\x0cu\
\x02\xbe\x00\x00P'\x0cuK\x99\x00\x00\x82J\x0cz\
\xc3\x9e\x00\x00\x13\x7f\x0cz\xdb7\x00\x00\xa7q\x0c{\
\x85\x9f\x00\x00(j\x0c\x80\x8a\x83\x00\x00#\xad\x0c\x84\
\xfes\x00\x00\xad\xf4\x0c\x88\xfa>\x00\x00\xa9\x86\x0c\x90\
\xd8\xbc\x00\x00\x9d\xcd\x0c\x92\xbc\xa1\x00\x00y\x7f\x0c\x97\
\x12\xac\x00\x00n<\x0c\x9a\x01\xda\x00\x00)\xd7\x0c\xa1\
\xa9\x84\x00\x0054\x0c\xa3\x80I\x00\x00MY\x0c\xa4\
\x91\xb5\x00\x002N\x0c\xa8h\x87\x00\x00m\xcf\x0c\xa9\
_$\x00\x00?\xea\x0c\xbb\x01s\x00\x00KC\x0c\xbb\
\x01s\x00\x00m[\x0c\xc9\xa0\x0e\x00\x00n\x12\x0c\xce\
\x0f\x1f\x00\x00\x22\x1a\x0c\xdf\x8d\xc8\x00\x00\x08\x0f\x0c\xee\
\xd9[\x00\x00Z\xb7\x0c\xf6\x5c\xfe\x00\x00`\xe7\x0d\x04\
,\xaf\x00\x009\x08\x0d\x05Rs\x00\x00\x12\xc2\x0d\x18\
\x90\xf2\x00\x00C\xf7\x0d\x1fN\x94\x00\x00\x5cm\x0d1\
\x07\xc5\x00\x00\xb0\xdf\x0d4\xb3\xee\x00\x00>\x9a\x0dG\
c\xb4\x00\x00\x81L\x0dL\xdb\xf1\x00\x00\xadk\x0dU\
\x94\xe2\x00\x004\xc1\x0dZ\xca\xe7\x00\x005\xe2\x0d\x5c\
\xa9\x15\x00\x00,v\x0d\x5c\xec2\x00\x006\x1d\x0d_\
\xd6C\x00\x00.\xf5\x0d\x89P\x17\x00\x00*\x05\x0d\x89\
P\x17\x00\x00B\xb3\x0d\x93x%\x00\x00\x02\x1e\x0d\xa1\
\xc7\xc9\x00\x00\x83\x8b\x0d\xacz\xf3\x00\x00\x13:\x0d\xb0\
\x8e\xd4\x00\x00hi\x0d\xc5\x9e\xbe\x00\x00gw\x0d\xd3\
\x034\x00\x00\xa1\x5c\x0d\xd5\xf0#\x00\x00Q\x0c\x0d\xd8\
\xc9)\x00\x00\x9b\xf6\x0d\xfc\x13'\x00\x006\x90\x0e\x0d\
Dn\x00\x00\x1e_\x0e\x11\x9a\xe6\x00\x00\x9e\x02\x0e\x12\
\x05s\x00\x00\xa9\x1d\x0e!}d\x00\x00\x8aD\x0e/\
\xa2t\x00\x00\x13\xf6\x0e1\xac*\x00\x00\x98n\x0e;\
\xcd\x81\x00\x00\xa6[\x0eD\xcd+\x00\x00Tv\x0eF\
\xc4\xc3\x00\x00/\xb2\x0eb\xa1\xae\x00\x00\xa2+\x0ee\
@\x89\x00\x00\x941\x0eg\x84\xbb\x00\x006\xd1\x0er\
\xa2\x0e\x00\x00\x22\xb8\x0e\xafo\xc3\x00\x00\x89@\x0e\xb1\
7\x93\x00\x00\x5c\xad\x0e\xbf\xdf:\x00\x00\x08\xdb\x0e\xcb\
%\xa2\x00\x00H\xeb\x0e\xd3\x02\xed\x00\x00r\xae\x0e\xe1\
~\xa3\x00\x00\x0f\x96\x0e\xe1~\xa3\x00\x00Uw\x0e\xe8\
\x9b\xb2\x00\x00\xa8\xec\x0e\xf3\x11C\x00\x00\x9c\x9e\x0f\x03\
\xb7\xa1\x00\x00\x96\xb7\x0f\x07gi\x00\x00]\x18\x0f\x0e\
\x89.\x00\x00Om\x0f\x19\x22<\x00\x00\x0c\xf6\x0f\x19\
\x22<\x00\x00R\xe8\x0f s\xf1\x00\x00\x04S\x0f!\
o\xdd\x00\x00\x02\xcf\x0f'\xf1\xfb\x00\x00\x04)\x0f'\
\xf1\xfb\x00\x00M.\x0f3\x9a\x85\x00\x00\x8e\x18\x0f9\
@\xe8\x00\x00\x04\x86\x0fL\xa1\xb3\x00\x00\x1f\x9d\x0fW\
\xb8i\x00\x00^Q\x0fX\x1aC\x00\x00\xaa\xbc\x0fn\
1U\x00\x00dN\x0f\x85\xef\xbe\x00\x00&\x7f\x0f\x8a\
3\xb5\x00\x00i\xc1\x0f\x93gi\x00\x00]k\x0f\x96\
\xf2!\x00\x00J\x00\x0f\x98N\xf4\x00\x00\x8c\x17\x0f\x99\
+e\x00\x00\x9e~\x0f\x9eH$\x00\x00\x9b\xa3\x0f\xa1\
3H\x00\x00-N\x0f\xadN]\x00\x00\x9d\x1b\x0f\xc0\
w!\x00\x00\x05\x00\x0f\xc9X\x97\x00\x00G\xe1\x0f\xc9\
X\x97\x00\x00\x85\x93\x0f\xcc\xa8\xc4\x00\x00\x1a|\x0f\xd4\
\x9eI\x00\x00\x8e\xb4\x0f\xd5U\xb3\x00\x00p\xe8\x0f\xef\
/\xd4\x00\x00^\x09\x0f\xf4\xee^\x00\x00+\xd3\x0f\xf5\
]#\x00\x00\xa1\x14i\x00\x00\xb1j\x03\x00\x00\x00\x0e\
\xbc\x84\xc8\x04\x00 \xc5\xc5\xb3p\xc7t\xd2\xb8\x08\x00\
\x00\x00\x00\x06\x00\x00\x00\x0eVersion \
Update\x07\x00\x00\x00\x08@defa\
ult\x01\x03\x00\x00\x00H\x00{\x00k\x00e\x00\
y\x00}\x00 \xc7@\x00(\xb2\x94\x00)\x00 \xc7\
 \xd6\xa8\xd5X\xc9\xc0\x00 \xc5J\xc2\xb5\xb2\xc8\xb2\
\xe4\x00.\x00 \xb2\xe8\xcd\x95\xd0\xa4\x00 \xc1$\xc8\
\x15\xc7D\x00 \xd6U\xc7x\xd5X\xc18\xc6\x94\x00\
!\x08\x00\x00\x00\x00\x06\x00\x00\x001{key}\
 is invalid, ple\
ase check the ho\
tkey config!\x07\x00\x00\x00\
\x08@default\x01\x03\x00\x00\x00\x0a\xbc\
\xa0\xd0\xc0\x00 \xbc\x84\xc8\x04\x08\x00\x00\x00\x00\x06\x00\
\x00\x00\x0cBeta Version\x07\
\x00\x00\x00\x08AboutTab\x01\x03\x00\x00\
\x00P\xb2\xe4\xc6\xb4\xad\xf8\xb8\x08\xc7t\xb4\xdc\x00 \
\xc11\xac\xf5\x00 \x00{\x00f\x00r\x00o\x00m\
\x00_\x00v\x00e\x00r\x00s\x00i\x00o\x00n\
\x00}\x00 \x00-\x00>\x00 \x00{\x00t\x00o\
\x00_\x00v\x00e\x00r\x00s\x00i\x00o\x00n\
\x00}\x08\x00\x00\x00\x00\x06\x00\x00\x000Down\
grade success {f\
rom_version} -> \
{to_version}\x07\x00\x00\x00\
\x08AboutTab\x01\x03\x00\x00\x00\x16\xb5\
\x14\xbc\x84\xad\xf8\x00 \xbc\x84\xc8\x04\x00 \xb2\xe4\xc6\
\xb4\xb8\x5c\xb4\xdc\x08\x00\x00\x00\x00\x06\x00\x00\x00\x0eD\
ownload Debug\x07\x00\x00\
\x00\x08AboutTab\x01\x03\x00\x00\x00\x12\
\xb2\xe4\xc6\xb4\xb8\x5c\xb4\xdc\x00 \xc6$\xb9X\x00:\
\x00 \x08\x00\x00\x00\x00\x06\x00\x00\x00\x0fDown\
load Error:\x07\x00\x00\x00\x08\
AboutTab\x01\x03\x00\x00\x00\x16\xb9\xb4\
\xb9\xac\xc2\xa4\x00 \xbc\x84\xc8\x04\x00 \xb2\xe4\xc6\xb4\
\xb8\x5c\xb4\xdc\x08\x00\x00\x00\x00\x06\x00\x00\x00\x10Do\
wnload Release\x07\x00\
\x00\x00\x08AboutTab\x01\x03\x00\x00\x00\
\x0e\xad\x00\xb8(\x00 \xd5\x04\xb8\x5c\xc8\x1d\xd2\xb8\x08\
\x00\x00\x00\x00\x06\x00\x00\x00\x0eOther P\
rojects\x07\x00\x00\x00\x08Abou\
tTab\x01\x03\x00\x00\x00\x0a\xc5H\xc8\x15\x00 \
\xbc\x84\xc8\x04\x08\x00\x00\x00\x00\x06\x00\x00\x00\x0eSt\
able Version\x07\x00\x00\x00\
\x08AboutTab\x01\x03\x00\x00\x00L\xc5\
\xc5\xb3p\xc7t\xd2\xb8\x00 \xc11\xac\xf5\x00 \x00\
{\x00f\x00r\x00o\x00m\x00_\x00v\x00e\x00\
r\x00s\x00i\x00o\x00n\x00}\x00 \x00-\x00\
>\x00 \x00{\x00t\x00o\x00_\x00v\x00e\x00\
r\x00s\x00i\x00o\x00n\x00}\x08\x00\x00\x00\x00\
\x06\x00\x00\x00-Update succ\
ess {from_versio\
n} -> {to_versio\
n}\x07\x00\x00\x00\x08AboutTab\x01\
\x03\x00\x00\x00Z\xac\x8c\xc7\x84\x00 \x00I\x00D\x00\
(\xc6\x08\x00:\x00 \x001\x000\x002\x006\x00\
3\x000\x006\x001\x002\x003\x004\x005\x00\
)\xb2\x94\x00 \xc7t\x00 \xac\xc4\xc8\x15\xc5\xd0\x00\
 \xad\xc0\xc1\x8d\xb4\x18\xc5\xb4\x00 \xbc\xc0\xac\xbd\xd5\
`\x00 \xc2\x18\x00 \xc5\xc6\xc2\xb5\xb2\xc8\xb2\xe4\x08\
\x00\x00\x00\x00\x06\x00\x00\x00L\xe4\xbd\xa0\xe7\x9a\x84\xe6\
\xb8\xb8\xe6\x88\x8f\xe7\xbc\x96\xe5\x8f\xb7, \xe5\xa6\x82\
102630612345, \xe5\xb0\
\x86\xe4\xbc\x9a\xe7\xbb\x91\xe5\xae\x9a\xe6\xad\xa4\xe8\xb4\xa6\
\xe5\x8f\xb7\xe4\xbd\xbf\xe7\x94\xa8\xe6\x97\xa0\xe6\xb3\x95\xe6\
\x9b\xb4\xe6\x94\xb9\x07\x00\x00\x00\x09ActWin\
dow\x01\x03\x00\x00\x00\x06\xd6\x5c\xc11\xd6T\x08\
\x00\x00\x00\x00\x06\x00\x00\x00\x06\xe6\xbf\x80\xe6\xb4\xbb\x07\
\x00\x00\x00\x09ActWindow\x01\x03\x00\
\x00\x00\x0c\xd6\x5c\xc11\xd6T\x00 \xcfT\xb4\xdc\x08\
\x00\x00\x00\x00\x06\x00\x00\x00\x09\xe6\xbf\x80\xe6\xb4\xbb\xe7\
\xa0\x81\x07\x00\x00\x00\x09ActWindow\
\x01\x03\x00\x00\x00\x06\xcc\xb4\xd5\xd8\xd3\x10\x08\x00\x00\x00\
\x00\x06\x00\x00\x00\x06\xe8\xaf\x95\xe7\x94\xa8\x07\x00\x00\x00\
\x09ActWindow\x01\x03\x00\x00\x00\x1c\
\xac\x8c\xc7\x84\x00 \x00I\x00D\xb9|\x00 \xc7\x85\
\xb8%\xd5t\xc8\xfc\xc18\xc6\x94\x00!\x08\x00\x00\x00\
\x00\x06\x00\x00\x00\x16\xe8\xaf\xb7\xe8\xbe\x93\xe5\x85\xa5\xe6\
\xb8\xb8\xe6\x88\x8f\xe7\xbc\x96\xe5\x8f\xb7!\x07\x00\x00\x00\
\x09ActWindow\x01\x03\x00\x00\x00\x1e\
\xd6\x5c\xc11\xd6T\x00 \xcfT\xb4\xdc\xb9|\x00 \
\xc7\x85\xb8%\xd5t\xc8\xfc\xc18\xc6\x94\x00!\x08\x00\
\x00\x00\x00\x06\x00\x00\x00\x13\xe8\xaf\xb7\xe8\xbe\x93\xe5\x85\
\xa5\xe6\xbf\x80\xe6\xb4\xbb\xe7\xa0\x81!\x07\x00\x00\x00\x09\
ActWindow\x01\x03\x00\x00\x00\x12\xc1\
\x8c\xd5\x04\xd2\xb8\xc6\xe8\xc5\xb4\x00 \xd6\x5c\xc11\xd6\
T\x08\x00\x00\x00\x00\x06\x00\x00\x00\x0c\xe8\xbd\xaf\xe4\xbb\
\xb6\xe6\xbf\x80\xe6\xb4\xbb\x07\x00\x00\x00\x09ActW\
indow\x01\x03\x00\x00\x00\x0c\xc7x\xc9\x9d\x00\
 \xc2\xe4\xd3(\x00!\x08\x00\x00\x00\x00\x06\x00\x00\x00\
\x0d\xe9\xaa\x8c\xe8\xaf\x81\xe5\xa4\xb1\xe8\xb4\xa5!\x07\x00\
\x00\x00\x09ActWindow\x01\x03\x00\x00\
\x00\x0c\xc7x\xc9\x9d\x00 \xc11\xac\xf5\x00!\x08\x00\
\x00\x00\x00\x06\x00\x00\x00\x0d\xe9\xaa\x8c\xe8\xaf\x81\xe6\x88\
\x90\xe5\x8a\x9f!\x07\x00\x00\x00\x09ActWin\
dow\x01\x03\x00\x00\x00\x04\xcd\x94\xac\x00\x08\x00\x00\
\x00\x00\x06\x00\x00\x00\x03Add\x07\x00\x00\x00\x11A\
ddTextMessageBox\
\x01\x03\x00\x00\x00\x04\xcd\xe8\xc1\x8c\x08\x00\x00\x00\x00\x06\
\x00\x00\x00\x06Cancel\x07\x00\x00\x00\x11A\
ddTextMessageBox\
\x01\x03\x00\x00\x00\x04\xd6U\xc7x\x08\x00\x00\x00\x00\x06\
\x00\x00\x00\x07Confirm\x07\x00\x00\x00\x11\
AddTextMessageBo\
x\x01\x03\x00\x00\x00&\x00'\x00{\x00}\x00'\x00\
 \xc7D\x00(\xb9|\x00)\x00 \xc0\xad\xc8\x1c\xd5\
X\xc2\xdc\xac\xa0\xc2\xb5\xb2\xc8\xaeL\x00?\x08\x00\x00\
\x00\x00\x06\x00\x00\x00%Are you s\
ure you want to \
delete '{}'?\x07\x00\x00\x00\
\x10AnnotationCanva\
s\x01\x03\x00\x00\x00\x0a\xc0\xad\xc8\x1c\x00 \xd6U\xc7\
x\x08\x00\x00\x00\x00\x06\x00\x00\x00\x0eConfi\
rm Delete\x07\x00\x00\x00\x10An\
notationCanvas\x01\x03\
\x00\x00\x00\x06\xc5\xb4\xb4a\xac\x8c\x08\x00\x00\x00\x00\x06\
\x00\x00\x00\x04Dark\x07\x00\x00\x00\x0fApp\
ConfigWidget\x01\x03\x00\x00\
\x00\x04\xbc\x1d\xac\x8c\x08\x00\x00\x00\x00\x06\x00\x00\x00\x05\
Light\x07\x00\x00\x00\x0fAppCon\
figWidget\x01\x03\x00\x00\x00\x04\xd1\
L\xb9\xc8\x08\x00\x00\x00\x00\x06\x00\x00\x00\x05The\
me\x07\x00\x00\x00\x0fAppConfig\
Widget\x01\x03\x00\x00\x00\x1e\x00'\x00{\
\x00}\x00'\x00 \xc5\xd0\x00 \xc7t\xbb\xf8\x00 \
\xc8t\xc7\xac\xd5i\xb2\xc8\xb2\xe4\x08\x00\x00\x00\x00\x06\
\x00\x00\x00\x16Already exis\
ts in '{}'\x07\x00\x00\x00\x0aB\
BoxDialog\x01\x03\x00\x00\x00\x0c\xbc\
\x14\xc6\xb4\xb5)\x00 \xbc\x15\xc2\xa4\x08\x00\x00\x00\x00\
\x06\x00\x00\x00\x0cBounding Bo\
x\x07\x00\x00\x00\x0aBBoxDialog\
\x01\x03\x00\x00\x00\x04\xcd\xe8\xc1\x8c\x08\x00\x00\x00\x00\x06\
\x00\x00\x00\x06Cancel\x07\x00\x00\x00\x0aB\
BoxDialog\x01\x03\x00\x00\x00\x0e\xce\
t\xd1L\xac\xe0\xb9\xac\x00 \xc7t\xb9\x84\x08\x00\x00\
\x00\x00\x06\x00\x00\x00\x0dCategory \
name\x07\x00\x00\x00\x0aBBoxDia\
log\x01\x03\x00\x00\x00\x0a\xcet\xd1L\xac\xe0\xb9\
\xac\x00:\x08\x00\x00\x00\x00\x06\x00\x00\x00\x09Cat\
egory:\x07\x00\x00\x00\x0aBBoxD\
ialog\x01\x03\x00\x00\x00\x06\xb1\x92\xc7t\x00\
:\x08\x00\x00\x00\x00\x06\x00\x00\x00\x07Heigh\
t:\x07\x00\x00\x00\x0aBBoxDialo\
g\x01\x03\x00\x00\x00\x12\xc7t\xb9\x84\xc7@\x00 \xd5\
D\xc2\x18\xc7\x85\xb2\xc8\xb2\xe4\x08\x00\x00\x00\x00\x06\x00\
\x00\x00\x0dName required\
\x07\x00\x00\x00\x0aBBoxDialog\x01\
\x03\x00\x00\x00\x04\xd6U\xc7x\x08\x00\x00\x00\x00\x06\x00\
\x00\x00\x02OK\x07\x00\x00\x00\x0aBBoxDi\
alog\x01\x03\x00\x00\x00\x06\xb1\x08\xbeD\x00:\
\x08\x00\x00\x00\x00\x06\x00\x00\x00\x06Width:\
\x07\x00\x00\x00\x0aBBoxDialog\x01\
\x03\x00\x00\x00\x1c\xc2\xdc\xc7\x91\x00 \xbaT\xb2t\xc5\
\xd0\x00 \xbc\x14\xb8\x5c\xac\x00\xae0\x00 \xcd\x94\xac\
\x00\x08\x00\x00\x00\x00\x06\x00\x00\x00\x17Add S\
tart Menu Shortc\
ut\x07\x00\x00\x00\x0aConfigCar\
d\x01\x03\x00\x00\x00\x0c\xc1$\xc8\x15\x00 \xcd\x08\xae\
0\xd6T\x08\x00\x00\x00\x00\x06\x00\x00\x00\x0cRes\
et Config\x07\x00\x00\x00\x0aCo\
nfigCard\x01\x03\x00\x00\x00\x04\xcd\xe8\
\xc1\x8c\x08\x00\x00\x00\x00\x06\x00\x00\x00\x06Canc\
el\x07\x00\x00\x00\x0eCopyTaskD\
ialog\x01\x03\x00\x00\x00\x04\xd6U\xc7x\x08\
\x00\x00\x00\x00\x06\x00\x00\x00\x07Confirm\
\x07\x00\x00\x00\x0eCopyTaskDia\
log\x01\x03\x00\x00\x00\x0a\xc7\x91\xc5\xc5\x00 \xbc\
\xf5\xc0\xac\x08\x00\x00\x00\x00\x06\x00\x00\x00\x09Cop\
y Task\x07\x00\x00\x00\x0eCopyT\
askDialog\x01\x03\x00\x00\x00\x18\xbc\
\xf5\xc0\xac\xd5`\x00 \xc7\x91\xc5\xc5\x00 \xc1 \xd0\
\xdd\x00.\x00.\x00.\x08\x00\x00\x00\x00\x06\x00\x00\x00\
\x16Select task to \
copy...\x07\x00\x00\x00\x0eCopy\
TaskDialog\x01\x03\x00\x00\x00\x16\
\x00(\x000\x00 \x00=\x00 \xbeD\xd6\x5c\xc11\
\xd6T\xb4(\x00)\x08\x00\x00\x00\x00\x06\x00\x00\x00\x0e\
(0 = disabled)\x07\x00\
\x00\x00\x18CreateSchedul\
eTaskDialog\x01\x03\x00\x00\x00\
\x08\x002\x004\xc2\xdc\xac\x04\x08\x00\x00\x00\x00\x06\x00\
\x00\x00\x0324h\x07\x00\x00\x00\x18Creat\
eScheduleTaskDia\
log\x01\x03\x00\x00\x00$\xc7\x91\xc5\xc5\x00 \xc6\
D\xb8\xcc\x00 \xd6\xc4\x00 \xc7\x90\xb3\xd9\x00 \xc8\
\x85\xb8\xcc\x00 \x00(\x00-\x00e\x00)\x08\x00\x00\
\x00\x00\x06\x00\x00\x00\x1eAuto exit\
 after task done\
 (-e)\x07\x00\x00\x00\x18Create\
ScheduleTaskDial\
og\x01\x03\x00\x00\x00\x04\xcd\xe8\xc1\x8c\x08\x00\x00\x00\
\x00\x06\x00\x00\x00\x06Cancel\x07\x00\x00\x00\
\x18CreateScheduleT\
askDialog\x01\x03\x00\x00\x00\x04\xc0\
\xdd\xc11\x08\x00\x00\x00\x00\x06\x00\x00\x00\x06Cre\
ate\x07\x00\x00\x00\x18CreateSc\
heduleTaskDialog\
\x01\x03\x00\x00\x00\x10\xc6\x08\xc5}\x00 \xc7\x91\xc5\xc5\
\x00 \xc0\xdd\xc11\x08\x00\x00\x00\x00\x06\x00\x00\x00\x14\
Create Schedule \
Task\x07\x00\x00\x00\x18CreateS\
cheduleTaskDialo\
g\x01\x03\x00\x00\x00\x0c\xc0\xac\xc6\xa9\xc7\x90\x00 \xc8\
\x15\xc7X\x08\x00\x00\x00\x00\x06\x00\x00\x00\x06Cus\
tom\x07\x00\x00\x00\x18CreateSc\
heduleTaskDialog\
\x01\x03\x00\x00\x00\x12\xc0\xac\xc6\xa9\xc7\x90\x00 \xc8\x15\
\xc7X\x00 \xac\x04\xac\xa9\x08\x00\x00\x00\x00\x06\x00\x00\
\x00\x0fCustom Interva\
l\x07\x00\x00\x00\x18CreateSche\
duleTaskDialog\x01\x03\
\x00\x00\x00\x04\xb9\xe4\xc7|\x08\x00\x00\x00\x00\x06\x00\x00\
\x00\x05Daily\x07\x00\x00\x00\x18Crea\
teScheduleTaskDi\
alog\x01\x03\x00\x00\x00\x02\xc7|\x08\x00\x00\x00\
\x00\x06\x00\x00\x00\x04Days\x07\x00\x00\x00\x18C\
reateScheduleTas\
kDialog\x01\x03\x00\x00\x00\x04\xc2\xdc\xac\
\x04\x08\x00\x00\x00\x00\x06\x00\x00\x00\x04Hour\x07\
\x00\x00\x00\x18CreateSchedu\
leTaskDialog\x01\x03\x00\x00\
\x00\x04\xc2\xdc\xac\x04\x08\x00\x00\x00\x00\x06\x00\x00\x00\x05\
Hours\x07\x00\x00\x00\x18Create\
ScheduleTaskDial\
og\x01\x03\x00\x00\x00\x02\xbd\x84\x08\x00\x00\x00\x00\x06\
\x00\x00\x00\x06Minute\x07\x00\x00\x00\x18C\
reateScheduleTas\
kDialog\x01\x03\x00\x00\x00\x04\xb9\xe4\xc6\
\xd4\x08\x00\x00\x00\x00\x06\x00\x00\x00\x07Month\
ly\x07\x00\x00\x00\x18CreateSch\
eduleTaskDialog\x01\
\x03\x00\x00\x00\x18\xc0\xac\xc6\xa9\x00 \xac\x00\xb2\xa5\xd5\
\x5c\x00 \xc7\x91\xc5\xc5\x00 \xc5\xc6\xc7L\x08\x00\x00\
\x00\x00\x06\x00\x00\x00\x12No tasks \
available\x07\x00\x00\x00\x18Cr\
eateScheduleTask\
Dialog\x01\x03\x00\x00\x00\x06\xd5\x5c\x00 \
\xbc\x88\x08\x00\x00\x00\x00\x06\x00\x00\x00\x04Once\
\x07\x00\x00\x00\x18CreateSched\
uleTaskDialog\x01\x03\x00\
\x00\x00\x0a\xc7\x91\xc5\xc5\x00 \xc1 \xd0\xdd\x08\x00\x00\
\x00\x00\x06\x00\x00\x00\x0bSelect Ta\
sk\x07\x00\x00\x00\x18CreateSch\
eduleTaskDialog\x01\
\x03\x00\x00\x00\x0a\xc2\xdc\xc7\x91\x00 \xc2\xdc\xac\x04\x08\
\x00\x00\x00\x00\x06\x00\x00\x00\x0aStart T\
ime\x07\x00\x00\x00\x18CreateSc\
heduleTaskDialog\
\x01\x03\x00\x00\x00\x0a\xc2\xdc\xc7\x91\x00 \xc65\xc1X\
\x08\x00\x00\x00\x00\x06\x00\x00\x00\x0fStartu\
p Options\x07\x00\x00\x00\x18Cr\
eateScheduleTask\
Dialog\x01\x03\x00\x00\x00\x0a\xc2\xdc\xac\x04\
\x00 \xcd\x08\xac\xfc\x08\x00\x00\x00\x00\x06\x00\x00\x00\x07\
Timeout\x07\x00\x00\x00\x18Crea\
teScheduleTaskDi\
alog\x01\x03\x00\x00\x00\x0c\xd2\xb8\xb9\xac\xacp\
\x00 \xc7 \xd6\x15\x08\x00\x00\x00\x00\x06\x00\x00\x00\x0c\
Trigger Type\x07\x00\x00\x00\
\x18CreateScheduleT\
askDialog\x01\x03\x00\x00\x00\x04\xb9\
\xe4\xc8\xfc\x08\x00\x00\x00\x00\x06\x00\x00\x00\x06Wee\
kly\x07\x00\x00\x00\x18CreateSc\
heduleTaskDialog\
\x01\x03\x00\x00\x00\x18\xc2\xdc\xac\x04\x00 \x00(\x000\
\x00 \x00=\x00 \xbb4\xc8\x1c\xd5\x5c\x00)\x08\x00\
\x00\x00\x00\x06\x00\x00\x00\x15hours (0\
 = unlimited)\x07\x00\x00\
\x00\x18CreateSchedule\
TaskDialog\x01\x03\x00\x00\x00\x04\
\xcd\xe8\xc1\x8c\x08\x00\x00\x00\x00\x06\x00\x00\x00\x06Ca\
ncel\x07\x00\x00\x00\x10CreateT\
askDialog\x01\x03\x00\x00\x00\x18\xd0\
t\xb7\x98\xc2\xa4\x00 \xc7t\xb9\x84\x00 \x00(\xc6\
\x01\xc5\xb4\xb9\xcc\x00)\x08\x00\x00\x00\x00\x06\x00\x00\x00\
\x19Class Name (Eng\
lish only)\x07\x00\x00\x00\x10C\
reateTaskDialog\x01\
\x03\x00\x00\x00\x04\xd6U\xc7x\x08\x00\x00\x00\x00\x06\x00\
\x00\x00\x07Confirm\x07\x00\x00\x00\x10C\
reateTaskDialog\x01\
\x03\x00\x00\x00\x0a\xc7\x91\xc5\xc5\x00 \xc0\xdd\xc11\x08\
\x00\x00\x00\x00\x06\x00\x00\x00\x0bCreate \
Task\x07\x00\x00\x00\x10CreateT\
askDialog\x01\x03\x00\x00\x00\x0e\xc1\
$\xba\x85\x00 \x00(\xc1 \xd0\xdd\x00)\x08\x00\x00\
\x00\x00\x06\x00\x00\x00\x16Descripti\
on (Optional)\x07\x00\x00\
\x00\x10CreateTaskDial\
og\x01\x03\x00\x00\x00\x0a\xc7\x91\xc5\xc5\x00 \xc7t\
\xb9\x84\x08\x00\x00\x00\x00\x06\x00\x00\x00\x09Task\
 Name\x07\x00\x00\x00\x10Create\
TaskDialog\x01\x03\x00\x00\x00\x04\
\xd68\xcd\x9c\x08\x00\x00\x00\x00\x06\x00\x00\x00\x04Ca\
ll\x07\x00\x00\x00\x08DebugTab\x01\
\x03\x00\x00\x00\x0e\xc2\xa4\xd0l\xb9\xb0\xc0\xf7\x00 \xce\
\xa1\xcc\x98\x08\x00\x00\x00\x00\x06\x00\x00\x00\x12Cap\
ture Screenshot\x07\
\x00\x00\x00\x08DebugTab\x01\x03\x00\x00\
\x00\x0a\xce\xa1\xcc\x98\x00 \xc11\xac\xf5\x08\x00\x00\x00\
\x00\x06\x00\x00\x00\x0fCapture Su\
ccess\x07\x00\x00\x00\x08DebugT\
ab\x01\x03\x00\x00\x00\x10\xce\xa1\xcc\x98\xac\x00\x00 \
\xbeD\xc5\xb4\xc7\x88\xc7L\x08\x00\x00\x00\x00\x06\x00\x00\
\x00\x15Capture return\
ed None\x07\x00\x00\x00\x08Debu\
gTab\x01\x03\x00\x00\x00\x16\x00i\x001\x008\
\x00n\x00 \xd3\x0c\xc7|\x00 \xce\xf4\xd3\x0c\xc7|\
\x08\x00\x00\x00\x00\x06\x00\x00\x00\x12Conver\
t i18n files\x07\x00\x00\x00\
\x08DebugTab\x01\x03\x00\x00\x00\x14\x00\
T\x00a\x00s\x00k\x00 \xd5h\xc2\x18\x00 \xd6\
8\xcd\x9c\x08\x00\x00\x00\x00\x06\x00\x00\x00\x13Deb\
ug Task Function\
\x07\x00\x00\x00\x08DebugTab\x01\x03\x00\
\x00\x00\x0c\xb5\x14\xbc\x84\xad\xf8\x00 \xb3\xc4\xadl\x08\
\x00\x00\x00\x00\x06\x00\x00\x00\x0aDebug T\
ool\x07\x00\x00\x00\x08DebugTab\
\x01\x03\x00\x00\x00\x1a\xc2\xa4\xd0l\xb9\xb0\xc0\xf7\x00 \
\xc1 \xd0\xdd\x00 \xb6\x10\xb2\x94\x00 \xb4\xdc\xb8m\
\x08\x00\x00\x00\x00\x06\x00\x00\x00\x19Drop o\
r Select Screens\
hot\x07\x00\x00\x00\x08DebugTab\
\x01\x03\x00\x00\x00,\xc2\xa4\xb8\x08\xb4\xdc\x00 \xb3d\
\xd5\x04\x00(\xb2\xe8\xcd\x95\xd0\xa4\x00:\x00C\x00t\
\x00r\x00l\x00+\x00A\x00l\x00t\x00+\x00D\
\x00)\x08\x00\x00\x00\x00\x06\x00\x00\x00\x1fDump\
 Threads(HotKey:\
Ctrl+Alt+D)\x07\x00\x00\x00\x08\
DebugTab\x01\x03\x00\x00\x00\x14\x00i\
\x001\x008\x00n\x00 \xd3\x0c\xc7|\x00 \xc0\xdd\
\xc11\x08\x00\x00\x00\x00\x06\x00\x00\x00\x13Gene\
rate i18n files\x07\
\x00\x00\x00\x08DebugTab\x01\x03\x00\x00\
\x000\xce\xa1\xcc\x98\x00 \xbc)\xc2\xdd\xc7D\x00 \
\xc0\xac\xc6\xa9\xd5`\x00 \xc2\x18\x00 \xc5\xc6\xacp\
\xb0\x98\x00 \xc1 \xd0\xdd\xb4\x18\xc9\xc0\x00 \xc5J\
\xc7L\x08\x00\x00\x00\x00\x06\x00\x00\x00 No C\
apture Available\
 or Selected\x07\x00\x00\x00\
\x08DebugTab\x01\x03\x00\x00\x00\x18\x00\
O\x00C\x00R\xc7t\x00 \xadl\xc11\xb4\x18\xc9\
\xc0\x00 \xc5J\xc7L\x08\x00\x00\x00\x00\x06\x00\x00\x00\
\x11No OCR configur\
ed\x07\x00\x00\x00\x08DebugTab\x01\
\x03\x00\x00\x000\xc1\x8d\xc11\x00 \xb6\x10\xb2\x94\x00\
 \xd5h\xc2\x18\x00 \xc5\xc6\xc7L\x00:\x00 \x00\
{\x00f\x00u\x00n\x00c\x00_\x00n\x00a\x00\
m\x00e\x00}\x08\x00\x00\x00\x00\x06\x00\x00\x00\x19N\
o such attr: {fu\
nc_name}\x07\x00\x00\x00\x08Deb\
ugTab\x01\x03\x00\x00\x00&\x00O\x00C\x00\
R\x00 \xd68\xcd\x9c\x00 \xc11\xac\xf5\x00:\x00\
 \x00{\x00r\x00e\x00s\x00u\x00l\x00t\x00\
}\x08\x00\x00\x00\x00\x06\x00\x00\x00\x15OCR s\
uccess: {result}\
\x07\x00\x00\x00\x08DebugTab\x01\x03\x00\
\x00\x00\x10\xb8\x5c\xad\xf8\x00 \xd3\xf4\xb3T\x00 \xc5\
\xf4\xae0\x08\x00\x00\x00\x00\x06\x00\x00\x00\x09Ope\
n Logs\x07\x00\x00\x00\x08Debug\
Tab\x01\x03\x00\x00\x00\x0e\xc2\xa4\xd0l\xb9\xb0\xc0\
\xf7\x00 \xc1 \xd0\xdd\x08\x00\x00\x00\x00\x06\x00\x00\x00\
\x12Select Screensh\
ots\x07\x00\x00\x00\x08DebugTab\
\x01\x03\x00\x00\x00\x16\xd5h\xc2\x18\x00 \xb6\x10\xb2\x94\
\x00 \xc1\x8d\xc11\x00 \xc7\x85\xb8%\x08\x00\x00\x00\
\x00\x06\x00\x00\x00\x1bType a fun\
ction or propert\
y\x07\x00\x00\x00\x08DebugTab\x01\x03\
\x00\x00\x00\x1e\xd68\xcd\x9c\x00 \xc11\xac\xf5\x00:\
\x00 \x00{\x00r\x00e\x00s\x00u\x00l\x00t\
\x00}\x08\x00\x00\x00\x00\x06\x00\x00\x00\x16call\
 success: {resul\
t}\x07\x00\x00\x00\x08DebugTab\x01\
\x03\x00\x00\x00\x1c\x00{\x00n\x00u\x00m\x00}\xac\
\x1c\x00 \xc7t\xbb\xf8\xc9\xc0\x00 \xc1 \xd0\xdd\xb4\
(\x08\x00\x00\x00\x00\x06\x00\x00\x00\x15{num}\
 images selected\
\x07\x00\x00\x00\x08DebugTab\x01\x03\x00\
\x00\x00\x06\x00A\x00D\x00B\x08\x00\x00\x00\x00\x06\x00\
\x00\x00\x03ADB\x07\x00\x00\x00\x0bEditT\
askTab\x01\x03\x00\x00\x00\x1c\x00{\x00}\
\x00 \xb9|\x00 \xc0\xad\xc8\x1c\xd5X\xc2\xdc\xac\xa0\
\xc2\xb5\xb2\xc8\xaeL\x00?\x08\x00\x00\x00\x00\x06\x00\x00\
\x00#Are you sure y\
ou want to delet\
e {}?\x07\x00\x00\x00\x0bEditTa\
skTab\x01\x03\x00\x00\x00\x04\xbc\x15\xc2\xa4\x08\
\x00\x00\x00\x00\x06\x00\x00\x00\x03Box\x07\x00\x00\x00\
\x0bEditTaskTab\x01\x03\x00\x00\
\x00\x04\xcd\xe8\xc1\x8c\x08\x00\x00\x00\x00\x06\x00\x00\x00\x06\
Cancel\x07\x00\x00\x00\x0bEditT\
askTab\x01\x03\x00\x00\x00\x0c\xc7\x91\xc5\xc5\
\x00 \xc1 \xd0\xdd\x00:\x08\x00\x00\x00\x00\x06\x00\x00\
\x00\x0cChoose Task:\x07\x00\
\x00\x00\x0bEditTaskTab\x01\x03\
\x00\x00\x00\x0a\xc0\xad\xc8\x1c\x00 \xd6U\xc7x\x08\x00\
\x00\x00\x00\x06\x00\x00\x00\x0eConfirm \
Delete\x07\x00\x00\x00\x0bEditT\
askTab\x01\x03\x00\x00\x00\x04\xc8\x1c\xc5\xb4\
\x08\x00\x00\x00\x00\x06\x00\x00\x00\x07Contro\
l\x07\x00\x00\x00\x0bEditTaskTa\
b\x01\x03\x00\x00\x00\x0a\xc7\x91\xc5\xc5\x00 \xbc\xf5\xc0\
\xac\x08\x00\x00\x00\x00\x06\x00\x00\x00\x09Copy \
Task\x07\x00\x00\x00\x0bEditTas\
kTab\x01\x03\x00\x00\x00*\x00{\x00}\x00 \
\xc7X\x00 \xc1\x8c\xc2\xa4\x00 \xd3\x0c\xc7|\xc7D\
\x00 \xcc>\xc7D\x00 \xc2\x18\x00 \xc5\xc6\xc2\xb5\
\xb2\xc8\xb2\xe4\x08\x00\x00\x00\x00\x06\x00\x00\x00!Co\
uld not find sou\
rce file for {}\x07\
\x00\x00\x00\x0bEditTaskTab\x01\
\x03\x00\x00\x00\x0e\xc0\xc8\x00 \xc7\x91\xc5\xc5\x00 \xc0\
\xdd\xc11\x08\x00\x00\x00\x00\x06\x00\x00\x00\x0fCre\
ate New Task\x07\x00\x00\x00\
\x0bEditTaskTab\x01\x03\x00\x00\
\x00\x0a\xc7\x91\xc5\xc5\x00 \xc0\xdd\xc11\x08\x00\x00\x00\
\x00\x06\x00\x00\x00\x0bCreate Tas\
k\x07\x00\x00\x00\x0bEditTaskTa\
b\x01\x03\x00\x00\x00\x0a\xc7\x91\xc5\xc5\x00 \xc0\xad\xc8\
\x1c\x08\x00\x00\x00\x00\x06\x00\x00\x00\x0bDelet\
e Task\x07\x00\x00\x00\x0bEditT\
askTab\x01\x03\x00\x00\x00\x14\xc2\xa4\xd0l\
\xb9\xbd\xd2\xb8\x00 \xd4\x5c\xc2\xdc\x00 \xc7t\xb9\x84\
\x08\x00\x00\x00\x00\x06\x00\x00\x00\x1bDispla\
y name for the s\
cript\x07\x00\x00\x00\x0bEditTa\
skTab\x01\x03\x00\x00\x00(\xc6\x01\xc5\xb4\x00\
,\x00 \xc2+\xc7\x90\x00 \xbc\x0f\x00 \xc7 \xd6\
\xa8\xd5\x5c\x00 \xd3\x0c\xc7|\xba\x85\x00 \xbb8\xc7\
\x90\xb9\xcc\x08\x00\x00\x00\x00\x06\x00\x00\x00.Eng\
lish, numbers an\
d valid filename\
 chars only\x07\x00\x00\x00\x0b\
EditTaskTab\x01\x03\x00\x00\x00\
\x08\xb0\xb4\xbc\xf4\xb0\xb4\xae0\x08\x00\x00\x00\x00\x06\x00\
\x00\x00\x06Export\x07\x00\x00\x00\x0bEd\
itTaskTab\x01\x03\x00\x00\x00\x12\xc2\
\xa4\xd0l\xb9\xbd\xd2\xb8\x00 \xb0\xb4\xbc\xf4\xb0\xb4\xae\
0\x08\x00\x00\x00\x00\x06\x00\x00\x00\x0dExpor\
t Script\x07\x00\x00\x00\x0bEdi\
tTaskTab\x01\x03\x00\x00\x00\x0e\xb0\xb4\
\xbc\xf4\xb0\xb4\xae0\x00 \xc2\xe4\xd3(\x08\x00\x00\x00\
\x00\x06\x00\x00\x00\x0dExport fai\
led\x07\x00\x00\x00\x0bEditTask\
Tab\x01\x03\x00\x00\x00\x1e\xc1\x8c\xc2\xa4\x00 \xd3\
\x0c\xc7|\x00 \xc7}\xae0\x00 \xc2\xe4\xd3(\x00\
:\x00 \x00{\x00}\x08\x00\x00\x00\x00\x06\x00\x00\x00\
\x1eFailed to read \
source file: {}\x07\
\x00\x00\x00\x0bEditTaskTab\x01\
\x03\x00\x00\x00\x0a\xc8\x00\xc7\xa5\x00 \xc2\xe4\xd3(\x08\
\x00\x00\x00\x00\x06\x00\x00\x00\x0eFailed \
to save\x07\x00\x00\x00\x0bEdit\
TaskTab\x01\x03\x00\x00\x00\x04\xd3\x0c\xc7\
|\x08\x00\x00\x00\x00\x06\x00\x00\x00\x04File\x07\
\x00\x00\x00\x0bEditTaskTab\x01\
\x03\x00\x00\x00\x18\xd3\x0c\xc7|\xc7t\x00 \xc6x\xbd\
\x80\xc5\xd0\xc1\x1c\x00 \xbc\xc0\xac\xbd\xb4(\x08\x00\x00\
\x00\x00\x06\x00\x00\x00\x17File Chan\
ged Externally\x07\x00\
\x00\x00\x0bEditTaskTab\x01\x03\
\x00\x00\x00\x0c\xd3\x0c\xc7|\x00 \xc7t\xb9\x84\x00:\
\x08\x00\x00\x00\x00\x06\x00\x00\x00\x0aFile N\
ame:\x07\x00\x00\x00\x0bEditTas\
kTab\x01\x03\x00\x00\x00\x06\xac\x00\xc7t\xb4\xdc\
\x08\x00\x00\x00\x00\x06\x00\x00\x00\x05Guide\x07\
\x00\x00\x00\x0bEditTaskTab\x01\
\x03\x00\x00\x00\x12\xc2\xa4\xd0l\xb9\xbd\xd2\xb8\x00 \xac\
\x00\xc88\xc6$\xae0\x08\x00\x00\x00\x00\x06\x00\x00\x00\
\x0dImport Script\x07\x00\
\x00\x00\x0bEditTaskTab\x01\x03\
\x00\x00\x00\x0e\xac\x00\xc88\xc6$\xae0\x00 \xc2\xe4\
\xd3(\x08\x00\x00\x00\x00\x06\x00\x00\x00\x0dImpo\
rt failed\x07\x00\x00\x00\x0bEd\
itTaskTab\x01\x03\x00\x00\x00<\xd0\
t\xb7\x98\xc2\xa4\x00 \xc7t\xb9\x84\xc7t\x00 \xc7\
 \xd6\xa8\xd5X\xc9\xc0\x00 \xc5J\xc2\xb5\xb2\xc8\xb2\
\xe4\x00.\x00 \xc6\x01\xbb8\xc7\x90\xb9\xcc\x00 \xc0\
\xac\xc6\xa9\xd5X\xc18\xc6\x94\x00.\x08\x00\x00\x00\x00\
\x06\x00\x00\x004Invalid Cla\
ss Name. Must be\
 English charact\
ers only.\x07\x00\x00\x00\x0bEd\
itTaskTab\x01\x03\x00\x00\x00J\xc7\
\x98\xba\xbb\xb4\x1c\x00 \xd3\x0c\xc7|\x00 \xc7t\xb9\
\x84\xc7\x85\xb2\xc8\xb2\xe4\x00.\x00 \xc6\x01\xc5\xb4\x00\
,\x00 \xc2+\xc7\x90\x00,\x00 \xbc\x11\xc9\x04\x00\
,\x00 \xd5X\xc7t\xd5\x08\xb9\xcc\x00 \xc0\xac\xc6\
\xa9\xd5X\xc18\xc6\x94\x00.\x08\x00\x00\x00\x00\x06\x00\
\x00\x00KInvalid file \
name. Use Englis\
h letters, numbe\
rs, underscores,\
 hyphens only.\x07\x00\
\x00\x00\x0bEditTaskTab\x01\x03\
\x00\x00\x00\x02\xd0\xa4\x08\x00\x00\x00\x00\x06\x00\x00\x00\x03\
Key\x07\x00\x00\x00\x0bEditTask\
Tab\x01\x03\x00\x00\x00\x04\xb8\x5c\xaeE\x08\x00\x00\
\x00\x00\x06\x00\x00\x00\x07Logging\x07\x00\
\x00\x00\x0bEditTaskTab\x01\x03\
\x00\x00\x00\x0a\xbb4\xd5\x5c\x00 \xbc\x18\xbc\xf5\x08\x00\
\x00\x00\x00\x06\x00\x00\x00\x0fLoop inf\
initely\x07\x00\x00\x00\x0bEdit\
TaskTab\x01\x03\x00\x00\x00\x0a\x00x\xbc\
\x88\x00 \xbc\x18\xbc\xf5\x08\x00\x00\x00\x00\x06\x00\x00\x00\
\x0cLoop x times\x07\x00\x00\
\x00\x0bEditTaskTab\x01\x03\x00\
\x00\x00\x06\xb9\xc8\xc6\xb0\xc2\xa4\x08\x00\x00\x00\x00\x06\x00\
\x00\x00\x05Mouse\x07\x00\x00\x00\x0bEdi\
tTaskTab\x01\x03\x00\x00\x00\x0a\xbc\x18\
\xbc\xf5\x00 \xc5\xc6\xc7L\x08\x00\x00\x00\x00\x06\x00\x00\
\x00\x07No loop\x07\x00\x00\x00\x0bEd\
itTaskTab\x01\x03\x00\x00\x00\x1a\xb0\
\xb4\xbc\xf4\xb0\xbc\x00 \xc7\x91\xc5\xc5\xc7t\x00 \xc5\
\xc6\xc2\xb5\xb2\xc8\xb2\xe4\x00.\x08\x00\x00\x00\x00\x06\x00\
\x00\x00\x13No tasks to e\
xport.\x07\x00\x00\x00\x0bEditT\
askTab\x01\x03\x00\x00\x00\x06\x00O\x00C\
\x00R\x08\x00\x00\x00\x00\x06\x00\x00\x00\x03OCR\x07\
\x00\x00\x00\x0bEditTaskTab\x01\
\x03\x00\x00\x00\x04\xd6U\xc7x\x08\x00\x00\x00\x00\x06\x00\
\x00\x00\x02OK\x07\x00\x00\x00\x0bEditTa\
skTab\x01\x03\x00\x00\x00F\x00O\x00K\x00\
S\x00c\x00r\x00i\x00p\x00t\x00 \xd3\x0c\xc7\
|\x00 \x00(\x00*\x00.\x00o\x00k\x00s\x00\
c\x00r\x00i\x00p\x00t\x00)\x00;\x00;\xba\
\xa8\xb4\xe0\x00 \xd3\x0c\xc7|\x00 \x00(\x00*\x00\
)\x08\x00\x00\x00\x00\x06\x00\x00\x00*OKScr\
ipt Files (*.oks\
cript);;All File\
s (*)\x07\x00\x00\x00\x0bEditTa\
skTab\x01\x03\x00\x00\x00\x04\xae0\xd0\xc0\x08\
\x00\x00\x00\x00\x06\x00\x00\x00\x05Other\x07\x00\
\x00\x00\x0bEditTaskTab\x01\x03\
\x00\x00\x00\x22\xcd\x5c\xc1\x8c\x00 \xd5X\xb0\x98\xc7X\
\x00 \xc7\x91\xc5\xc5\xc7D\x00 \xc1 \xd0\xdd\xd5X\
\xc18\xc6\x94\x00.\x08\x00\x00\x00\x00\x06\x00\x00\x00*\
Please select at\
 least one task \
to export.\x07\x00\x00\x00\x0bE\
ditTaskTab\x01\x03\x00\x00\x00\x04\
\xb1y\xd6T\x08\x00\x00\x00\x00\x06\x00\x00\x00\x06Re\
cord\x07\x00\x00\x00\x0bEditTas\
kTab\x01\x03\x00\x00\x00F\xb1y\xd6T\xd5X\
\xbat\x00 \xd6\x04\xc7\xac\x00 \xc2\xa4\xd0l\xb9\xbd\
\xd2\xb8\x00 \xb8\x5c\xc9\xc1\xc7t\x00 \xb3n\xc5\xb4\
\xc5\x0c\xc6\xcc\xc9\xd1\xb2\xc8\xb2\xe4\x00.\x00 \xac\xc4\
\xc1\x8d\xd5X\xc2\xdc\xac\xa0\xc2\xb5\xb2\xc8\xaeL\x00?\
\x08\x00\x00\x00\x00\x06\x00\x00\x008Record\
 will override t\
he current scrip\
t logic. Continu\
e?\x07\x00\x00\x00\x0bEditTaskT\
ab\x01\x03\x00\x00\x00H\xcc=\x00 \x00'\x00{\
\x00h\x00w\x00n\x00d\x00_\x00n\x00a\x00m\
\x00e\x00}\x00'\xc7t\x00(\xac\x00\x00)\x00 \
\xd6\x5c\xc11\xd6T\xb4\x18\xbat\x00 \xb1y\xd6T\
\xac\x00\x00 \xc2\xdc\xc7\x91\xb4)\xb2\xc8\xb2\xe4\x00.\
\x08\x00\x00\x00\x00\x06\x00\x00\x00>Record\
ing will start w\
hen window '{hwn\
d_name}' becomes\
 active.\x07\x00\x00\x00\x0bEdi\
tTaskTab\x01\x03\x00\x00\x00\x04\xc2\xe4\
\xd5\x89\x08\x00\x00\x00\x00\x06\x00\x00\x00\x03Run\x07\
\x00\x00\x00\x0bEditTaskTab\x01\
\x03\x00\x00\x00\x04\xc8\x00\xc7\xa5\x08\x00\x00\x00\x00\x06\x00\
\x00\x00\x04Save\x07\x00\x00\x00\x0bEdit\
TaskTab\x01\x03\x00\x00\x00\x10\xbc\xc0\xac\
\xbd\x00 \xc0\xac\xd5m\x00 \xc8\x00\xc7\xa5\x08\x00\x00\
\x00\x00\x06\x00\x00\x00\x0cSave Chan\
ges\x07\x00\x00\x00\x0bEditTask\
Tab\x01\x03\x00\x00\x00\x10\xc2\xa4\xd0l\xb9\xbd\xd2\
\xb8\x00 \xc7t\xb9\x84\x00:\x08\x00\x00\x00\x00\x06\x00\
\x00\x00\x0cScript Name:\x07\
\x00\x00\x00\x0bEditTaskTab\x01\
\x03\x00\x00\x00:\xc2\xa4\xd0l\xb9\xbd\xd2\xb8\xac\x00\x00\
 \xb2\xe4\xc6\xb4\xb8\x5c\xb4\xdc\x00 \xd3\xf4\xb3T\xc5\
\xd0\x00 \xc11\xac\xf5\xc8\x01\xc7<\xb8\x5c\x00 \xb0\
\xb4\xbc\xf4\xb0\xb4\xc8L\xc2\xb5\xb2\xc8\xb2\xe4\x00.\x08\
\x00\x00\x00\x00\x06\x00\x00\x001Script \
exported success\
fully to Downloa\
ds folder.\x07\x00\x00\x00\x0bE\
ditTaskTab\x01\x03\x00\x00\x00\x1e\
\xc2\xa4\xd0l\xb9\xbd\xd2\xb8\x00 \xc7t\xb9\x84\xc7@\
\x00 \xd5D\xc2\x18\xc7\x85\xb2\xc8\xb2\xe4\x00.\x08\x00\
\x00\x00\x00\x06\x00\x00\x00\x18Script n\
ame is required.\
\x07\x00\x00\x00\x0bEditTaskTab\
\x01\x03\x00\x00\x00\x12\xd1\x5c\xd5\x0c\xb9\xbf\x00 \xac\x80\
\xc0\xc9\x00.\x00.\x00.\x08\x00\x00\x00\x00\x06\x00\x00\
\x00\x13Search templat\
es...\x07\x00\x00\x00\x0bEditTa\
skTab\x01\x03\x00\x00\x00\x14\xc2\xa4\xd0l\xb9\
\xbd\xd2\xb8\x00 \xd3\x0c\xc7|\x00 \xc1 \xd0\xdd\x08\
\x00\x00\x00\x00\x06\x00\x00\x00\x12Select \
Script File\x07\x00\x00\x00\x0b\
EditTaskTab\x01\x03\x00\x00\x00\
\x14\xb0\xb4\xbc\xf4\xb0\xbc\x00 \xc7\x91\xc5\xc5\x00 \xc1\
 \xd0\xdd\x00:\x08\x00\x00\x00\x00\x06\x00\x00\x00\x17S\
elect tasks to e\
xport:\x07\x00\x00\x00\x0bEditT\
askTab\x01\x03\x00\x00\x00\x04\xc9\x11\xc9\xc0\
\x08\x00\x00\x00\x00\x06\x00\x00\x00\x04Stop\x07\x00\
\x00\x00\x0bEditTaskTab\x01\x03\
\x00\x00\x00\x04\xc11\xac\xf5\x08\x00\x00\x00\x00\x06\x00\x00\
\x00\x07Success\x07\x00\x00\x00\x0bEd\
itTaskTab\x01\x03\x00\x00\x00\x1a\xc7\
\x91\xc5\xc5\x00 \xc7t\xb9\x84\xc7@\x00 \xd5D\xc2\
\x18\xc7\x85\xb2\xc8\xb2\xe4\x00.\x08\x00\x00\x00\x00\x06\x00\
\x00\x00\x16Task Name is \
required.\x07\x00\x00\x00\x0bEd\
itTaskTab\x01\x03\x00\x00\x00\x18\xc7\
\x91\xc5\xc5\xc7t\x00 \xbc\xf5\xc0\xac\xb4\x18\xc5\xc8\xc2\
\xb5\xb2\xc8\xb2\xe4\x00.\x08\x00\x00\x00\x00\x06\x00\x00\x00\
\x19Task copied suc\
cessfully.\x07\x00\x00\x00\x0bE\
ditTaskTab\x01\x03\x00\x00\x00\x18\
\xc7\x91\xc5\xc5\xc7t\x00 \xc0\xdd\xc11\xb4\x18\xc5\xc8\
\xc2\xb5\xb2\xc8\xb2\xe4\x00.\x08\x00\x00\x00\x00\x06\x00\x00\
\x00\x1aTask created s\
uccessfully.\x07\x00\x00\x00\
\x0bEditTaskTab\x01\x03\x00\x00\
\x00\x18\xc7\x91\xc5\xc5\xc7t\x00 \xc0\xad\xc8\x1c\xb4\x18\
\xc5\xc8\xc2\xb5\xb2\xc8\xb2\xe4\x00.\x08\x00\x00\x00\x00\x06\
\x00\x00\x00\x1aTask deleted\
 successfully.\x07\x00\
\x00\x00\x0bEditTaskTab\x01\x03\
\x00\x00\x00 \xc7\x91\xc5\xc5\x00 \xd3\x0c\xc7|\xc7t\
\x00 \xc7t\xbb\xf8\x00 \xc8t\xc7\xac\xd5i\xb2\xc8\
\xb2\xe4\x00.\x08\x00\x00\x00\x00\x06\x00\x00\x00\x19Ta\
sk file already \
exists.\x07\x00\x00\x00\x0bEdit\
TaskTab\x01\x03\x00\x00\x00&\xc7\x91\xc5\
\xc5\xc7t\x00 \xc11\xac\xf5\xc8\x01\xc7<\xb8\x5c\x00\
 \xc7\xac\xadl\xc11\xb4\x18\xc5\xc8\xc2\xb5\xb2\xc8\xb2\
\xe4\x00.\x08\x00\x00\x00\x00\x06\x00\x00\x00\x1aTas\
k rebuilt succes\
sfully.\x07\x00\x00\x00\x0bEdit\
TaskTab\x01\x03\x00\x00\x00\x0c\xd1\x5c\xd5\
\x0c\xb9\xbf\x00 \xb9\xe4\xcem\x08\x00\x00\x00\x00\x06\x00\
\x00\x00\x11Template Matc\
hing\x07\x00\x00\x00\x0bEditTas\
kTab\x01\x03\x00\x00\x00J\xd6\x04\xc7\xac\x00 \
\xc7\x91\xc5\xc5\xc5\xd0\x00 \xc8\x00\xc7\xa5\xb4\x18\xc9\xc0\
\x00 \xc5J\xc7@\x00 \xbc\xc0\xac\xbd\x00 \xc0\xac\
\xd5m\xc7t\x00 \xc7\x88\xc2\xb5\xb2\xc8\xb2\xe4\x00.\
\x00 \xc8\x00\xc7\xa5\xd5X\xc2\xdc\xac\xa0\xc2\xb5\xb2\xc8\
\xaeL\x00?\x08\x00\x00\x00\x00\x06\x00\x00\x00?Th\
e current task h\
as unsaved chang\
es. Do you want \
to save them?\x07\x00\x00\
\x00\x0bEditTaskTab\x01\x03\x00\
\x00\x00T\xd3\x0c\xc7|\xc7t\x00 \xc6x\xbd\x80\xc5\
\xd0\xc1\x1c\x00 \xc2\x18\xc8\x15\xb4\x18\xc5\xc8\xc2\xb5\xb2\
\xc8\xb2\xe4\x00.\x00 \xc8\x00\xc7\xa5\xd5X\xc9\xc0\x00\
 \xc5J\xc7@\x00 \xbc\xc0\xac\xbd\x00 \xc0\xac\xd5\
m\xc7D\x00 \xb3n\xc5\xb4\xc4\xf0\xc2\xdc\xac\xa0\xc2\
\xb5\xb2\xc8\xaeL\x00?\x08\x00\x00\x00\x00\x06\x00\x00\x00\
PThe file was mo\
dified externall\
y. Do you want t\
o overwrite your\
 unsaved changes\
?\x07\x00\x00\x00\x0bEditTaskTa\
b\x01\x03\x00\x00\x00\x06\xbc\x84\xc8\x04\x00:\x08\x00\x00\
\x00\x00\x06\x00\x00\x00\x08Version:\x07\
\x00\x00\x00\x0bEditTaskTab\x01\
\x03\x00\x00\x00\x04\xac\xbd\xac\xe0\x08\x00\x00\x00\x00\x06\x00\
\x00\x00\x07Warning\x07\x00\x00\x00\x0bE\
ditTaskTab\x01\x03\x00\x00\x00\x02\
\xcc=\x08\x00\x00\x00\x00\x06\x00\x00\x00\x06Wind\
ow\x07\x00\x00\x00\x0bEditTaskT\
ab\x01\x03\x00\x00\x00\x12\x00a\x00d\x00b\x00_\
\x00s\x00h\x00e\x00l\x00l\x08\x00\x00\x00\x00\x06\
\x00\x00\x00\x09adb_shell\x07\x00\x00\
\x00\x0bEditTaskTab\x01\x03\x00\
\x00\x00\x16\x00a\x00d\x00b\x00_\x00u\x00i\x00\
_\x00d\x00u\x00m\x00p\x08\x00\x00\x00\x00\x06\x00\
\x00\x00\x0badb_ui_dump\x07\x00\
\x00\x00\x0bEditTaskTab\x01\x03\
\x00\x00\x00\x18\x00a\x00d\x00d\x00_\x00t\x00e\
\x00x\x00t\x00_\x00f\x00i\x00x\x08\x00\x00\x00\
\x00\x06\x00\x00\x00\x0cadd_text_f\
ix\x07\x00\x00\x00\x0bEditTaskT\
ab\x01\x03\x00\x00\x00\x08\x00b\x00a\x00c\x00k\
\x08\x00\x00\x00\x00\x06\x00\x00\x00\x04back\x07\x00\
\x00\x00\x0bEditTaskTab\x01\x03\
\x00\x00\x00\x04\xc0\xc1\xc7\x90\x08\x00\x00\x00\x00\x06\x00\x00\
\x00\x03box\x07\x00\x00\x00\x0bEditTa\
skTab\x01\x03\x00\x00\x000\x00b\x00o\x00\
x\x00_\x00i\x00n\x00_\x00h\x00o\x00r\x00\
i\x00z\x00o\x00n\x00t\x00a\x00l\x00_\x00\
c\x00e\x00n\x00t\x00e\x00r\x08\x00\x00\x00\x00\
\x06\x00\x00\x00\x18box_in_hori\
zontal_center\x07\x00\x00\
\x00\x0bEditTaskTab\x01\x03\x00\
\x00\x00\x1a\x00b\x00o\x00x\x00_\x00o\x00f\x00\
_\x00s\x00c\x00r\x00e\x00e\x00n\x08\x00\x00\
\x00\x00\x06\x00\x00\x00\x0dbox_of_sc\
reen\x07\x00\x00\x00\x0bEditTas\
kTab\x01\x03\x00\x00\x00(\x00b\x00o\x00x\
\x00_\x00o\x00f\x00_\x00s\x00c\x00r\x00e\
\x00e\x00n\x00_\x00s\x00c\x00a\x00l\x00e\
\x00d\x08\x00\x00\x00\x00\x06\x00\x00\x00\x14box_\
of_screen_scaled\
\x07\x00\x00\x00\x0bEditTaskTab\
\x01\x03\x00\x00\x004\x00c\x00a\x00l\x00c\x00u\
\x00l\x00a\x00t\x00e\x00_\x00c\x00o\x00l\
\x00o\x00r\x00_\x00p\x00e\x00r\x00c\x00e\
\x00n\x00t\x00a\x00g\x00e\x08\x00\x00\x00\x00\x06\
\x00\x00\x00\x1acalculate_co\
lor_percentage\x07\x00\
\x00\x00\x0bEditTaskTab\x01\x03\
\x00\x00\x00\x12\x00c\x00l\x00e\x00a\x00r\x00_\
\x00b\x00o\x00x\x08\x00\x00\x00\x00\x06\x00\x00\x00\x09\
clear_box\x07\x00\x00\x00\x0bEd\
itTaskTab\x01\x03\x00\x00\x00\x0a\x00\
c\x00l\x00i\x00c\x00k\x08\x00\x00\x00\x00\x06\x00\
\x00\x00\x05click\x07\x00\x00\x00\x0bEdi\
tTaskTab\x01\x03\x00\x00\x00\x12\x00c\
\x00l\x00i\x00c\x00k\x00_\x00b\x00o\x00x\
\x08\x00\x00\x00\x00\x06\x00\x00\x00\x09click_\
box\x07\x00\x00\x00\x0bEditTask\
Tab\x01\x03\x00\x00\x00.\x00c\x00l\x00i\x00\
c\x00k\x00_\x00b\x00o\x00x\x00_\x00i\x00\
f\x00_\x00n\x00a\x00m\x00e\x00_\x00m\x00\
a\x00t\x00c\x00h\x08\x00\x00\x00\x00\x06\x00\x00\x00\
\x17click_box_if_na\
me_match\x07\x00\x00\x00\x0bEdi\
tTaskTab\x01\x03\x00\x00\x00\x1c\x00c\
\x00l\x00i\x00c\x00k\x00_\x00r\x00e\x00l\
\x00a\x00t\x00i\x00v\x00e\x08\x00\x00\x00\x00\x06\
\x00\x00\x00\x0eclick_relati\
ve\x07\x00\x00\x00\x0bEditTaskT\
ab\x01\x03\x00\x00\x00\x12\x00c\x00l\x00i\x00p\
\x00b\x00o\x00a\x00r\x00d\x08\x00\x00\x00\x00\x06\
\x00\x00\x00\x09clipboard\x07\x00\x00\
\x00\x0bEditTaskTab\x01\x03\x00\
\x00\x00\x1e\x00c\x00r\x00e\x00a\x00t\x00e\x00\
_\x00s\x00h\x00o\x00r\x00t\x00c\x00u\x00\
t\x08\x00\x00\x00\x00\x06\x00\x00\x00\x0fcreat\
e_shortcut\x07\x00\x00\x00\x0bE\
ditTaskTab\x01\x03\x00\x00\x00\x0e\
\x00d\x00i\x00s\x00a\x00b\x00l\x00e\x08\x00\
\x00\x00\x00\x06\x00\x00\x00\x07disable\x07\
\x00\x00\x00\x0bEditTaskTab\x01\
\x03\x00\x00\x00\x14\x00d\x00r\x00a\x00w\x00_\x00\
b\x00o\x00x\x00e\x00s\x08\x00\x00\x00\x00\x06\x00\
\x00\x00\x0adraw_boxes\x07\x00\x00\
\x00\x0bEditTaskTab\x01\x03\x00\
\x00\x00\x0c\x00e\x00n\x00a\x00b\x00l\x00e\x08\
\x00\x00\x00\x00\x06\x00\x00\x00\x06enable\x07\
\x00\x00\x00\x0bEditTaskTab\x01\
\x03\x00\x00\x00\x1e\x00e\x00n\x00s\x00u\x00r\x00\
e\x00_\x00i\x00n\x00_\x00f\x00r\x00o\x00\
n\x00t\x08\x00\x00\x00\x00\x06\x00\x00\x00\x0fens\
ure_in_front\x07\x00\x00\x00\
\x0bEditTaskTab\x01\x03\x00\x00\
\x00\x1c\x00f\x00e\x00a\x00t\x00u\x00r\x00e\
\x00_\x00e\x00x\x00i\x00s\x00t\x00s\x08\x00\
\x00\x00\x00\x06\x00\x00\x00\x0efeature_\
exists\x07\x00\x00\x00\x0bEditT\
askTab\x01\x03\x00\x00\x00\x04\xcc>\xae0\
\x08\x00\x00\x00\x00\x06\x00\x00\x00\x04find\x07\x00\
\x00\x00\x0bEditTaskTab\x01\x03\
\x00\x00\x00,\x00f\x00i\x00n\x00d\x00_\x00b\
\x00e\x00s\x00t\x00_\x00m\x00a\x00t\x00c\
\x00h\x00_\x00i\x00n\x00_\x00b\x00o\x00x\
\x08\x00\x00\x00\x00\x06\x00\x00\x00\x16find_b\
est_match_in_box\
\x07\x00\x00\x00\x0bEditTaskTab\
\x01\x03\x00\x00\x00\x14\x00f\x00i\x00n\x00d\x00_\
\x00b\x00o\x00x\x00e\x00s\x08\x00\x00\x00\x00\x06\
\x00\x00\x00\x0afind_boxes\x07\x00\
\x00\x00\x0bEditTaskTab\x01\x03\
\x00\x00\x00\x18\x00f\x00i\x00n\x00d\x00_\x00f\
\x00e\x00a\x00t\x00u\x00r\x00e\x08\x00\x00\x00\
\x00\x06\x00\x00\x00\x0cfind_featu\
re\x07\x00\x00\x00\x0bEditTaskT\
ab\x01\x03\x00\x00\x00(\x00f\x00i\x00n\x00d\
\x00_\x00f\x00e\x00a\x00t\x00u\x00r\x00e\
\x00_\x00a\x00n\x00d\x00_\x00s\x00e\x00t\
\x08\x00\x00\x00\x00\x06\x00\x00\x00\x14find_f\
eature_and_set\x07\x00\
\x00\x00\x0bEditTaskTab\x01\x03\
\x00\x00\x00.\x00f\x00i\x00n\x00d\x00_\x00f\
\x00i\x00r\x00s\x00t\x00_\x00m\x00a\x00t\
\x00c\x00h\x00_\x00i\x00n\x00_\x00b\x00o\
\x00x\x08\x00\x00\x00\x00\x06\x00\x00\x00\x17find\
_first_match_in_\
box\x07\x00\x00\x00\x0bEditTask\
Tab\x01\x03\x00\x00\x00\x10\x00f\x00i\x00n\x00\
d\x00_\x00o\x00n\x00e\x08\x00\x00\x00\x00\x06\x00\
\x00\x00\x08find_one\x07\x00\x00\x00\x0b\
EditTaskTab\x01\x03\x00\x00\x00\
\x1e\x00g\x00e\x00t\x00_\x00b\x00o\x00x\x00\
_\x00b\x00y\x00_\x00n\x00a\x00m\x00e\x08\
\x00\x00\x00\x00\x06\x00\x00\x00\x0fget_box\
_by_name\x07\x00\x00\x00\x0bEdi\
tTaskTab\x01\x03\x00\x00\x00&\x00g\
\x00e\x00t\x00_\x00f\x00e\x00a\x00t\x00u\
\x00r\x00e\x00_\x00b\x00y\x00_\x00n\x00a\
\x00m\x00e\x08\x00\x00\x00\x00\x06\x00\x00\x00\x13ge\
t_feature_by_nam\
e\x07\x00\x00\x00\x0bEditTaskTa\
b\x01\x03\x00\x00\x00\x14\x00g\x00e\x00t\x00_\x00\
s\x00t\x00a\x00t\x00u\x00s\x08\x00\x00\x00\x00\
\x06\x00\x00\x00\x0aget_status\x07\
\x00\x00\x00\x0bEditTaskTab\x01\
\x03\x00\x00\x00\x22\x00g\x00e\x00t\x00_\x00t\x00\
a\x00s\x00k\x00_\x00b\x00y\x00_\x00c\x00\
l\x00a\x00s\x00s\x08\x00\x00\x00\x00\x06\x00\x00\x00\
\x11get_task_by_cla\
ss\x07\x00\x00\x00\x0bEditTaskT\
ab\x01\x03\x00\x00\x00\x12\x00g\x00o\x00_\x00t\
\x00o\x00_\x00t\x00a\x00b\x08\x00\x00\x00\x00\x06\
\x00\x00\x00\x09go_to_tab\x07\x00\x00\
\x00\x0bEditTaskTab\x01\x03\x00\
\x00\x00 \x00h\x00e\x00i\x00g\x00h\x00t\x00\
_\x00o\x00f\x00_\x00s\x00c\x00r\x00e\x00\
e\x00n\x08\x00\x00\x00\x00\x06\x00\x00\x00\x10hei\
ght_of_screen\x07\x00\x00\
\x00\x0bEditTaskTab\x01\x03\x00\
\x00\x00\x10\x00i\x00n\x00f\x00o\x00_\x00a\x00\
d\x00d\x08\x00\x00\x00\x00\x06\x00\x00\x00\x08inf\
o_add\x07\x00\x00\x00\x0bEditTa\
skTab\x01\x03\x00\x00\x00 \x00i\x00n\x00\
f\x00o\x00_\x00a\x00d\x00d\x00_\x00t\x00\
o\x00_\x00l\x00i\x00s\x00t\x08\x00\x00\x00\x00\
\x06\x00\x00\x00\x10info_add_to\
_list\x07\x00\x00\x00\x0bEditTa\
skTab\x01\x03\x00\x00\x00\x14\x00i\x00n\x00\
f\x00o\x00_\x00c\x00l\x00e\x00a\x00r\x08\
\x00\x00\x00\x00\x06\x00\x00\x00\x0ainfo_cl\
ear\x07\x00\x00\x00\x0bEditTask\
Tab\x01\x03\x00\x00\x00\x10\x00i\x00n\x00f\x00\
o\x00_\x00g\x00e\x00t\x08\x00\x00\x00\x00\x06\x00\
\x00\x00\x08info_get\x07\x00\x00\x00\x0b\
EditTaskTab\x01\x03\x00\x00\x00\
\x12\x00i\x00n\x00f\x00o\x00_\x00i\x00n\x00\
c\x00r\x08\x00\x00\x00\x00\x06\x00\x00\x00\x09inf\
o_incr\x07\x00\x00\x00\x0bEditT\
askTab\x01\x03\x00\x00\x00\x10\x00i\x00n\
\x00f\x00o\x00_\x00s\x00e\x00t\x08\x00\x00\x00\
\x00\x06\x00\x00\x00\x08info_set\x07\x00\
\x00\x00\x0bEditTaskTab\x01\x03\
\x00\x00\x00\x14\x00i\x00n\x00p\x00u\x00t\x00_\
\x00t\x00e\x00x\x00t\x08\x00\x00\x00\x00\x06\x00\x00\
\x00\x0ainput_text\x07\x00\x00\x00\
\x0bEditTaskTab\x01\x03\x00\x00\
\x00\x0c\x00i\x00s\x00_\x00a\x00d\x00b\x08\x00\
\x00\x00\x00\x06\x00\x00\x00\x06is_adb\x07\x00\
\x00\x00\x0bEditTaskTab\x01\x03\
\x00\x00\x00\x14\x00i\x00s\x00_\x00b\x00r\x00o\
\x00w\x00s\x00e\x00r\x08\x00\x00\x00\x00\x06\x00\x00\
\x00\x0ais_browser\x07\x00\x00\x00\
\x0bEditTaskTab\x01\x03\x00\x00\
\x00\x12\x00l\x00o\x00g\x00_\x00d\x00e\x00b\
\x00u\x00g\x08\x00\x00\x00\x00\x06\x00\x00\x00\x09lo\
g_debug\x07\x00\x00\x00\x0bEdit\
TaskTab\x01\x03\x00\x00\x00\x12\x00l\x00\
o\x00g\x00_\x00e\x00r\x00r\x00o\x00r\x08\
\x00\x00\x00\x00\x06\x00\x00\x00\x09log_err\
or\x07\x00\x00\x00\x0bEditTaskT\
ab\x01\x03\x00\x00\x00\x10\x00l\x00o\x00g\x00_\
\x00i\x00n\x00f\x00o\x08\x00\x00\x00\x00\x06\x00\x00\
\x00\x08log_info\x07\x00\x00\x00\x0bE\
ditTaskTab\x01\x03\x00\x00\x00\x16\
\x00l\x00o\x00g\x00_\x00w\x00a\x00r\x00n\
\x00i\x00n\x00g\x08\x00\x00\x00\x00\x06\x00\x00\x00\x0b\
log_warning\x07\x00\x00\x00\x0b\
EditTaskTab\x01\x03\x00\x00\x00\
\x18\x00m\x00i\x00d\x00d\x00l\x00e\x00_\x00\
c\x00l\x00i\x00c\x00k\x08\x00\x00\x00\x00\x06\x00\
\x00\x00\x0cmiddle_click\x07\
\x00\x00\x00\x0bEditTaskTab\x01\
\x03\x00\x00\x00*\x00m\x00i\x00d\x00d\x00l\x00\
e\x00_\x00c\x00l\x00i\x00c\x00k\x00_\x00\
r\x00e\x00l\x00a\x00t\x00i\x00v\x00e\x08\
\x00\x00\x00\x00\x06\x00\x00\x00\x15middle_\
click_relative\x07\x00\
\x00\x00\x0bEditTaskTab\x01\x03\
\x00\x00\x00\x14\x00m\x00o\x00u\x00s\x00e\x00_\
\x00d\x00o\x00w\x00n\x08\x00\x00\x00\x00\x06\x00\x00\
\x00\x0amouse_down\x07\x00\x00\x00\
\x0bEditTaskTab\x01\x03\x00\x00\
\x00\x10\x00m\x00o\x00u\x00s\x00e\x00_\x00u\
\x00p\x08\x00\x00\x00\x00\x06\x00\x00\x00\x08mous\
e_up\x07\x00\x00\x00\x0bEditTas\
kTab\x01\x03\x00\x00\x00\x08\x00m\x00o\x00v\
\x00e\x08\x00\x00\x00\x00\x06\x00\x00\x00\x04move\
\x07\x00\x00\x00\x0bEditTaskTab\
\x01\x03\x00\x00\x00\x1a\x00m\x00o\x00v\x00e\x00_\
\x00r\x00e\x00l\x00a\x00t\x00i\x00v\x00e\
\x08\x00\x00\x00\x00\x06\x00\x00\x00\x0dmove_r\
elative\x07\x00\x00\x00\x0bEdit\
TaskTab\x01\x03\x00\x00\x00\x14\x00n\x00\
e\x00x\x00t\x00_\x00f\x00r\x00a\x00m\x00\
e\x08\x00\x00\x00\x00\x06\x00\x00\x00\x0anext_\
frame\x07\x00\x00\x00\x0bEditTa\
skTab\x01\x03\x00\x00\x00\x18\x00n\x00o\x00\
t\x00i\x00f\x00i\x00c\x00a\x00t\x00i\x00\
o\x00n\x08\x00\x00\x00\x00\x06\x00\x00\x00\x0cnot\
ification\x07\x00\x00\x00\x0bEd\
itTaskTab\x01\x03\x00\x00\x00\x06\x00\
o\x00c\x00r\x08\x00\x00\x00\x00\x06\x00\x00\x00\x03o\
cr\x07\x00\x00\x00\x0bEditTaskT\
ab\x01\x03\x00\x00\x00\x18\x00o\x00u\x00t\x00_\
\x00o\x00f\x00_\x00r\x00a\x00t\x00i\x00o\
\x08\x00\x00\x00\x00\x06\x00\x00\x00\x0cout_of\
_ratio\x07\x00\x00\x00\x0bEditT\
askTab\x01\x03\x00\x00\x00\x0a\x00p\x00a\
\x00u\x00s\x00e\x08\x00\x00\x00\x00\x06\x00\x00\x00\x05\
pause\x07\x00\x00\x00\x0bEditTa\
skTab\x01\x03\x00\x00\x00\x16\x00r\x00i\x00\
g\x00h\x00t\x00_\x00c\x00l\x00i\x00c\x00\
k\x08\x00\x00\x00\x00\x06\x00\x00\x00\x0bright\
_click\x07\x00\x00\x00\x0bEditT\
askTab\x01\x03\x00\x00\x00\x14\x00s\x00c\
\x00r\x00e\x00e\x00n\x00s\x00h\x00o\x00t\
\x08\x00\x00\x00\x00\x06\x00\x00\x00\x0ascreen\
shot\x07\x00\x00\x00\x0bEditTas\
kTab\x01\x03\x00\x00\x00\x0c\x00s\x00c\x00r\
\x00o\x00l\x00l\x08\x00\x00\x00\x00\x06\x00\x00\x00\x06\
scroll\x07\x00\x00\x00\x0bEditT\
askTab\x01\x03\x00\x00\x00\x1e\x00s\x00c\
\x00r\x00o\x00l\x00l\x00_\x00r\x00e\x00l\
\x00a\x00t\x00i\x00v\x00e\x08\x00\x00\x00\x00\x06\
\x00\x00\x00\x0fscroll_relat\
ive\x07\x00\x00\x00\x0bEditTask\
Tab\x01\x03\x00\x00\x00\x10\x00s\x00e\x00n\x00\
d\x00_\x00k\x00e\x00y\x08\x00\x00\x00\x00\x06\x00\
\x00\x00\x08send_key\x07\x00\x00\x00\x0b\
EditTaskTab\x01\x03\x00\x00\x00\
\x1a\x00s\x00e\x00n\x00d\x00_\x00k\x00e\x00\
y\x00_\x00d\x00o\x00w\x00n\x08\x00\x00\x00\x00\
\x06\x00\x00\x00\x0dsend_key_do\
wn\x07\x00\x00\x00\x0bEditTaskT\
ab\x01\x03\x00\x00\x00\x16\x00s\x00e\x00n\x00d\
\x00_\x00k\x00e\x00y\x00_\x00u\x00p\x08\x00\
\x00\x00\x00\x06\x00\x00\x00\x0bsend_key\
_up\x07\x00\x00\x00\x0bEditTask\
Tab\x01\x03\x00\x00\x00\x0a\x00s\x00l\x00e\x00\
e\x00p\x08\x00\x00\x00\x00\x06\x00\x00\x00\x05sle\
ep\x07\x00\x00\x00\x0bEditTaskT\
ab\x01\x03\x00\x00\x00\x16\x00s\x00l\x00e\x00e\
\x00p\x00_\x00c\x00h\x00e\x00c\x00k\x08\x00\
\x00\x00\x00\x06\x00\x00\x00\x0bsleep_ch\
eck\x07\x00\x00\x00\x0bEditTask\
Tab\x01\x03\x00\x00\x00\x18\x00s\x00t\x00a\x00\
r\x00t\x00_\x00d\x00e\x00v\x00i\x00c\x00\
e\x08\x00\x00\x00\x00\x06\x00\x00\x00\x0cstart\
_device\x07\x00\x00\x00\x0bEdit\
TaskTab\x01\x03\x00\x00\x00\x0a\x00s\x00\
w\x00i\x00p\x00e\x08\x00\x00\x00\x00\x06\x00\x00\x00\
\x05swipe\x07\x00\x00\x00\x0bEditT\
askTab\x01\x03\x00\x00\x00\x1c\x00s\x00w\
\x00i\x00p\x00e\x00_\x00r\x00e\x00l\x00a\
\x00t\x00i\x00v\x00e\x08\x00\x00\x00\x00\x06\x00\x00\
\x00\x0eswipe_relative\
\x07\x00\x00\x00\x0bEditTaskTab\
\x01\x03\x00\x00\x00\x04\x00t\x00r\x08\x00\x00\x00\x00\x06\
\x00\x00\x00\x02tr\x07\x00\x00\x00\x0bEditT\
askTab\x01\x03\x00\x00\x00\x0e\x00t\x00r\
\x00i\x00g\x00g\x00e\x00r\x08\x00\x00\x00\x00\x06\
\x00\x00\x00\x07trigger\x07\x00\x00\x00\x0b\
EditTaskTab\x01\x03\x00\x00\x00\
\x0e\x00u\x00n\x00p\x00a\x00u\x00s\x00e\x08\
\x00\x00\x00\x00\x06\x00\x00\x00\x07unpause\
\x07\x00\x00\x00\x0bEditTaskTab\
\x01\x03\x00\x00\x00\x1c\x00w\x00a\x00i\x00t\x00_\
\x00c\x00l\x00i\x00c\x00k\x00_\x00b\x00o\
\x00x\x08\x00\x00\x00\x00\x06\x00\x00\x00\x0ewait\
_click_box\x07\x00\x00\x00\x0bE\
ditTaskTab\x01\x03\x00\x00\x00$\
\x00w\x00a\x00i\x00t\x00_\x00c\x00l\x00i\
\x00c\x00k\x00_\x00f\x00e\x00a\x00t\x00u\
\x00r\x00e\x08\x00\x00\x00\x00\x06\x00\x00\x00\x12wa\
it_click_feature\
\x07\x00\x00\x00\x0bEditTaskTab\
\x01\x03\x00\x00\x00\x1c\x00w\x00a\x00i\x00t\x00_\
\x00c\x00l\x00i\x00c\x00k\x00_\x00o\x00c\
\x00r\x08\x00\x00\x00\x00\x06\x00\x00\x00\x0ewait\
_click_ocr\x07\x00\x00\x00\x0bE\
ditTaskTab\x01\x03\x00\x00\x00\x18\
\x00w\x00a\x00i\x00t\x00_\x00f\x00e\x00a\
\x00t\x00u\x00r\x00e\x08\x00\x00\x00\x00\x06\x00\x00\
\x00\x0cwait_feature\x07\x00\
\x00\x00\x0bEditTaskTab\x01\x03\
\x00\x00\x00\x10\x00w\x00a\x00i\x00t\x00_\x00o\
\x00c\x00r\x08\x00\x00\x00\x00\x06\x00\x00\x00\x08wa\
it_ocr\x07\x00\x00\x00\x0bEditT\
askTab\x01\x03\x00\x00\x00\x14\x00w\x00a\
\x00i\x00t\x00_\x00u\x00n\x00t\x00i\x00l\
\x08\x00\x00\x00\x00\x06\x00\x00\x00\x0await_u\
ntil\x07\x00\x00\x00\x0bEditTas\
kTab\x01\x03\x00\x00\x00\x1e\x00w\x00i\x00d\
\x00t\x00h\x00_\x00o\x00f\x00_\x00s\x00c\
\x00r\x00e\x00e\x00n\x08\x00\x00\x00\x00\x06\x00\x00\
\x00\x0fwidth_of_scree\
n\x07\x00\x00\x00\x0bEditTaskTa\
b\x01\x03\x00\x00\x00\x0c\xc1$\xc8\x15\x00 \xcd\x08\xae\
0\xd6T\x08\x00\x00\x00\x00\x06\x00\x00\x00\x0cRes\
et Config\x07\x00\x00\x00\x10Gl\
obalConfigCard\x01\x03\
\x00\x00\x00\x0c\xc1$\xc8\x15\x00 \xcd\x08\xae0\xd6T\
\x08\x00\x00\x00\x00\x06\x00\x00\x00\x0cReset \
Config\x07\x00\x00\x00\x0fGloba\
lConfigTab\x01\x03\x00\x00\x00\x04\
\xcd\xe8\xc1\x8c\x08\x00\x00\x00\x00\x06\x00\x00\x00\x06Ca\
ncel\x07\x00\x00\x00\x0bHwndCho\
oser\x01\x03\x00\x00\x00\x08\xcc=\x00 \xc1 \
\xd0\xdd\x08\x00\x00\x00\x00\x06\x00\x00\x00\x0dChoo\
se Window\x07\x00\x00\x00\x0bHw\
ndChooser\x01\x03\x00\x00\x00\x04\xd6\
U\xc7x\x08\x00\x00\x00\x00\x06\x00\x00\x00\x07Con\
firm\x07\x00\x00\x00\x0bHwndCho\
oser\x01\x03\x00\x00\x00\x0c\x00{\x00}\x00 \
\xc1 \xd0\xdd\xb4(\x08\x00\x00\x00\x00\x06\x00\x00\x00\x0b\
{} Selected\x07\x00\x00\x00\x0b\
HwndChooser\x01\x03\x00\x00\x00\
\x04\xcd\xe8\xc1\x8c\x08\x00\x00\x00\x00\x06\x00\x00\x00\x06C\
ancel\x07\x00\x00\x00\x13Import\
WarningDialog\x01\x03\x00\
\x00\x00\x04\xd6U\xc7x\x08\x00\x00\x00\x00\x06\x00\x00\x00\
\x07Confirm\x07\x00\x00\x00\x13Imp\
ortWarningDialog\
\x01\x03\x00\x00\x008\xc7\x04\xd5\xd8\xc7D\x00 \xc7x\
\xc9\xc0\xd5X\xac\xe0\x00 \xc7t\x00 \xc2\xa4\xd0l\
\xb9\xbd\xd2\xb8\xb9|\x00 \xac\x00\xc88\xc6$\xae0\
\xb9|\x00 \xc6\xd0\xd5i\xb2\xc8\xb2\xe4\x00.\x08\x00\
\x00\x00\x00\x06\x00\x00\x006I unders\
tand the risks a\
nd want to impor\
t this script.\x07\x00\
\x00\x00\x13ImportWarning\
Dialog\x01\x03\x00\x00\x00\xc4\xc2\xa4\xd0l\
\xb9\xbd\xd2\xb8\x00 \xac\x8c\xc2\xdc\xc7\x90\xb9|\x00 \
\xc2\xe0\xb8\xb0\xd5X\xb2\x94\xc9\xc0\x00 \xd6U\xc7x\
\xd5X\xc2\xed\xc2\xdc\xc6$\x00.\x00 \xd6U\xc7x\
\xb4\x18\xc9\xc0\x00 \xc5J\xc7@\x00 \xc2\xa4\xd0l\
\xb9\xbd\xd2\xb8\xb2\x94\x00 \xac\xc4\xc8\x15\x00/\xb3p\
\xc7t\xd10\x00/\xae\x08\xc8\x04\x00 \xb3\xc4\xc6\xa9\
\x00,\x00 \xb3p\xc7t\xd10\x00 \xd3\x0c\xad4\
\x00,\x00 \xce\xf4\xd4\xe8\xd10\x00 \xc1\x90\xc0\xc1\
\x00/\xc8\x1c\xc5\xb4\x00 \xb4\xf1\xc7D\x00 \xd3\xec\
\xd5h\xd5X\xb4\x18\x00 \xc7t\xc5\xd0\x00 \xadm\
\xd5\x5c\xb4\x18\xc9\xc0\x00 \xc5J\xb2\x94\x00 \xc7\x04\
\xd5\xd8\xc7t\x00 \xc7\x88\xc2\xb5\xb2\xc8\xb2\xe4\x00.\
\x08\x00\x00\x00\x00\x06\x00\x00\x00\xabMake s\
ure that you tru\
st the script pu\
blisher, unverif\
ied script can a\
nd not limited t\
o steal your acc\
ount/ data money\
, destroy your d\
ata, harm/ contr\
olling your comp\
uter.\x07\x00\x00\x00\x13Import\
WarningDialog\x01\x03\x00\
\x00\x00\x04\xac\xbd\xac\xe0\x08\x00\x00\x00\x00\x06\x00\x00\x00\
\x07Warning\x07\x00\x00\x00\x13Imp\
ortWarningDialog\
\x01\x03\x00\x00\x00\x12\xba\xa8\xb4\xe0\x00 \xd3\x0c\xc7|\
\x00 \x00(\x00*\x00)\x08\x00\x00\x00\x00\x06\x00\x00\
\x00\x0dAll Files (*)\x07\
\x00\x00\x00\x14LabelAndFile\
Selector\x01\x03\x00\x00\x00\x08\xcc>\
\xc5D\xbc\xf4\xae0\x08\x00\x00\x00\x00\x06\x00\x00\x00\x06\
Browse\x07\x00\x00\x00\x14Label\
AndFileSelector\x01\
\x03\x00\x00\x00\x0a\xd3\x0c\xc7|\x00 \xc1 \xd0\xdd\x08\
\x00\x00\x00\x00\x06\x00\x00\x00\x0bSelect \
File\x07\x00\x00\x00\x14LabelAn\
dFileSelector\x01\x03\x00\
\x00\x00\x16\xd3\x0c\xc7|\x00 \xb6\x10\xb2\x94\x00 \xd3\
\xf4\xb3T\x00 \xc1 \xd0\xdd\x08\x00\x00\x00\x00\x06\x00\
\x00\x00\x15Select File o\
r Folder\x07\x00\x00\x00\x14Lab\
elAndFileSelecto\
r\x01\x03\x00\x00\x00\x0a\xd3\xf4\xb3T\x00 \xc1 \xd0\
\xdd\x08\x00\x00\x00\x00\x06\x00\x00\x00\x0dSelec\
t Folder\x07\x00\x00\x00\x14Lab\
elAndFileSelecto\
r\x01\x03\x00\x00\x00\x0e\xc1$\xc8\x15\xc7<\xb8\x5c\x00\
 \xc7t\xb3\xd9\x08\x00\x00\x00\x00\x06\x00\x00\x00\x0cG\
o to Config\x07\x00\x00\x00\x0e\
LabelAndGlobal\x01\x03\
\x00\x00\x00\x06\xc5D\xb2\xc8\xc6\x94\x08\x00\x00\x00\x00\x06\
\x00\x00\x00\x02No\x07\x00\x00\x00\x14Label\
AndSwitchButton\x01\
\x03\x00\x00\x00\x02\xc6\x08\x08\x00\x00\x00\x00\x06\x00\x00\x00\
\x03Yes\x07\x00\x00\x00\x14LabelAn\
dSwitchButton\x01\x03\x00\
\x00\x00\x0e\x00D\x00i\x00s\x00c\x00o\x00r\x00\
d\x08\x00\x00\x00\x00\x06\x00\x00\x00\x07Disco\
rd\x07\x00\x00\x00\x08LinksBar\x01\
\x03\x00\x00\x00\x10\xc7\x90\xc8\xfc\x00 \xbb;\xb2\x94\x00\
 \xc9\xc8\xbb8\x08\x00\x00\x00\x00\x06\x00\x00\x00\x03F\
AQ\x07\x00\x00\x00\x08LinksBar\x01\
\x03\x00\x00\x00\x0c\x00G\x00i\x00t\x00H\x00u\x00\
b\x08\x00\x00\x00\x00\x06\x00\x00\x00\x06GitHu\
b\x07\x00\x00\x00\x08LinksBar\x01\x03\
\x00\x00\x00\x14\xb2\xe4\xc6\xb4\xb8\x5c\xb4\xdc\x00 \xb9\xc1\
\xd0l\x00 \xac\xf5\xc7 \x08\x00\x00\x00\x00\x06\x00\x00\
\x00\x05Share\x07\x00\x00\x00\x08Link\
sBar\x01\x03\x00\x00\x00(\xac\xf5\xc7 \x00 \
\xb9\xc1\xd0l\xac\x00\x00 \xd0t\xb9\xbd\xbc\xf4\xb4\xdc\
\xc5\xd0\x00 \xbc\xf5\xc0\xac\xb4\x18\xc5\xc8\xc2\xb5\xb2\xc8\
\xb2\xe4\x08\x00\x00\x00\x00\x06\x00\x00\x00\x1eShar\
e Link copied to\
 clipboard\x07\x00\x00\x00\x08L\
inksBar\x01\x03\x00\x00\x00\x04\xd6\xc4\xc6\
\xd0\x08\x00\x00\x00\x00\x06\x00\x00\x00\x07Spons\
or\x07\x00\x00\x00\x08LinksBar\x01\
\x03\x00\x00\x00\x0a\xba\xa8\xb4\xe0\x00 \xb8\x08\xbc\xa8\x08\
\x00\x00\x00\x00\x06\x00\x00\x00\x0aAll Lev\
els\x07\x00\x00\x00\x09LogWindo\
w\x01\x03\x00\x00\x00\x06\xc9\xc0\xc6\xb0\xae0\x08\x00\x00\
\x00\x00\x06\x00\x00\x00\x05Clear\x07\x00\x00\x00\
\x09LogWindow\x01\x03\x00\x00\x00\x04\
\xb2\xeb\xae0\x08\x00\x00\x00\x00\x06\x00\x00\x00\x05Cl\
ose\x07\x00\x00\x00\x09LogWindo\
w\x01\x03\x00\x00\x00\x06\xb4\xdc\xb7\x98\xad\xf8\x08\x00\x00\
\x00\x00\x06\x00\x00\x00\x04Drag\x07\x00\x00\x00\x09\
LogWindow\x01\x03\x00\x00\x00\x10\xb8\
\x5c\xad\xf8\x00 \xd5D\xd10\x00.\x00.\x00.\x08\
\x00\x00\x00\x00\x06\x00\x00\x00\x0eFilter \
logs...\x07\x00\x00\x00\x09LogW\
indow\x01\x03\x00\x00\x00\x0a\xb8\x5c\xad\xf8\x00\
 \xc5\xf4\xae0\x08\x00\x00\x00\x00\x06\x00\x00\x00\x09O\
pen Logs\x07\x00\x00\x00\x09Log\
Window\x01\x03\x00\x00\x00\x08\xc7|\xc2\xdc\
\xc8\x15\xc9\xc0\x08\x00\x00\x00\x00\x06\x00\x00\x00\x05Pa\
use\x07\x00\x00\x00\x09LogWindo\
w\x01\x03\x00\x00\x00\x04\xac\xe0\xc8\x15\x08\x00\x00\x00\x00\
\x06\x00\x00\x00\x03Pin\x07\x00\x00\x00\x09Log\
Window\x01\x03\x00\x00\x00\x04\xc7\xac\xac\x1c\
\x08\x00\x00\x00\x00\x06\x00\x00\x00\x06Resume\
\x07\x00\x00\x00\x09LogWindow\x01\x03\
\x00\x00\x00\x0a\xac\xe0\xc8\x15\x00 \xd5t\xc8\x1c\x08\x00\
\x00\x00\x00\x06\x00\x00\x00\x05Unpin\x07\x00\x00\
\x00\x09LogWindow\x01\x03\x00\x00\x00\
\x0a\xb8\x5c\xad\xf8\x00 \xbc\xf4\xae0\x08\x00\x00\x00\x00\
\x06\x00\x00\x00\x08View Log\x07\x00\x00\
\x00\x09LogWindow\x01\x03\x00\x00\x00\
$\x00o\x00k\x00-\x00s\x00c\x00r\x00i\x00\
p\x00t\x00.\x00l\x00o\x00g\x00 \xb3\x00\xae\
0\x00 \xc9\x11\x08\x00\x00\x00\x00\x06\x00\x00\x00\x19W\
aiting for ok-sc\
ript.log\x07\x00\x00\x00\x09Log\
Window\x01\x03\x00\x00\x00\x02\xac\x1c\x08\x00\
\x00\x00\x00\x06\x00\x00\x00\x07records\x07\
\x00\x00\x00\x09LogWindow\x01\x03\x00\
\x00\x00\x04\xc8\x15\xbc\xf4\x08\x00\x00\x00\x00\x06\x00\x00\x00\
\x05About\x07\x00\x00\x00\x0aMainW\
indow\x01\x03\x00\x00\x00\x0a\xce\xa1\xcc\x98\x00\
 \xbc)\xc2\xdd\x08\x00\x00\x00\x00\x06\x00\x00\x00\x07C\
apture\x07\x00\x00\x00\x0aMainW\
indow\x01\x03\x00\x00\x00\x0a\xce\xa1\xcc\x98\x00\
 \xc6$\xb9X\x08\x00\x00\x00\x00\x06\x00\x00\x00\x0dC\
apture Error\x07\x00\x00\x00\
\x0aMainWindow\x01\x03\x00\x00\x00\
\x0a\xac\x1c\xbc\x1c\x00 \xb3\xc4\xadl\x08\x00\x00\x00\x00\
\x06\x00\x00\x00\x05Debug\x07\x00\x00\x00\x0aM\
ainWindow\x01\x03\x00\x00\x00\x04\xc6\
$\xb9X\x08\x00\x00\x00\x00\x06\x00\x00\x00\x05Err\
or\x07\x00\x00\x00\x0aMainWindo\
w\x01\x03\x00\x00\x00\x04\xc8\x85\xb8\xcc\x08\x00\x00\x00\x00\
\x06\x00\x00\x00\x04Exit\x07\x00\x00\x00\x0aMa\
inWindow\x01\x03\x00\x00\x00\x04\xc8\x15\
\xbc\xf4\x08\x00\x00\x00\x00\x06\x00\x00\x00\x04Info\
\x07\x00\x00\x00\x0aMainWindow\x01\
\x03\x00\x00\x00\x0e\xc7|\xc2\xdc\x00 \xc9\x11\xc9\xc0\xb4\
(\x00.\x08\x00\x00\x00\x00\x06\x00\x00\x00\x0ePau\
se Success.\x07\x00\x00\x00\x0a\
MainWindow\x01\x03\x00\x00\x000\
\xac\x8c\xc7\x84\x00 \xcc=\xc7t\x00 \xc6,\xbc\x14\
\xb9t\xac\x8c\x00 \xc1 \xd0\xdd\xb4\x18\xc5\xc8\xb2\x94\
\xc9\xc0\x00 \xd6U\xc7x\xd5X\xc18\xc6\x94\x00!\
\x08\x00\x00\x00\x00\x06\x00\x00\x00;Please\
 check whether t\
he game window i\
s selected corre\
ctly!\x07\x00\x00\x00\x0aMainWi\
ndow\x01\x03\x00\x00\x00\x0a\xc5H\xc8\x15\x00 \
\xbc\x84\xc8\x04\x08\x00\x00\x00\x00\x06\x00\x00\x00\x07Re\
lease\x07\x00\x00\x00\x0aMainWi\
ndow\x01\x03\x00\x00\x00\x0a\xcfT\xb4\xdc\x00 \
\xc2\xe4\xd5\x89\x08\x00\x00\x00\x00\x06\x00\x00\x00\x08Ru\
n Code\x07\x00\x00\x00\x0aMainW\
indow\x01\x03\x00\x00\x00\x04\xc7|\xc8\x15\x08\
\x00\x00\x00\x00\x06\x00\x00\x00\x08Schedul\
e\x07\x00\x00\x00\x0aMainWindow\
\x01\x03\x00\x00\x00\x08\xc2\xa4\xd0l\xb9\xbd\xd2\xb8\x08\x00\
\x00\x00\x00\x06\x00\x00\x00\x06Script\x07\x00\
\x00\x00\x0aMainWindow\x01\x03\x00\
\x00\x00\x04\xc1$\xc8\x15\x08\x00\x00\x00\x00\x06\x00\x00\x00\
\x08Settings\x07\x00\x00\x00\x0aMa\
inWindow\x01\x03\x00\x00\x00\x0c\xc2\xdc\
\xc7\x91\x00 \xc11\xac\xf5\x00.\x08\x00\x00\x00\x00\x06\
\x00\x00\x00\x0eStart Succes\
s.\x07\x00\x00\x00\x0aMainWindo\
w\x01\x03\x00\x00\x00\x04\xc7\x91\xc5\xc5\x08\x00\x00\x00\x00\
\x06\x00\x00\x00\x05Tasks\x07\x00\x00\x00\x0aM\
ainWindow\x01\x03\x00\x00\x00\x06\xd1\
\x5c\xd5\x0c\xb9\xbf\x08\x00\x00\x00\x00\x06\x00\x00\x00\x09T\
emplates\x07\x00\x00\x00\x0aMai\
nWindow\x01\x03\x00\x00\x00V\xc7t\xac\
\x83\xc7@\x00 \xbb4\xb8\xcc\x00 \xc1\x8c\xd5\x04\xd2\
\xb8\xc6\xe8\xc5\xb4\xc7\x85\xb2\xc8\xb2\xe4\x00.\x00 \xb9\
\xcc\xc5}\x00 \xadl\xb9\xe4\xd5X\xc1h\xb2\xe4\xba\
t\x00 \xd3\x10\xb9\xe4\xc7\x90\xc5\xd0\xac\x8c\x00 \xd6\
X\xbd\x88\xc7D\x00 \xc6\x94\xcc\xad\xd5X\xc18\xc6\
\x94\x00.\x08\x00\x00\x00\x00\x06\x00\x00\x00ZThi\
s is a free soft\
ware. If you pur\
chased this anyw\
here, request a \
refund from the \
seller.\x07\x00\x00\x00\x0aMain\
Window\x01\x03\x00\x00\x00\x0e\xc2\xe4\xc2\xdc\
\xac\x04\x00 \xd2\xb8\xb9\xac\xacp\x08\x00\x00\x00\x00\x06\
\x00\x00\x00\x08Triggers\x07\x00\x00\x00\
\x0aMainWindow\x01\x03\x00\x00\x00\
\x08\xc5\xc5\xb3p\xc7t\xd2\xb8\x08\x00\x00\x00\x00\x06\x00\
\x00\x00\x06Update\x07\x00\x00\x00\x0aMa\
inWindow\x01\x03\x00\x00\x00\x06\xd6\x5c\
\xc11\xd6T\x08\x00\x00\x00\x00\x06\x00\x00\x00\x06\xe6\xbf\
\x80\xe6\xb4\xbb\x07\x00\x00\x00\x0aMainWin\
dow\x01\x03\x00\x00\x00\x0c\xc0\xad\xc8\x1c\x00 \x00\
(\x00D\x00)\x08\x00\x00\x00\x00\x06\x00\x00\x00\x0aD\
elete (D)\x07\x00\x00\x00\x0cMa\
rkUpWindow\x01\x03\x00\x00\x00\x0e\
\xad\xf8\xb9\xac\xae0\x00 \x00(\x00R\x00)\x08\x00\
\x00\x00\x00\x06\x00\x00\x00\x08Draw (R)\
\x07\x00\x00\x00\x0cMarkUpWindo\
w\x01\x03\x00\x00\x00\x0e\xb9\xc8\xd0l\xc5\xc5\x00 \xd3\
\xb8\xc9\xd1\xae0\x08\x00\x00\x00\x00\x06\x00\x00\x00\x0dM\
arkup Editor\x07\x00\x00\x00\
\x0cMarkUpWindow\x01\x03\x00\
\x00\x00\x14\xc2\x18\xc8\x15\x00 \x00(\xb3T\xbe\x14\x00\
 \xd0t\xb9\xad\x00)\x08\x00\x00\x00\x00\x06\x00\x00\x00\
\x15Modify (Double \
Click)\x07\x00\x00\x00\x0cMarkU\
pWindow\x01\x03\x00\x00\x00\x16\xc6\xb0\xd0\
t\xb9\xad\xc7<\xb8\x5c\x00 \xc0\xc9\xc0\xc1\x00 \xbc\
\xf5\xc0\xac\x08\x00\x00\x00\x00\x06\x00\x00\x00\x19Rig\
ht click to copy\
 color\x07\x00\x00\x00\x0cMarkU\
pWindow\x01\x03\x00\x00\x00\x04\xd6U\xc7\
x\x08\x00\x00\x00\x00\x06\x00\x00\x00\x07Confi\
rm\x07\x00\x00\x00\x0dMessageWi\
ndow\x01\x03\x00\x00\x00\x04\xcd\x94\xac\x00\x08\x00\
\x00\x00\x00\x06\x00\x00\x00\x03Add\x07\x00\x00\x00\x10\
ModifyListDialog\
\x01\x03\x00\x00\x00\x12\xc0\xac\xc6\xa9\x00 \xac\x00\xb2\xa5\
\xd5\x5c\x00 \xc65\xc1X\x08\x00\x00\x00\x00\x06\x00\x00\
\x00\x11Available Opti\
ons\x07\x00\x00\x00\x10ModifyLi\
stDialog\x01\x03\x00\x00\x00\x04\xcd\xe8\
\xc1\x8c\x08\x00\x00\x00\x00\x06\x00\x00\x00\x06Canc\
el\x07\x00\x00\x00\x10ModifyLis\
tDialog\x01\x03\x00\x00\x00\x1c\xcd\x94\xac\
\x00\xd5`\x00 \xc65\xc1X\xc7D\x00 \xd0t\xb9\
\xad\xd5X\xc18\xc6\x94\x00.\x08\x00\x00\x00\x00\x06\x00\
\x00\x00\x1aClick an opti\
on to add it.\x07\x00\x00\
\x00\x10ModifyListDial\
og\x01\x03\x00\x00\x00\x04\xd6U\xc7x\x08\x00\x00\x00\
\x00\x06\x00\x00\x00\x07Confirm\x07\x00\x00\
\x00\x10ModifyListDial\
og\x01\x03\x00\x00\x00\x04\xc2\x18\xc8\x15\x08\x00\x00\x00\
\x00\x06\x00\x00\x00\x06Modify\x07\x00\x00\x00\
\x10ModifyListDialo\
g\x01\x03\x00\x00\x00\x0c\xc5D\xb7\x98\xb8\x5c\x00 \xc7\
t\xb3\xd9\x08\x00\x00\x00\x00\x06\x00\x00\x00\x09Mov\
e Down\x07\x00\x00\x00\x10Modif\
yListDialog\x01\x03\x00\x00\x00\
\x0a\xc7\x04\xb8\x5c\x00 \xc7t\xb3\xd9\x08\x00\x00\x00\x00\
\x06\x00\x00\x00\x07Move Up\x07\x00\x00\x00\
\x10ModifyListDialo\
g\x01\x03\x00\x00\x00\x04\xc8\x1c\xacp\x08\x00\x00\x00\x00\
\x06\x00\x00\x00\x06Remove\x07\x00\x00\x00\x10\
ModifyListDialog\
\x01\x03\x00\x00\x00\x10\xc65\xc1X\x00 \xac\x80\xc0\xc9\
\x00.\x00.\x00.\x08\x00\x00\x00\x00\x06\x00\x00\x00\x11\
Search options..\
.\x07\x00\x00\x00\x10ModifyList\
Dialog\x01\x03\x00\x00\x00\x0c\xc1 \xd0\xdd\
\xd5\x5c\x00 \xc65\xc1X\x08\x00\x00\x00\x00\x06\x00\x00\
\x00\x10Selected Optio\
ns\x07\x00\x00\x00\x10ModifyLis\
tDialog\x01\x03\x00\x00\x00\x04\xc2\x18\xc8\
\x15\x08\x00\x00\x00\x00\x06\x00\x00\x00\x06Modif\
y\x07\x00\x00\x00\x0eModifyList\
Item\x01\x03\x00\x00\x00\x16\x00(\x000\x00 \
\x00=\x00 \xbeD\xd6\x5c\xc11\xd6T\xb4(\x00)\
\x08\x00\x00\x00\x00\x06\x00\x00\x00\x0e(0 = d\
isabled)\x07\x00\x00\x00\x18Mod\
ifyScheduleTaskD\
ialog\x01\x03\x00\x00\x00\x08\x002\x004\xc2\
\xdc\xac\x04\x08\x00\x00\x00\x00\x06\x00\x00\x00\x0324h\
\x07\x00\x00\x00\x18ModifySched\
uleTaskDialog\x01\x03\x00\
\x00\x00$\xc7\x91\xc5\xc5\x00 \xc6D\xb8\xcc\x00 \xd6\
\xc4\x00 \xc7\x90\xb3\xd9\x00 \xc8\x85\xb8\xcc\x00 \x00\
(\x00-\x00e\x00)\x08\x00\x00\x00\x00\x06\x00\x00\x00\
\x1eAuto exit after\
 task done (-e)\x07\
\x00\x00\x00\x18ModifySchedu\
leTaskDialog\x01\x03\x00\x00\
\x00\x04\xcd\xe8\xc1\x8c\x08\x00\x00\x00\x00\x06\x00\x00\x00\x06\
Cancel\x07\x00\x00\x00\x18Modif\
yScheduleTaskDia\
log\x01\x03\x00\x00\x00\x0c\xc0\xac\xc6\xa9\xc7\x90\x00\
 \xc8\x15\xc7X\x08\x00\x00\x00\x00\x06\x00\x00\x00\x06C\
ustom\x07\x00\x00\x00\x18Modify\
ScheduleTaskDial\
og\x01\x03\x00\x00\x00\x12\xc0\xac\xc6\xa9\xc7\x90\x00 \
\xc8\x15\xc7X\x00 \xac\x04\xac\xa9\x08\x00\x00\x00\x00\x06\
\x00\x00\x00\x0fCustom Inter\
val\x07\x00\x00\x00\x18ModifySc\
heduleTaskDialog\
\x01\x03\x00\x00\x00\x04\xb9\xe4\xc7|\x08\x00\x00\x00\x00\x06\
\x00\x00\x00\x05Daily\x07\x00\x00\x00\x18Mo\
difyScheduleTask\
Dialog\x01\x03\x00\x00\x00\x02\xc7|\x08\x00\
\x00\x00\x00\x06\x00\x00\x00\x04Days\x07\x00\x00\x00\
\x18ModifyScheduleT\
askDialog\x01\x03\x00\x00\x00\x04\xc2\
\xdc\xac\x04\x08\x00\x00\x00\x00\x06\x00\x00\x00\x04Hou\
r\x07\x00\x00\x00\x18ModifySche\
duleTaskDialog\x01\x03\
\x00\x00\x00\x04\xc2\xdc\xac\x04\x08\x00\x00\x00\x00\x06\x00\x00\
\x00\x05Hours\x07\x00\x00\x00\x18Modi\
fyScheduleTaskDi\
alog\x01\x03\x00\x00\x00\x02\xbd\x84\x08\x00\x00\x00\
\x00\x06\x00\x00\x00\x06Minute\x07\x00\x00\x00\
\x18ModifyScheduleT\
askDialog\x01\x03\x00\x00\x00\x04\xc2\
\x18\xc8\x15\x08\x00\x00\x00\x00\x06\x00\x00\x00\x06Mod\
ify\x07\x00\x00\x00\x18ModifySc\
heduleTaskDialog\
\x01\x03\x00\x00\x00\x10\xc6\x08\xc5}\x00 \xc7\x91\xc5\xc5\
\x00 \xc2\x18\xc8\x15\x08\x00\x00\x00\x00\x06\x00\x00\x00\x14\
Modify Schedule \
Task\x07\x00\x00\x00\x18ModifyS\
cheduleTaskDialo\
g\x01\x03\x00\x00\x00\x04\xb9\xe4\xc6\xd4\x08\x00\x00\x00\x00\
\x06\x00\x00\x00\x07Monthly\x07\x00\x00\x00\
\x18ModifyScheduleT\
askDialog\x01\x03\x00\x00\x00\x06\xd5\
\x5c\x00 \xbc\x88\x08\x00\x00\x00\x00\x06\x00\x00\x00\x04O\
nce\x07\x00\x00\x00\x18ModifySc\
heduleTaskDialog\
\x01\x03\x00\x00\x00\x0a\xc2\xdc\xc7\x91\x00 \xc2\xdc\xac\x04\
\x08\x00\x00\x00\x00\x06\x00\x00\x00\x0aStart \
Time\x07\x00\x00\x00\x18ModifyS\
cheduleTaskDialo\
g\x01\x03\x00\x00\x00\x0a\xc2\xdc\xc7\x91\x00 \xc65\xc1\
X\x08\x00\x00\x00\x00\x06\x00\x00\x00\x0fStart\
up Options\x07\x00\x00\x00\x18M\
odifyScheduleTas\
kDialog\x01\x03\x00\x00\x00\x16\xc7\x91\xc5\
\xc5\x00 \xc7x\xb3q\xc2\xa4\x00 \x00(\x00-\x00\
t\x00)\x08\x00\x00\x00\x00\x06\x00\x00\x00\x0fTas\
k Index (-t)\x07\x00\x00\x00\
\x18ModifyScheduleT\
askDialog\x01\x03\x00\x00\x00\x0a\xc7\
\x91\xc5\xc5\x00 \xc7t\xb9\x84\x08\x00\x00\x00\x00\x06\x00\
\x00\x00\x09Task Name\x07\x00\x00\x00\
\x18ModifyScheduleT\
askDialog\x01\x03\x00\x00\x00\x0a\xc2\
\xdc\xac\x04\x00 \xcd\x08\xac\xfc\x08\x00\x00\x00\x00\x06\x00\
\x00\x00\x07Timeout\x07\x00\x00\x00\x18M\
odifyScheduleTas\
kDialog\x01\x03\x00\x00\x00\x0c\xd2\xb8\xb9\
\xac\xacp\x00 \xc7 \xd6\x15\x08\x00\x00\x00\x00\x06\x00\
\x00\x00\x0cTrigger Type\x07\
\x00\x00\x00\x18ModifySchedu\
leTaskDialog\x01\x03\x00\x00\
\x00\x04\xb9\xe4\xc8\xfc\x08\x00\x00\x00\x00\x06\x00\x00\x00\x06\
Weekly\x07\x00\x00\x00\x18Modif\
yScheduleTaskDia\
log\x01\x03\x00\x00\x00\x18\xc2\xdc\xac\x04\x00 \x00\
(\x000\x00 \x00=\x00 \xbb4\xc8\x1c\xd5\x5c\x00\
)\x08\x00\x00\x00\x00\x06\x00\x00\x00\x15hours\
 (0 = unlimited)\
\x07\x00\x00\x00\x18ModifySched\
uleTaskDialog\x01\x03\x00\
\x00\x00\x08\xcc=\x00 \xc1 \xd0\xdd\x08\x00\x00\x00\x00\
\x06\x00\x00\x00\x0dChoose Wind\
ow\x07\x00\x00\x00\x0eOneTimeTa\
skTab\x01\x03\x00\x00\x00\x06\xc6D\xb8\xcc\xb4\
(\x08\x00\x00\x00\x00\x06\x00\x00\x00\x09Compl\
eted\x07\x00\x00\x00\x0eOneTime\
TaskTab\x01\x03\x00\x00\x00\x04\xc8\x15\xbc\
\xf4\x08\x00\x00\x00\x00\x06\x00\x00\x00\x04Info\x07\
\x00\x00\x00\x0eOneTimeTaskT\
ab\x01\x03\x00\x00\x00\x08\xc2\xe4\xd5\x89\x00 \xc9\x11\
\x08\x00\x00\x00\x00\x06\x00\x00\x00\x07Runnin\
g\x07\x00\x00\x00\x0eOneTimeTas\
kTab\x01\x03\x00\x00\x00\x02\xac\x12\x08\x00\x00\x00\
\x00\x06\x00\x00\x00\x05Value\x07\x00\x00\x00\x0e\
OneTimeTaskTab\x01\x03\
\x00\x00\x00\x04\xc6$\xb9X\x08\x00\x00\x00\x00\x06\x00\x00\
\x00\x03app\x07\x00\x00\x00\x10QCoreA\
pplication\x01\x03\x00\x00\x00\x1a\
\xc7\x91\xc5\xc5\xc7D\x00 \xc0\xad\xc8\x1c\xd5X\xc2\xdc\
\xac\xa0\xc2\xb5\xb2\xc8\xaeL\x00?\x08\x00\x00\x00\x00\x06\
\x00\x00\x00$Are you sure\
 you want to del\
ete task\x07\x00\x00\x00\x0fSch\
eduleTaskTab\x01\x03\x00\x00\
\x00\x04\xcd\xe8\xc1\x8c\x08\x00\x00\x00\x00\x06\x00\x00\x00\x06\
Cancel\x07\x00\x00\x00\x0fSched\
uleTaskTab\x01\x03\x00\x00\x00\x0a\
\xc7\x91\xc5\xc5\x00 \xc0\xdd\xc11\x08\x00\x00\x00\x00\x06\
\x00\x00\x00\x0bCreate Task\x07\
\x00\x00\x00\x0fScheduleTask\
Tab\x01\x03\x00\x00\x00\x04\xc0\xad\xc8\x1c\x08\x00\x00\
\x00\x00\x06\x00\x00\x00\x06Delete\x07\x00\x00\
\x00\x0fScheduleTaskTa\
b\x01\x03\x00\x00\x00\x0a\xc7\x91\xc5\xc5\x00 \xc0\xad\xc8\
\x1c\x08\x00\x00\x00\x00\x06\x00\x00\x00\x0bDelet\
e Task\x07\x00\x00\x00\x0fSched\
uleTaskTab\x01\x03\x00\x00\x00\x04\
\xc6$\xb9X\x08\x00\x00\x00\x00\x06\x00\x00\x00\x05Er\
ror\x07\x00\x00\x00\x0fSchedule\
TaskTab\x01\x03\x00\x00\x00\x10\xc7\x91\xc5\
\xc5\x00 \xc0\xdd\xc11\x00 \xc2\xe4\xd3(\x08\x00\x00\
\x00\x00\x06\x00\x00\x00\x15Failed to\
 create task\x07\x00\x00\x00\
\x0fScheduleTaskTab\
\x01\x03\x00\x00\x00\x10\xc7\x91\xc5\xc5\x00 \xc0\xad\xc8\x1c\
\x00 \xc2\xe4\xd3(\x08\x00\x00\x00\x00\x06\x00\x00\x00\x15\
Failed to delete\
 task\x07\x00\x00\x00\x0fSchedu\
leTaskTab\x01\x03\x00\x00\x00\x10\xc7\
\x91\xc5\xc5\x00 \xb8\x5c\xb4\xdc\x00 \xc2\xe4\xd3(\x08\
\x00\x00\x00\x00\x06\x00\x00\x00\x14Failed \
to load tasks\x07\x00\x00\
\x00\x0fScheduleTaskTa\
b\x01\x03\x00\x00\x00\x10\xc7\x91\xc5\xc5\x00 \xc2\x18\xc8\
\x15\x00 \xc2\xe4\xd3(\x08\x00\x00\x00\x00\x06\x00\x00\x00\
\x15Failed to modif\
y task\x07\x00\x00\x00\x0fSched\
uleTaskTab\x01\x03\x00\x00\x006\
\xc7\x91\xc5\xc5\x00 \xc2\x18\xc8\x15\x00 \xc2\xe4\xd3(\
\x00:\x00 \xc7t\xc8\x04\x00 \xc7\x91\xc5\xc5\xc7D\
\x00 \xc0\xad\xc8\x1c\xd5`\x00 \xc2\x18\x00 \xc5\xc6\
\xc2\xb5\xb2\xc8\xb2\xe4\x08\x00\x00\x00\x00\x06\x00\x00\x00-\
Failed to modify\
 task: cannot de\
lete old task\x07\x00\x00\
\x00\x0fScheduleTaskTa\
b\x01\x03\x00\x00\x00$\xc2\x18\xc8\x15\x00 \xb3\x00\xd6\
T\x00 \xc0\xc1\xc7\x90\xb9|\x00 \xc5\xf4\xc9\xc0\x00\
 \xba\xbb\xd5\x88\xc2\xb5\xb2\xc8\xb2\xe4\x08\x00\x00\x00\x00\
\x06\x00\x00\x00\x1cFailed to o\
pen modify dialo\
g\x07\x00\x00\x00\x0fScheduleTa\
skTab\x01\x03\x00\x00\x00\x16\xc7\x91\xc5\xc5\x00\
 \xc0\xc1\xd0\xdc\x00 \xc8\x04\xd6X\x00 \xc2\xe4\xd3\
(\x08\x00\x00\x00\x00\x06\x00\x00\x00\x15Faile\
d to toggle task\
\x07\x00\x00\x00\x0fScheduleTas\
kTab\x01\x03\x00\x00\x00\x08\xc0\xc8\xb8\x5c\xac\xe0\
\xceh\x08\x00\x00\x00\x00\x06\x00\x00\x00\x07Refr\
esh\x07\x00\x00\x00\x0fSchedule\
TaskTab\x01\x03\x00\x00\x00\x0e\xc0\xc8\xb8\
\x5c\xac\xe0\xceh\x00 \xc2\xe4\xd3(\x08\x00\x00\x00\x00\
\x06\x00\x00\x00\x0eRefresh fai\
led\x07\x00\x00\x00\x0fSchedule\
TaskTab\x01\x03\x00\x00\x00\x0a\xc6\x08\xc5\
}\x00 \xc7\x91\xc5\xc5\x08\x00\x00\x00\x00\x06\x00\x00\x00\
\x0eSchedule Tasks\x07\
\x00\x00\x00\x0fScheduleTask\
Tab\x01\x03\x00\x00\x00\x04\xc11\xac\xf5\x08\x00\x00\
\x00\x00\x06\x00\x00\x00\x07Success\x07\x00\
\x00\x00\x0fScheduleTaskT\
ab\x01\x03\x00\x00\x00\x16\xc7\x91\xc5\xc5\xc7t\x00 \
\xc0\xdd\xc11\xb4\x18\xc5\xc8\xc2\xb5\xb2\xc8\xb2\xe4\x08\x00\
\x00\x00\x00\x06\x00\x00\x00\x19Task cre\
ated successfull\
y\x07\x00\x00\x00\x0fScheduleTa\
skTab\x01\x03\x00\x00\x00\x16\xc7\x91\xc5\xc5\xc7\
t\x00 \xc0\xad\xc8\x1c\xb4\x18\xc5\xc8\xc2\xb5\xb2\xc8\xb2\
\xe4\x08\x00\x00\x00\x00\x06\x00\x00\x00\x19Task \
deleted successf\
ully\x07\x00\x00\x00\x0fSchedul\
eTaskTab\x01\x03\x00\x00\x00\x1a\xc7\x91\
\xc5\xc5\xc7t\x00 \xbeD\xd6\x5c\xc11\xd6T\xb4\x18\
\xc5\xc8\xc2\xb5\xb2\xc8\xb2\xe4\x08\x00\x00\x00\x00\x06\x00\x00\
\x00\x0dTask disabled\x07\
\x00\x00\x00\x0fScheduleTask\
Tab\x01\x03\x00\x00\x00\x18\xc7\x91\xc5\xc5\xc7t\x00\
 \xd6\x5c\xc11\xd6T\xb4\x18\xc5\xc8\xc2\xb5\xb2\xc8\xb2\
\xe4\x08\x00\x00\x00\x00\x06\x00\x00\x00\x0cTask \
enabled\x07\x00\x00\x00\x0fSche\
duleTaskTab\x01\x03\x00\x00\x00\
\x16\xc7\x91\xc5\xc5\xc7t\x00 \xc2\x18\xc8\x15\xb4\x18\xc5\
\xc8\xc2\xb5\xb2\xc8\xb2\xe4\x08\x00\x00\x00\x00\x06\x00\x00\x00\
\x1aTask modified s\
uccessfully\x07\x00\x00\x00\x0f\
ScheduleTaskTab\x01\
\x03\x00\x00\x00$\xce\x90\xc2\xdc\xc5\xd0\xc1\x1c\x00 \xc7\
\x91\xc5\xc5\xc7D\x00 \xcc>\xc7D\x00 \xc2\x18\x00\
 \xc5\xc6\xc2\xb5\xb2\xc8\xb2\xe4\x08\x00\x00\x00\x00\x06\x00\
\x00\x00\x17Task not foun\
d in cache\x07\x00\x00\x00\x0fS\
cheduleTaskTab\x01\x03\
\x00\x00\x00\x1a\xc7\x91\xc5\xc5\xc7t\x00 \xc0\xc8\xb8\x5c\
\xac\xe0\xceh\xb4\x18\xc5\xc8\xc2\xb5\xb2\xc8\xb2\xe4\x08\x00\
\x00\x00\x00\x06\x00\x00\x00\x0fTasks re\
freshed\x07\x00\x00\x00\x0fSche\
duleTaskTab\x01\x03\x00\x00\x00\
\x04\xc7\x91\xc5\xc5\x08\x00\x00\x00\x00\x06\x00\x00\x00\x07A\
ctions\x07\x00\x00\x00\x11Sched\
uleTaskTable\x01\x03\x00\x00\
\x00\x0c\xc0\xac\xc6\xa9\xc7\x90\x00 \xc8\x15\xc7X\x08\x00\
\x00\x00\x00\x06\x00\x00\x00\x06Custom\x07\x00\
\x00\x00\x11ScheduleTaskT\
able\x01\x03\x00\x00\x00\x04\xb9\xe4\xc7|\x08\x00\
\x00\x00\x00\x06\x00\x00\x00\x05Daily\x07\x00\x00\
\x00\x11ScheduleTaskTa\
ble\x01\x03\x00\x00\x00\x04\xc0\xad\xc8\x1c\x08\x00\x00\
\x00\x00\x06\x00\x00\x00\x06Delete\x07\x00\x00\
\x00\x11ScheduleTaskTa\
ble\x01\x03\x00\x00\x00\x0a\xbeD\xd6\x5c\xc11\xd6\
T\xb4(\x08\x00\x00\x00\x00\x06\x00\x00\x00\x08Dis\
abled\x07\x00\x00\x00\x11Schedu\
leTaskTable\x01\x03\x00\x00\x00\
\x08\xd6\x5c\xc11\xd6T\xb4(\x08\x00\x00\x00\x00\x06\x00\
\x00\x00\x07Enabled\x07\x00\x00\x00\x11S\
cheduleTaskTable\
\x01\x03\x00\x00\x00\x04\xc2\x18\xc8\x15\x08\x00\x00\x00\x00\x06\
\x00\x00\x00\x06Modify\x07\x00\x00\x00\x11S\
cheduleTaskTable\
\x01\x03\x00\x00\x00\x04\xb9\xe4\xc6\xd4\x08\x00\x00\x00\x00\x06\
\x00\x00\x00\x07Monthly\x07\x00\x00\x00\x11\
ScheduleTaskTabl\
e\x01\x03\x00\x00\x00\x0a\xb2\xe4\xc7L\x00 \xc2\xe4\xd5\
\x89\x08\x00\x00\x00\x00\x06\x00\x00\x00\x08Next \
Run\x07\x00\x00\x00\x11Schedule\
TaskTable\x01\x03\x00\x00\x00\x06\xd5\
\x5c\x00 \xbc\x88\x08\x00\x00\x00\x00\x06\x00\x00\x00\x04O\
nce\x07\x00\x00\x00\x11Schedule\
TaskTable\x01\x03\x00\x00\x00\x06\xc9\
\x00\xbeD\xb4(\x08\x00\x00\x00\x00\x06\x00\x00\x00\x05R\
eady\x07\x00\x00\x00\x11Schedul\
eTaskTable\x01\x03\x00\x00\x00\x08\
\xc2\xe4\xd5\x89\x00 \xc9\x11\x08\x00\x00\x00\x00\x06\x00\x00\
\x00\x07Running\x07\x00\x00\x00\x11Sc\
heduleTaskTable\x01\
\x03\x00\x00\x00\x04\xc0\xc1\xd0\xdc\x08\x00\x00\x00\x00\x06\x00\
\x00\x00\x06Status\x07\x00\x00\x00\x11Sc\
heduleTaskTable\x01\
\x03\x00\x00\x00\x0a\xc7\x91\xc5\xc5\x00 \xc7t\xb9\x84\x08\
\x00\x00\x00\x00\x06\x00\x00\x00\x09Task Na\
me\x07\x00\x00\x00\x11ScheduleT\
askTable\x01\x03\x00\x00\x00\x0c\xd2\xb8\
\xb9\xac\xacp\x00 \xc7 \xd6\x15\x08\x00\x00\x00\x00\x06\
\x00\x00\x00\x0cTrigger Type\
\x07\x00\x00\x00\x11ScheduleTas\
kTable\x01\x03\x00\x00\x00\x0c\xc5L\x00 \
\xc2\x18\x00 \xc5\xc6\xc7L\x08\x00\x00\x00\x00\x06\x00\x00\
\x00\x07Unknown\x07\x00\x00\x00\x11Sc\
heduleTaskTable\x01\
\x03\x00\x00\x00\x04\xb9\xe4\xc8\xfc\x08\x00\x00\x00\x00\x06\x00\
\x00\x00\x06Weekly\x07\x00\x00\x00\x11Sc\
heduleTaskTable\x01\
\x03\x00\x00\x00F\x00A\x00D\x00B\x00(\xbc1\xad\
\xf8\xb7|\xc6\xb4\xb4\xdc\x00 \xc9\xc0\xc6\xd0\x00,\x00\
 \xb2\x90\xb9\xbc\x00,\x00 \xb1\x92\xc7@\x00 \xd6\
8\xd6X\xc11\x00,\x00 \xb1\x92\xc7@\x00 \xc9\
\xc0\xc5\xf0\x00 \xc2\xdc\xac\x04\x00)\x08\x00\x00\x00\x00\
\x06\x00\x00\x00@ADB(Support\
s Background, Sl\
ow, High Compati\
bility, High Lat\
ency)\x07\x00\x00\x00\x15Select\
CaptureListView\x01\
\x03\x00\x00\x002\x00B\x00i\x00t\x00B\x00l\x00\
t\x00 \x00-\x00 \xac\x00\xc7\xa5\x00 \xbe`\xb9\
\x84\x00,\x00 \xd68\xd6X\xc11\x00 \xac\x00\xc7\
\xa5\x00 \xb0\xae\xc7L\x08\x00\x00\x00\x00\x06\x00\x00\x00\
\x06BitBlt\x07\x00\x00\x00\x15Sele\
ctCaptureListVie\
w\x01\x03\x00\x00\x00<\x00B\x00i\x00t\x00B\x00\
l\x00t\x00_\x00R\x00e\x00n\x00d\x00e\x00\
r\x00F\x00u\x00l\x00l\x00 \x00-\x00 \xb2\
\x90\xb9\xbc\x00,\x00 \xac\x00\xc7\xa5\x00 \xd68\xd6\
X\xb4(\x08\x00\x00\x00\x00\x06\x00\x00\x00\x11Bit\
Blt_RenderFull\x07\x00\
\x00\x00\x15SelectCapture\
ListView\x01\x03\x00\x00\x00\x0e\xbe\x0c\
\xb7|\xc6\xb0\xc8\x00\x00 \xce\xa1\xcc\x98\x08\x00\x00\x00\
\x00\x06\x00\x00\x00\x0fBrowser Ca\
pture\x07\x00\x00\x00\x15Select\
CaptureListView\x01\
\x03\x00\x00\x00*\x00D\x00X\x00G\x00I\x00 \x00\
-\x00 \xac\x00\xc7\xa5\x00 \xb2\x90\xb9\xbc\x00,\x00\
 \xbc1\xc5\xc5\xc7<\xb8\x5c\x00 \xc0\xac\xc6\xa9\x08\
\x00\x00\x00\x00\x06\x00\x00\x00\x04DXGI\x07\x00\x00\
\x00\x15SelectCaptureL\
istView\x01\x03\x00\x00\x00>\xc5\xd0\xbb\
\xac\xb8\x08\xc7t\xd10\x00 \xcc=\x00(\xbc1\xad\
\xf8\xb7|\xc6\xb4\xb4\xdc\x00 \xc9\xc0\xc6\xd0\x00,\x00\
 \xbe`\xb9\x84\x00,\x00 \xb0\xae\xc7@\x00 \xc9\
\xc0\xc5\xf0\x00 \xc2\xdc\xac\x04\x00)\x08\x00\x00\x00\x00\
\x06\x00\x00\x007Emulator Wi\
ndow(Supports Ba\
ckground, Fast, \
Low Latency)\x07\x00\x00\x00\
\x15SelectCaptureLi\
stView\x01\x03\x00\x00\x00\x08\xac\x8c\xc7\x84\
\x00 \xcc=\x08\x00\x00\x00\x00\x06\x00\x00\x00\x0bGa\
me Window\x07\x00\x00\x00\x15Se\
lectCaptureListV\
iew\x01\x03\x00\x00\x008\xb1$\xc7t\xd2\xf0\xbe\
\x0c\x00(\x00M\x00u\x00M\x00u\x00P\x00l\x00\
a\x00y\x00e\x00r\x001\x002\x00 \xbc\x84\xc8\
\x04\x00 \x00>\x00=\x00 \x004\x00.\x000\x00\
)\x08\x00\x00\x00\x00\x06\x00\x00\x00!Ipc (\
MuMuPlayer12 ver\
sion >= 4.0)\x07\x00\x00\x00\
\x15SelectCaptureLi\
stView\x01\x03\x00\x00\x00\x22\x00W\x00G\
\x00C\x00 \x00-\x00 \x00>\x00=\x00W\x00i\
\x00n\x001\x000\x00,\x00 \xbe`\xb9\x84\x08\x00\
\x00\x00\x00\x06\x00\x00\x00\x03WGC\x07\x00\x00\x00\x15\
SelectCaptureLis\
tView\x01\x03\x00\x00\x00,\x00A\x00D\x00\
B\x00I\x00n\x00t\x00e\x00r\x00a\x00c\x00\
t\x00i\x00o\x00n\x00 \x00-\x00 \xbc1\xad\
\xf8\xb7|\xc6\xb4\xb4\xdc\x08\x00\x00\x00\x00\x06\x00\x00\x00\
\x0eADBInteraction\x07\
\x00\x00\x00\x19SelectIntera\
ctionListView\x01\x03\x00\
\x00\x004\x00B\x00r\x00o\x00w\x00s\x00e\x00\
r\x00I\x00n\x00t\x00e\x00r\x00a\x00c\x00\
t\x00i\x00o\x00n\x00 \x00-\x00 \xbc1\xad\
\xf8\xb7|\xc6\xb4\xb4\xdc\x08\x00\x00\x00\x00\x06\x00\x00\x00\
\x12BrowserInteract\
ion\x07\x00\x00\x00\x19SelectIn\
teractionListVie\
w\x01\x03\x00\x00\x00>\x00G\x00e\x00n\x00s\x00\
h\x00i\x00n\x00 \x00-\x00 \xbc1\xad\xf8\xb7\
|\xc6\xb4\xb4\xdc\x00,\x00 \xc7|\xbd\x80\x00 \x00\
U\x00n\x00i\x00t\x00y\x00 \xac\x8c\xc7\x84\x00\
 \xc9\xc0\xc6\xd0\x08\x00\x00\x00\x00\x06\x00\x00\x00\x07G\
enshin\x07\x00\x00\x00\x19Selec\
tInteractionList\
View\x01\x03\x00\x00\x00F\x00P\x00o\x00s\
\x00t\x00M\x00e\x00s\x00s\x00a\x00g\x00e\
\x00 \x00-\x00 \xbc1\xad\xf8\xb7|\xc6\xb4\xb4\xdc\
\x00,\x00 \xb3\x00\xbd\x80\xbd\x84\xc7X\x00 \xc5q\
\x00 \xbc\x0f\x00 \xc7|\xbd\x80\x00 \xac\x8c\xc7\x84\
\x08\x00\x00\x00\x00\x06\x00\x00\x00\x0bPostMe\
ssage\x07\x00\x00\x00\x19Select\
InteractionListV\
iew\x01\x03\x00\x00\x006\x00P\x00y\x00D\x00\
i\x00r\x00e\x00c\x00t\x00 \x00-\x00 \xd3\
\xec\xad\xf8\xb7|\xc6\xb4\xb4\xdc\x00,\x00 \x00P\x00\
y\x00n\x00p\x00u\x00t\x00 \xbc1\xc5\xc5\x08\
\x00\x00\x00\x00\x06\x00\x00\x00\x08PyDirec\
t\x07\x00\x00\x00\x19SelectInte\
ractionListView\x01\
\x03\x00\x00\x00,\x00P\x00y\x00n\x00p\x00u\x00\
t\x00 \x00-\x00 \xd3\xec\xad\xf8\xb7|\xc6\xb4\xb4\
\xdc\x00,\x00 \xac\x00\xc7\xa5\x00 \xd68\xd6X\xb4\
(\x08\x00\x00\x00\x00\x06\x00\x00\x00\x06Pynpu\
t\x07\x00\x00\x00\x19SelectInte\
ractionListView\x01\
\x03\x00\x00\x00\x04\xc8\x15\xbc\xf4\x08\x00\x00\x00\x00\x06\x00\
\x00\x00\x05About\x07\x00\x00\x00\x0aSet\
tingTab\x01\x03\x00\x00\x00\x08\xc5q\x00\
 \xc1$\xc8\x15\x08\x00\x00\x00\x00\x06\x00\x00\x00\x0aA\
pp Config\x07\x00\x00\x00\x0aSe\
ttingTab\x01\x03\x00\x00\x00\x08\xc5q\
\x00 \xc1$\xc8\x15\x08\x00\x00\x00\x00\x06\x00\x00\x00\x0c\
App Settings\x07\x00\x00\x00\
\x0aSettingTab\x01\x03\x00\x00\x00\
\x12\xc5`\xd5\x0c\xb9\xac\xcf\x00\xc7t\xc1X\x00 \xd1\
L\xb9\xc8\x08\x00\x00\x00\x00\x06\x00\x00\x00\x11App\
lication Theme\x07\x00\
\x00\x00\x0aSettingTab\x01\x03\x00\
\x00\x00\x1a\xc5`\xd5\x0c\xb9\xac\xcf\x00\xc7t\xc1X\xc7\
X\x00 \xba\xa8\xc5\x91\x00 \xbc\xc0\xac\xbd\x08\x00\x00\
\x00\x00\x06\x00\x00\x00(Change th\
e appearance of \
the application\x07\
\x00\x00\x00\x0aSettingTab\x01\x03\
\x00\x00\x00\x0e\xc5\xc5\xb3p\xc7t\xd2\xb8\x00 \xd6U\
\xc7x\x08\x00\x00\x00\x00\x06\x00\x00\x00\x0cChec\
k update\x07\x00\x00\x00\x0aSet\
tingTab\x01\x03\x00\x00\x00\x22\xb2\xe4\xc2\
\xdc\x00 \xc2\xdc\xc7\x91\xd5X\xbat\x00 \xadl\xc1\
1\xc7t\x00 \xc8\x01\xc6\xa9\xb4)\xb2\xc8\xb2\xe4\x08\
\x00\x00\x00\x00\x06\x00\x00\x00(Configu\
ration takes eff\
ect after restar\
t\x07\x00\x00\x00\x0aSettingTab\
\x01\x03\x00\x00\x00\x06\xc5\xb4\xb4a\xac\x8c\x08\x00\x00\x00\
\x00\x06\x00\x00\x00\x04Dark\x07\x00\x00\x00\x0aS\
ettingTab\x01\x03\x00\x00\x00\x5c\xc0\
\xc8\xb8\x5c\xc6\xb4\x00 \xae0\xb2\xa5\xc7D\x00 \xbc\
\x1c\xac\xac\xd5X\xac\xe0\x00 \x00P\x00y\x00Q\x00\
t\x00-\x00F\x00l\x00u\x00e\x00n\x00t\x00\
-\x00W\x00i\x00d\x00g\x00e\x00t\x00s\xc5\
\xd0\x00 \xb3\x00\xd5\x5c\x00 \xc7 \xc6\xa9\xd5\x5c\x00\
 \xd3\x01\x00 \xbc0\xc6\xb0\xae0\x08\x00\x00\x00\x00\
\x06\x00\x00\x00EDiscover ne\
w features and l\
earn useful tips\
 about PyQt-Flue\
nt-Widgets\x07\x00\x00\x00\x0aS\
ettingTab\x01\x03\x00\x00\x00\x06\xb3\
\xc4\xc6\xc0\xb9\xd0\x08\x00\x00\x00\x00\x06\x00\x00\x00\x04H\
elp\x07\x00\x00\x00\x0aSettingT\
ab\x01\x03\x00\x00\x00\x04\xc5\xb8\xc5\xb4\x08\x00\x00\x00\
\x00\x06\x00\x00\x00\x08Language\x07\x00\
\x00\x00\x0aSettingTab\x01\x03\x00\
\x00\x00\x04\xbc\x1d\xac\x8c\x08\x00\x00\x00\x00\x06\x00\x00\x00\
\x05Light\x07\x00\x00\x00\x0aSetti\
ngTab\x01\x03\x00\x00\x00\x14\xb3\xc4\xc6\xc0\xb9\
\xd0\x00 \xd3\x98\xc7t\xc9\xc0\x00 \xc5\xf4\xae0\x08\
\x00\x00\x00\x00\x06\x00\x00\x00\x0eOpen he\
lp page\x07\x00\x00\x00\x0aSett\
ingTab\x01\x03\x00\x00\x00\x14\xc1 \xd68\
\xd5X\xb2\x94\x00 \xc5\xb8\xc5\xb4\x00 \xc1$\xc8\x15\
\x08\x00\x00\x00\x00\x06\x00\x00\x00\x1bSet yo\
ur preferred lan\
guage\x07\x00\x00\x00\x0aSettin\
gTab\x01\x03\x00\x00\x00 \x00U\x00I\xc5\xd0\
\x00 \xc0\xac\xc6\xa9\xd5`\x00 \xc1 \xd68\x00 \
\xc5\xb8\xc5\xb4\x00 \xc1$\xc8\x15\x08\x00\x00\x00\x00\x06\
\x00\x00\x00\x22Set your pre\
ferred language \
for UI\x07\x00\x00\x00\x0aSetti\
ngTab\x01\x03\x00\x00\x00\x04\xc1$\xc8\x15\x08\
\x00\x00\x00\x00\x06\x00\x00\x00\x08Setting\
s\x07\x00\x00\x00\x0aSettingTab\
\x01\x03\x00\x00\x00\x16\xc11\xac\xf5\xc8\x01\xc7<\xb8\x5c\
\x00 \xc5\xc5\xb3p\xc7t\xd2\xb8\xb4(\x08\x00\x00\x00\
\x00\x06\x00\x00\x00\x14Updated su\
ccessfully\x07\x00\x00\x00\x0aS\
ettingTab\x01\x03\x00\x00\x00\x12\xc2\
\xdc\xc2\xa4\xd1\x5c\x00 \xc1$\xc8\x15\x00 \xc0\xac\xc6\
\xa9\x08\x00\x00\x00\x00\x06\x00\x00\x00\x12Use s\
ystem setting\x07\x00\x00\
\x00\x0aSettingTab\x01\x03\x00\x00\
\x00\x04\xbc\x84\xc8\x04\x08\x00\x00\x00\x00\x06\x00\x00\x00\x07\
Version\x07\x00\x00\x00\x0aSett\
ingTab\x01\x03\x00\x00\x00\x10\xba\xa8\xb4P\
\x00 \xc7|\xc2\xdc\x00 \xc9\x11\xc9\xc0\x08\x00\x00\x00\
\x00\x06\x00\x00\x00\x09Pause All\x07\
\x00\x00\x00\x0bStartButton\x01\
\x03\x00\x00\x00\x0a\xba\xa8\xb4P\x00 \xc2\xdc\xc7\x91\x08\
\x00\x00\x00\x00\x06\x00\x00\x00\x09Start A\
ll\x07\x00\x00\x00\x0bStartButt\
on\x01\x03\x00\x00\x00\x04\xce\xa1\xcc\x98\x08\x00\x00\x00\
\x00\x06\x00\x00\x00\x07Capture\x07\x00\x00\
\x00\x09StartCard\x01\x03\x00\x00\x00\
\x0e\xb8\x5c\xad\xf8\x00 \xb0\xb4\xbc\xf4\xb0\xb4\xae0\x08\
\x00\x00\x00\x00\x06\x00\x00\x00\x0bExport \
Logs\x07\x00\x00\x00\x09StartCa\
rd\x01\x03\x00\x00\x00\x14\xac\x8c\xc7\x84\x00 \xcc=\
\x00 \xc5\xf0\xac\xb0\x00 \xb0J\xae@\x08\x00\x00\x00\
\x00\x06\x00\x00\x00\x18Game Windo\
w Disconnected\x07\x00\
\x00\x00\x09StartCard\x01\x03\x00\x00\
\x00\x0a\xc1$\xceX\x00 \xd3\xf4\xb3T\x08\x00\x00\x00\
\x00\x06\x00\x00\x00\x0eInstall Fo\
lder\x07\x00\x00\x00\x09StartCa\
rd\x01\x03\x00\x00\x00\x0a\xc7|\xc2\xdc\x00 \xc9\x11\
\xc9\xc0\x08\x00\x00\x00\x00\x06\x00\x00\x00\x05Paus\
e\x07\x00\x00\x00\x09StartCard\x01\
\x03\x00\x00\x00:\xc7|\xc2\xdc\x00 \xc9\x11\xc9\xc0\xb4\
(\x00:\x00 \x00P\x00C\x00 \xac\x8c\xc7\x84\x00\
 \xcc=\xc7t\x00 \xc8\x04\xbat\xc5\xd0\x00 \xc7\
\x88\xc5\xb4\xc5|\x00 \xd5i\xb2\xc8\xb2\xe4\x00!\x08\
\x00\x00\x00\x00\x06\x00\x00\x00(Paused:\
 PC Game Window \
Must Be in Front\
!\x07\x00\x00\x00\x09StartCard\x01\
\x03\x00\x00\x00\x08\xc0\xc8\xb8\x5c\xac\xe0\xceh\x08\x00\x00\
\x00\x00\x06\x00\x00\x00\x07Refresh\x07\x00\
\x00\x00\x09StartCard\x01\x03\x00\x00\
\x00\x08\xc2\xe4\xd5\x89\x00 \xc9\x11\x08\x00\x00\x00\x00\x06\
\x00\x00\x00\x07Running\x07\x00\x00\x00\x09\
StartCard\x01\x03\x00\x00\x00\x04\xc2\
\xdc\xc7\x91\x08\x00\x00\x00\x00\x06\x00\x00\x00\x05Sta\
rt\x07\x00\x00\x00\x09StartCard\
\x01\x03\x00\x00\x00\x0a\xac\x8c\xc7\x84\x00 \xc2\xdc\xc7\x91\
\x08\x00\x00\x00\x00\x06\x00\x00\x00\x0aStart \
Game\x07\x00\x00\x00\x09StartCa\
rd\x01\x03\x00\x00\x00\x0c\xd2\xb8\xb9\xac\xacp\x00 \
\xc7\x91\xc5\xc5\x08\x00\x00\x00\x00\x06\x00\x00\x00\x0dTr\
igger Tasks\x07\x00\x00\x00\x09\
StartCard\x01\x03\x00\x00\x00\x1a\xc2\
\xdc\xc7\x91\xd5`\x00 \xc7\x91\xc5\xc5\xc7D\x00 \xc1\
 \xd0\xdd\xd5X\xc18\xc6\x94\x08\x00\x00\x00\x00\x06\x00\
\x00\x00\x1eWaiting for t\
ask to be enable\
d\x07\x00\x00\x00\x09StartCard\x01\
\x03\x00\x00\x00L\x00,\x00 \xac\x8c\xc7\x84\x00 \xcc\
=\xc7t\x00 \xcd\x5c\xc1\x8c\xd6T\x00,\x00 \xd0\
l\xae0\x00 \xc8p\xc8\x15\x00 \xb6\x10\xb2\x94\x00\
 \xd6T\xbat\x00 \xbc\x16\xc5\xd0\x00 \xc7\x88\xb2\
\x94\xc9\xc0\x00 \xd6U\xc7x\xd5X\xc18\xc6\x94\x00\
.\x08\x00\x00\x00\x00\x06\x00\x00\x00?, che\
ck if game windo\
ws is minimized,\
 resized or out \
of screen.\x07\x00\x00\x00\x0fS\
tartController\x01\x03\
\x00\x00\x00:\x00,\x00 \xc9\xc0\xc6\xd0\xb4\x18\xb2\x94\
\x00 \xcd\x5c\xc1\x8c\x00 \xd5t\xc0\xc1\xb3\xc4\xb2\x94\
\x00 \x00{\x00m\x00i\x00n\x00_\x00s\x00i\
\x00z\x00e\x00}\x00 \xc7\x85\xb2\xc8\xb2\xe4\x08\x00\
\x00\x00\x00\x06\x00\x00\x00,, the su\
pported min reso\
lution is {min_s\
ize}\x07\x00\x00\x00\x0fStartCo\
ntroller\x01\x03\x00\x00\x00@\x00,\
\x00 \xc9\xc0\xc6\xd0\xb4\x18\xb2\x94\x00 \xbeD\xc7(\
\xc7@\x00 \x00{\x00s\x00u\x00p\x00p\x00o\
\x00r\x00t\x00e\x00d\x00_\x00r\x00a\x00t\
\x00i\x00o\x00}\x00 \xc7\x85\xb2\xc8\xb2\xe4\x08\x00\
\x00\x00\x00\x06\x00\x00\x00*, the su\
pported ratio is\
 {supported_rati\
o}\x07\x00\x00\x00\x0fStartCont\
roller\x01\x03\x00\x00\x002\xc7\x90\xb3\xd9\
\x00 \x00H\x00D\x00R\xc7t\x00 \xcf\x1c\xc88\
\x00 \xc7\x88\xc2\xb5\xb2\xc8\xb2\xe4\x00.\x00 \xba<\
\xc8\x00\x00 \xae\xbc\xc8\xfc\xc18\xc6\x94\x00.\x08\x00\
\x00\x00\x00\x06\x00\x00\x00.Auto HDR\
 is enabled, ple\
ase turn it off \
first.\x07\x00\x00\x00\x0fStart\
Controller\x01\x03\x00\x00\x00R\
\xc7\x90\xb3\xd9\x00 \x00H\x00D\x00R\xc7t\x00 \
\xcf\x1c\xc88\x00 \xc7\x88\xc2\xb5\xb2\xc8\xb2\xe4\x00.\
\x00 \xc7\x91\xc5\xc5\xc7t\x00 \xc6,\xbc\x14\xb9t\
\xac\x8c\x00 \xc7\x91\xb3\xd9\xd5X\xc9\xc0\x00 \xc5J\
\xc7D\x00 \xc2\x18\x00 \xc7\x88\xc2\xb5\xb2\xc8\xb2\xe4\
\x00!\x08\x00\x00\x00\x00\x06\x00\x00\x004Auto\
 HDR is enabled,\
 tasks might not\
 work correctly!\
\x07\x00\x00\x00\x0fStartContro\
ller\x01\x03\x00\x00\x00@\xac\x8c\xc7\x84\xc7D\
\x00 \xc2\xdc\xc7\x91\xd5`\x00 \xc2\x18\x00 \xc5\xc6\
\xc2\xb5\xb2\xc8\xb2\xe4\x00.\x00 \xac\x8c\xc7\x84\xc7t\
\x00 \xc1$\xceX\xb4\x18\xc5\xc8\xb2\x94\xc9\xc0\x00 \
\xd6U\xc7x\xd5X\xc18\xc6\x94\x08\x00\x00\x00\x00\x06\
\x00\x00\x001Can't start \
game, make sure \
the game is inst\
alled\x07\x00\x00\x00\x0fStartC\
ontroller\x01\x03\x00\x00\x00$\xce\
\xa1\xcc\x98\x00 \xc2\xe4\xd3(\x00,\x00 \xac\x8c\xc7\
\x84\x00 \xcc=\xc7D\x00 \xd6U\xc7x\xd5X\xc1\
8\xc6\x94\x08\x00\x00\x00\x00\x06\x00\x00\x00(Cap\
ture failed, ple\
ase check game w\
indow\x07\x00\x00\x00\x0fStartC\
ontroller\x01\x03\x00\x00\x00F\xc5\
\xd0\xbb\xac\xb8\x08\xc7t\xd10\xac\x00\x00 \xc5\xf0\xac\
\xb0\xb4\x18\xc9\xc0\x00 \xc5J\xc5X\xc2\xb5\xb2\xc8\xb2\
\xe4\x00.\x00 \xba<\xc8\x00\x00 \xc5\xd0\xbb\xac\xb8\
\x08\xc7t\xd10\xb9|\x00 \xc2\xdc\xc7\x91\xd5X\xc1\
8\xc6\x94\x00!\x08\x00\x00\x00\x00\x06\x00\x00\x004E\
mulator is not c\
onnected, start \
the emulator fir\
st!\x07\x00\x00\x00\x0fStartCon\
troller\x01\x03\x00\x00\x00\x16\x00G\x00\
P\x00U\x00 \xb4\xdc\xb7|\xc7t\xbc\x84\x00 \xac\
\xbd\xac\xe0\x08\x00\x00\x00\x00\x06\x00\x00\x00\x12GPU\
 Driver Warning\x07\
\x00\x00\x00\x0fStartControl\
ler\x01\x03\x00\x00\x008\xac\x8c\xc7\x84\x00 \xac\
\xbd\xb8\x5c\xac\x00\x00 \xc5\xc6\xc2\xb5\xb2\xc8\xb2\xe4\x00\
.\x00 \xac\x8c\xc7\x84\xc7D\x00 \xc2\x18\xb3\xd9\xc7\
<\xb8\x5c\x00 \xc2\xdc\xc7\x91\xd5X\xc18\xc6\x94\x00\
!\x08\x00\x00\x00\x00\x06\x00\x00\x004Game \
path does not ex\
ist, Please open\
 game manually!\x07\
\x00\x00\x00\x0fStartControl\
ler\x01\x03\x00\x00\x00B\xac\x8c\xc7\x84\x00 \xd5\
t\xc0\xc1\xb3\xc4\x00 \x00{\x00r\x00e\x00s\x00\
o\x00l\x00u\x00t\x00i\x00o\x00n\x00}\xc7\
@\x00(\xb2\x94\x00)\x00 \xc9\xc0\xc6\xd0\xb4\x18\xc9\
\xc0\x00 \xc5J\xc2\xb5\xb2\xc8\xb2\xe4\x08\x00\x00\x00\x00\
\x06\x00\x00\x00-Game resolu\
tion {resolution\
} is not support\
ed\x07\x00\x00\x00\x0fStartCont\
roller\x01\x03\x00\x00\x00^\xc7t\xbb\xf8\
\xc9\xc0\x00 \xb9\xac\xc1\x8c\xc2\xa4\x00 \xb8\x5c\xb4\xdc\
\x00 \xc2\xe4\xd3(\x00,\x00 \xb2\xe4\xc2\xdc\x00 \
\xc1$\xceX\xd5t\x00 \xbc\xf4\xc18\xc6\x94\x00.\
\x00 \x00(\xc5q\xc7D\x00 \xb2\xe4\xc6\xb4\xb8\x5c\
\xb4\xdc\x00 \xd3\xf4\xb3T\xc5\xd0\x00 \xb4P\xc9\xc0\
\x00 \xb9\xc8\xc18\xc6\x94\x00)\x08\x00\x00\x00\x00\x06\
\x00\x00\x00\x5cImage resour\
ce load failed, \
please try insta\
ll again.(Don't \
put the app in D\
ownloads folder)\
\x07\x00\x00\x00\x0fStartContro\
ller\x01\x03\x00\x00\x00\x1e\xac\x8c\xc7\x84\xc7D\
\x00 \xc1 \xd0\xdd\xd5X\xc9\xc0\x00 \xc5J\xc5X\
\xc2\xb5\xb2\xc8\xb2\xe4\x00!\x08\x00\x00\x00\x00\x06\x00\x00\
\x00\x11No game select\
ed!\x07\x00\x00\x00\x0fStartCon\
troller\x01\x03\x00\x00\x00Z\x00P\x00\
C\x00 \xbc\x84\xc8\x04\xc7@\x00 \xad\x00\xb9\xac\xc7\
\x90\x00 \xad\x8c\xd5\x5c\xc7t\x00 \xd5D\xc6\x94\xd5\
i\xb2\xc8\xb2\xe4\x00.\x00 \xad\x00\xb9\xac\xc7\x90\x00\
 \xad\x8c\xd5\x5c\xc7<\xb8\x5c\x00 \xc7t\x00 \xc5\
q\xc7D\x00 \xb2\xe4\xc2\xdc\x00 \xc2\xdc\xc7\x91\xd5\
X\xc18\xc6\x94\x00!\x08\x00\x00\x00\x00\x06\x00\x00\x00\
TPC version requ\
ires admin privi\
leges, Please re\
start this app w\
ith admin privil\
eges!\x07\x00\x00\x00\x0fStartC\
ontroller\x01\x03\x00\x00\x00f\xd5\
t\xc0\xc1\xb3\xc4\x00 \x00{\x00r\x00e\x00s\x00\
o\x00l\x00u\x00t\x00i\x00o\x00n\x00}\x00\
 \xd6U\xc7x\x00 \xc2\xe4\xd3(\x00,\x00 \xc7\
|\xbd\x80\x00 \xc7\x91\xc5\xc5\xc7t\x00 \xc6,\xbc\
\x14\xb9t\xac\x8c\x00 \xc7\x91\xb3\xd9\xd5X\xc9\xc0\x00\
 \xc5J\xc7D\x00 \xc2\x18\x00 \xc7\x88\xc2\xb5\xb2\
\xc8\xb2\xe4\x00!\x08\x00\x00\x00\x00\x06\x00\x00\x00JR\
esolution {resol\
ution} check fai\
led, some tasks \
might not work c\
orrectly!\x07\x00\x00\x00\x0fSt\
artController\x01\x03\x00\
\x00\x00B\xc1 \xd0\xdd\xd5\x5c\x00 \xce\xa1\xcc\x98\x00\
 \xbc)\xbc\x95\xc7t\x00 \xac\x8c\xc7\x84\x00 \xb6\
\x10\xb2\x94\x00 \xc2\xdc\xc2\xa4\xd1\x5c\xc5\xd0\xc1\x1c\x00\
 \xc9\xc0\xc6\xd0\xb4\x18\xc9\xc0\x00 \xc5J\xc2\xb5\xb2\
\xc8\xb2\xe4\x00!\x08\x00\x00\x00\x00\x06\x00\x00\x00DS\
elected capture \
method is not su\
pported by the g\
ame or your syst\
em!\x07\x00\x00\x00\x0fStartCon\
troller\x01\x03\x00\x00\x008\xac\x8c\xc7\
\x84\x00 \xc2\xdc\xc7\x91\x00 \xc2\xe4\xd3(\x00,\x00\
 \xba<\xc8\x00\x00 \xac\x8c\xc7\x84\xc7D\x00 \xc2\
\x18\xb3\xd9\xc7<\xb8\x5c\x00 \xc2\xdc\xc7\x91\xd5X\xc1\
8\xc6\x94\x00!\x08\x00\x00\x00\x00\x06\x00\x00\x00*S\
tart game failed\
, please start g\
ame first\x07\x00\x00\x00\x0fSt\
artController\x01\x03\x00\
\x00\x00\x12\xc2\xdc\xc7\x91\x00 \xc2\xdc\xac\x04\x00 \xcd\
\x08\xac\xfc\x00!\x08\x00\x00\x00\x00\x06\x00\x00\x00\x13S\
tart game timeou\
t!\x07\x00\x00\x00\x0fStartCont\
roller\x01\x03\x00\x00\x00`\xac\x8c\xc7\x84\
\x00 \xcc=\xc7t\x00 \xcd\x5c\xc1\x8c\xd6T\xb4\x18\
\xc5\xc8\xacp\xb0\x98\x00 \xd6T\xbat\x00 \xbc\x16\
\xc5\xd0\x00 \xc7\x88\xc2\xb5\xb2\xc8\xb2\xe4\x00.\x00 \
\xc8\x04\xcc\xb4\x00 \xd6T\xbat\x00 \xc8\x04\xc6\xa9\
\x00 \xba\xa8\xb4\xdc\xb9|\x00 \xc0\xac\xc6\xa9\xd5X\
\xc9\xc0\x00 \xb9\xc8\xc18\xc6\x94\x00!\x08\x00\x00\x00\
\x00\x06\x00\x00\x00KWindow is \
minimized or out\
 of screen, and \
do NOT use full-\
screen exclusive\
!\x07\x00\x00\x00\x0fStartContr\
oller\x01\x03\x00\x00\x00Z\xcc=\xc7t\x00\
 \xcd\x5c\xc1\x8c\xd6T\xb4\x18\xc5\xc8\xacp\xb0\x98\x00\
 \xd6T\xbat\x00 \xbc\x16\xc5\xd0\x00 \xc7\x88\xc2\
\xb5\xb2\xc8\xb2\xe4\x00.\x00 \xc8\x04\xcc\xb4\x00 \xd6\
T\xbat\x00 \xc8\x04\xc6\xa9\x00 \xba\xa8\xb4\xdc\xb9\
|\x00 \xc0\xac\xc6\xa9\xd5X\xc9\xc0\x00 \xb9\xc8\xc1\
8\xc6\x94\x00!\x08\x00\x00\x00\x00\x06\x00\x00\x00OW\
indow is minimiz\
ed or out of scr\
een, and don't u\
se full-screen e\
xclusive mode!\x07\x00\
\x00\x00\x0fStartControll\
er\x01\x03\x00\x00\x00@\x00W\x00i\x00n\x00d\
\x00o\x00w\x00s\x00 \xc5|\xac\x04\x00 \xba\xa8\
\xb4\xdc\xac\x00\x00 \xcf\x1c\xc88\x00 \xc7\x88\xc2\xb5\
\xb2\xc8\xb2\xe4\x00.\x00 \xba<\xc8\x00\x00 \xae\xbc\
\xc8\xfc\xc18\xc6\x94\x00.\x08\x00\x00\x00\x00\x06\x00\x00\
\x009Windows night \
light is enabled\
, please turn it\
 off first.\x07\x00\x00\x00\x0f\
StartController\x01\
\x03\x00\x00\x00`\x00W\x00i\x00n\x00d\x00o\x00\
w\x00s\x00 \xc5|\xac\x04\x00 \xba\xa8\xb4\xdc\xac\
\x00\x00 \xcf\x1c\xc88\x00 \xc7\x88\xc2\xb5\xb2\xc8\xb2\
\xe4\x00.\x00 \xc7\x91\xc5\xc5\xc7t\x00 \xc6,\xbc\
\x14\xb9t\xac\x8c\x00 \xc7\x91\xb3\xd9\xd5X\xc9\xc0\x00\
 \xc5J\xc7D\x00 \xc2\x18\x00 \xc7\x88\xc2\xb5\xb2\
\xc8\xb2\xe4\x00!\x08\x00\x00\x00\x00\x06\x00\x00\x00?W\
indows night lig\
ht is enabled, t\
asks might not w\
ork correctly!\x07\x00\
\x00\x00\x0fStartControll\
er\x01\x03\x00\x00\x00`\x00{\x00v\x00e\x00n\
\x00d\x00o\x00r\x00}\x00 \x00{\x00f\x00e\
\x00a\x00t\x00u\x00r\x00e\x00}\x00 \xae0\
\xb2\xa5\xc7t\x00 \xd6\x5c\xc11\xd6T\xb4\x18\xc5\xb4\
\x00 \xc7\x88\xc5\xb4\x00 \xc6$\xc7\x91\xb3\xd9\xc7D\
\x00 \xc7|\xc7<\xd0\xac\x00 \xc2\x18\x00 \xc7\x88\
\xc2\xb5\xb2\xc8\xb2\xe4\x00!\x08\x00\x00\x00\x00\x06\x00\x00\
\x009{vendor} {feat\
ure} is enabled \
and may cause ma\
lfunctions!\x07\x00\x00\x00\x0f\
StartController\x01\
\x03\x00\x00\x00N\x00{\x00}\xac\x8c\xc7\x84\x00 \xcc\
=\xc7t\x00 \xc5\xf0\xac\xb0\xb4\x18\xc9\xc0\x00 \xc5\
J\xc5X\xc2\xb5\xb2\xc8\xb2\xe4\x00.\x00 \xac\x8c\xc7\
\x84\x00 \xcc=\xac\xfc\x00 \xce\xa1\xcc\x98\x00 \xbc\
)\xbc\x95\xc7D\x00 \xc1 \xd0\xdd\xd5X\xc18\xc6\
\x94\x00.\x08\x00\x00\x00\x00\x06\x00\x00\x003{} \
is not connected\
, please select \
the game window.\
\x07\x00\x00\x00\x0fStartContro\
ller\x01\x03\x00\x00\x00\x08\xb8\x5c\xb5)\x00 \
\xc9\x11\x08\x00\x00\x00\x00\x06\x00\x00\x00\x07Load\
ing\x07\x00\x00\x00\x12StartLoa\
dingDialog\x01\x03\x00\x00\x00<\
\xc2\xdc\xc7\x91\x00 \xc9\x11\x00,\x00 \x00{\x00s\
\x00e\x00c\x00o\x00n\x00d\x00s\x00_\x00l\
\x00e\x00f\x00t\x00}\xcd\x08\x00 \xd6\xc4\x00 \
\xc2\xdc\xac\x04\x00 \xcd\x08\xac\xfc\x00.\x08\x00\x00\x00\
\x00\x06\x00\x00\x00/Starting, \
timeout after {s\
econds_left} sec\
onds.\x07\x00\x00\x00\x12StartL\
oadingDialog\x01\x03\x00\x00\
\x00\x0e\x00A\x00n\x00d\x00r\x00o\x00i\x00d\
\x08\x00\x00\x00\x00\x06\x00\x00\x00\x07Androi\
d\x07\x00\x00\x00\x08StartTab\x01\x03\
\x00\x00\x00\x04\xce\xa1\xcc\x98\x08\x00\x00\x00\x00\x06\x00\x00\
\x00\x07Capture\x07\x00\x00\x00\x08St\
artTab\x01\x03\x00\x00\x00\x0a\xce\xa1\xcc\x98\
\x00 \xbc)\xc2\xdd\x08\x00\x00\x00\x00\x06\x00\x00\x00\x0e\
Capture Method\x07\x00\
\x00\x00\x08StartTab\x01\x03\x00\x00\x00\
\x10\xc0\xc1\xd68\x00 \xc7\x91\xc6\xa9\x00 \xc1 \xd0\
\xdd\x08\x00\x00\x00\x00\x06\x00\x00\x00\x12Choos\
e Interaction\x07\x00\x00\
\x00\x08StartTab\x01\x03\x00\x00\x00\x08\
\xcc=\x00 \xc1 \xd0\xdd\x08\x00\x00\x00\x00\x06\x00\x00\
\x00\x0dChoose Window\x07\
\x00\x00\x00\x08StartTab\x01\x03\x00\x00\
\x00\x06\xc5\xf0\xac\xb0\xb4(\x08\x00\x00\x00\x00\x06\x00\x00\
\x00\x09Connected\x07\x00\x00\x00\x08\
StartTab\x01\x03\x00\x00\x00\x0a\xac\x1c\
\xbc\x1c\x00 \xb3\xc4\xadl\x08\x00\x00\x00\x00\x06\x00\x00\
\x00\x05Debug\x07\x00\x00\x00\x08Star\
tTab\x01\x03\x00\x00\x00\x10\xb5\x14\xbc\x84\xad\xf8\
\x00 \xc6$\xbc\x84\xb8\x08\xc7t\x08\x00\x00\x00\x00\x06\
\x00\x00\x00\x0dDebug Overla\
y\x07\x00\x00\x00\x08StartTab\x01\x03\
\x00\x00\x00\x12\xbc\x15\xc2\xa4\x00 \xc0\xac\xc6\xa9\x00 \
\xc5H\x00 \xd5h\x08\x00\x00\x00\x00\x06\x00\x00\x00\x0d\
Disable Boxes\x07\x00\x00\
\x00\x08StartTab\x01\x03\x00\x00\x00\x0a\
\xc5\xf0\xac\xb0\x00 \xb0J\xae@\x08\x00\x00\x00\x00\x06\
\x00\x00\x00\x0cDisconnected\
\x07\x00\x00\x00\x08StartTab\x01\x03\x00\
\x00\x00\x0a\xc5\xd0\xbb\xac\xb8\x08\xc7t\xd10\x08\x00\x00\
\x00\x00\x06\x00\x00\x00\x08Emulator\x07\
\x00\x00\x00\x08StartTab\x01\x03\x00\x00\
\x00\x0a\xbc\x15\xc2\xa4\x00 \xc0\xac\xc6\xa9\x08\x00\x00\x00\
\x00\x06\x00\x00\x00\x0cEnable Box\
es\x07\x00\x00\x00\x08StartTab\x01\
\x03\x00\x00\x00\x0e\xb8\x5c\xad\xf8\x00 \xb0\xb4\xbc\xf4\xb0\
\xb4\xae0\x08\x00\x00\x00\x00\x06\x00\x00\x00\x0bExp\
ort Logs\x07\x00\x00\x00\x08Sta\
rtTab\x01\x03\x00\x00\x00\x18\xc6$\xbc\x84\xb8\
\x08\xc7t\xc5\xd0\x00 \xb8\x5c\xad\xf8\x00 \xc2(\xae\
0\xae0\x08\x00\x00\x00\x00\x06\x00\x00\x00\x13Hid\
e Log on Overlay\
\x07\x00\x00\x00\x08StartTab\x01\x03\x00\
\x00\x00\x0a\xc1$\xceX\x00 \xd3\xf4\xb3T\x08\x00\x00\
\x00\x00\x06\x00\x00\x00\x0eInstall F\
older\x07\x00\x00\x00\x08StartT\
ab\x01\x03\x00\x00\x00\x0a\xb8\x5c\xad\xf8\x00 \xd3\xf4\
\xb3T\x08\x00\x00\x00\x00\x06\x00\x00\x00\x0aLog \
Folder\x07\x00\x00\x00\x08Start\
Tab\x01\x03\x00\x00\x00\x06\x00O\x00C\x00R\x08\
\x00\x00\x00\x00\x06\x00\x00\x00\x03OCR\x07\x00\x00\x00\
\x08StartTab\x01\x03\x00\x00\x00\x0a\xb8\
\x5c\xad\xf8\x00 \xc5\xf4\xae0\x08\x00\x00\x00\x00\x06\x00\
\x00\x00\x09Open Logs\x07\x00\x00\x00\
\x08StartTab\x01\x03\x00\x00\x00\x04\x00\
P\x00C\x08\x00\x00\x00\x00\x06\x00\x00\x00\x02PC\x07\
\x00\x00\x00\x08StartTab\x01\x03\x00\x00\
\x00\x08\xc0\xc8\xb8\x5c\xac\xe0\xceh\x08\x00\x00\x00\x00\x06\
\x00\x00\x00\x07Refresh\x07\x00\x00\x00\x08\
StartTab\x01\x03\x00\x00\x00\x0c\xc0\xc8\
\xb8\x5c\xac\xe0\xceh\x00 \xc9\x11\x08\x00\x00\x00\x00\x06\
\x00\x00\x00\x0aRefreshing\x07\x00\
\x00\x00\x08StartTab\x01\x03\x00\x00\x00\
\x0e\xc2\xa4\xd0l\xb9\xb0\xc0\xf7\x00 \xd3\xf4\xb3T\x08\
\x00\x00\x00\x00\x06\x00\x00\x00\x11Screens\
hot Folder\x07\x00\x00\x00\x08S\
tartTab\x01\x03\x00\x00\x00\x16\xc6$\xbc\
\x84\xb8\x08\xc7t\xc5\xd0\x00 \xb8\x5c\xad\xf8\x00 \xd4\
\x5c\xc2\xdc\x08\x00\x00\x00\x00\x06\x00\x00\x00\x13Sho\
w Log on Overlay\
\x07\x00\x00\x00\x08StartTab\x01\x03\x00\
\x00\x00\x0a\xb8\x5c\xad\xf8\x00 \xbc\xf4\xae0\x08\x00\x00\
\x00\x00\x06\x00\x00\x00\x08View Log\x07\
\x00\x00\x00\x08StartTab\x01\x03\x00\x00\
\x00V\x00N\x00P\x00U\x00 \xcd\x94\xb8`\x00 \
\xc6$\xb9X\x00,\x00 \x00I\x00n\x00t\x00e\
\x00l\x00 \x00N\x00P\x00U\x00 \xb4\xdc\xb7|\
\xc7t\xbc\x84\xb9|\x00 \xc5\xc5\xb3p\xc7t\xd2\xb8\
\xd5t\xc5|\x00 \xd5`\x00 \xc2\x18\x00 \xc7\x88\
\xc2\xb5\xb2\xc8\xb2\xe4\x00!\x08\x00\x00\x00\x00\x06\x00\x00\
\x00CNPU inferring \
Error, you might\
 need to update \
the Intel NPU dr\
iver!\x07\x00\x00\x00\x04Task\x01\x03\
\x00\x00\x00\x04\xc6$\xb9X\x08\x00\x00\x00\x00\x06\x00\x00\
\x00\x05Error\x07\x00\x00\x00\x0bTask\
Buttons\x01\x03\x00\x00\x00J\xac\x8c\xc7\
\x84\x00 \xcc=\xc7t\x00 \xc5\xf0\xac\xb0\xb4\x18\xc9\
\xc0\x00 \xc5J\xc5X\xc2\xb5\xb2\xc8\xb2\xe4\x00.\x00\
 \xac\x8c\xc7\x84\x00 \xcc=\xac\xfc\x00 \xce\xa1\xcc\
\x98\x00 \xbc)\xbc\x95\xc7D\x00 \xc1 \xd0\xdd\xd5\
X\xc18\xc6\x94\x00.\x08\x00\x00\x00\x00\x06\x00\x00\x00\
OGame window is \
not connected, p\
lease select the\
 game window and\
 capture method.\
\x07\x00\x00\x00\x0bTaskButtons\
\x01\x03\x00\x00\x00\x0a\xc7|\xc2\xdc\x00 \xc9\x11\xc9\xc0\
\x08\x00\x00\x00\x00\x06\x00\x00\x00\x05Pause\x07\
\x00\x00\x00\x0bTaskButtons\x01\
\x03\x00\x00\x00\x04\xac\xc4\xc1\x8d\x08\x00\x00\x00\x00\x06\x00\
\x00\x00\x06Resume\x07\x00\x00\x00\x0bTa\
skButtons\x01\x03\x00\x00\x00\x04\xc2\
\xdc\xc7\x91\x08\x00\x00\x00\x00\x06\x00\x00\x00\x05Sta\
rt\x07\x00\x00\x00\x0bTaskButto\
ns\x01\x03\x00\x00\x00\x04\xc9\x11\xc9\xc0\x08\x00\x00\x00\
\x00\x06\x00\x00\x00\x04Stop\x07\x00\x00\x00\x0bT\
askButtons\x01\x03\x00\x00\x00(\
\xc8\x15\xb9\xd0\xb8\x5c\x00 \x00{\x00}\xc7D\x00(\
\xb9|\x00)\x00 \xc0\xad\xc8\x1c\xd5X\xc2\xdc\xac\xa0\
\xc2\xb5\xb2\xc8\xaeL\x00?\x08\x00\x00\x00\x00\x06\x00\x00\
\x00\x22Are you sure y\
ou want to delet\
e {}\x07\x00\x00\x00\x08TaskCar\
d\x01\x03\x00\x00\x00\x04\xc0\xad\xc8\x1c\x08\x00\x00\x00\x00\
\x06\x00\x00\x00\x06Delete\x07\x00\x00\x00\x08\
TaskCard\x01\x03\x00\x00\x00\x0a\xc7\x91\
\xc5\xc5\x00 \xc0\xad\xc8\x1c\x08\x00\x00\x00\x00\x06\x00\x00\
\x00\x0bDelete Task\x07\x00\x00\
\x00\x08TaskCard\x01\x03\x00\x00\x00\x0a\
\xbeD\xd6\x5c\xc11\xd6T\xb4(\x08\x00\x00\x00\x00\x06\
\x00\x00\x00\x08Disabled\x07\x00\x00\x00\
\x08TaskCard\x01\x03\x00\x00\x00\x04\xd3\
\xb8\xc9\xd1\x08\x00\x00\x00\x00\x06\x00\x00\x00\x04Edi\
t\x07\x00\x00\x00\x08TaskCard\x01\x03\
\x00\x00\x00\x08\xd6\x5c\xc11\xd6T\xb4(\x08\x00\x00\x00\
\x00\x06\x00\x00\x00\x07Enabled\x07\x00\x00\
\x00\x08TaskCard\x01\x03\x00\x00\x00\x0a\
\xc0\xac\xc6\xa9\x00 \xc1$\xba\x85\x08\x00\x00\x00\x00\x06\
\x00\x00\x00\x0cInstructions\
\x07\x00\x00\x00\x08TaskCard\x01\x03\x00\
\x00\x00\x08\xc7|\xc2\xdc\xc8\x15\xc9\xc0\x08\x00\x00\x00\x00\
\x06\x00\x00\x00\x05Pause\x07\x00\x00\x00\x08T\
askCard\x01\x03\x00\x00\x00\x0c\xc1$\xc8\
\x15\x00 \xcd\x08\xae0\xd6T\x08\x00\x00\x00\x00\x06\x00\
\x00\x00\x0cReset Config\x07\
\x00\x00\x00\x08TaskCard\x01\x03\x00\x00\
\x00\x04\xc7\xac\xac\x1c\x08\x00\x00\x00\x00\x06\x00\x00\x00\x06\
Resume\x07\x00\x00\x00\x08TaskC\
ard\x01\x03\x00\x00\x00\x04\xc2\xdc\xc7\x91\x08\x00\x00\
\x00\x00\x06\x00\x00\x00\x05Start\x07\x00\x00\x00\
\x08TaskCard\x01\x03\x00\x00\x00\x04\xc9\
\x11\xc9\xc0\x08\x00\x00\x00\x00\x06\x00\x00\x00\x04Sto\
p\x07\x00\x00\x00\x08TaskCard\x01\x03\
\x00\x00\x00,\x00{\x00t\x00a\x00s\x00k\x00_\
\x00n\x00a\x00m\x00e\x00}\x00 \xc7\x91\xc5\xc5\
\x00 \xc6D\xb8\xcc\x00 \xb3\x00\xae0\x00 \xc9\x11\
\x08\x00\x00\x00\x00\x06\x00\x00\x00,Waitin\
g for {task_name\
} task to be com\
pleted\x07\x00\x00\x00\x08TaskC\
ard\x01\x03\x00\x00\x00\x08\xbeD\xd6\x5c\xc11\xd6\
T\x08\x00\x00\x00\x00\x06\x00\x00\x00\x07Disab\
le\x07\x00\x00\x00\x0cTaskOpBut\
ton\x01\x03\x00\x00\x00\x06\xd6\x5c\xc11\xd6T\x08\
\x00\x00\x00\x00\x06\x00\x00\x00\x06Enable\x07\
\x00\x00\x00\x0cTaskOpButton\
\x01\x03\x00\x00\x00\x08\xcc=\x00 \xc1 \xd0\xdd\x08\x00\
\x00\x00\x00\x06\x00\x00\x00\x0dChoose W\
indow\x07\x00\x00\x00\x07TaskTa\
b\x01\x03\x00\x00\x00\x04\xb2\xeb\xae0\x08\x00\x00\x00\x00\
\x06\x00\x00\x00\x05Close\x07\x00\x00\x00\x07T\
askTab\x01\x03\x00\x00\x00\x06\xc6D\xb8\xcc\
\xb4(\x08\x00\x00\x00\x00\x06\x00\x00\x00\x09Comp\
leted\x07\x00\x00\x00\x07TaskTa\
b\x01\x03\x00\x00\x00\x0a\xc7\x91\xc5\xc5\x00 \xc0\xdd\xc1\
1\x08\x00\x00\x00\x00\x06\x00\x00\x00\x0bCreat\
e Task\x07\x00\x00\x00\x07TaskT\
ab\x01\x03\x00\x00\x00\x04\xc8\x15\xbc\xf4\x08\x00\x00\x00\
\x00\x06\x00\x00\x00\x04Info\x07\x00\x00\x00\x07T\
askTab\x01\x03\x00\x00\x00\x08\xc2\xe4\xd5\x89\
\x00 \xc9\x11\x08\x00\x00\x00\x00\x06\x00\x00\x00\x07Ru\
nning\x07\x00\x00\x00\x07TaskTa\
b\x01\x03\x00\x00\x00\x0a\xac\xbd\xac\xfc\x00 \xc2\xdc\xac\
\x04\x08\x00\x00\x00\x00\x06\x00\x00\x00\x0cTime \
Elapsed\x07\x00\x00\x00\x07Task\
Tab\x01\x03\x00\x00\x00\x02\xac\x12\x08\x00\x00\x00\x00\
\x06\x00\x00\x00\x05Value\x07\x00\x00\x00\x07T\
askTab\x01\x03\x00\x00\x00\x04\xcd\xe8\xc1\x8c\
\x08\x00\x00\x00\x00\x06\x00\x00\x00\x06Cancel\
\x07\x00\x00\x00\x13TemplateInp\
utDialog\x01\x03\x00\x00\x00\x04\xd6U\
\xc7x\x08\x00\x00\x00\x00\x06\x00\x00\x00\x07Conf\
irm\x07\x00\x00\x00\x13Template\
InputDialog\x01\x03\x00\x00\x00\
 \x00'\x00{\x00}\x00'\x00 \xb9|\x00 \xc0\
\xad\xc8\x1c\xd5X\xc2\xdc\xac\xa0\xc2\xb5\xb2\xc8\xaeL\x00\
?\x08\x00\x00\x00\x00\x06\x00\x00\x00%Are y\
ou sure you want\
 to delete '{}'?\
\x07\x00\x00\x00\x0bTemplateTab\
\x01\x03\x00\x00\x00\x04\xcd\xe8\xc1\x8c\x08\x00\x00\x00\x00\x06\
\x00\x00\x00\x06Cancel\x07\x00\x00\x00\x0bT\
emplateTab\x01\x03\x00\x00\x00\x0a\
\xc0\xad\xc8\x1c\x00 \xd6U\xc7x\x08\x00\x00\x00\x00\x06\
\x00\x00\x00\x0eConfirm Dele\
te\x07\x00\x00\x00\x0bTemplateT\
ab\x01\x03\x00\x00\x00\x04\xc0\xad\xc8\x1c\x08\x00\x00\x00\
\x00\x06\x00\x00\x00\x06Delete\x07\x00\x00\x00\
\x0bTemplateTab\x01\x03\x00\x00\
\x00\x1e\xd5\x04\xb8\x08\xc7\x84\x00 \xce\xa1\xcc\x98\xc5\xd0\
\x00 \xc2\xe4\xd3(\xd5\x88\xc2\xb5\xb2\xc8\xb2\xe4\x00.\
\x08\x00\x00\x00\x00\x06\x00\x00\x00\x18Failed\
 to capture fram\
e.\x07\x00\x00\x00\x0bTemplateT\
ab\x01\x03\x00\x00\x00\x1c\xb8\x08\xc7t\xbe\x14\x00 \
\x00e\x00n\x00u\x00m\x00 \xd3\x0c\xc7|\x00 \
\xc0\xdd\xc11\x08\x00\x00\x00\x00\x06\x00\x00\x00\x18Ge\
nerate label enu\
m file\x07\x00\x00\x00\x0bTempl\
ateTab\x01\x03\x00\x00\x00\x1a\xc7t\xbb\xf8\
\xc9\xc0\xac\x00\x00 \xc0\xad\xc8\x1c\xb4\x18\xc5\xc8\xc2\xb5\
\xb2\xc8\xb2\xe4\x00.\x08\x00\x00\x00\x00\x06\x00\x00\x00\x0e\
Image deleted.\x07\x00\
\x00\x00\x0bTemplateTab\x01\x03\
\x00\x00\x00L\xc7\x98\xba\xbb\xb4\x1c\x00 \xc0\xc1\xb3\x00\
\x00 \xac\xbd\xb8\x5c\xc7\x85\xb2\xc8\xb2\xe4\x00.\x00 \
\xc6\x08\x00:\x00 \x00o\x00k\x00_\x00t\x00a\
\x00s\x00k\x00s\x00/\x00L\x00a\x00b\x00e\
\x00l\x00E\x00n\x00u\x00m\x00.\x00p\x00y\
\x08\x00\x00\x00\x00\x06\x00\x00\x005Invali\
d relative path.\
 Example: ok_tas\
ks/LabelEnum.py\x07\
\x00\x00\x00\x0bTemplateTab\x01\
\x03\x00\x00\x00\x06\xb9\xc8\xd0l\xc5\xc5\x08\x00\x00\x00\x00\
\x06\x00\x00\x00\x06Markup\x07\x00\x00\x00\x0b\
TemplateTab\x01\x03\x00\x00\x00\
\x1a\xc8\x00\xc7\xa5\xd5`\x00 \xc8\xfc\xc1\x1d\xc7t\x00\
 \xc5\xc6\xc2\xb5\xb2\xc8\xb2\xe4\x00.\x08\x00\x00\x00\x00\
\x06\x00\x00\x00\x17No annotati\
ons to save.\x07\x00\x00\x00\
\x0bTemplateTab\x01\x03\x00\x00\
\x00@\xce\xa1\xcc\x98\x00 \xbc)\xbc\x95\xc7D\x00 \
\xc0\xac\xc6\xa9\xd5`\x00 \xc2\x18\x00 \xc5\xc6\xc2\xb5\
\xb2\xc8\xb2\xe4\x00.\x00 \xba<\xc8\x00\x00 \xce\xa1\
\xcc\x98\xb9|\x00 \xc2\xdc\xc7\x91\xd5X\xc18\xc6\x94\
\x00.\x08\x00\x00\x00\x00\x06\x00\x00\x008No c\
apture method av\
ailable. Please \
start capture fi\
rst.\x07\x00\x00\x00\x0bTemplat\
eTab\x01\x03\x00\x00\x00\x12\xd1\x5c\xd5\x0c\xb9\xbf\
\xc7t\x00 \xc5\xc6\xc2\xb5\xb2\xc8\xb2\xe4\x08\x00\x00\x00\
\x00\x06\x00\x00\x00\x10No templat\
es yet\x07\x00\x00\x00\x0bTempl\
ateTab\x01\x03\x00\x00\x00\x04\xd6U\xc7x\
\x08\x00\x00\x00\x00\x06\x00\x00\x00\x02OK\x07\x00\x00\x00\
\x0bTemplateTab\x01\x03\x00\x00\
\x00>\xac\xbd\xb8\x5c\xb2\x94\x00 \xc6\xcc\xd0l\xc2\xa4\
\xd3\x98\xc7t\xc2\xa4\x00 \xb8\xe8\xd2\xb8\xb9|\x00 \
\xae0\xc9\x00\xc7<\xb8\x5c\x00 \xd5\x5c\x00 \xc0\xc1\
\xb3\x00\x00 \xac\xbd\xb8\x5c\xc7\x85\xb2\xc8\xb2\xe4\x00.\
\x08\x00\x00\x00\x00\x06\x00\x00\x00'Path i\
s relative to th\
e workspace root\
.\x07\x00\x00\x00\x0bTemplateTa\
b\x01\x03\x00\x00\x00>\xc0\xc1\xb3\x00\x00 \xac\xbd\xb8\
\x5c\x00,\x00 \xc6\x08\x00:\x00 \x00o\x00k\x00\
_\x00t\x00a\x00s\x00k\x00s\x00/\x00L\x00\
a\x00b\x00e\x00l\x00E\x00n\x00u\x00m\x00\
.\x00p\x00y\x08\x00\x00\x00\x00\x06\x00\x00\x00)R\
elative path, e.\
g. ok_tasks/Labe\
lEnum.py\x07\x00\x00\x00\x0bTem\
plateTab\x01\x03\x00\x00\x00\x04\xc8\x00\
\xc7\xa5\x08\x00\x00\x00\x00\x06\x00\x00\x00\x04Save\
\x07\x00\x00\x00\x0bTemplateTab\
\x01\x03\x00\x00\x00\x0a\xc8\x00\xc7\xa5\x00 \xc7\x04\xceX\
\x08\x00\x00\x00\x00\x06\x00\x00\x00\x07Save T\
o\x07\x00\x00\x00\x0bTemplateTa\
b\x01\x03\x00\x00\x00\x1a\xc11\xac\xf5\xc8\x01\xc7<\xb8\
\x5c\x00 \xc8\x00\xc7\xa5\xb4(\x00:\x00 \x00{\x00\
}\x08\x00\x00\x00\x00\x06\x00\x00\x00\x22Save \
completed succes\
sfully to: {}\x07\x00\x00\
\x00\x0bTemplateTab\x01\x03\x00\
\x00\x00\x08\xc2\xa4\xd0l\xb9\xb0\xc0\xf7\x08\x00\x00\x00\x00\
\x06\x00\x00\x00\x0aScreenshot\x07\
\x00\x00\x00\x0bTemplateTab\x01\
\x03\x00\x00\x00\x18\xc2\xa4\xd0l\xb9\xb0\xc0\xf7\x00 \xc8\
\x00\xc7\xa5\xb4(\x00:\x00 \x00{\x00}\x08\x00\x00\
\x00\x00\x06\x00\x00\x00\x14Screensho\
t saved: {}\x07\x00\x00\x00\x0b\
TemplateTab\x01\x03\x00\x00\x00\
\x22\xc7t\xb9\x84\x00 \xb6\x10\xb2\x94\x00 \xcet\xd1\
L\xac\xe0\xb9\xac\xb8\x5c\x00 \xac\x80\xc0\xc9\x00.\x00\
.\x00.\x08\x00\x00\x00\x00\x06\x00\x00\x00\x1dSea\
rch by name or c\
ategory...\x07\x00\x00\x00\x0bT\
emplateTab\x01\x03\x00\x00\x00\x04\
\xc11\xac\xf5\x08\x00\x00\x00\x00\x06\x00\x00\x00\x07Su\
ccess\x07\x00\x00\x00\x0bTempla\
teTab\x01\x03\x00\x00\x00\x0e\xc2\xa4\xd0l\xb9\
\xb0\xc0\xf7\x00 \xcd,\xc6\x01\x08\x00\x00\x00\x00\x06\x00\
\x00\x00\x0fTake Screensh\
ot\x07\x00\x00\x00\x0bTemplateT\
ab\x01\x03\x00\x00\x00\x22\x00a\x00s\x00s\x00e\
\x00t\x00s\x00 \x00(\xb3\xc5\xb9\xbd\x00 \xc2\xe4\
\xd5\x89\xd6\x15\x00 \xc5q\x00)\x08\x00\x00\x00\x00\x06\
\x00\x00\x00\x17assets (stan\
dalone app)\x07\x00\x00\x00\x0b\
TemplateTab\x01\x03\x00\x00\x00\
4\x00o\x00k\x00_\x00t\x00a\x00s\x00k\x00\
s\x00/\x00a\x00s\x00s\x00e\x00t\x00s\x00\
 \x00(\xc0\xac\xc6\xa9\xc7\x90\x00 \xc2\xa4\xd0l\xb9\
\xbd\xd2\xb8\x00)\x08\x00\x00\x00\x00\x06\x00\x00\x00 o\
k_tasks/assets (\
custom scripts)\x07\
\x00\x00\x00\x0bTemplateTab\x01\
\x03\x00\x00\x00H\xc8\x15\xb9\xd0\xb8\x5c\x00 \x00{\x00\
v\x00e\x00r\x00s\x00i\x00o\x00n\x00}\x00\
 \x00{\x00t\x00y\x00p\x00e\x00}\x00(\xc7\
<\x00)\xb8\x5c\x00 \xc5\xc5\xb3p\xc7t\xd2\xb8\xd5\
X\xc2\xdc\xac\xa0\xc2\xb5\xb2\xc8\xaeL\x00?\x08\x00\x00\
\x00\x00\x06\x00\x00\x004Are you s\
ure you want to \
update to {versi\
on} {type}?\x07\x00\x00\x00\x0b\
VersionCard\x01\x03\x00\x00\x00\
\x16\xc5\xc5\xb3p\xc7t\xd2\xb8\x00 \xd6U\xc7x\x00\
 \xc6$\xb9X\x00!\x08\x00\x00\x00\x00\x06\x00\x00\x00\
\x17Check for updat\
e error!\x07\x00\x00\x00\x0bVer\
sionCard\x01\x03\x00\x00\x00\x0e\xc5\xc5\
\xb3p\xc7t\xd2\xb8\x00 \xd6U\xc7x\x08\x00\x00\x00\
\x00\x06\x00\x00\x00\x11Check for \
updates\x07\x00\x00\x00\x0bVers\
ionCard\x01\x03\x00\x00\x00\x12\xc5\xc5\xb3\
p\xc7t\xd2\xb8\x00 \xd6U\xc7x\x00 \xc9\x11\x08\
\x00\x00\x00\x00\x06\x00\x00\x00\x14Checkin\
g for updates\x07\x00\x00\
\x00\x0bVersionCard\x01\x03\x00\
\x00\x00\x06\xb5\x14\xbc\x84\xad\xf8\x08\x00\x00\x00\x00\x06\x00\
\x00\x00\x05Debug\x07\x00\x00\x00\x0bVer\
sionCard\x01\x03\x00\x00\x008\xb2\xe4\
\xc6\xb4\xb8\x5c\xb4\xdc\x00 \xc9\x11\x00 \x00{\x00p\
\x00r\x00o\x00g\x00r\x00e\x00s\x00s\x00}\
\x00 \x00{\x00p\x00e\x00r\x00c\x00e\x00n\
\x00t\x00}\x00%\x08\x00\x00\x00\x00\x06\x00\x00\x00!\
Downloading {pro\
gress} {percent}\
%\x07\x00\x00\x00\x0bVersionCar\
d\x01\x03\x00\x00\x00\x18\xc0\xc8\x00 \xbc\x84\xc8\x04\xc7\
D\x00 \xcc>\xc5X\xc2\xb5\xb2\xc8\xb2\xe4\x00!\x08\
\x00\x00\x00\x00\x06\x00\x00\x00\x12Found n\
ew version!\x07\x00\x00\x00\x0b\
VersionCard\x01\x03\x00\x00\x00\
\x04\xc8\x15\xbc\xf4\x08\x00\x00\x00\x00\x06\x00\x00\x00\x04I\
nfo\x07\x00\x00\x00\x0bVersionC\
ard\x01\x03\x00\x00\x00\x06\xb9\xb4\xb9\xac\xc2\xa4\x08\
\x00\x00\x00\x00\x06\x00\x00\x00\x07Release\
\x07\x00\x00\x00\x0bVersionCard\
\x01\x03\x00\x00\x00\x18\xc7t\xbb\xf8\x00 \xcd\x5c\xc2\xe0\
\x00 \xbc\x84\xc8\x04\xc7\x85\xb2\xc8\xb2\xe4\x00!\x08\x00\
\x00\x00\x00\x06\x00\x00\x00\x1bThis is \
the newest versi\
on!\x07\x00\x00\x00\x0bVersionC\
ard\x01\x03\x00\x00\x00\x0e\xc9\xc0\xae\x08\x00 \xc5\
\xc5\xb3p\xc7t\xd2\xb8\x08\x00\x00\x00\x00\x06\x00\x00\x00\
\x0aUpdate Now\x07\x00\x00\x00\x0b\
VersionCard\x01\x03\x00\x00\x00\
2\x00{\x00v\x00e\x00r\x00s\x00i\x00o\x00\
n\x00}\x00 \x00{\x00t\x00y\x00p\x00e\x00\
}\x00(\xc7<\x00)\xb8\x5c\x00 \xc5\xc5\xb3p\xc7\
t\xd2\xb8\x08\x00\x00\x00\x00\x06\x00\x00\x00\x1aUpd\
ate to {version}\
 {type}\x07\x00\x00\x00\x0bVers\
ionCard\x01\x03\x00\x00\x00\x04\xc5L\xb9\
\xbc\x08\x00\x00\x00\x00\x06\x00\x00\x00\x05Alert\
\x07\x00\x00\x00\x03app\x01\x03\x00\x00\x00\x1c\xc7t\
\xbb\xf8\x00 \xbc\x84\xc8\x04\xc7<\xb8\x5c\x00 \xc5\xc5\
\xb3p\xc7t\xd2\xb8\xb4(\x00:\x08\x00\x00\x00\x00\x06\
\x00\x00\x00\x1bAlready upda\
ted to version:\x07\
\x00\x00\x00\x03app\x01\x03\x00\x00\x00&\xb2\xe4\xb9\
x\x00 \xc7x\xc2\xa4\xd14\xc2\xa4\xac\x00\x00 \xc7\
t\xbb\xf8\x00 \xc2\xe4\xd5\x89\x00 \xc9\x11\xc7\x85\xb2\
\xc8\xb2\xe4\x08\x00\x00\x00\x00\x06\x00\x00\x00#Ano\
ther instance is\
 already running\
\x07\x00\x00\x00\x03app\x01\x03\x00\x00\x00\x0a\xc5q\
\x00 \xc2\xe4\xd5\x89\xae0\x08\x00\x00\x00\x00\x06\x00\x00\
\x00\x0cApp Launcher\x07\x00\
\x00\x00\x03app\x01\x03\x00\x00\x00f\xc5q\x00 \
\xc2\xdc\xc7\x91\x00 \xc6$\xb9X\x00.\x00 \xc1$\
\xceX\x00 \xd3\xf4\xb3T\xb9|\x00 \x00W\x00i\
\x00n\x00d\x00o\x00w\x00s\x00 \x00D\x00e\
\x00f\x00e\x00n\x00d\x00e\x00r\x00 \xc6\x08\
\xc6x\xc5\xd0\x00 \xcd\x94\xac\x00\xd5X\xac\xe0\x00 \
\xb2\xe4\xc2\xdc\x00 \xc1$\xceX\xd5X\xc18\xc6\x94\
\x00:\x08\x00\x00\x00\x00\x06\x00\x00\x00fApp \
startup error. P\
lease add the in\
stallation folde\
r to the Windows\
 Defender whitel\
ist and reinstal\
l:\x07\x00\x00\x00\x03app\x01\x03\x00\x00\x00\x04\
\xc7\x90\xb3\xd9\x08\x00\x00\x00\x00\x06\x00\x00\x00\x04Au\
to\x07\x00\x00\x00\x03app\x01\x03\x00\x00\x00\x1a\
\xac\x8c\xc7\x84\x00 \xcc=\x00 \xd0l\xae0\x00 \
\xc7\x90\xb3\xd9\x00 \xc8p\xc8\x08\x08\x00\x00\x00\x00\x06\
\x00\x00\x00\x17Auto Resize \
Game Window\x07\x00\x00\x00\x03\
app\x01\x03\x00\x00\x00\x10\xac\x8c\xc7\x84\x00 \xc7\
\x90\xb3\xd9\x00 \xc2\xdc\xc7\x91\x08\x00\x00\x00\x00\x06\x00\
\x00\x00\x0fAuto Start Ga\
me\x07\x00\x00\x00\x03app\x01\x03\x00\x00\x00\x1e\
\xc5q\x00 \xc2\xdc\xc7\x91\x00 \xc2\xdc\x00 \xac\x8c\
\xc7\x84\x00 \xc7\x90\xb3\xd9\x00 \xc2\xdc\xc7\x91\x08\x00\
\x00\x00\x00\x06\x00\x00\x00\x1fAuto Sta\
rt Game When App\
 Starts\x07\x00\x00\x00\x03app\x01\
\x03\x00\x00\x00 \x00{\x00a\x00p\x00p\x00_\x00\
n\x00a\x00m\x00e\x00}\x00 \xc7\x90\xb3\xd9\x00\
 \xc2\xdc\xc7\x91\x08\x00\x00\x00\x00\x06\x00\x00\x00\x15A\
uto Start {app_n\
ame}\x07\x00\x00\x00\x03app\x01\x03\x00\x00\
\x00\x0e\xc7\x90\xb3\xd9\x00 \xc5\xc5\xb3p\xc7t\xd2\xb8\
\x08\x00\x00\x00\x00\x06\x00\x00\x00\x0bAuto U\
pdate\x07\x00\x00\x00\x03app\x01\x03\x00\
\x00\x00\x1e\xac\x8c\xc7\x84\xc7t\x00 \xc8\x85\xb8\xcc\xb4\
\x18\xc5\xb4\x00 \xc7\x90\xb3\xd9\x00 \xc8\x85\xb8\xcc\xb4\
(\x08\x00\x00\x00\x00\x06\x00\x00\x00\x1dAuto \
exit because gam\
e exited\x07\x00\x00\x00\x03app\
\x01\x03\x00\x00\x00\x1c\xc7\x90\xb3\xd9\x00 \xc5\xc5\xb3p\
\xc7t\xd2\xb8\x00(\xc0\xac\xc8\x04\x00 \xcd\x9c\xc2\xdc\
\x00)\x08\x00\x00\x00\x00\x06\x00\x00\x00\x1eAuto\
matic Update (Pr\
e-release)\x07\x00\x00\x00\x03a\
pp\x01\x03\x00\x00\x00 \xc7\x90\xb3\xd9\x00 \xc5\xc5\
\xb3p\xc7t\xd2\xb8\x00(\xc8\x15\xc2\xdd\x00 \xb9\xb4\
\xb9\xac\xc2\xa4\xb9\xcc\x00)\x08\x00\x00\x00\x00\x06\x00\x00\
\x00\x1eAutomatic Upda\
te(Release Only)\
\x07\x00\x00\x00\x03app\x01\x03\x00\x00\x00\x0a\xae0\
\xbc\xf8\x00 \xc65\xc1X\x08\x00\x00\x00\x00\x06\x00\x00\
\x00\x0dBasic Options\x07\
\x00\x00\x00\x03app\x01\x03\x00\x00\x00\x0a\xbc\xa0\xd0\
\xc0\x00 \xbc\x84\xc8\x04\x08\x00\x00\x00\x00\x06\x00\x00\x00\
\x0cBeta Version\x07\x00\x00\
\x00\x03app\x01\x03\x00\x00\x00\x04\xbe\x14\xb7\xec\x08\
\x00\x00\x00\x00\x06\x00\x00\x00\x04Blur\x07\x00\x00\
\x00\x03app\x01\x03\x00\x00\x00\x0e\xac\x00\xb9\xbc\x00\
 \xc5L\xac\xe0\xb9\xac\xc9\x98\x08\x00\x00\x00\x00\x06\x00\
\x00\x00\x0eBlur Algorith\
m\x07\x00\x00\x00\x03app\x01\x03\x00\x00\x00@\xac\
\x8c\xc7\x84\x00 \x00U\x00I\x00D\x00 \xb4\xf1\xc7\
D\x00 \xd7P\xb9\xac\xac\x8c\x00 \xd4\x5c\xc2\xdc\xd5\
X\xc5\xec\x00 \x00O\x00L\x00E\x00D\x00 \xc2\
\x18\xba\x85\xc7D\x00 \xb2\x98\xb9\xbd\xb2\xc8\xb2\xe4\x08\
\x00\x00\x00\x00\x06\x00\x00\x00&Blur Ga\
me UID etc to en\
hance OLED life\x07\
\x00\x00\x00\x03app\x01\x03\x00\x00\x00\x10\xac\x00\xb9\
\xbc\x00 \xd6U\xc7x\x00 \xac\x04\xac\xa9\x08\x00\x00\
\x00\x00\x06\x00\x00\x00\x0dBlur Inte\
rval\x07\x00\x00\x00\x03app\x01\x03\x00\x00\
\x00,\x00p\x00y\x00t\x00h\x00o\x00n\x00 \
\x00v\x00e\x00n\x00v\xb9|\x00 \xcc>\xc7D\
\x00 \xc2\x18\x00 \xc5\xc6\xc2\xb5\xb2\xc8\xb2\xe4\x08\x00\
\x00\x00\x00\x06\x00\x00\x00\x16Can't fi\
nd python venv\x07\x00\
\x00\x00\x03app\x01\x03\x00\x00\x00\x04\xcd\xe8\xc1\x8c\
\x08\x00\x00\x00\x00\x06\x00\x00\x00\x06Cancel\
\x07\x00\x00\x00\x03app\x01\x03\x00\x00\x00\x12\xce\xa1\
\xcc\x98\x00 \xd5\x04\xb8\x08\xc7\x84\x00 \xc1\x8d\xb3\xc4\
\x08\x00\x00\x00\x00\x06\x00\x00\x00\x12Captur\
e Frame Rate\x07\x00\x00\x00\
\x03app\x01\x03\x00\x00\x00\x10\xce\xa1\xcc\x98\x00 \
\xc9\xc0\xc5\xf0\x00 \xc2\xdc\xac\x04\x08\x00\x00\x00\x00\x06\
\x00\x00\x00\x0fCapture Late\
ncy\x07\x00\x00\x00\x03app\x01\x03\x00\x00\x00\
\x04\xc9\x11\xadm\x08\x00\x00\x00\x00\x06\x00\x00\x00\x05C\
hina\x07\x00\x00\x00\x03app\x01\x03\x00\x00\
\x00,\xc2\xe4\xd5\x89\xae0\xc7X\x00 \xc5\xc5\xb3p\
\xc7t\xd2\xb8\x00 \xc1$\xceX\x00 \xbc)\xc2\xdd\
\xc7D\x00 \xc1 \xd0\xdd\xd5i\xb2\xc8\xb2\xe4\x08\x00\
\x00\x00\x00\x06\x00\x00\x00(Choose h\
ow the launcher \
installs updates\
\x07\x00\x00\x00\x03app\x01\x03\x00\x00\x00\x10\xc5q\
\x00 \xc2\xe4\xd5\x89\xae0\x00 \xadl\xc11\x08\x00\
\x00\x00\x00\x06\x00\x00\x00\x1aConfigur\
e the app launch\
er\x07\x00\x00\x00\x03app\x01\x03\x00\x00\x00\x04\
\xd6U\xc7x\x08\x00\x00\x00\x00\x06\x00\x00\x00\x07Co\
nfirm\x07\x00\x00\x00\x03app\x01\x03\x00\
\x00\x00\x16\x00v\x00e\x00n\x00v\x00 \xc0\xdd\xc1\
1\x00 \xc2\xe4\xd3(\x00.\x08\x00\x00\x00\x00\x06\x00\
\x00\x00\x13Create venv f\
ailed.\x07\x00\x00\x00\x03app\x01\x03\
\x00\x00\x00\x14\xc7X\xc8t\xc11\x00 \xc0\xad\xc8\x1c\
\x00 \xc11\xac\xf5\x00!\x08\x00\x00\x00\x00\x06\x00\x00\
\x00\x1cDelete depende\
ncies success!\x07\x00\
\x00\x00\x03app\x01\x03\x00\x00\x00\x04\xc9\xc4\xb2\xe8\
\x08\x00\x00\x00\x00\x06\x00\x00\x00\x09Diagno\
sis\x07\x00\x00\x00\x03app\x01\x03\x00\x00\x00\
\x0a\xbe\x14\xb7\xec\x00 \xc0\xac\xc6\xa9\x08\x00\x00\x00\x00\
\x06\x00\x00\x00\x0bEnable Blur\
\x07\x00\x00\x00\x03app\x01\x03\x00\x00\x00\x04\xc6$\
\xb9X\x08\x00\x00\x00\x00\x06\x00\x00\x00\x05Erro\
r\x07\x00\x00\x00\x03app\x01\x03\x00\x00\x00\x0e\xc7\
\x91\xc5\xc5\x00 \xd6\xc4\x00 \xc8\x85\xb8\xcc\x08\x00\x00\
\x00\x00\x06\x00\x00\x00\x0fExit Afte\
r Task\x07\x00\x00\x00\x03app\x01\x03\
\x00\x00\x00\x18\xac\x8c\xc7\x84\x00 \xc8\x85\xb8\xcc\x00 \
\xc2\xdc\x00 \xc5q\x00 \xc8\x85\xb8\xcc\x08\x00\x00\x00\
\x00\x06\x00\x00\x00\x18Exit App w\
hen Game Exits\x07\x00\
\x00\x00\x03app\x01\x03\x00\x00\x00\x18\xac\x8c\xc7\x84\
\xc7t\x00 \xc8\x85\xb8\xcc\xb4\x18\xc5\xb4\x00 \xc8\x85\
\xb8\xcc\xb4(\x08\x00\x00\x00\x00\x06\x00\x00\x00\x18Ex\
it because game \
exited\x07\x00\x00\x00\x03app\x01\x03\
\x00\x00\x000\xc7\x91\xc5\xc5\xc7t\x00 \xc11\xac\xf5\
\xc8\x01\xc7<\xb8\x5c\x00 \xc2\xe4\xd5\x89\xb4\x1c\x00 \
\xd6\xc4\x00 \xac\x8c\xc7\x84\xac\xfc\x00 \xc5q\x00 \
\xc8\x85\xb8\xcc\x08\x00\x00\x00\x00\x06\x00\x00\x00?Ex\
it the Game and \
the App after Su\
ccessfully Execu\
ting the Task\x07\x00\x00\
\x00\x03app\x01\x03\x00\x00\x00\x0e\xc2\xe4\xd5\x89\x00\
 \xd6\xc4\x00 \xc8\x85\xb8\xcc\x08\x00\x00\x00\x00\x06\x00\
\x00\x00\x14Exit_After_Ex\
ecution\x07\x00\x00\x00\x03app\x01\
\x03\x00\x00\x00\x22\xc6\xd0\xac\xa9\x00 \xbc\x84\xc8\x04\x00\
 \xba\xa9\xb8]\x00 \xac\x00\xc88\xc6$\xae0\x00\
 \xc6$\xb9X\x00!\x08\x00\x00\x00\x00\x06\x00\x00\x00\
 Fetch remote ve\
rsion list error\
!\x07\x00\x00\x00\x03app\x01\x03\x00\x00\x00\x0e\xcd\
\x1d\x00 \xd5\x04\xb8\x08\xc7\x84\x00 \xc2\x18\x08\x00\x00\
\x00\x00\x06\x00\x00\x00\x0bFrame Cou\
nt\x07\x00\x00\x00\x03app\x01\x03\x00\x00\x00\x0c\
\xac\x8c\xc7\x84\x00 \xd5t\xc0\xc1\xb3\xc4\x08\x00\x00\x00\
\x00\x06\x00\x00\x00\x0fGame Resol\
ution\x07\x00\x00\x00\x03app\x01\x03\x00\
\x00\x00\x0c\xac\x8c\xc7\x84\x00 \xc0\xac\xc6\xb4\xb4\xdc\x08\
\x00\x00\x00\x00\x06\x00\x00\x00\x0aGame So\
und\x07\x00\x00\x00\x03app\x01\x03\x00\x00\x00\
\x06\xae\x00\xb8\x5c\xbc\x8c\x08\x00\x00\x00\x00\x06\x00\x00\x00\
\x06Global\x07\x00\x00\x00\x03app\x01\
\x03\x00\x00\x00\x06\xb2\xe8\xcd\x95\xd0\xa4\x08\x00\x00\x00\x00\
\x06\x00\x00\x00\x06HotKey\x07\x00\x00\x00\x03\
app\x01\x03\x00\x00\x00Z\x00C\x00P\x00U\x00\
/\x00G\x00P\x00U\x00 \xc0\xac\xc6\xa9\xb7\xc9\xc7\
D\x00 \xc9\x04\xc7t\xae0\x00 \xc7\x04\xd5t\x00\
 \xd2\xb8\xb9\xac\xacp\x00 \xc7\x91\xc5\xc5\x00 \xc0\
\xac\xc7t\xc7X\x00 \xc9\xc0\xc5\xf0\x00 \xc2\xdc\xac\
\x04\x00 \xb2\x98\xb9\xac\xae0\x00(\xbc\x00\xb9\xac\xcd\
\x08\x00)\x08\x00\x00\x00\x00\x06\x00\x00\x00JInc\
rease Delay betw\
een Trigger Task\
s to Reduce CPU/\
GPU Usage(Millis\
econds)\x07\x00\x00\x00\x03app\x01\
\x03\x00\x00\x00\x04\xc8\x15\xbc\xf4\x08\x00\x00\x00\x00\x06\x00\
\x00\x00\x04Info\x07\x00\x00\x00\x03app\x01\
\x03\x00\x00\x00\x08\xc7x\xd3\x98\xc7x\xd2\xb8\x08\x00\x00\
\x00\x00\x06\x00\x00\x00\x07Inpaint\x07\x00\
\x00\x00\x03app\x01\x03\x00\x00\x00\x5c\xc7X\xc8t\
\xc11\x00 \xc1$\xceX\x00 \xc2\xe4\xd3(\x00,\
\x00 \xc5\xc5\xb3p\xc7t\xd2\xb8\x00 \xc1\x8c\xc2\xa4\
\xb9|\x00 \xbc\xc0\xac\xbd\xd5X\xacp\xb0\x98\x00 \
\xc8\x04\xcc\xb4\x00 \xbc\x84\xc8\x04\xc7D\x00 \xb2\xe4\
\xc2\xdc\x00 \xb2\xe4\xc6\xb4\xb8\x5c\xb4\xdc\xd5t\x00 \
\xbc\xf4\xc18\xc6\x94\x00!\x08\x00\x00\x00\x00\x06\x00\x00\
\x00]Install depend\
encies failed, t\
ry changing the \
update source, o\
r re-download th\
e full version!\x07\
\x00\x00\x00\x03app\x01\x03\x00\x00\x00P\xc1$\xce\
X\x00 \xac\xbd\xb8\x5c\x00 \x00{\x00p\x00a\x00\
t\x00h\x00}\xb2\x94\x00 \xc6\x01\xbb8\x00 \xac\
\xbd\xb8\x5c\xc5\xec\xc5|\x00 \xd5i\xb2\xc8\xb2\xe4\x00\
.\x00 \xb2\xe4\xb9x\x00 \xac\xbd\xb8\x5c\xb8\x5c\x00\
 \xc7t\xb3\xd9\xd5X\xc18\xc6\x94\x00.\x08\x00\x00\
\x00\x00\x06\x00\x00\x00AInstall d\
ir {path} must b\
e an English pat\
h, move to anoth\
er path.\x07\x00\x00\x00\x03app\
\x01\x03\x00\x00\x00\x14\xc2\xdc\xc7\x91\x00 \xd6\xc4\x00 \
\xb7\xf0\xcc\x98\x00 \xc8\x85\xb8\xcc\x08\x00\x00\x00\x00\x06\
\x00\x00\x00\x19Kill Launche\
r After Start\x07\x00\x00\
\x00\x03app\x01\x03\x00\x00\x00\x10\x00D\x00X\x00\
1\x001\xb8\x5c\x00 \xc2\xdc\xc7\x91\x08\x00\x00\x00\x00\
\x06\x00\x00\x00\x10Launch with\
 DX11\x07\x00\x00\x00\x03app\x01\x03\x00\
\x00\x00\x06\xc2\xe4\xd5\x89\xae0\x08\x00\x00\x00\x00\x06\x00\
\x00\x00\x08Launcher\x07\x00\x00\x00\x03\
app\x01\x03\x00\x00\x00\x0e\xc2\x18\xb3\xd9\x00 \xc5\
\xc5\xb3p\xc7t\xd2\xb8\x08\x00\x00\x00\x00\x06\x00\x00\x00\
\x0dManual Update\x07\x00\
\x00\x00\x03app\x01\x03\x00\x00\x00\x06\xbaT\xba\xa8\
\xb9\xac\x08\x00\x00\x00\x00\x06\x00\x00\x00\x06Memo\
ry\x07\x00\x00\x00\x03app\x01\x03\x00\x00\x00\x22\
\xc1$\xc8\x15\xb4\x1c\x00 \xc6\x01\xc5\xed\xc7D\x00 \
\xac\x00\xb9\xac\xb2\x94\x00 \xcc\x98\xb9\xac\x00 \xbc)\
\xbc\x95\x08\x00\x00\x00\x00\x06\x00\x00\x00'Meth\
od used to obscu\
re configured ar\
eas\x07\x00\x00\x00\x03app\x01\x03\x00\x00\x00\
(\xb2\xeb\xc7D\x00 \xb5L\x00 \xcc=\xc7D\x00\
 \xc2\xdc\xc2\xa4\xd1\x5c\x00 \xd2\xb8\xb8\x08\xc7t\xb8\
\x5c\x00 \xcd\x5c\xc1\x8c\xd6T\x08\x00\x00\x00\x00\x06\x00\
\x00\x00+Minimize Wind\
ow to System Tra\
y when Closing\x07\x00\
\x00\x00\x03app\x01\x03\x00\x00\x00\x1c\xbc1\xad\xf8\
\xb7|\xc6\xb4\xb4\xdc\xc5\xd0\xc1\x1c\x00 \xac\x8c\xc7\x84\
\x00 \xc7L\xc1\x8c\xacp\x08\x00\x00\x00\x00\x06\x00\x00\
\x00\x1dMute Game whil\
e in Background\x07\
\x00\x00\x00\x03app\x01\x03\x00\x00\x00\x1a\xc0\xc8\x00\
 \xbc\x84\xc8\x04\x00 \x00{\x00}\x00 \xc0\xac\xc6\
\xa9\x00 \xac\x00\xb2\xa5\x08\x00\x00\x00\x00\x06\x00\x00\x00\
\x18New Version {} \
Available\x07\x00\x00\x00\x03ap\
p\x01\x03\x00\x00\x00\x06\xc5D\xb2\xc8\xc6\x94\x08\x00\x00\
\x00\x00\x06\x00\x00\x00\x02No\x07\x00\x00\x00\x03ap\
p\x01\x03\x00\x00\x00\x04\xc5\xc6\xc7L\x08\x00\x00\x00\x00\
\x06\x00\x00\x00\x04None\x07\x00\x00\x00\x03ap\
p\x01\x03\x00\x00\x00\x12\x00O\x00C\x00R\x00 \xc9\
\xc0\xc5\xf0\x00 \xc2\xdc\xac\x04\x08\x00\x00\x00\x00\x06\x00\
\x00\x00\x0bOCR Latency\x07\x00\
\x00\x00\x03app\x01\x03\x00\x00\x00\x0c\xc2\xe4\xd5\x89\
\xae0\x00 \xc5\xf4\xae0\x08\x00\x00\x00\x00\x06\x00\x00\
\x00\x0dOpen Launcher\x07\
\x00\x00\x00\x03app\x01\x03\x00\x00\x00*\xc5q\x00\
 \xc2\xe4\xd5\x89\xae0\xb9|\x00 \xc5\xf4\xc5\xb4\x00\
 \xc5\xc5\xb3p\xc7t\xd2\xb8\xb9|\x00 \xad\x00\xb9\
\xac\xd5i\xb2\xc8\xb2\xe4\x08\x00\x00\x00\x00\x06\x00\x00\x00\
'Open the app la\
uncher to manage\
 updates\x07\x00\x00\x00\x03app\
\x01\x03\x00\x00\x00\x04\xc7\x91\xc5\xc5\x08\x00\x00\x00\x00\x06\
\x00\x00\x00\x09Operation\x07\x00\x00\
\x00\x03app\x01\x03\x00\x00\x00\x1e\xac\x8c\xc7\x84\xc7\
t\x00 \xc8\x85\xb8\xcc\xb4\x18\xc5\xb4\x00 \xc7|\xc2\
\xdc\x00 \xc9\x11\xc9\xc0\xb4(\x08\x00\x00\x00\x00\x06\x00\
\x00\x00\x1aPaused becaus\
e game exited\x07\x00\x00\
\x00\x03app\x01\x03\x00\x00\x00<\xac\x8c\xc7\x84\x00\
 \xcc=\xc7t\x00 \xcd\x5c\xc1\x8c\xd6T\xb4\x18\xc5\
\xc8\xacp\xb0\x98\x00 \xd6T\xbat\x00 \xbc\x16\xc5\
\xd0\x00 \xc7\x88\xc5\xb4\x00 \xc7|\xc2\xdc\x00 \xc9\
\x11\xc9\xc0\xb4(\x00!\x08\x00\x00\x00\x00\x06\x00\x00\x00\
9Paused because \
game window is m\
inimized or out \
of screen!\x07\x00\x00\x00\x03a\
pp\x01\x03\x00\x00\x00\x0c\xc11\xb2\xa5\x00 \xd1L\
\xc2\xa4\xd2\xb8\x08\x00\x00\x00\x00\x06\x00\x00\x00\x10Pe\
rformance Test\x07\x00\
\x00\x00\x03app\x01\x03\x00\x00\x00D\x00M\x00u\
\x00M\x00u\x00P\x00l\x00a\x00y\x00e\x00r\
\x00 \xc1$\xc8\x15\xc5\xd0\xc1\x1c\x00 \xbc1\xad\xf8\
\xb7|\xc6\xb4\xb4\xdc\x00 \xc7 \xc9\xc0\x00 \xd6\x5c\
\xc11\xd6T\xb9|\x00 \xae\xbc\xc8\xfc\xc18\xc6\x94\
\x08\x00\x00\x00\x00\x06\x00\x00\x00CPlease\
 turn off enable\
 background keep\
 alive in MuMuPl\
ayer settings\x07\x00\x00\
\x00\x03app\x01\x03\x00\x00\x00\x12\xcc\x98\xb9\xac\x00\
 \xd5\x04\xb8\x08\xc7\x84\x00 \xc1\x8d\xb3\xc4\x08\x00\x00\
\x00\x00\x06\x00\x00\x00\x12Process F\
rame Rate\x07\x00\x00\x00\x03ap\
p\x01\x03\x00\x00\x00&\xcc\x98\xb9\xac\xb4\x1c\x00 \xc6\
$\xbc\x84\xb8\x08\xc7t\x00 \xc5\xc5\xb3p\xc7t\xd2\
\xb8\x00 \xac\x04\xac\xa9\x00(\xcd\x08\x00)\x08\x00\x00\
\x00\x00\x06\x00\x00\x00)Seconds b\
etween processed\
 overlay updates\
\x07\x00\x00\x00\x03app\x01\x03\x00\x00\x00\x0a\xc5H\
\xc8\x15\x00 \xbc\x84\xc8\x04\x08\x00\x00\x00\x00\x06\x00\x00\
\x00\x0eStable Version\
\x07\x00\x00\x00\x03app\x01\x03\x00\x00\x00\x10\xc5q\
\x00 \xc2\xdc\xc7\x91\x00 \xc6\x08\xc6x\x00:\x08\x00\
\x00\x00\x00\x06\x00\x00\x00\x14Start Ap\
p Exception:\x07\x00\x00\x00\
\x03app\x01\x03\x00\x00\x00\x0e\xb2\xe4\xc6\xb4\xb8\x5c\
\xb4\xdc\x00 \xc2\xdc\xc7\x91\x08\x00\x00\x00\x00\x06\x00\x00\
\x00\x11Start download\
ing\x07\x00\x00\x00\x03app\x01\x03\x00\x00\x00\
0\xb8\x5c\xad\xf8\xc7x\xd5`\x00 \xb5L\x00 \xc5\
q\x00 \xc2\xe4\xd5\x89\xae0\xb9|\x00 \xc7\x90\xb3\
\xd9\xc7<\xb8\x5c\x00 \xc2\xdc\xc7\x91\xd5i\xb2\xc8\xb2\
\xe4\x08\x00\x00\x00\x00\x06\x00\x00\x001Start\
 the launcher au\
tomatically when\
 you sign in\x07\x00\x00\x00\
\x03app\x01\x03\x00\x00\x00\x0a\xc2\xdc\xc7\x91\x00/\
\xc9\x11\xc9\xc0\x08\x00\x00\x00\x00\x06\x00\x00\x00\x0aSt\
art/Stop\x07\x00\x00\x00\x03app\
\x01\x03\x00\x00\x00\x06\xc9\x11\xc9\xc0\xb4(\x08\x00\x00\x00\
\x00\x06\x00\x00\x00\x07Stopped\x07\x00\x00\
\x00\x03app\x01\x03\x00\x00\x00@\xc7\x91\xc5\xc5\xc7\
t\x00 \xc11\xac\xf5\xc8\x01\xc7<\xb8\x5c\x00 \xc2\
\xe4\xd5\x89\xb4\x18\xc5\xc8\xc2\xb5\xb2\xc8\xb2\xe4\x00.\x00\
 \xac\x8c\xc7\x84\xac\xfc\x00 \xc5q\xc7D\x00 \xc8\
\x85\xb8\xcc\xd5i\xb2\xc8\xb2\xe4\x00!\x08\x00\x00\x00\x00\
\x06\x00\x00\x001Successfull\
y Executed Task,\
 Exiting Game an\
d App!\x07\x00\x00\x00\x03app\x01\x03\
\x00\x00\x00.\xb2\xe4\xc5\x91\xd5\x5c\x00 \x00W\x00i\
\x00n\x00d\x00o\x00w\x00s\x00 \xce\xa1\xcc\x98\
\x00 \xbc)\xc2\xdd\x00 \xac\x04\xc5\xd0\x00 \xc8\x04\
\xd6X\x08\x00\x00\x00\x00\x06\x00\x00\x000Swit\
ch between diffe\
rent Windows cap\
ture methods\x07\x00\x00\x00\
\x03app\x01\x03\x00\x00\x00 \xb3\x00\xc0\xc1\x00 \
\xcc=\x00 \xd6\x5c\xc11\xd6T\x00:\x00 \xb1y\
\xd6T\x00 \xc7\xac\xac\x1c\xb4(\x08\x00\x00\x00\x00\x06\
\x00\x00\x00'Target windo\
w active: Record\
ing resumed\x07\x00\x00\x00\x03\
app\x01\x03\x00\x00\x00&\xb3\x00\xc0\xc1\x00 \xcc\
=\x00 \xbeD\xd6\x5c\xc11\x00:\x00 \xb1y\xd6\
T\x00 \xc7|\xc2\xdc\x00 \xc8\x15\xc9\xc0\xb4(\x08\
\x00\x00\x00\x00\x06\x00\x00\x00(Target \
window inactive:\
 Recording pause\
d\x07\x00\x00\x00\x03app\x01\x03\x00\x00\x00\x06\xd1\
M\xc2\xa4\xd2\xb8\x08\x00\x00\x00\x00\x06\x00\x00\x00\x05T\
exts\x07\x00\x00\x00\x03app\x01\x03\x00\x00\
\x006\xd6\x04\xc7\xac\x00 \xbc\x84\xc8\x04\x00 \x00{\
\x00}\xc7@\x00(\xb2\x94\x00)\x00 \xbc\x18\xb4\xdc\
\xc2\xdc\x00 \xc5\xc5\xb3p\xc7t\xd2\xb8\xd5t\xc5|\
\x00 \xd5i\xb2\xc8\xb2\xe4\x08\x00\x00\x00\x00\x06\x00\x00\
\x00&The current ve\
rsion {} must be\
 updated\x07\x00\x00\x00\x03app\
\x01\x03\x00\x00\x00\x0c\xd2\xb8\xb9\xac\xacp\x00 \xac\x04\
\xac\xa9\x08\x00\x00\x00\x00\x06\x00\x00\x00\x10Trig\
ger Interval\x07\x00\x00\x00\
\x03app\x01\x03\x00\x00\x00\x0a\xc5\xc5\xb3p\xc7t\
\xd2\xb8\x00:\x08\x00\x00\x00\x00\x06\x00\x00\x00\x08Up\
dates:\x07\x00\x00\x00\x03app\x01\x03\
\x00\x00\x00\x16\x00D\x00i\x00r\x00e\x00c\x00t\
\x00M\x00L\x00 \xc0\xac\xc6\xa9\x08\x00\x00\x00\x00\x06\
\x00\x00\x00\x0cUse DirectML\
\x07\x00\x00\x00\x03app\x01\x03\x00\x00\x00\x1e\x00G\
\x00P\x00U\xb9|\x00 \xc0\xac\xc6\xa9\xd5X\xc5\xec\
\x00 \xc11\xb2\xa5\x00 \xd5\xa5\xc0\xc1\x08\x00\x00\x00\
\x00\x06\x00\x00\x00\x1eUse GPU to\
 Improve Perform\
ance\x07\x00\x00\x00\x03app\x01\x03\x00\x00\
\x00\x08\xcc=\x00 \xc1$\xc8\x15\x08\x00\x00\x00\x00\x06\
\x00\x00\x00\x0dWindow Confi\
g\x07\x00\x00\x00\x03app\x01\x03\x00\x00\x00\x1a\x00\
W\x00i\x00n\x00d\x00o\x00w\x00s\x00 \xce\
\xa1\xcc\x98\x00 \xbc)\xc2\xdd\x08\x00\x00\x00\x00\x06\x00\
\x00\x00\x0fWindows Captu\
re\x07\x00\x00\x00\x03app\x01\x03\x00\x00\x00\x02\
\xc6\x08\x08\x00\x00\x00\x00\x06\x00\x00\x00\x03Yes\x07\
\x00\x00\x00\x03app\x01\x03\x00\x00\x00\x0a\x00{\x00\
}\x00 \xb7\xf0\xcc\x98\x08\x00\x00\x00\x00\x06\x00\x00\x00\
\x0b{} Launcher\x07\x00\x00\x00\
\x03app\x01\
\x00\x00\xb3\xfe\
<\
\xb8d\x18\xca\xef\x9c\x95\xcd!\x1c\xbf`\xa1\xbd\xdd\xa7\
\x00\x00\x00\x05zh_CNB\x00\x00\x14\x08\x00\x00\
\x05;\x00\x00\x07\xe3\x00\x00\x05;\x00\x00\x1d\xdd\x00\x00\
\x05;\x00\x00\x82\x02\x00\x00\x05C\x00\x00v\xef\x00\x00\
\x05O\x00\x00;\xea\x00\x00\x05O\x00\x00\x97\x9b\x00\x00\
\x07\xb2\x00\x004\xd8\x00\x005\xa8\x00\x00\x09\xdb\x00\x00\
5\xa8\x00\x00Hm\x00\x00E\x82\x00\x00\x15\xad\x00\x00\
G\xa4\x00\x00\x04\xc7\x00\x00G\xa4\x00\x00E\x9a\x00\x00\
Ih\x00\x00\x16/\x00\x00Ja\x00\x00<w\x00\x00\
Q\xc9\x00\x00\x1cX\x00\x00S\x82\x00\x00\x1d\xb4\x00\x00\
V\xfe\x00\x00>\xab\x00\x00Y\xbe\x00\x00 b\x00\x00\
[\xb3\x00\x00\x5c|\x00\x00_\xc3\x00\x00<\x17\x00\x00\
_\xc3\x00\x00\x9f\x86\x00\x00hp\x00\x00O\xae\x00\x00\
ih\x00\x00'N\x00\x00u\xa2\x00\x002\x01\x00\x04\
<4\x00\x00\x81\xca\x00\x04\x8c\xaf\x00\x00\x8a\xb2\x00\x04\
\x93\xc2\x00\x00\x8dC\x00\x04\x98,\x00\x00\x10\xac\x00\x04\
\x9c\xb9\x00\x00Z\xe5\x00\x04\xa8\x8b\x00\x00\x05\xf6\x00\x04\
\xa8\x8b\x00\x00`\xd4\x00\x04\xa9\x03\x00\x00\x0b\xf0\x00\x04\
\xa9\x03\x00\x00I\xfe\x00\x04\xb8w\x00\x00=\xf5\x00\x04\
\xbb\x04\x00\x00z\xdf\x00\x04\xcf\x04\x00\x00@\xad\x00\x04\
\xd0%\x00\x00\x1a\x13\x00\x04\xec0\x00\x00a\xa3\x00\x04\
\xf6\xc2\x00\x00\x0c#\x00\x04\xf6\xc2\x00\x00J1\x00\x05\
\x04\xcf\x00\x00@\xd4\x00\x05\x04\xcf\x00\x00O)\x00\x05\
\x04\xcf\x00\x00}\x9e\x00\x05\x04\xcf\x00\x00\x87\xb1\x00\x05\
\x04\xcf\x00\x00\x93\xe9\x00\x05VE\x00\x00\x97\xb7\x00\x05\
d\x95\x00\x00\x0dB\x00\x05d\x95\x00\x00K\x8b\x00\x05\
d\x95\x00\x00W\xad\x00\x05\x98\xc5\x00\x00 \x89\x00\x05\
\x98\xc5\x00\x00\x83\x0a\x00\x05\xab`\x00\x00\x22\x9a\x00\x05\
\xab`\x00\x00y\xde\x00\x05\xab`\x00\x00|\x03\x00\x06\
\x87\x9b\x00\x00'&\x00\x06\xd0D\x00\x00*\xe8\x00\x07\
F\xc5\x00\x001<\x00\x0a\xf2\xce\x00\x00\x5c\xc7\x00\x0b\
N\x8e\x00\x00p\xb2\x00\x16\xad\x8d\x00\x00\x14\x01\x00\x18\
Y\x81\x00\x00p\x0f\x00\x18\xed\xf2\x00\x00\x8f~\x00&\
\x9ed\x00\x00.\x05\x00+d\x91\x00\x00e\x17\x00=\
G\xa5\x00\x00bV\x00=\xfa\x15\x00\x00\x07\x1d\x00C\
\x00\xa7\x00\x00j\x8d\x00D'\xc5\x00\x001h\x00G\
\x96\xc4\x00\x00?\xcf\x00G\x96\xc4\x00\x00_-\x00H\
,\x94\x00\x00\x88\xe5\x00I\xf0A\x00\x00\x8f\x05\x00J\
+\x82\x00\x00=\xa7\x00J6\x95\x00\x00=\xce\x00J\
6\x95\x00\x00}\x1f\x00Jd\x95\x00\x00,K\x00J\
\x809\x00\x00\x0b\xba\x00J\x809\x00\x00I\xc8\x00J\
\x809\x00\x00VP\x00J\xb9\xb7\x00\x00@Y\x00J\
\xb9\xb7\x00\x00t\xd2\x00J\xb9\xb7\x00\x00\x86\xd5\x00L\
\x99b\x00\x00@\x85\x00L\x99b\x00\x00P\xfa\x00L\
\x99b\x00\x00x\xa0\x00L\x99b\x00\x00\x90\xb2\x00N\
\xbf\xa5\x00\x00\x1a\xb4\x00Ol\x93\x00\x00\x0cV\x00O\
l\x93\x00\x00Jd\x00R\xfd\xf4\x00\x00\x06\x22\x00R\
\xfd\xf4\x00\x00a\xf5\x00Tl\x95\x00\x00\x1d\x19\x00V\
\x80\x04\x00\x00\x94\x09\x00V\x8c\x95\x00\x00>\x84\x00V\
\x8c\x95\x00\x00d\xf0\x00V\x8c\x95\x00\x00yb\x00V\
\x8c\x95\x00\x00{_\x00V\xae\xc2\x00\x00\x1e\x91\x00X\
\xb7\xb9\x00\x00W\xdb\x00Y\xe8\x85\x00\x00<\xce\x00Z\
\x8a#\x00\x00B\xb5\x00Z\xa8\x94\x00\x00e\xd3\x00Z\
\xa8\x94\x00\x00y\xb5\x00Z\xa8\x94\x00\x00{\xdd\x00Z\
\xcf\xb3\x00\x00\x9d\xa5\x00Z\xec5\x00\x00\x06O\x00\x5c\
V\xfe\x00\x00>\xf8\x00\x5c\x83\xb5\x00\x00O\x84\x00\x5c\
\x83\xb5\x00\x00~\x19\x00i2\xb4\x00\x00)~\x00j\
/\x9b\x00\x00(\xa5\x00vvN\x00\x00#|\x00v\
\x8c\x95\x00\x002f\x00z+\xc0\x00\x003\xe9\x00z\
\xe0e\x00\x004y\x00}\x9e\x01\x00\x00j\x1b\x00\x81\
(i\x00\x00Y?\x00\x857\xe7\x00\x00;\xb5\x00\x8d\
\x9c\x0e\x00\x00])\x00\x97\x96\x04\x00\x00V\xaf\x00\x97\
\x96\x04\x00\x00z\xb4\x00\xaf\x88w\x00\x00\x01q\x00\xc0\
\xb8\x84\x00\x00+\xc0\x00\xcd&\x11\x00\x00\x003\x01\x10\
\xaa^\x00\x00B\x80\x01!\xadg\x00\x00R\xa7\x01*\
\xd0\x97\x00\x00\x08}\x01*\xd0\x97\x00\x006\xe3\x01*\
\xd0\x97\x00\x007\x1c\x01*\xd0\x97\x00\x00{\x85\x016\
$q\x00\x00q\xe2\x01<\xdf5\x00\x00\x9e\xb4\x01?\
\xf9>\x00\x00\x8f\xe1\x01@\x1dG\x00\x00?Q\x01C\
`n\x00\x00!\x1b\x01L\x05#\x00\x00\x86^\x01c\
\xaa\x09\x00\x00\x0e\xee\x01c\xaa\x09\x00\x00M\x83\x01d\
\xa2o\x00\x00%Y\x01t#\xfd\x00\x00\x83_\x01\x80\
\xad\x22\x00\x00d\xbc\x01\x80\xad\x22\x00\x00v_\x01\xaa\
\xde>\x00\x00\x94\xdb\x01\xb8\x13D\x00\x00\x15e\x01\xc1\
\xf0\x05\x00\x00Ue\x01\xcaE\x8f\x00\x00\x05U\x01\xca\
E\x8f\x00\x00~\xa1\x01\xd4VT\x00\x00\x98\xaf\x01\xd7\
k\xaa\x00\x00\x9a\xfc\x01\xe7\xf5T\x00\x00`}\x01\xfb\
0\xd4\x00\x00ud\x02\x06F5\x00\x004E\x02\x0b\
\x08\x8e\x00\x00C\x09\x02\x19\xde;\x00\x00O\xda\x021\
\xe1\x8e\x00\x008z\x024\xfb\xbe\x00\x00\x1bG\x028\
s\xd2\x00\x00'w\x028\xd4R\x00\x00\x90\x83\x02;\
\xe2\x87\x00\x00\x89I\x02C\x04~\x00\x00$U\x02l\
\x99\x03\x00\x00\x9as\x02q6u\x00\x00\x8b\x13\x02v\
\xb8\x09\x00\x00[\xf3\x02\xadpR\x00\x00E#\x02\xd9\
@\xf9\x00\x00\x97\xd5\x02\xdc Q\x00\x00\x92K\x02\xe7\
 \xf5\x00\x00\x05\xbb\x02\xe7 \xf5\x00\x00\x16\xb6\x02\xe7\
 \xf5\x00\x00N\xb8\x02\xe7 \xf5\x00\x00\x7f*\x03\x00\
(\x14\x00\x00\x9c\xf8\x03\x09\xa2\x9e\x00\x00$\x0c\x03\x15\
*u\x00\x00\x19\xdd\x03%\xdek\x00\x00R\xf9\x03C\
L9\x00\x00\x1a;\x03K\xef\xe5\x00\x003\x1a\x03O\
\x17\x85\x00\x005\x8e\x03P\xba\x9e\x00\x00@\xfb\x03S\
\xb0\xcb\x00\x00\x0a\xea\x03W\xb0\x17\x00\x00r\xf8\x03X\
\x11u\x00\x00`J\x03]\xe0\x17\x00\x00\x1c\x7f\x03d\
\xa1\xce\x00\x00>\x1b\x03v\xe01\x00\x00j\xd3\x03\x8d\
\x17\xe3\x00\x00u\xbe\x03\x9d\xfdE\x00\x00^\x00\x03\xab\
G\xff\x00\x00M\xdb\x03\xc5\xefz\x00\x00\x16\x80\x03\xcc\
\xfa\xa3\x00\x00\x02\x15\x03\xcdG\xa5\x00\x00,{\x03\xee\
\xf3\xfa\x00\x00 \xe5\x04\x14S\xf5\x00\x00\x118\x04\x1b\
\xf0d\x00\x00\x99p\x04(U\xc4\x00\x00\x9dM\x04K\
+\x03\x00\x00E\xc6\x04L\xedM\x00\x00\x88\x87\x04d\
`5\x00\x000\x99\x04e\xafi\x00\x00\x0c\xc1\x04e\
\xafi\x00\x00KS\x04e\xafi\x00\x00WF\x04l\
u\x90\x00\x00G\x13\x04r\x80\xd4\x00\x00N\x86\x04r\
\x80\xd4\x00\x00}D\x04r\xd0\x03\x00\x00B\xdd\x04\x87\
p\xc8\x00\x00,\x02\x04\x8f\x07Y\x00\x00[+\x04\x90\
\x894\x00\x00Y\xdf\x04\x94\xa8\x84\x00\x00kI\x04\x98\
I\xbc\x00\x00\x04\xf4\x04\x98I\xbc\x00\x00\x06\xf4\x04\x98\
I\xbc\x00\x00\x08\xb0\x04\x98I\xbc\x00\x00\x0a|\x04\x98\
I\xbc\x00\x00\x0fF\x04\x98I\xbc\x00\x00\x16V\x04\x98\
I\xbc\x00\x007T\x04\x98I\xbc\x00\x008\x15\x04\x98\
I\xbc\x00\x00F\x04\x04\x98I\xbc\x00\x00I\x0e\x04\x98\
I\xbc\x00\x00P0\x04\x98I\xbc\x00\x00~<\x04\x98\
I\xbc\x00\x00\x7f\x00\x04\x98I\xbc\x00\x00\x8e\x82\x04\x99\
n\x95\x00\x00:\xb8\x04\xa0\xb2*\x00\x00\x22Q\x04\xa1\
L\x85\x00\x00\x22\x13\x04\xa2\xcb\xd7\x00\x00_U\x04\xa8\
\xb8\xa5\x00\x00\x0a\xb3\x04\xac,\xa5\x00\x00P\x95\x04\xac\
,\xa5\x00\x00V\x7f\x04\xac,\xa5\x00\x00z]\x04\xac\
,\xa5\x00\x00\x7f`\x04\xac\xab]\x00\x00\x0b7\x04\xac\
\xab]\x00\x00IE\x04\xac\xab]\x00\x00V\x1e\x04\xc2\
\x8f\xa2\x00\x00u\x93\x04\xc4y%\x00\x00|\xc3\x04\xcf\
v\x94\x00\x00\x18\xf5\x04\xd1\x1fR\x00\x00v\x92\x04\xd5\
P\xa4\x00\x00-\xd5\x04\xd5Z\xc4\x00\x00.u\x04\xd5\
n\xc4\x00\x00.\xd6\x04\xe0\x8f\xb2\x00\x00<\x9f\x04\xe3\
X|\x00\x00\x93\x19\x04\xe6\xf1\xdf\x00\x00\x85\x9b\x04\xed\
Y\xc4\x00\x00\x13g\x04\xf4\x18N\x00\x00\x22\xed\x04\xf6\
\x91\xc9\x00\x00\x93;\x04\xfa\x12\xa3\x00\x00\x96X\x05\x14\
\x8d9\x00\x00D\xdf\x05\x1760\x00\x00\x1dB\x05\x1d\
\xcf\x09\x00\x00\x8c\xa2\x05\x22?\xe9\x00\x00b\x9c\x05#\
k\x81\x00\x00x\x0e\x05(J\xd3\x00\x00=w\x051\
\x10\xbe\x00\x003\x81\x056\x8ay\x00\x00\x8e\xd6\x058\
\x92\xc0\x00\x00\x80\xe1\x05<F\x99\x00\x00\x966\x05@\
\x5c\xa5\x00\x00\x0c\x8c\x05@\x5c\xa5\x00\x00J\x9a\x05B\
\xdd\xac\x00\x00\x9e|\x05E\xaf\xd9\x00\x00F\xb2\x05E\
\xaf\xd9\x00\x00G\xf3\x05E\xaf\xd9\x00\x00J\xcf\x05E\
\xaf\xd9\x00\x00W\x16\x05K\xe0\xd4\x00\x00t\xa6\x05_\
/R\x00\x00.C\x05fj\xa7\x00\x00\x9b6\x05o\
/\xe3\x00\x00Q\xb1\x05v*I\x00\x00LC\x05\x80\
W\xc4\x00\x00^\xd7\x05\x8b\xa6\x84\x00\x00\x1f \x05\x8c\
F\xc5\x00\x00GC\x05\x8c\xac5\x00\x00>\xd0\x05\x8c\
\xac5\x00\x00y\x8b\x05\x8c\xac5\x00\x00{\xb6\x05\x8e\
c\xb5\x00\x00\x8b\xe0\x05\x93\xca\x17\x00\x00[\xb6\x05\x9a\
\x90t\x00\x00B,\x05\x9c}.\x00\x00\x84'\x05\xa6\
\xecX\x00\x00+\x10\x05\xaa\x8b\xc3\x00\x00X=\x05\xac\
\xdcQ\x00\x00\x03\xe2\x05\xb4\x98\xde\x00\x00\x1e\xba\x05\xbd\
\xf7S\x00\x00-)\x05\xc6\xa8\xa5\x00\x00C\xe9\x05\xd4\
\x8fX\x00\x00(\xfd\x05\xd6\x03\xff\x00\x000\x02\x05\xdb\
\xc29\x00\x00\x0e\xb7\x05\xdb\xc29\x00\x00ML\x05\xdb\
\xc29\x00\x00Y\x0f\x05\xdd\xf9D\x00\x00\x1a\xdd\x05\xdf\
\xba\xba\x00\x00\x08\x08\x05\xe0Kg\x00\x00&L\x05\xe7\
\x0c5\x00\x00b\x1d\x06\x09\xcd\xf4\x00\x00n\xbd\x06#\
\xc0[\x00\x004\x12\x06,\xce\xa9\x00\x00\x1e\x03\x06.\
!\xe5\x00\x004\xa2\x06.\x8e)\x00\x00k\xc2\x06C\
\x1f\x15\x00\x00\x96\x09\x06QV\xe9\x00\x00\x93_\x06e\
2`\x00\x003\xb6\x06e\xa0.\x00\x00Gr\x06\x80\
\xab\x84\x00\x00\x1b\x12\x06\x816D\x00\x00\x97\x12\x06\x95\
x>\x00\x00_\xf1\x06\xa2\x1a]\x00\x00z\x06\x06\xa8\
\xa9\xaa\x00\x00\x9eR\x06\xacWc\x00\x00,\xf7\x06\xae\
\xa4>\x00\x00\x81T\x06\xb0\xbe\xae\x00\x00\x02H\x06\xb0\
\xbe\xae\x00\x00\x9a\xd0\x06\xb5\x04\x22\x00\x00-j\x06\xb8\
\x91\xde\x00\x00!\xd2\x06\xbb]a\x00\x00on\x06\xc4\
y%\x00\x00*G\x06\xc9\xb1\x80\x00\x001\x0c\x06\xd0\
\xbaQ\x00\x00\x940\x06\xe3v\xd4\x00\x00)\xad\x06\xe8\
\xc3G\x00\x00i\xb7\x07\x02\x06\x83\x00\x00\x8f&\x07\x05\
\xe4d\x00\x00\x92\x95\x07\x09W\xa2\x00\x00/8\x07\x0c\
HY\x00\x00\x14\xc0\x07\x11\x5c$\x00\x00\x13\x14\x07\x1f\
\x97[\x00\x00\x17\x9f\x074'\x12\x00\x00D\xa7\x077\
3\xdb\x00\x00\x91\xa0\x07Io~\x00\x00\x92\xbe\x07P\
\xb3\xaa\x00\x00\x1a\x82\x07Wf\x07\x00\x00\x8a\xd2\x07^\
\xb4t\x00\x00\x92\xef\x07h\x80$\x00\x00\x10\xd1\x07\x85\
\x93\xd1\x00\x00\x86\x1b\x07\x9a\x96,\x00\x002\xf0\x07\xa9\
\xbc\x84\x00\x00U\xb0\x07\xab\x06\x13\x00\x00U\xed\x07\xab\
\x08\x98\x00\x005T\x07\xab\x1aR\x00\x005\xce\x07\xb4\
5q\x00\x00qG\x07\xb5\xe2\xfb\x00\x00\x09\x0b\x07\xb5\
\xe2\xfb\x00\x00\x17\x17\x07\xb7U\xe4\x00\x00fa\x07\xdf\
\x0e\xf3\x00\x00\x12\xd4\x07\xe3\xfd\x9b\x00\x00R:\x07\xe5\
$\xf3\x00\x00\x90^\x08\x03\xeft\x00\x00\x083\x08\x09\
\x7fd\x00\x00\x07\xab\x08\x0abr\x00\x006D\x08\x0f\
tN\x00\x00\x9bk\x08\x18B%\x00\x00\x97W\x087\
\x99\xfd\x00\x00\x8b\x95\x08=\xe1s\x00\x00_\x86\x08B\
\xf3Q\x00\x00\x90\x1e\x08E=\x0e\x00\x00\x00\xaf\x08E\
=\x0e\x00\x00\x8d\x19\x08Fk\xe2\x00\x00\x9f\xa3\x08J\
\x95A\x00\x00h\xb6\x08K\x95\xb4\x00\x00s\xb4\x08N\
\xb2\xf5\x00\x00a\xca\x08i5\xf4\x00\x00\x9d\xce\x08i\
\x8d\x8c\x00\x00&v\x08n\xd9n\x00\x00s,\x08u\
`l\x00\x00\x9e \x08\x81(\x11\x00\x00n/\x08\x89\
)\xf9\x00\x00Dr\x08\x96\x1e\x8c\x00\x00c\xed\x08\x9a\
E\xee\x00\x00-\x9d\x08\xa2\x93\xc7\x00\x00\x88U\x08\xb4\
\xac\x0e\x00\x00f\xad\x08\xbah\xc3\x00\x00?\xa8\x08\xbd\
\x8c\xc8\x00\x00SB\x08\xbd\x8c\xc8\x00\x00e\x7f\x08\xbd\
\x8c\xc8\x00\x00w\x14\x08\xc2\xb8\xc5\x00\x00A\xa2\x08\xc2\
\xb8\xc5\x00\x00\x87\xd9\x08\xc4\x9b\xe2\x00\x00\x95\xe3\x08\xcc\
e\x97\x00\x00w<\x08\xce\x01\x9e\x00\x001\xd1\x08\xd6\
t\x12\x00\x00wk\x08\xfd\xd9#\x00\x00C\xba\x09\x06\
\xb5i\x00\x00\x84\xdc\x09\x0bI\xc9\x00\x00\x18\x87\x09\x16\
(\xb1\x00\x00l\xd5\x09)\xe2\x83\x00\x00dG\x09)\
\xe2\x83\x00\x00u\xf1\x09+`\xfc\x00\x00Z1\x090\
\x8f%\x00\x00\x87\x00\x096vN\x00\x00#\xc4\x09?\
h\x89\x00\x00\x0a\x15\x09?h\x89\x00\x00H\xa7\x09J\
*\xb9\x00\x00\x03\x09\x09Q\xd8\xce\x00\x00\x80\x14\x09Z\
\x7f\xad\x00\x00\x83\xe1\x09\x5c\xa9e\x00\x00\x00\x00\x09`\
\x06\xb5\x00\x00\x0d\xb7\x09`\x06\xb5\x00\x00K\xc0\x09a\
~\xb5\x00\x00e\xfa\x09k\xd7]\x00\x00\x00\xde\x09m\
\xf9T\x00\x00\x19\x1f\x09q\x01\xe0\x00\x00\x9b\xcc\x09\x87\
\xbc\xc5\x00\x00?\xf7\x09\x87\xbc\xc5\x00\x00d\x1e\x09\x87\
\xbc\xc5\x00\x00s\xde\x09\x88\xbd\xa3\x00\x00`\xfb\x09\x8c\
u\xff\x00\x00\x832\x09\x91\xe0\x92\x00\x00/j\x09\x9c\
u\xa3\x00\x00\x14\x89\x09\xaa\xaa\x89\x00\x00\x82\x87\x09\xb2\
\xf0\x1e\x00\x000\xda\x09\xc5P\x17\x00\x00OT\x09\xc5\
P\x17\x00\x00X\x0a\x09\xc5P\x17\x00\x00e\xa8\x09\xc5\
P\x17\x00\x00}\xc2\x09\xc5\xb8\x8a\x00\x00\x89\xe0\x09\xd1\
\x8d\xf1\x00\x00o-\x09\xd5\x1e\xb5\x00\x00\x10v\x09\xd5\
\x1e\xb5\x00\x00L\x91\x09\xd5\x1e\xb5\x00\x00Xm\x09\xd7\
\xa4d\x00\x00'\xec\x09\xde\xd1\x8d\x00\x00g@\x09\xeb\
\xbf\xb5\x00\x00A\xfd\x09\xfd]\xb5\x00\x00\x0ev\x09\xfd\
]\xb5\x00\x00M\x0b\x09\xfd]\xb5\x00\x00X\xa4\x0a\x10\
d-\x00\x00\x15\x06\x0a\x1ee\xb4\x00\x00T\xa6\x0a!\
\xa6o\x00\x00\x15\xd6\x0a\x22\xd2k\x00\x002\x8f\x0a0\
\xab\x94\x00\x00\x19T\x0a<j+\x00\x00\x0dw\x0a=\
\x0e\x95\x00\x00:\xeb\x0a?#\x1b\x00\x00\x0f\xf5\x0a?\
#\x1b\x00\x00\x17\xd8\x0a?#\x1b\x00\x00P^\x0a?\
#\x1b\x00\x00}o\x0a?j[\x00\x00\x18\x0b\x0a?\
j[\x00\x00P\xc3\x0a?j[\x00\x00z\x84\x0aZ\
\xcc\xc5\x00\x001\xa1\x0a_\xbe\x83\x00\x00+X\x0aa\
\x13>\x00\x00x\xc9\x0ad\xd0\xcd\x00\x00\x05$\x0ad\
\xd0\xcd\x00\x00\x08\xdd\x0ad\xd0\xcd\x00\x00\x0f\xc5\x0ad\
\xd0\xcd\x00\x007\xb3\x0ad\xd0\xcd\x00\x008G\x0ad\
\xd0\xcd\x00\x00Em\x0ad\xd0\xcd\x00\x00F\x82\x0ad\
\xd0\xcd\x00\x00~n\x0ad\xd0\xcd\x00\x00\x8f\xbe\x0ae\
\xb9\x1c\x00\x00\x16\xec\x0ah\xf6\xd5\x00\x00+\x8c\x0ai\
A\x82\x00\x00;'\x0am\x82\xfc\x00\x006z\x0at\
g\x19\x00\x00\x10-\x0av\x1d\x99\x00\x00\x1c\xaa\x0av\
Z2\x00\x00=O\x0awr\xd7\x00\x00\x06|\x0ay\
_\x07\x00\x00$\x9d\x0a\x84\xfb\xa8\x00\x00&\xee\x0a\x95\
m\xe4\x00\x00*u\x0a\x96ke\x00\x00\x0c\xf9\x0a\x9a\
\xaaZ\x00\x00\x01\xa6\x0a\xa2\xfa7\x00\x00\x9f\x1a\x0a\xa7\
\xd1>\x00\x008\xf4\x0a\xadgY\x00\x00w\xa1\x0a\xb6\
v\xe4\x00\x00\x9b\xf8\x0a\xb9\x9c\xf3\x00\x00\x22\xc2\x0a\xb9\
\x9c\xf3\x00\x00S\xe5\x0a\xb9\x9c\xf3\x00\x00\x84z\x0a\xbe\
 J\x00\x00\x07Q\x0a\xd0_d\x00\x00\x84\xa5\x0a\xd2\
\xc0\xe5\x00\x00)H\x0a\xd8\xc4\x11\x00\x00l\x92\x0a\xdb\
\x09\xe4\x00\x00\x95j\x0a\xe1\xb0\x85\x00\x00\x8d\x91\x0a\xe7\
\x93\x14\x00\x00dx\x0a\xe8\xd6\x1e\x00\x00\x82(\x0a\xeb\
f\x09\x00\x00:r\x0a\xffe\xee\x00\x00\x81\x0b\x0b\x03\
\xc6\x94\x00\x00\x0e:\x0b\x03\xc6\x94\x00\x00L\xcf\x0b\x09\
yE\x00\x00)\xe8\x0b\x09ye\x00\x00|\x97\x0b\x09\
\xa6\xc4\x00\x00<E\x0b%\xf5\x11\x00\x00\x04\x9c\x0b0\
8\xf9\x00\x00\x12`\x0b6\x01k\x00\x00Ql\x0b6\
\x08+\x00\x00Q'\x0bHB\xd9\x00\x00\x09\x8e\x0bH\
B\xd9\x00\x00H \x0b`\xb6\xd5\x00\x006\x10\x0bc\
\xe2\x94\x00\x00i@\x0bd\xdd\xbd\x00\x00\x19\x89\x0b\x88\
3H\x00\x00(v\x0b\x8f\xdd\xb2\x00\x004\xfe\x0b\x91\
\x1f\xcc\x00\x00\x11\xf3\x0b\x92\x14 \x00\x00&\xb1\x0b\x99\
7\x8e\x00\x00r\x7f\x0b\x9e\x96Y\x00\x00c\x1a\x0b\xab\
\x94\x0e\x00\x00t9\x0b\xb7p\xde\x00\x00\x1do\x0b\xbd\
\xf2c\x00\x00\x86\x99\x0b\xc0\x05\xe4\x00\x00\x83\xb3\x0b\xc2\
\x05\xe4\x00\x002\xc2\x0b\xc5\x09q\x00\x00\x04q\x0b\xcb\
\x00\xae\x00\x00!\x88\x0b\xdb\x22C\x00\x00\x8bF\x0b\xe3\
\xea\x81\x00\x00\x88\x06\x0b\xee\x00\xe4\x00\x00<\xfc\x0c\x01\
\x9e\xd1\x00\x00\x98\xf7\x0c\x04\xa05\x00\x00A\xce\x0c\x05\
\x83\x83\x00\x00\x14U\x0c\x05\x83\x83\x00\x00>U\x0c\x05\
\x83\x83\x00\x00v\xc1\x0c\x10\xbf.\x00\x00\x7f\x8a\x0c\x13\
\xf8\xce\x00\x00\x09?\x0c\x15*\xee\x00\x00h>\x0c!\
\x99\xcb\x00\x00\x90\xd3\x0c*$W\x00\x007~\x0c*\
$W\x00\x00NN\x0c*$W\x00\x00tt\x0c*\
$W\x00\x00|\xee\x0cB\x17\xa3\x00\x00u0\x0cC\
\xbb\xe2\x00\x00\x89\xb2\x0cG\x92\xf4\x00\x00V\xe3\x0cG\
\x92\xf4\x00\x00{\x04\x0cJfY\x00\x003Q\x0cR\
V\x8e\x00\x00X\xde\x0cV\x8c\xe5\x00\x005)\x0cV\
\xb7\xad\x00\x00\x17H\x0cX\x09e\x00\x00\x9aA\x0cZ\
\xcf\x1d\x00\x00\x13\xa3\x0c^T\xf9\x00\x00\x0fu\x0co\
\x11\x8b\x00\x00\x04G\x0cu\x02\xbe\x00\x00F\xe1\x0cu\
K\x99\x00\x00t\xfc\x0cz\xc3\x9e\x00\x00\x11\xb3\x0cz\
\xdb7\x00\x00\x96\xb1\x0c{\x85\x9f\x00\x00$\xd6\x0c\x80\
\x8a\x83\x00\x00 \xb1\x0c\x84\xfes\x00\x00\x9c\x8c\x0c\x88\
\xfa>\x00\x00\x98\x8a\x0c\x90\xd8\xbc\x00\x00\x8e\x05\x0c\x92\
\xbc\xa1\x00\x00m}\x0c\x97\x12\xac\x00\x00c\xbc\x0c\x9a\
\x01\xda\x00\x00%\xf3\x0c\xa1\xa9\x84\x00\x00/\x06\x0c\xa3\
\x80I\x00\x00D;\x0c\xa4\x91\xb5\x00\x00,\xb6\x0c\xa8\
h\x87\x00\x00cU\x0c\xa9_$\x00\x007\xde\x0c\xbb\
\x01s\x00\x00BU\x0c\xbb\x01s\x00\x00b\xef\x0c\xc9\
\xa0\x0e\x00\x00c\x92\x0c\xce\x0f\x1f\x00\x00\x1fJ\x0c\xdf\
\x8d\xc8\x00\x00\x06\xc3\x0c\xee\xd9[\x00\x00Q\xf5\x0c\xf6\
\x5c\xfe\x00\x00Ww\x0d\x04,\xaf\x00\x0022\x0d\x05\
Rs\x00\x00\x11\x04\x0d\x18\x90\xf2\x00\x00;u\x0d\x1f\
N\x94\x00\x00Sq\x0d1\x07\xc5\x00\x00\x9fG\x0d4\
\xb3\xee\x00\x006\xac\x0dGc\xb4\x00\x00t\x06\x0dL\
\xdb\xf1\x00\x00\x9c\x1d\x0dU\x94\xe2\x00\x00.\xa5\x0dZ\
\xca\xe7\x00\x00/\xa0\x0d\x5c\xa9\x15\x00\x00(.\x0d\x5c\
\xec2\x00\x00/\xd1\x0d_\xd6C\x00\x00*\x17\x0d\x89\
P\x17\x00\x00&!\x0d\x89P\x17\x00\x00:?\x0d\x93\
x%\x00\x00\x01\xde\x0d\xa1\xc7\xc9\x00\x00v!\x0d\xac\
z\xf3\x00\x00\x11t\x0d\xb0\x8e\xd4\x00\x00^s\x0d\xc5\
\x9e\xbe\x00\x00]\x97\x0d\xd3\x034\x00\x00\x91N\x0d\xd5\
\xf0#\x00\x00G\xb6\x0d\xd8\xc9)\x00\x00\x8cX\x0d\xfc\
\x13'\x00\x0002\x0e\x0dDn\x00\x00\x1b\xb7\x0e\x11\
\x9a\xe6\x00\x00\x8e6\x0e\x12\x05s\x00\x00\x983\x0e!\
}d\x00\x00|(\x0e/\xa2t\x00\x00\x12\x22\x0e1\
\xac*\x00\x00\x89\x06\x0e;\xcd\x81\x00\x00\x95\xab\x0eD\
\xcd+\x00\x00K\x06\x0eF\xc4\xc3\x00\x00*\xae\x0eb\
\xa1\xae\x00\x00\x92\x11\x0ee@\x89\x00\x00\x85-\x0eg\
\x84\xbb\x00\x000e\x0er\xa2\x0e\x00\x00\x1f\xc4\x0e\xaf\
o\xc3\x00\x00{.\x0e\xb17\x93\x00\x00S\xab\x0e\xbf\
\xdf:\x00\x00\x07\x7f\x0e\xcb%\xa2\x00\x00@%\x0e\xd3\
\x02\xed\x00\x00g\xbe\x0e\xe1~\xa3\x00\x00\x0d\xf6\x0e\xe1\
~\xa3\x00\x00K\xff\x0e\xe8\x9b\xb2\x00\x00\x98\x04\x0e\xf3\
\x11C\x00\x00\x8c\xec\x0f\x03\xb7\xa1\x00\x00\x87u\x0f\x07\
gi\x00\x00T\x14\x0f\x0e\x89.\x00\x00F3\x0f\x19\
\x22<\x00\x00\x0bp\x0f\x19\x22<\x00\x00I~\x0f \
s\xf1\x00\x00\x03\x97\x0f!o\xdd\x00\x00\x02y\x0f'\
\xf1\xfb\x00\x00\x03s\x0f'\xf1\xfb\x00\x00D\x16\x0f3\
\x9a\x85\x00\x00\x7f\xcc\x0f9@\xe8\x00\x00\x03\xbe\x0fL\
\xa1\xb3\x00\x00\x1c\xe1\x0fW\xb8i\x00\x00U\x1b\x0fX\
\x1aC\x00\x00\x99\xa0\x0fXZD\x00\x00N\xf1\x0fn\
1U\x00\x00Z\xa2\x0f\x85\xef\xbe\x00\x00#5\x0f\x8a\
3\xb5\x00\x00_\xb9\x0f\x93gi\x00\x00T]\x0f\x96\
\xf2!\x00\x00A.\x0f\x98N\xf4\x00\x00}\xeb\x0f\x99\
+e\x00\x00\x8e\xa4\x0f\x9eH$\x00\x00\x8c\x0b\x0f\xa1\
3H\x00\x00(\xce\x0f\xadN]\x00\x00\x8dc\x0f\xc0\
w!\x00\x00\x04\x16\x0f\xc9X\x97\x00\x00?#\x0f\xc9\
X\x97\x00\x00w\xe1\x0f\xcc\xa8\xc4\x00\x00\x18>\x0f\xd4\
\x9eI\x00\x00\x80N\x0f\xd5U\xb3\x00\x00f*\x0f\xef\
/\xd4\x00\x00T\xe1\x0f\xf4\xee^\x00\x00'\xb9\x0f\xf5\
]#\x00\x00\x91\x04i\x00\x00\x9f\xd2\x03\x00\x00\x00\x08\
f\xf4e\xb0rHg,\x08\x00\x00\x00\x00\x06\x00\x00\
\x00\x0eVersion Update\
\x07\x00\x00\x00\x08@default\x01\x03\x00\
\x00\x00.\x00{\x00k\x00e\x00y\x00}\x00 \x8f\
\xd9y\xcdc\x09\x95.f/e\xe0eHv\x84\xff\
\x0c\x8b\xf7h\xc0g\xe5p\xed\x95.\x91M\x7fn\xff\
\x01\x08\x00\x00\x00\x00\x06\x00\x00\x001{key}\
 is invalid, ple\
ase check the ho\
tkey config!\x07\x00\x00\x00\
\x08@default\x01\x03\x00\x00\x00\x06m\
K\x8b\xd5rH\x08\x00\x00\x00\x00\x06\x00\x00\x00\x0cB\
eta Version\x07\x00\x00\x00\x08\
AboutTab\x01\x03\x00\x00\x00F\x96M\
~\xa7b\x10R\x9f\x00 \x00{\x00f\x00r\x00o\
\x00m\x00_\x00v\x00e\x00r\x00s\x00i\x00o\
\x00n\x00}\x00 \x00-\x00>\x00 \x00{\x00t\
\x00o\x00_\x00v\x00e\x00r\x00s\x00i\x00o\
\x00n\x00}\x08\x00\x00\x00\x00\x06\x00\x00\x000Do\
wngrade success \
{from_version} -\
> {to_version}\x07\x00\
\x00\x00\x08AboutTab\x01\x03\x00\x00\x00\
\x0aN\x0b\x8f}_\x00S\xd1rH\x08\x00\x00\x00\x00\
\x06\x00\x00\x00\x0eDownload De\
bug\x07\x00\x00\x00\x08AboutTab\
\x01\x03\x00\x00\x00\x0cN\x0b\x8f}\x95\x19\x8b\xef\x00:\
\x00 \x08\x00\x00\x00\x00\x06\x00\x00\x00\x0fDown\
load Error:\x07\x00\x00\x00\x08\
AboutTab\x01\x03\x00\x00\x00\x0aN\x0b\
\x8f}kc_\x0frH\x08\x00\x00\x00\x00\x06\x00\x00\
\x00\x10Download Relea\
se\x07\x00\x00\x00\x08AboutTab\x01\
\x03\x00\x00\x00\x08v\xf8Qs\x98yv\xee\x08\x00\x00\
\x00\x00\x06\x00\x00\x00\x0eOther Pro\
jects\x07\x00\x00\x00\x08AboutT\
ab\x01\x03\x00\x00\x00\x06kc_\x0frH\x08\x00\
\x00\x00\x00\x06\x00\x00\x00\x0eStable V\
ersion\x07\x00\x00\x00\x08About\
Tab\x01\x03\x00\x00\x00Ff\xf4e\xb0b\x10R\
\x9f\x00 \x00{\x00f\x00r\x00o\x00m\x00_\x00\
v\x00e\x00r\x00s\x00i\x00o\x00n\x00}\x00\
 \x00-\x00>\x00 \x00{\x00t\x00o\x00_\x00\
v\x00e\x00r\x00s\x00i\x00o\x00n\x00}\x08\
\x00\x00\x00\x00\x06\x00\x00\x00-Update \
success {from_ve\
rsion} -> {to_ve\
rsion}\x07\x00\x00\x00\x08About\
Tab\x01\x03\xff\xff\xff\xff\x08\x00\x00\x00\x00\x06\x00\
\x00\x00L\xe4\xbd\xa0\xe7\x9a\x84\xe6\xb8\xb8\xe6\x88\x8f\xe7\
\xbc\x96\xe5\x8f\xb7, \xe5\xa6\x82102630\
612345, \xe5\xb0\x86\xe4\xbc\x9a\xe7\xbb\
\x91\xe5\xae\x9a\xe6\xad\xa4\xe8\xb4\xa6\xe5\x8f\xb7\xe4\xbd\xbf\
\xe7\x94\xa8\xe6\x97\xa0\xe6\xb3\x95\xe6\x9b\xb4\xe6\x94\xb9\x07\
\x00\x00\x00\x09ActWindow\x01\x03\xff\
\xff\xff\xff\x08\x00\x00\x00\x00\x06\x00\x00\x00\x06\xe6\xbf\x80\
\xe6\xb4\xbb\x07\x00\x00\x00\x09ActWindo\
w\x01\x03\xff\xff\xff\xff\x08\x00\x00\x00\x00\x06\x00\x00\x00\
\x09\xe6\xbf\x80\xe6\xb4\xbb\xe7\xa0\x81\x07\x00\x00\x00\x09A\
ctWindow\x01\x03\xff\xff\xff\xff\x08\x00\
\x00\x00\x00\x06\x00\x00\x00\x06\xe8\xaf\x95\xe7\x94\xa8\x07\x00\
\x00\x00\x09ActWindow\x01\x03\xff\xff\
\xff\xff\x08\x00\x00\x00\x00\x06\x00\x00\x00\x16\xe8\xaf\xb7\xe8\
\xbe\x93\xe5\x85\xa5\xe6\xb8\xb8\xe6\x88\x8f\xe7\xbc\x96\xe5\x8f\
\xb7!\x07\x00\x00\x00\x09ActWindow\
\x01\x03\xff\xff\xff\xff\x08\x00\x00\x00\x00\x06\x00\x00\x00\x13\
\xe8\xaf\xb7\xe8\xbe\x93\xe5\x85\xa5\xe6\xbf\x80\xe6\xb4\xbb\xe7\
\xa0\x81!\x07\x00\x00\x00\x09ActWindo\
w\x01\x03\xff\xff\xff\xff\x08\x00\x00\x00\x00\x06\x00\x00\x00\
\x0c\xe8\xbd\xaf\xe4\xbb\xb6\xe6\xbf\x80\xe6\xb4\xbb\x07\x00\x00\
\x00\x09ActWindow\x01\x03\xff\xff\xff\
\xff\x08\x00\x00\x00\x00\x06\x00\x00\x00\x0d\xe9\xaa\x8c\xe8\xaf\
\x81\xe5\xa4\xb1\xe8\xb4\xa5!\x07\x00\x00\x00\x09Act\
Window\x01\x03\xff\xff\xff\xff\x08\x00\x00\x00\
\x00\x06\x00\x00\x00\x0d\xe9\xaa\x8c\xe8\xaf\x81\xe6\x88\x90\xe5\
\x8a\x9f!\x07\x00\x00\x00\x09ActWindo\
w\x01\x03\x00\x00\x00\x04m\xfbR\xa0\x08\x00\x00\x00\x00\
\x06\x00\x00\x00\x03Add\x07\x00\x00\x00\x11Add\
TextMessageBox\x01\x03\
\x00\x00\x00\x04S\xd6m\x88\x08\x00\x00\x00\x00\x06\x00\x00\
\x00\x06Cancel\x07\x00\x00\x00\x11Add\
TextMessageBox\x01\x03\
\x00\x00\x00\x04xn\x8b\xa4\x08\x00\x00\x00\x00\x06\x00\x00\
\x00\x07Confirm\x07\x00\x00\x00\x11Ad\
dTextMessageBox\x01\
\x03\x00\x00\x00\x1c`\xa8xn[\x9a\x89\x81R \x96\
d\x00 \x00'\x00{\x00}\x00'\x00 T\x17\xff\
\x1f\x08\x00\x00\x00\x00\x06\x00\x00\x00%Are y\
ou sure you want\
 to delete '{}'?\
\x07\x00\x00\x00\x10AnnotationC\
anvas\x01\x03\x00\x00\x00\x08xn\x8b\xa4R\
 \x96d\x08\x00\x00\x00\x00\x06\x00\x00\x00\x0eCon\
firm Delete\x07\x00\x00\x00\x10\
AnnotationCanvas\
\x01\x03\x00\x00\x00\x04m\xf1\x82r\x08\x00\x00\x00\x00\x06\
\x00\x00\x00\x04Dark\x07\x00\x00\x00\x0fApp\
ConfigWidget\x01\x03\x00\x00\
\x00\x04mE\x82r\x08\x00\x00\x00\x00\x06\x00\x00\x00\x05\
Light\x07\x00\x00\x00\x0fAppCon\
figWidget\x01\x03\x00\x00\x00\x04N\
;\x98\x98\x08\x00\x00\x00\x00\x06\x00\x00\x00\x05The\
me\x07\x00\x00\x00\x0fAppConfig\
Widget\x01\x03\x00\x00\x00\x12]\xf2[X\
W(N\x8e\x00 \x00'\x00{\x00}\x00'\x08\x00\
\x00\x00\x00\x06\x00\x00\x00\x16Already \
exists in '{}'\x07\x00\
\x00\x00\x0aBBoxDialog\x01\x03\x00\
\x00\x00\x06\x8f\xb9uLhF\x08\x00\x00\x00\x00\x06\x00\
\x00\x00\x0cBounding Box\x07\
\x00\x00\x00\x0aBBoxDialog\x01\x03\
\x00\x00\x00\x04S\xd6m\x88\x08\x00\x00\x00\x00\x06\x00\x00\
\x00\x06Cancel\x07\x00\x00\x00\x0aBBo\
xDialog\x01\x03\x00\x00\x00\x08R\x06|\
{T\x0dy\xf0\x08\x00\x00\x00\x00\x06\x00\x00\x00\x0dC\
ategory name\x07\x00\x00\x00\
\x0aBBoxDialog\x01\x03\x00\x00\x00\
\x06R\x06|{\x00:\x08\x00\x00\x00\x00\x06\x00\x00\x00\
\x09Category:\x07\x00\x00\x00\x0aB\
BoxDialog\x01\x03\x00\x00\x00\x06\x9a\
\xd8^\xa6\x00:\x08\x00\x00\x00\x00\x06\x00\x00\x00\x07H\
eight:\x07\x00\x00\x00\x0aBBoxD\
ialog\x01\x03\x00\x00\x00\x0cT\x0dy\xf0N\
\x0d\x80\xfdN:zz\x08\x00\x00\x00\x00\x06\x00\x00\x00\
\x0dName required\x07\x00\
\x00\x00\x0aBBoxDialog\x01\x03\x00\
\x00\x00\x04xn[\x9a\x08\x00\x00\x00\x00\x06\x00\x00\x00\
\x02OK\x07\x00\x00\x00\x0aBBoxDial\
og\x01\x03\x00\x00\x00\x06[\xbd^\xa6\x00:\x08\x00\
\x00\x00\x00\x06\x00\x00\x00\x06Width:\x07\x00\
\x00\x00\x0aBBoxDialog\x01\x03\x00\
\x00\x00\x14m\xfbR\xa0_\x00Y\xcb\x83\xdcSU_\
\xebcwe\xb9_\x0f\x08\x00\x00\x00\x00\x06\x00\x00\x00\
\x17Add Start Menu \
Shortcut\x07\x00\x00\x00\x0aCon\
figCard\x01\x03\x00\x00\x00\x08\x91\xcd\x7f\
n\x91M\x7fn\x08\x00\x00\x00\x00\x06\x00\x00\x00\x0cR\
eset Config\x07\x00\x00\x00\x0a\
ConfigCard\x01\x03\x00\x00\x00\x04\
S\xd6m\x88\x08\x00\x00\x00\x00\x06\x00\x00\x00\x06Ca\
ncel\x07\x00\x00\x00\x0eCopyTas\
kDialog\x01\x03\x00\x00\x00\x04xn\x8b\
\xa4\x08\x00\x00\x00\x00\x06\x00\x00\x00\x07Confi\
rm\x07\x00\x00\x00\x0eCopyTaskD\
ialog\x01\x03\x00\x00\x00\x08Y\x0dR6N\
\xfbR\xa1\x08\x00\x00\x00\x00\x06\x00\x00\x00\x09Cop\
y Task\x07\x00\x00\x00\x0eCopyT\
askDialog\x01\x03\x00\x00\x00\x16\x90\
\x09b\xe9\x89\x81Y\x0dR6v\x84N\xfbR\xa1\x00\
.\x00.\x00.\x08\x00\x00\x00\x00\x06\x00\x00\x00\x16S\
elect task to co\
py...\x07\x00\x00\x00\x0eCopyTa\
skDialog\x01\x03\x00\x00\x00\x12\xff\x08\
\x000\x00 \x00=\x00 N\x0dT/u(\xff\x09\
\x08\x00\x00\x00\x00\x06\x00\x00\x00\x0e(0 = d\
isabled)\x07\x00\x00\x00\x18Cre\
ateScheduleTaskD\
ialog\x01\x03\x00\x00\x00\x0a\x002\x004\x5c\
\x0fe\xf6R6\x08\x00\x00\x00\x00\x06\x00\x00\x00\x032\
4h\x07\x00\x00\x00\x18CreateSch\
eduleTaskDialog\x01\
\x03\x00\x00\x00\x1cN\xfbR\xa1[\x8cb\x10T\x0e\x81\
\xeaR\xa8\x90\x00Q\xfa\x00 \x00(\x00-\x00e\x00\
)\x08\x00\x00\x00\x00\x06\x00\x00\x00\x1eAuto \
exit after task \
done (-e)\x07\x00\x00\x00\x18Cr\
eateScheduleTask\
Dialog\x01\x03\x00\x00\x00\x04S\xd6m\x88\
\x08\x00\x00\x00\x00\x06\x00\x00\x00\x06Cancel\
\x07\x00\x00\x00\x18CreateSched\
uleTaskDialog\x01\x03\x00\
\x00\x00\x04R\x1b^\xfa\x08\x00\x00\x00\x00\x06\x00\x00\x00\
\x06Create\x07\x00\x00\x00\x18Crea\
teScheduleTaskDi\
alog\x01\x03\x00\x00\x00\x0cR\x1b^\xfa\x8b\xa1\
R\x12N\xfbR\xa1\x08\x00\x00\x00\x00\x06\x00\x00\x00\x14\
Create Schedule \
Task\x07\x00\x00\x00\x18CreateS\
cheduleTaskDialo\
g\x01\x03\x00\x00\x00\x06\x81\xea[\x9aNI\x08\x00\x00\
\x00\x00\x06\x00\x00\x00\x06Custom\x07\x00\x00\
\x00\x18CreateSchedule\
TaskDialog\x01\x03\x00\x00\x00\x0e\
\x81\xea[\x9aNIe\xf6\x95\xf4\x8b\xbe\x7fn\x08\x00\
\x00\x00\x00\x06\x00\x00\x00\x0fCustom I\
nterval\x07\x00\x00\x00\x18Crea\
teScheduleTaskDi\
alog\x01\x03\x00\x00\x00\x04k\xcfY)\x08\x00\
\x00\x00\x00\x06\x00\x00\x00\x05Daily\x07\x00\x00\
\x00\x18CreateSchedule\
TaskDialog\x01\x03\x00\x00\x00\x02\
Y)\x08\x00\x00\x00\x00\x06\x00\x00\x00\x04Days\
\x07\x00\x00\x00\x18CreateSched\
uleTaskDialog\x01\x03\x00\
\x00\x00\x02e\xf6\x08\x00\x00\x00\x00\x06\x00\x00\x00\x04H\
our\x07\x00\x00\x00\x18CreateSc\
heduleTaskDialog\
\x01\x03\x00\x00\x00\x04\x5c\x0fe\xf6\x08\x00\x00\x00\x00\x06\
\x00\x00\x00\x05Hours\x07\x00\x00\x00\x18Cr\
eateScheduleTask\
Dialog\x01\x03\x00\x00\x00\x02R\x06\x08\x00\
\x00\x00\x00\x06\x00\x00\x00\x06Minute\x07\x00\
\x00\x00\x18CreateSchedul\
eTaskDialog\x01\x03\x00\x00\x00\
\x04k\xcfg\x08\x08\x00\x00\x00\x00\x06\x00\x00\x00\x07M\
onthly\x07\x00\x00\x00\x18Creat\
eScheduleTaskDia\
log\x01\x03\x00\x00\x00\x0ae\xe0S\xefu(N\
\xfbR\xa1\x08\x00\x00\x00\x00\x06\x00\x00\x00\x12No \
tasks available\x07\
\x00\x00\x00\x18CreateSchedu\
leTaskDialog\x01\x03\x00\x00\
\x00\x04N\x00k!\x08\x00\x00\x00\x00\x06\x00\x00\x00\x04\
Once\x07\x00\x00\x00\x18CreateS\
cheduleTaskDialo\
g\x01\x03\x00\x00\x00\x08\x90\x09b\xe9N\xfbR\xa1\x08\
\x00\x00\x00\x00\x06\x00\x00\x00\x0bSelect \
Task\x07\x00\x00\x00\x18CreateS\
cheduleTaskDialo\
g\x01\x03\x00\x00\x00\x08_\x00Y\xcbe\xf6\x95\xf4\x08\
\x00\x00\x00\x00\x06\x00\x00\x00\x0aStart T\
ime\x07\x00\x00\x00\x18CreateSc\
heduleTaskDialog\
\x01\x03\x00\x00\x00\x08T/R\xa8\x90\x09\x98y\x08\x00\
\x00\x00\x00\x06\x00\x00\x00\x0fStartup \
Options\x07\x00\x00\x00\x18Crea\
teScheduleTaskDi\
alog\x01\x03\x00\x00\x00\x08\x8d\x85e\xf6e\xf6\
\x95\xf4\x08\x00\x00\x00\x00\x06\x00\x00\x00\x07Time\
out\x07\x00\x00\x00\x18CreateSc\
heduleTaskDialog\
\x01\x03\x00\x00\x00\x08\x89\xe6S\xd1|{W\x8b\x08\x00\
\x00\x00\x00\x06\x00\x00\x00\x0cTrigger \
Type\x07\x00\x00\x00\x18CreateS\
cheduleTaskDialo\
g\x01\x03\x00\x00\x00\x04k\xcfTh\x08\x00\x00\x00\x00\
\x06\x00\x00\x00\x06Weekly\x07\x00\x00\x00\x18\
CreateScheduleTa\
skDialog\x01\x03\x00\x00\x00\x16\x5c\x0f\
e\xf6\xff\x08\x000\x00 \x00=\x00 e\xe0\x96P\
R6\xff\x09\x08\x00\x00\x00\x00\x06\x00\x00\x00\x15ho\
urs (0 = unlimit\
ed)\x07\x00\x00\x00\x18CreateSc\
heduleTaskDialog\
\x01\x03\x00\x00\x00\x04S\xd6m\x88\x08\x00\x00\x00\x00\x06\
\x00\x00\x00\x06Cancel\x07\x00\x00\x00\x10C\
reateTaskDialog\x01\
\x03\x00\x00\x00\x12|{T\x0d\x00 \x00(N\xc5\x96\
P\x82\xf1e\x87\x00)\x08\x00\x00\x00\x00\x06\x00\x00\x00\
\x19Class Name (Eng\
lish only)\x07\x00\x00\x00\x10C\
reateTaskDialog\x01\
\x03\x00\x00\x00\x04xn\x8b\xa4\x08\x00\x00\x00\x00\x06\x00\
\x00\x00\x07Confirm\x07\x00\x00\x00\x10C\
reateTaskDialog\x01\
\x03\x00\x00\x00\x08R\x1b^\xfaN\xfbR\xa1\x08\x00\x00\
\x00\x00\x06\x00\x00\x00\x0bCreate Ta\
sk\x07\x00\x00\x00\x10CreateTas\
kDialog\x01\x03\x00\x00\x00\x0ec\xcf\x8f\
\xf0\x00 \x00(S\xef\x90\x09\x00)\x08\x00\x00\x00\x00\
\x06\x00\x00\x00\x16Description\
 (Optional)\x07\x00\x00\x00\x10\
CreateTaskDialog\
\x01\x03\x00\x00\x00\x08N\xfbR\xa1T\x0dy\xf0\x08\x00\
\x00\x00\x00\x06\x00\x00\x00\x09Task Nam\
e\x07\x00\x00\x00\x10CreateTask\
Dialog\x01\x03\x00\x00\x00\x04\x8c\x03u(\
\x08\x00\x00\x00\x00\x06\x00\x00\x00\x04Call\x07\x00\
\x00\x00\x08DebugTab\x01\x03\x00\x00\x00\
\x04b*V\xfe\x08\x00\x00\x00\x00\x06\x00\x00\x00\x12C\
apture Screensho\
t\x07\x00\x00\x00\x08DebugTab\x01\x03\
\x00\x00\x00\x08b*V\xfeb\x10R\x9f\x08\x00\x00\x00\
\x00\x06\x00\x00\x00\x0fCapture Su\
ccess\x07\x00\x00\x00\x08DebugT\
ab\x01\x03\x00\x00\x00\x0ab*V\xfe\x8f\xd4V\xde\
zz\x08\x00\x00\x00\x00\x06\x00\x00\x00\x15Capt\
ure returned Non\
e\x07\x00\x00\x00\x08DebugTab\x01\x03\
\x00\x00\x00\x10\x7f\x16\x8b\xd1\x00i\x001\x008\x00n\
e\x87N\xf6\x08\x00\x00\x00\x00\x06\x00\x00\x00\x12Co\
nvert i18n files\
\x07\x00\x00\x00\x08DebugTab\x01\x03\x00\
\x00\x00\x10\x8c\x03u(\x00T\x00a\x00s\x00ke\
\xb9l\xd5\x08\x00\x00\x00\x00\x06\x00\x00\x00\x13Deb\
ug Task Function\
\x07\x00\x00\x00\x08DebugTab\x01\x03\x00\
\x00\x00\x08\x8c\x03\x8b\xd5]\xe5Qw\x08\x00\x00\x00\x00\
\x06\x00\x00\x00\x0aDebug Tool\x07\
\x00\x00\x00\x08DebugTab\x01\x03\x00\x00\
\x00\x08\x90\x09b\xe9b*V\xfe\x08\x00\x00\x00\x00\x06\
\x00\x00\x00\x19Drop or Sele\
ct Screenshot\x07\x00\x00\
\x00\x08DebugTab\x01\x03\x00\x00\x008\
\x00D\x00u\x00m\x00p\x00 \x00T\x00h\x00r\
\x00e\x00a\x00d\x00s\x00(_\xebcw\x95.\
\x00:\x00C\x00t\x00r\x00l\x00+\x00A\x00l\
\x00t\x00+\x00D\x00)\x08\x00\x00\x00\x00\x06\x00\x00\
\x00\x1fDump Threads(H\
otKey:Ctrl+Alt+D\
)\x07\x00\x00\x00\x08DebugTab\x01\x03\
\x00\x00\x00\x10u\x1fb\x10\x00i\x001\x008\x00n\
e\x87N\xf6\x08\x00\x00\x00\x00\x06\x00\x00\x00\x13Ge\
nerate i18n file\
s\x07\x00\x00\x00\x08DebugTab\x01\x03\
\x00\x00\x00\x16b*V\xfee\xb9_\x0fN\x0dS\xef\
u(b\x16g*\x90\x09b\xe9\x08\x00\x00\x00\x00\x06\
\x00\x00\x00 No Capture A\
vailable or Sele\
cted\x07\x00\x00\x00\x08DebugTa\
b\x01\x03\x00\x00\x00\x0el\xa1g\x09\x91M\x7fn\x00\
O\x00C\x00R\x08\x00\x00\x00\x00\x06\x00\x00\x00\x11N\
o OCR configured\
\x07\x00\x00\x00\x08DebugTab\x01\x03\x00\
\x00\x00(l\xa1g\x09\x5c^`'b\x16e\xb9l\
\xd5\x00:\x00 \x00{\x00f\x00u\x00n\x00c\x00\
_\x00n\x00a\x00m\x00e\x00}\x08\x00\x00\x00\x00\
\x06\x00\x00\x00\x19No such att\
r: {func_name}\x07\x00\
\x00\x00\x08DebugTab\x01\x03\x00\x00\x00\
\x22\x00O\x00C\x00R\x8c\x03u(b\x10R\x9f\x00\
:\x00 \x00{\x00r\x00e\x00s\x00u\x00l\x00\
t\x00}\x08\x00\x00\x00\x00\x06\x00\x00\x00\x15OCR\
 success: {resul\
t}\x07\x00\x00\x00\x08DebugTab\x01\
\x03\x00\x00\x00\x0ebS_\x00e\xe5_\xd7e\x87N\
\xf6Y9\x08\x00\x00\x00\x00\x06\x00\x00\x00\x09Ope\
n Logs\x07\x00\x00\x00\x08Debug\
Tab\x01\x03\x00\x00\x00\x08\x90\x09b\xe9b*V\
\xfe\x08\x00\x00\x00\x00\x06\x00\x00\x00\x12Selec\
t Screenshots\x07\x00\x00\
\x00\x08DebugTab\x01\x03\x00\x00\x00\x0e\
\x8f\x93Qee\xb9l\xd5b\x16\x5c^`'\x08\x00\
\x00\x00\x00\x06\x00\x00\x00\x1bType a f\
unction or prope\
rty\x07\x00\x00\x00\x08DebugTab\
\x01\x03\x00\x00\x00,\x8c\x03u(b\x10R\x9f\x00 \
\x00s\x00u\x00c\x00c\x00e\x00s\x00s\x00:\
\x00 \x00{\x00r\x00e\x00s\x00u\x00l\x00t\
\x00}\x08\x00\x00\x00\x00\x06\x00\x00\x00\x16call\
 success: {resul\
t}\x07\x00\x00\x00\x08DebugTab\x01\
\x03\x00\x00\x00\x16]\xf2\x90\x09b\xe9\x00{\x00n\x00\
u\x00m\x00}N*V\xferG\x08\x00\x00\x00\x00\
\x06\x00\x00\x00\x15{num} image\
s selected\x07\x00\x00\x00\x08D\
ebugTab\x01\x03\x00\x00\x00\x06\x00A\x00\
D\x00B\x08\x00\x00\x00\x00\x06\x00\x00\x00\x03ADB\
\x07\x00\x00\x00\x0bEditTaskTab\
\x01\x03\x00\x00\x00\x16xn[\x9a\x89\x81R \x96d\
\x00 \x00{\x00}\x00 T\x17\xff\x1f\x08\x00\x00\x00\
\x00\x06\x00\x00\x00#Are you su\
re you want to d\
elete {}?\x07\x00\x00\x00\x0bEd\
itTaskTab\x01\x03\x00\x00\x00\x04S\
:W\xdf\x08\x00\x00\x00\x00\x06\x00\x00\x00\x03Box\
\x07\x00\x00\x00\x0bEditTaskTab\
\x01\x03\x00\x00\x00\x04S\xd6m\x88\x08\x00\x00\x00\x00\x06\
\x00\x00\x00\x06Cancel\x07\x00\x00\x00\x0bE\
ditTaskTab\x01\x03\x00\x00\x00\x0a\
\x90\x09b\xe9N\xfbR\xa1\x00:\x08\x00\x00\x00\x00\x06\
\x00\x00\x00\x0cChoose Task:\
\x07\x00\x00\x00\x0bEditTaskTab\
\x01\x03\x00\x00\x00\x08xn\x8b\xa4R \x96d\x08\x00\
\x00\x00\x00\x06\x00\x00\x00\x0eConfirm \
Delete\x07\x00\x00\x00\x0bEditT\
askTab\x01\x03\x00\x00\x00\x04c\xa7R6\
\x08\x00\x00\x00\x00\x06\x00\x00\x00\x07Contro\
l\x07\x00\x00\x00\x0bEditTaskTa\
b\x01\x03\x00\x00\x00\x08Y\x0dR6N\xfbR\xa1\x08\
\x00\x00\x00\x00\x06\x00\x00\x00\x09Copy Ta\
sk\x07\x00\x00\x00\x0bEditTaskT\
ab\x01\x03\x00\x00\x00\x16b~N\x0dR0\x00 \
\x00{\x00}\x00 v\x84n\x90e\x87N\xf6\x08\x00\
\x00\x00\x00\x06\x00\x00\x00!Could no\
t find source fi\
le for {}\x07\x00\x00\x00\x0bEd\
itTaskTab\x01\x03\x00\x00\x00\x0aR\
\x1b^\xfae\xb0N\xfbR\xa1\x08\x00\x00\x00\x00\x06\x00\
\x00\x00\x0fCreate New Ta\
sk\x07\x00\x00\x00\x0bEditTaskT\
ab\x01\x03\x00\x00\x00\x08R\x1b^\xfaN\xfbR\xa1\
\x08\x00\x00\x00\x00\x06\x00\x00\x00\x0bCreate\
 Task\x07\x00\x00\x00\x0bEditTa\
skTab\x01\x03\x00\x00\x00\x08R \x96dN\
\xfbR\xa1\x08\x00\x00\x00\x00\x06\x00\x00\x00\x0bDel\
ete Task\x07\x00\x00\x00\x0bEdi\
tTaskTab\x01\x03\x00\x00\x00\x0e\x81\x1a\
g,v\x84f>y:T\x0dy\xf0\x08\x00\x00\x00\
\x00\x06\x00\x00\x00\x1bDisplay na\
me for the scrip\
t\x07\x00\x00\x00\x0bEditTaskTa\
b\x01\x03\x00\x00\x00 N\xc5\x96P\x82\xf1e\x870\
\x01ep[WT\x8cg\x09eHv\x84e\x87N\
\xf6T\x0d[W{&\x08\x00\x00\x00\x00\x06\x00\x00\x00\
.English, number\
s and valid file\
name chars only\x07\
\x00\x00\x00\x0bEditTaskTab\x01\
\x03\x00\x00\x00\x04[\xfcQ\xfa\x08\x00\x00\x00\x00\x06\x00\
\x00\x00\x06Export\x07\x00\x00\x00\x0bEd\
itTaskTab\x01\x03\x00\x00\x00\x08[\
\xfcQ\xfa\x81\x1ag,\x08\x00\x00\x00\x00\x06\x00\x00\x00\
\x0dExport Script\x07\x00\
\x00\x00\x0bEditTaskTab\x01\x03\
\x00\x00\x00\x08[\xfcQ\xfaY1\x8d%\x08\x00\x00\x00\
\x00\x06\x00\x00\x00\x0dExport fai\
led\x07\x00\x00\x00\x0bEditTask\
Tab\x01\x03\x00\x00\x00\x16\x8b\xfbS\xd6n\x90e\
\x87N\xf6Y1\x8d%\x00:\x00 \x00{\x00}\x08\
\x00\x00\x00\x00\x06\x00\x00\x00\x1eFailed \
to read source f\
ile: {}\x07\x00\x00\x00\x0bEdit\
TaskTab\x01\x03\x00\x00\x00\x08O\xdd[\
XY1\x8d%\x08\x00\x00\x00\x00\x06\x00\x00\x00\x0eF\
ailed to save\x07\x00\x00\
\x00\x0bEditTaskTab\x01\x03\x00\
\x00\x00\x04e\x87N\xf6\x08\x00\x00\x00\x00\x06\x00\x00\x00\
\x04File\x07\x00\x00\x00\x0bEditTa\
skTab\x01\x03\x00\x00\x00\x10e\x87N\xf6]\
\xf2\x88\xabY\x16\x90\xe8O\xeee9\x08\x00\x00\x00\x00\
\x06\x00\x00\x00\x17File Change\
d Externally\x07\x00\x00\x00\
\x0bEditTaskTab\x01\x03\x00\x00\
\x00\x08e\x87N\xf6T\x0d\xff\x1a\x08\x00\x00\x00\x00\x06\
\x00\x00\x00\x0aFile Name:\x07\x00\
\x00\x00\x0bEditTaskTab\x01\x03\
\x00\x00\x00\x04eYz\x0b\x08\x00\x00\x00\x00\x06\x00\x00\
\x00\x05Guide\x07\x00\x00\x00\x0bEdit\
TaskTab\x01\x03\x00\x00\x00\x08[\xfcQ\
e\x81\x1ag,\x08\x00\x00\x00\x00\x06\x00\x00\x00\x0dI\
mport Script\x07\x00\x00\x00\
\x0bEditTaskTab\x01\x03\x00\x00\
\x00\x08[\xfcQeY1\x8d%\x08\x00\x00\x00\x00\x06\
\x00\x00\x00\x0dImport faile\
d\x07\x00\x00\x00\x0bEditTaskTa\
b\x01\x03\x00\x00\x00\x1c|{T\x0de\xe0eH0\
\x02S\xea\x80\xfdO\x7fu(\x82\xf1e\x87[W{\
&0\x02\x08\x00\x00\x00\x00\x06\x00\x00\x004Inv\
alid Class Name.\
 Must be English\
 characters only\
.\x07\x00\x00\x00\x0bEditTaskTa\
b\x01\x03\x00\x00\x006e\xe0eHv\x84e\x87N\
\xf6T\x0d0\x02S\xea\x80\xfdO\x7fu(\x82\xf1e\
\x87[Wk\xcd0\x01ep[W0\x01N\x0bR\
\x12~\xbfT\x8c\x8f\xde[W{&0\x02\x08\x00\x00\
\x00\x00\x06\x00\x00\x00KInvalid f\
ile name. Use En\
glish letters, n\
umbers, undersco\
res, hyphens onl\
y.\x07\x00\x00\x00\x0bEditTaskT\
ab\x01\x03\x00\x00\x00\x04c\x09\x95.\x08\x00\x00\x00\
\x00\x06\x00\x00\x00\x03Key\x07\x00\x00\x00\x0bEd\
itTaskTab\x01\x03\x00\x00\x00\x04e\
\xe5_\xd7\x08\x00\x00\x00\x00\x06\x00\x00\x00\x07Log\
ging\x07\x00\x00\x00\x0bEditTas\
kTab\x01\x03\x00\x00\x00\x08e\xe0\x96P_\xaa\
s\xaf\x08\x00\x00\x00\x00\x06\x00\x00\x00\x0fLoop\
 infinitely\x07\x00\x00\x00\x0b\
EditTaskTab\x01\x03\x00\x00\x00\
\x0c_\xaas\xafc\x07[\x9ak!ep\x08\x00\x00\
\x00\x00\x06\x00\x00\x00\x0cLoop x ti\
mes\x07\x00\x00\x00\x0bEditTask\
Tab\x01\x03\x00\x00\x00\x04\x9f h\x07\x08\x00\x00\
\x00\x00\x06\x00\x00\x00\x05Mouse\x07\x00\x00\x00\
\x0bEditTaskTab\x01\x03\x00\x00\
\x00\x06N\x0d_\xaas\xaf\x08\x00\x00\x00\x00\x06\x00\x00\
\x00\x07No loop\x07\x00\x00\x00\x0bEd\
itTaskTab\x01\x03\x00\x00\x00\x12l\
\xa1g\x09S\xef[\xfcQ\xfav\x84N\xfbR\xa10\
\x02\x08\x00\x00\x00\x00\x06\x00\x00\x00\x13No ta\
sks to export.\x07\x00\
\x00\x00\x0bEditTaskTab\x01\x03\
\x00\x00\x00\x06\x00O\x00C\x00R\x08\x00\x00\x00\x00\x06\
\x00\x00\x00\x03OCR\x07\x00\x00\x00\x0bEdit\
TaskTab\x01\x03\x00\x00\x00\x04xn[\
\x9a\x08\x00\x00\x00\x00\x06\x00\x00\x00\x02OK\x07\x00\x00\
\x00\x0bEditTaskTab\x01\x03\x00\
\x00\x00D\x00O\x00K\x00S\x00c\x00r\x00i\x00\
p\x00t\x00 e\x87N\xf6\x00 \x00(\x00*\x00\
.\x00o\x00k\x00s\x00c\x00r\x00i\x00p\x00\
t\x00)\x00;\x00;b@g\x09e\x87N\xf6\x00\
 \x00(\x00*\x00)\x08\x00\x00\x00\x00\x06\x00\x00\x00\
*OKScript Files \
(*.okscript);;Al\
l Files (*)\x07\x00\x00\x00\x0b\
EditTaskTab\x01\x03\x00\x00\x00\
\x04QvN\xd6\x08\x00\x00\x00\x00\x06\x00\x00\x00\x05O\
ther\x07\x00\x00\x00\x0bEditTas\
kTab\x01\x03\x00\x00\x00\x1c\x8b\xf7\x81\xf3\x5c\x11\
\x90\x09b\xe9N\x00N*N\xfbR\xa1\x8f\xdb\x88L\
[\xfcQ\xfa0\x02\x08\x00\x00\x00\x00\x06\x00\x00\x00*\
Please select at\
 least one task \
to export.\x07\x00\x00\x00\x0bE\
ditTaskTab\x01\x03\x00\x00\x00\x04\
_UR6\x08\x00\x00\x00\x00\x06\x00\x00\x00\x06Re\
cord\x07\x00\x00\x00\x0bEditTas\
kTab\x01\x03\x00\x00\x00\x22_UR6\x5c\x06\
\x89\x86v\xd6_SRM\x81\x1ag,\x90;\x8f\x91\
0\x02f/T&~\xe7~\xed\xff\x1f\x08\x00\x00\x00\
\x00\x06\x00\x00\x008Record wil\
l override the c\
urrent script lo\
gic. Continue?\x07\x00\
\x00\x00\x0bEditTaskTab\x01\x03\
\x00\x00\x00@W(z\x97S\xe3\x00 \x00'\x00{\
\x00h\x00w\x00n\x00d\x00_\x00n\x00a\x00m\
\x00e\x00}\x00'\x00 Y\x04N\x8em;R\xa8\
r\xb6`\x01e\xf6\xff\x0c\x5c\x06_\x00Y\xcb_U\
R60\x02\x08\x00\x00\x00\x00\x06\x00\x00\x00>Re\
cording will sta\
rt when window '\
{hwnd_name}' bec\
omes active.\x07\x00\x00\x00\
\x0bEditTaskTab\x01\x03\x00\x00\
\x00\x04\x8f\xd0\x88L\x08\x00\x00\x00\x00\x06\x00\x00\x00\x03\
Run\x07\x00\x00\x00\x0bEditTask\
Tab\x01\x03\x00\x00\x00\x04O\xdd[X\x08\x00\x00\
\x00\x00\x06\x00\x00\x00\x04Save\x07\x00\x00\x00\x0b\
EditTaskTab\x01\x03\x00\x00\x00\
\x08O\xdd[Xf\xf4e9\x08\x00\x00\x00\x00\x06\x00\
\x00\x00\x0cSave Changes\x07\
\x00\x00\x00\x0bEditTaskTab\x01\
\x03\x00\x00\x00\x0a\x81\x1ag,T\x0dy\xf0\xff\x1a\x08\
\x00\x00\x00\x00\x06\x00\x00\x00\x0cScript \
Name:\x07\x00\x00\x00\x0bEditTa\
skTab\x01\x03\x00\x00\x00\x1c\x81\x1ag,]\
\xf2b\x10R\x9f[\xfcQ\xfaR0N\x0b\x8f}e\
\x87N\xf6Y90\x02\x08\x00\x00\x00\x00\x06\x00\x00\x00\
1Script exported\
 successfully to\
 Downloads folde\
r.\x07\x00\x00\x00\x0bEditTaskT\
ab\x01\x03\x00\x00\x00\x12\x81\x1ag,T\x0dy\xf0\
N:_\xc5Xk\x98y0\x02\x08\x00\x00\x00\x00\x06\
\x00\x00\x00\x18Script name \
is required.\x07\x00\x00\x00\
\x0bEditTaskTab\x01\x03\x00\x00\
\x00\x0ed\x1c}\x22j!g\x7f\x00.\x00.\x00.\
\x08\x00\x00\x00\x00\x06\x00\x00\x00\x13Search\
 templates...\x07\x00\x00\
\x00\x0bEditTaskTab\x01\x03\x00\
\x00\x00\x0c\x90\x09b\xe9\x81\x1ag,e\x87N\xf6\x08\
\x00\x00\x00\x00\x06\x00\x00\x00\x12Select \
Script File\x07\x00\x00\x00\x0b\
EditTaskTab\x01\x03\x00\x00\x00\
\x12\x90\x09b\xe9\x89\x81[\xfcQ\xfav\x84N\xfbR\
\xa1\xff\x1a\x08\x00\x00\x00\x00\x06\x00\x00\x00\x17Sel\
ect tasks to exp\
ort:\x07\x00\x00\x00\x0bEditTas\
kTab\x01\x03\x00\x00\x00\x04P\x5ckb\x08\x00\
\x00\x00\x00\x06\x00\x00\x00\x04Stop\x07\x00\x00\x00\
\x0bEditTaskTab\x01\x03\x00\x00\
\x00\x04b\x10R\x9f\x08\x00\x00\x00\x00\x06\x00\x00\x00\x07\
Success\x07\x00\x00\x00\x0bEdit\
TaskTab\x01\x03\x00\x00\x00\x12N\xfbR\
\xa1T\x0dy\xf0N\x0d\x80\xfdN:zz0\x02\x08\
\x00\x00\x00\x00\x06\x00\x00\x00\x16Task Na\
me is required.\x07\
\x00\x00\x00\x0bEditTaskTab\x01\
\x03\x00\x00\x00\x0eN\xfbR\xa1Y\x0dR6b\x10R\
\x9f0\x02\x08\x00\x00\x00\x00\x06\x00\x00\x00\x19Tas\
k copied success\
fully.\x07\x00\x00\x00\x0bEditT\
askTab\x01\x03\x00\x00\x00\x0eN\xfbR\xa1\
R\x1b^\xfab\x10R\x9f0\x02\x08\x00\x00\x00\x00\x06\
\x00\x00\x00\x1aTask created\
 successfully.\x07\x00\
\x00\x00\x0bEditTaskTab\x01\x03\
\x00\x00\x00\x0eN\xfbR\xa1R \x96db\x10R\x9f\
0\x02\x08\x00\x00\x00\x00\x06\x00\x00\x00\x1aTask\
 deleted success\
fully.\x07\x00\x00\x00\x0bEditT\
askTab\x01\x03\x00\x00\x00\x10N\xfbR\xa1\
e\x87N\xf6]\xf2[XW(0\x02\x08\x00\x00\x00\
\x00\x06\x00\x00\x00\x19Task file \
already exists.\x07\
\x00\x00\x00\x0bEditTaskTab\x01\
\x03\x00\x00\x00\x0eN\xfbR\xa1\x91\xcd^\xfab\x10R\
\x9f0\x02\x08\x00\x00\x00\x00\x06\x00\x00\x00\x1aTas\
k rebuilt succes\
sfully.\x07\x00\x00\x00\x0bEdit\
TaskTab\x01\x03\x00\x00\x00\x08j!g\
\x7fS9\x91M\x08\x00\x00\x00\x00\x06\x00\x00\x00\x11T\
emplate Matching\
\x07\x00\x00\x00\x0bEditTaskTab\
\x01\x03\x00\x00\x00$_SRMN\xfbR\xa1g\x09\
g*O\xdd[Xv\x84f\xf4e90\x02f/\
T&\x89\x81O\xdd[X\xff\x1f\x08\x00\x00\x00\x00\x06\
\x00\x00\x00?The current \
task has unsaved\
 changes. Do you\
 want to save th\
em?\x07\x00\x00\x00\x0bEditTask\
Tab\x01\x03\x00\x00\x00*e\x87N\xf6]\xf2\x88\
\xabY\x16\x90\xe8O\xeee90\x02f/T&\x89\
\x81\x89\x86v\xd6g*O\xdd[Xv\x84f\xf4e\
9\xff\x1f\x08\x00\x00\x00\x00\x06\x00\x00\x00PThe\
 file was modifi\
ed externally. D\
o you want to ov\
erwrite your uns\
aved changes?\x07\x00\x00\
\x00\x0bEditTaskTab\x01\x03\x00\
\x00\x00\x06rHg,\xff\x1a\x08\x00\x00\x00\x00\x06\x00\
\x00\x00\x08Version:\x07\x00\x00\x00\x0b\
EditTaskTab\x01\x03\x00\x00\x00\
\x04\x8bfTJ\x08\x00\x00\x00\x00\x06\x00\x00\x00\x07W\
arning\x07\x00\x00\x00\x0bEditT\
askTab\x01\x03\x00\x00\x00\x04z\x97S\xe3\
\x08\x00\x00\x00\x00\x06\x00\x00\x00\x06Window\
\x07\x00\x00\x00\x0bEditTaskTab\
\x01\x03\x00\x00\x00\x12\x00A\x00D\x00B\x00 \x00S\
\x00h\x00e\x00l\x00l\x08\x00\x00\x00\x00\x06\x00\x00\
\x00\x09adb_shell\x07\x00\x00\x00\x0b\
EditTaskTab\x01\x03\x00\x00\x00\
\x12\x00A\x00D\x00B\x00 \x00U\x00I\x00 [\
\xfcQ\xfa\x08\x00\x00\x00\x00\x06\x00\x00\x00\x0badb\
_ui_dump\x07\x00\x00\x00\x0bEdi\
tTaskTab\x01\x03\x00\x00\x00\x0cm\xfb\
R\xa0e\x87g,O\xeekc\x08\x00\x00\x00\x00\x06\
\x00\x00\x00\x0cadd_text_fix\
\x07\x00\x00\x00\x0bEditTaskTab\
\x01\x03\x00\x00\x00\x04\x8f\xd4V\xde\x08\x00\x00\x00\x00\x06\
\x00\x00\x00\x04back\x07\x00\x00\x00\x0bEdi\
tTaskTab\x01\x03\x00\x00\x00\x06w\xe9\
_bhF\x08\x00\x00\x00\x00\x06\x00\x00\x00\x03bo\
x\x07\x00\x00\x00\x0bEditTaskTa\
b\x01\x03\x00\x00\x00\x0al4^s\x5cEN-h\
F\x08\x00\x00\x00\x00\x06\x00\x00\x00\x18box_i\
n_horizontal_cen\
ter\x07\x00\x00\x00\x0bEditTask\
Tab\x01\x03\x00\x00\x00\x06\x5cO^UhF\x08\
\x00\x00\x00\x00\x06\x00\x00\x00\x0dbox_of_\
screen\x07\x00\x00\x00\x0bEditT\
askTab\x01\x03\x00\x00\x00\x0e\x7f)e>\
T\x0ev\x84\x5cO^UhF\x08\x00\x00\x00\x00\x06\
\x00\x00\x00\x14box_of_scree\
n_scaled\x07\x00\x00\x00\x0bEdi\
tTaskTab\x01\x03\x00\x00\x00\x0e\x8b\xa1\
{\x97\x98\x9c\x82rv~R\x06k\xd4\x08\x00\x00\x00\
\x00\x06\x00\x00\x00\x1acalculate_\
color_percentage\
\x07\x00\x00\x00\x0bEditTaskTab\
\x01\x03\x00\x00\x00\x06n\x05\x96dhF\x08\x00\x00\x00\
\x00\x06\x00\x00\x00\x09clear_box\x07\
\x00\x00\x00\x0bEditTaskTab\x01\
\x03\x00\x00\x00\x04p\xb9Q\xfb\x08\x00\x00\x00\x00\x06\x00\
\x00\x00\x05click\x07\x00\x00\x00\x0bEdi\
tTaskTab\x01\x03\x00\x00\x00\x06p\xb9\
Q\xfbhF\x08\x00\x00\x00\x00\x06\x00\x00\x00\x09cl\
ick_box\x07\x00\x00\x00\x0bEdit\
TaskTab\x01\x03\x00\x00\x00\x14Y\x82g\
\x9cT\x0dy\xf0S9\x91MR\x19p\xb9Q\xfbh\
F\x08\x00\x00\x00\x00\x06\x00\x00\x00\x17click\
_box_if_name_mat\
ch\x07\x00\x00\x00\x0bEditTaskT\
ab\x01\x03\x00\x00\x00\x08v\xf8[\xf9p\xb9Q\xfb\
\x08\x00\x00\x00\x00\x06\x00\x00\x00\x0eclick_\
relative\x07\x00\x00\x00\x0bEdi\
tTaskTab\x01\x03\x00\x00\x00\x06Rj\
\x8d4g\x7f\x08\x00\x00\x00\x00\x06\x00\x00\x00\x09cl\
ipboard\x07\x00\x00\x00\x0bEdit\
TaskTab\x01\x03\x00\x00\x00\x0cR\x1b^\
\xfa_\xebcwe\xb9_\x0f\x08\x00\x00\x00\x00\x06\x00\
\x00\x00\x0fcreate_shortc\
ut\x07\x00\x00\x00\x0bEditTaskT\
ab\x01\x03\x00\x00\x00\x08y\x81u(N\xfbR\xa1\
\x08\x00\x00\x00\x00\x06\x00\x00\x00\x07disabl\
e\x07\x00\x00\x00\x0bEditTaskTa\
b\x01\x03\x00\x00\x00\x06~\xd8R6hF\x08\x00\x00\
\x00\x00\x06\x00\x00\x00\x0adraw_boxe\
s\x07\x00\x00\x00\x0bEditTaskTa\
b\x01\x03\x00\x00\x00\x08T/u(N\xfbR\xa1\x08\
\x00\x00\x00\x00\x06\x00\x00\x00\x06enable\x07\
\x00\x00\x00\x0bEditTaskTab\x01\
\x03\x00\x00\x00\x0axnO\xddW(g\x00RM\x08\
\x00\x00\x00\x00\x06\x00\x00\x00\x0fensure_\
in_front\x07\x00\x00\x00\x0bEdi\
tTaskTab\x01\x03\x00\x00\x00\x0cry\
_\x81f/T&[XW(\x08\x00\x00\x00\x00\x06\
\x00\x00\x00\x0efeature_exis\
ts\x07\x00\x00\x00\x0bEditTaskT\
ab\x01\x03\x00\x00\x00\x04g\xe5b~\x08\x00\x00\x00\
\x00\x06\x00\x00\x00\x04find\x07\x00\x00\x00\x0bE\
ditTaskTab\x01\x03\x00\x00\x00\x12\
W(hFQ\x85g\xe5b~g\x00OsS9\
\x91M\x08\x00\x00\x00\x00\x06\x00\x00\x00\x16find\
_best_match_in_b\
ox\x07\x00\x00\x00\x0bEditTaskT\
ab\x01\x03\x00\x00\x00\x0ag\xe5b~Y\x1aN*\
hF\x08\x00\x00\x00\x00\x06\x00\x00\x00\x0afind\
_boxes\x07\x00\x00\x00\x0bEditT\
askTab\x01\x03\x00\x00\x00\x08g\xe5b~\
ry_\x81\x08\x00\x00\x00\x00\x06\x00\x00\x00\x0cfi\
nd_feature\x07\x00\x00\x00\x0bE\
ditTaskTab\x01\x03\x00\x00\x00\x0e\
g\xe5b~ry_\x81^v\x8b\xbe\x7fn\x08\x00\
\x00\x00\x00\x06\x00\x00\x00\x14find_fea\
ture_and_set\x07\x00\x00\x00\
\x0bEditTaskTab\x01\x03\x00\x00\
\x00\x12W(hFQ\x85g\xe5b~\x99\x96N*\
S9\x91M\x08\x00\x00\x00\x00\x06\x00\x00\x00\x17fi\
nd_first_match_i\
n_box\x07\x00\x00\x00\x0bEditTa\
skTab\x01\x03\x00\x00\x00\x08g\xe5b~N\
\x00N*\x08\x00\x00\x00\x00\x06\x00\x00\x00\x08fin\
d_one\x07\x00\x00\x00\x0bEditTa\
skTab\x01\x03\x00\x00\x00\x0cc\x09T\x0dy\
\xf0\x83\xb7S\xd6hF\x08\x00\x00\x00\x00\x06\x00\x00\x00\
\x0fget_box_by_name\
\x07\x00\x00\x00\x0bEditTaskTab\
\x01\x03\x00\x00\x00\x0ec\x09T\x0dy\xf0\x83\xb7S\xd6\
ry_\x81\x08\x00\x00\x00\x00\x06\x00\x00\x00\x13ge\
t_feature_by_nam\
e\x07\x00\x00\x00\x0bEditTaskTa\
b\x01\x03\x00\x00\x00\x08\x83\xb7S\xd6r\xb6`\x01\x08\
\x00\x00\x00\x00\x06\x00\x00\x00\x0aget_sta\
tus\x07\x00\x00\x00\x0bEditTask\
Tab\x01\x03\x00\x00\x00\x10\x90\x1a\x8f\xc7|{T\
\x0d\x83\xb7S\xd6N\xfbR\xa1\x08\x00\x00\x00\x00\x06\x00\
\x00\x00\x11get_task_by_c\
lass\x07\x00\x00\x00\x0bEditTas\
kTab\x01\x03\x00\x00\x00\x0a\x8flR0h\x07\
{~\x98u\x08\x00\x00\x00\x00\x06\x00\x00\x00\x09go\
_to_tab\x07\x00\x00\x00\x0bEdit\
TaskTab\x01\x03\x00\x00\x00\x08\x5cO^\
U\x9a\xd8^\xa6\x08\x00\x00\x00\x00\x06\x00\x00\x00\x10h\
eight_of_screen\x07\
\x00\x00\x00\x0bEditTaskTab\x01\
\x03\x00\x00\x00\x08O\xe1`oX\x9eR\xa0\x08\x00\x00\
\x00\x00\x06\x00\x00\x00\x08info_add\x07\
\x00\x00\x00\x0bEditTaskTab\x01\
\x03\x00\x00\x00\x0eO\xe1`om\xfbR\xa0R0R\
\x17\x88h\x08\x00\x00\x00\x00\x06\x00\x00\x00\x10inf\
o_add_to_list\x07\x00\x00\
\x00\x0bEditTaskTab\x01\x03\x00\
\x00\x00\x08O\xe1`on\x05\x96d\x08\x00\x00\x00\x00\
\x06\x00\x00\x00\x0ainfo_clear\x07\
\x00\x00\x00\x0bEditTaskTab\x01\
\x03\x00\x00\x00\x08O\xe1`o\x83\xb7S\xd6\x08\x00\x00\
\x00\x00\x06\x00\x00\x00\x08info_get\x07\
\x00\x00\x00\x0bEditTaskTab\x01\
\x03\x00\x00\x00\x08O\xe1`o\x90\x12X\x9e\x08\x00\x00\
\x00\x00\x06\x00\x00\x00\x09info_incr\
\x07\x00\x00\x00\x0bEditTaskTab\
\x01\x03\x00\x00\x00\x08O\xe1`o\x8b\xbe\x7fn\x08\x00\
\x00\x00\x00\x06\x00\x00\x00\x08info_set\
\x07\x00\x00\x00\x0bEditTaskTab\
\x01\x03\x00\x00\x00\x08\x8f\x93Qee\x87g,\x08\x00\
\x00\x00\x00\x06\x00\x00\x00\x0ainput_te\
xt\x07\x00\x00\x00\x0bEditTaskT\
ab\x01\x03\x00\x00\x00\x0cf/T&N:\x00A\
\x00D\x00B\x08\x00\x00\x00\x00\x06\x00\x00\x00\x06is\
_adb\x07\x00\x00\x00\x0bEditTas\
kTab\x01\x03\x00\x00\x00\x0cf/T&N:\
mO\x89\xc8Vh\x08\x00\x00\x00\x00\x06\x00\x00\x00\x0a\
is_browser\x07\x00\x00\x00\x0bE\
ditTaskTab\x01\x03\x00\x00\x00\x08\
\x8b\xb0_U\x8c\x03\x8b\xd5\x08\x00\x00\x00\x00\x06\x00\x00\
\x00\x09log_debug\x07\x00\x00\x00\x0b\
EditTaskTab\x01\x03\x00\x00\x00\
\x08\x8b\xb0_U\x95\x19\x8b\xef\x08\x00\x00\x00\x00\x06\x00\
\x00\x00\x09log_error\x07\x00\x00\x00\
\x0bEditTaskTab\x01\x03\x00\x00\
\x00\x08\x8b\xb0_UO\xe1`o\x08\x00\x00\x00\x00\x06\
\x00\x00\x00\x08log_info\x07\x00\x00\x00\
\x0bEditTaskTab\x01\x03\x00\x00\
\x00\x08\x8b\xb0_U\x8bfTJ\x08\x00\x00\x00\x00\x06\
\x00\x00\x00\x0blog_warning\x07\
\x00\x00\x00\x0bEditTaskTab\x01\
\x03\x00\x00\x00\x08N-\x95.p\xb9Q\xfb\x08\x00\x00\
\x00\x00\x06\x00\x00\x00\x0cmiddle_cl\
ick\x07\x00\x00\x00\x0bEditTask\
Tab\x01\x03\x00\x00\x00\x0cv\xf8[\xf9N-\x95\
.p\xb9Q\xfb\x08\x00\x00\x00\x00\x06\x00\x00\x00\x15m\
iddle_click_rela\
tive\x07\x00\x00\x00\x0bEditTas\
kTab\x01\x03\x00\x00\x00\x08\x9f h\x07c\x09\
N\x0b\x08\x00\x00\x00\x00\x06\x00\x00\x00\x0amous\
e_down\x07\x00\x00\x00\x0bEditT\
askTab\x01\x03\x00\x00\x00\x08\x9f h\x07\
g~_\x00\x08\x00\x00\x00\x00\x06\x00\x00\x00\x08mo\
use_up\x07\x00\x00\x00\x0bEditT\
askTab\x01\x03\x00\x00\x00\x08y\xfbR\xa8\
\x9f h\x07\x08\x00\x00\x00\x00\x06\x00\x00\x00\x04mo\
ve\x07\x00\x00\x00\x0bEditTaskT\
ab\x01\x03\x00\x00\x00\x0cv\xf8[\xf9y\xfbR\xa8\
\x9f h\x07\x08\x00\x00\x00\x00\x06\x00\x00\x00\x0dmo\
ve_relative\x07\x00\x00\x00\x0b\
EditTaskTab\x01\x03\x00\x00\x00\
\x06N\x0bN\x00^'\x08\x00\x00\x00\x00\x06\x00\x00\x00\
\x0anext_frame\x07\x00\x00\x00\x0b\
EditTaskTab\x01\x03\x00\x00\x00\
\x04\x90\x1aw\xe5\x08\x00\x00\x00\x00\x06\x00\x00\x00\x0cn\
otification\x07\x00\x00\x00\x0b\
EditTaskTab\x01\x03\x00\x00\x00\
\x0e\x00O\x00C\x00Re\x87[W\x8b\xc6R+\x08\
\x00\x00\x00\x00\x06\x00\x00\x00\x03ocr\x07\x00\x00\x00\
\x0bEditTaskTab\x01\x03\x00\x00\
\x00\x08\x8d\x85Q\xfak\xd4O\x8b\x08\x00\x00\x00\x00\x06\
\x00\x00\x00\x0cout_of_ratio\
\x07\x00\x00\x00\x0bEditTaskTab\
\x01\x03\x00\x00\x00\x04f\x82P\x5c\x08\x00\x00\x00\x00\x06\
\x00\x00\x00\x05pause\x07\x00\x00\x00\x0bEd\
itTaskTab\x01\x03\x00\x00\x00\x08S\
\xf3\x95.p\xb9Q\xfb\x08\x00\x00\x00\x00\x06\x00\x00\x00\
\x0bright_click\x07\x00\x00\x00\
\x0bEditTaskTab\x01\x03\x00\x00\
\x00\x04b*V\xfe\x08\x00\x00\x00\x00\x06\x00\x00\x00\x0a\
screenshot\x07\x00\x00\x00\x0bE\
ditTaskTab\x01\x03\x00\x00\x00\x04\
n\xdaR\xa8\x08\x00\x00\x00\x00\x06\x00\x00\x00\x06sc\
roll\x07\x00\x00\x00\x0bEditTas\
kTab\x01\x03\x00\x00\x00\x08v\xf8[\xf9n\xda\
R\xa8\x08\x00\x00\x00\x00\x06\x00\x00\x00\x0fscro\
ll_relative\x07\x00\x00\x00\x0b\
EditTaskTab\x01\x03\x00\x00\x00\
\x08S\xd1\x90\x01c\x09\x95.\x08\x00\x00\x00\x00\x06\x00\
\x00\x00\x08send_key\x07\x00\x00\x00\x0b\
EditTaskTab\x01\x03\x00\x00\x00\
\x08c\x09N\x0bc\x09\x95.\x08\x00\x00\x00\x00\x06\x00\
\x00\x00\x0dsend_key_down\
\x07\x00\x00\x00\x0bEditTaskTab\
\x01\x03\x00\x00\x00\x08g~_\x00c\x09\x95.\x08\x00\
\x00\x00\x00\x06\x00\x00\x00\x0bsend_key\
_up\x07\x00\x00\x00\x0bEditTask\
Tab\x01\x03\x00\x00\x00\x04O\x11w \x08\x00\x00\
\x00\x00\x06\x00\x00\x00\x05sleep\x07\x00\x00\x00\
\x0bEditTaskTab\x01\x03\x00\x00\
\x00\x08O\x11w h\xc0g\xe5\x08\x00\x00\x00\x00\x06\
\x00\x00\x00\x0bsleep_check\x07\
\x00\x00\x00\x0bEditTaskTab\x01\
\x03\x00\x00\x00\x08T/R\xa8\x8b\xbeY\x07\x08\x00\x00\
\x00\x00\x06\x00\x00\x00\x0cstart_dev\
ice\x07\x00\x00\x00\x0bEditTask\
Tab\x01\x03\x00\x00\x00\x04n\xd1R\xa8\x08\x00\x00\
\x00\x00\x06\x00\x00\x00\x05swipe\x07\x00\x00\x00\
\x0bEditTaskTab\x01\x03\x00\x00\
\x00\x08v\xf8[\xf9n\xd1R\xa8\x08\x00\x00\x00\x00\x06\
\x00\x00\x00\x0eswipe_relati\
ve\x07\x00\x00\x00\x0bEditTaskT\
ab\x01\x03\x00\x00\x00\x04\x7f\xfb\x8b\xd1\x08\x00\x00\x00\
\x00\x06\x00\x00\x00\x02tr\x07\x00\x00\x00\x0bEdi\
tTaskTab\x01\x03\x00\x00\x00\x04\x89\xe6\
S\xd1\x08\x00\x00\x00\x00\x06\x00\x00\x00\x07trig\
ger\x07\x00\x00\x00\x0bEditTask\
Tab\x01\x03\x00\x00\x00\x04`bY\x0d\x08\x00\x00\
\x00\x00\x06\x00\x00\x00\x07unpause\x07\x00\
\x00\x00\x0bEditTaskTab\x01\x03\
\x00\x00\x00\x0c{I_\x85^vp\xb9Q\xfbhF\
\x08\x00\x00\x00\x00\x06\x00\x00\x00\x0ewait_c\
lick_box\x07\x00\x00\x00\x0bEdi\
tTaskTab\x01\x03\x00\x00\x00\x0e{I\
_\x85^vp\xb9Q\xfbry_\x81\x08\x00\x00\x00\
\x00\x06\x00\x00\x00\x12wait_click\
_feature\x07\x00\x00\x00\x0bEdi\
tTaskTab\x01\x03\x00\x00\x00\x14{I\
_\x85^vp\xb9Q\xfb\x00O\x00C\x00Re\x87\
[W\x08\x00\x00\x00\x00\x06\x00\x00\x00\x0ewait\
_click_ocr\x07\x00\x00\x00\x0bE\
ditTaskTab\x01\x03\x00\x00\x00\x08\
{I_\x85ry_\x81\x08\x00\x00\x00\x00\x06\x00\x00\
\x00\x0cwait_feature\x07\x00\
\x00\x00\x0bEditTaskTab\x01\x03\
\x00\x00\x00\x0e{I_\x85\x00O\x00C\x00Re\x87\
[W\x08\x00\x00\x00\x00\x06\x00\x00\x00\x08wait\
_ocr\x07\x00\x00\x00\x0bEditTas\
kTab\x01\x03\x00\x00\x00\x08{I_\x85v\xf4\
R0\x08\x00\x00\x00\x00\x06\x00\x00\x00\x0await\
_until\x07\x00\x00\x00\x0bEditT\
askTab\x01\x03\x00\x00\x00\x08\x5cO^U\
[\xbd^\xa6\x08\x00\x00\x00\x00\x06\x00\x00\x00\x0fwi\
dth_of_screen\x07\x00\x00\
\x00\x0bEditTaskTab\x01\x03\x00\
\x00\x00\x08\x91\xcd\x7fn\x91M\x7fn\x08\x00\x00\x00\x00\
\x06\x00\x00\x00\x0cReset Confi\
g\x07\x00\x00\x00\x10GlobalConf\
igCard\x01\x03\x00\x00\x00\x08\x91\xcd\x7fn\
\x91M\x7fn\x08\x00\x00\x00\x00\x06\x00\x00\x00\x0cRe\
set Config\x07\x00\x00\x00\x0fG\
lobalConfigTab\x01\x03\
\x00\x00\x00\x04S\xd6m\x88\x08\x00\x00\x00\x00\x06\x00\x00\
\x00\x06Cancel\x07\x00\x00\x00\x0bHwn\
dChooser\x01\x03\x00\x00\x00\x08\x90\x09\
b\xe9z\x97S\xe3\x08\x00\x00\x00\x00\x06\x00\x00\x00\x0d\
Choose Window\x07\x00\x00\
\x00\x0bHwndChooser\x01\x03\x00\
\x00\x00\x04xn\x8b\xa4\x08\x00\x00\x00\x00\x06\x00\x00\x00\
\x07Confirm\x07\x00\x00\x00\x0bHwn\
dChooser\x01\x03\x00\x00\x00\x0c\x00{\
\x00}\x00 ]\xf2\x90\x09b\xe9\x08\x00\x00\x00\x00\x06\
\x00\x00\x00\x0b{} Selected\x07\
\x00\x00\x00\x0bHwndChooser\x01\
\x03\x00\x00\x00\x04S\xd6m\x88\x08\x00\x00\x00\x00\x06\x00\
\x00\x00\x06Cancel\x07\x00\x00\x00\x13Im\
portWarningDialo\
g\x01\x03\x00\x00\x00\x04xn\x8b\xa4\x08\x00\x00\x00\x00\
\x06\x00\x00\x00\x07Confirm\x07\x00\x00\x00\
\x13ImportWarningDi\
alog\x01\x03\x00\x00\x00\x1cb\x11N\x86\x89\xe3\
\x98\xce\x96i^v^\x0cg\x1b[\xfcQekd\
\x81\x1ag,0\x02\x08\x00\x00\x00\x00\x06\x00\x00\x006\
I understand the\
 risks and want \
to import this s\
cript.\x07\x00\x00\x00\x13Impor\
tWarningDialog\x01\x03\
\x00\x00\x00x\x8b\xf7xnO\xdd`\xa8O\xe1N\xfb\
\x81\x1ag,S\xd1^\x03\x80\x05\xff\x0cg*~\xcf\
\x9a\x8c\x8b\xc1v\x84\x81\x1ag,S\xef\x80\xfdO\x1a\
\xff\x08OFN\x0d\x96PN\x8e\xff\x09z\x83S\xd6\
`\xa8v\x84\x8d&b7\x00/epcn\x00/\
\x91\xd1\x94\xb1\xff\x0cx4WO`\xa8v\x84ep\
cn\xff\x0cb\x16c_WO\x00/c\xa7R6\
`\xa8v\x84\x8b\xa1{\x97g:0\x02\x08\x00\x00\x00\
\x00\x06\x00\x00\x00\xabMake sure \
that you trust t\
he script publis\
her, unverified \
script can and n\
ot limited to st\
eal your account\
/ data money, de\
stroy your data,\
 harm/ controlli\
ng your computer\
.\x07\x00\x00\x00\x13ImportWarn\
ingDialog\x01\x03\x00\x00\x00\x04\x8b\
fTJ\x08\x00\x00\x00\x00\x06\x00\x00\x00\x07War\
ning\x07\x00\x00\x00\x13ImportW\
arningDialog\x01\x03\x00\x00\
\x00\x10b@g\x09e\x87N\xf6\x00 \x00(\x00*\
\x00)\x08\x00\x00\x00\x00\x06\x00\x00\x00\x0dAll \
Files (*)\x07\x00\x00\x00\x14La\
belAndFileSelect\
or\x01\x03\x00\x00\x00\x04mO\x89\xc8\x08\x00\x00\x00\
\x00\x06\x00\x00\x00\x06Browse\x07\x00\x00\x00\
\x14LabelAndFileSel\
ector\x01\x03\x00\x00\x00\x08\x90\x09b\xe9e\
\x87N\xf6\x08\x00\x00\x00\x00\x06\x00\x00\x00\x0bSel\
ect File\x07\x00\x00\x00\x14Lab\
elAndFileSelecto\
r\x01\x03\x00\x00\x00\x10\x90\x09b\xe9e\x87N\xf6b\
\x16e\x87N\xf6Y9\x08\x00\x00\x00\x00\x06\x00\x00\x00\
\x15Select File or \
Folder\x07\x00\x00\x00\x14Label\
AndFileSelector\x01\
\x03\x00\x00\x00\x0a\x90\x09b\xe9e\x87N\xf6Y9\x08\
\x00\x00\x00\x00\x06\x00\x00\x00\x0dSelect \
Folder\x07\x00\x00\x00\x14Label\
AndFileSelector\x01\
\x03\x00\x00\x00\x06S\xbb\x8b\xbe\x7fn\x08\x00\x00\x00\x00\
\x06\x00\x00\x00\x0cGo to Confi\
g\x07\x00\x00\x00\x0eLabelAndGl\
obal\x01\x03\x00\x00\x00\x02T&\x08\x00\x00\x00\
\x00\x06\x00\x00\x00\x02No\x07\x00\x00\x00\x14Lab\
elAndSwitchButto\
n\x01\x03\x00\x00\x00\x02f/\x08\x00\x00\x00\x00\x06\x00\
\x00\x00\x03Yes\x07\x00\x00\x00\x14Label\
AndSwitchButton\x01\
\x03\x00\x00\x00\x0e\x00D\x00i\x00s\x00c\x00o\x00\
r\x00d\x08\x00\x00\x00\x00\x06\x00\x00\x00\x07Dis\
cord\x07\x00\x00\x00\x08LinksBa\
r\x01\x03\x00\x00\x00\x08^8\x89\xc1\x95\xee\x98\x98\x08\
\x00\x00\x00\x00\x06\x00\x00\x00\x03FAQ\x07\x00\x00\x00\
\x08LinksBar\x01\x03\x00\x00\x00\x0c\x00\
G\x00i\x00t\x00H\x00u\x00b\x08\x00\x00\x00\x00\
\x06\x00\x00\x00\x06GitHub\x07\x00\x00\x00\x08\
LinksBar\x01\x03\x00\x00\x00\x0cR\x06\
N\xabN\x0b\x8f}\x94\xfec\xa5\x08\x00\x00\x00\x00\x06\
\x00\x00\x00\x05Share\x07\x00\x00\x00\x08Li\
nksBar\x01\x03\x00\x00\x00\x18R\x06N\xab\
\x94\xfec\xa5]\xf2~\xcfY\x0dR6R0Rj\
R\x07g\x7f\x08\x00\x00\x00\x00\x06\x00\x00\x00\x1eSh\
are Link copied \
to clipboard\x07\x00\x00\x00\
\x08LinksBar\x01\x03\x00\x00\x00\x04\x8d\
^R\xa9\x08\x00\x00\x00\x00\x06\x00\x00\x00\x07Spo\
nsor\x07\x00\x00\x00\x08LinksBa\
r\x01\x03\x00\x00\x00\x08Qh\x90\xe8~\xa7R+\x08\
\x00\x00\x00\x00\x06\x00\x00\x00\x0aAll Lev\
els\x07\x00\x00\x00\x09LogWindo\
w\x01\x03\x00\x00\x00\x04n\x05zz\x08\x00\x00\x00\x00\
\x06\x00\x00\x00\x05Clear\x07\x00\x00\x00\x09L\
ogWindow\x01\x03\x00\x00\x00\x04Qs\
\x95\xed\x08\x00\x00\x00\x00\x06\x00\x00\x00\x05Clos\
e\x07\x00\x00\x00\x09LogWindow\x01\
\x03\x00\x00\x00\x04b\xd6R\xa8\x08\x00\x00\x00\x00\x06\x00\
\x00\x00\x04Drag\x07\x00\x00\x00\x09LogW\
indow\x01\x03\x00\x00\x00\x0e\x8f\xc7n\xe4e\
\xe5_\xd7\x00.\x00.\x00.\x08\x00\x00\x00\x00\x06\x00\
\x00\x00\x0eFilter logs..\
.\x07\x00\x00\x00\x09LogWindow\x01\
\x03\x00\x00\x00\x08bS_\x00e\xe5_\xd7\x08\x00\x00\
\x00\x00\x06\x00\x00\x00\x09Open Logs\
\x07\x00\x00\x00\x09LogWindow\x01\x03\
\x00\x00\x00\x04f\x82P\x5c\x08\x00\x00\x00\x00\x06\x00\x00\
\x00\x05Pause\x07\x00\x00\x00\x09LogW\
indow\x01\x03\x00\x00\x00\x04\x7fn\x98v\x08\
\x00\x00\x00\x00\x06\x00\x00\x00\x03Pin\x07\x00\x00\x00\
\x09LogWindow\x01\x03\x00\x00\x00\x04\
~\xe7~\xed\x08\x00\x00\x00\x00\x06\x00\x00\x00\x06Re\
sume\x07\x00\x00\x00\x09LogWind\
ow\x01\x03\x00\x00\x00\x08S\xd6m\x88\x7fn\x98v\
\x08\x00\x00\x00\x00\x06\x00\x00\x00\x05Unpin\x07\
\x00\x00\x00\x09LogWindow\x01\x03\x00\
\x00\x00\x08g\xe5w\x0be\xe5_\xd7\x08\x00\x00\x00\x00\
\x06\x00\x00\x00\x08View Log\x07\x00\x00\
\x00\x09LogWindow\x01\x03\x00\x00\x00\
 {I_\x85\x00 \x00o\x00k\x00-\x00s\x00\
c\x00r\x00i\x00p\x00t\x00.\x00l\x00o\x00\
g\x08\x00\x00\x00\x00\x06\x00\x00\x00\x19Waiti\
ng for ok-script\
.log\x07\x00\x00\x00\x09LogWind\
ow\x01\x03\x00\x00\x00\x02ga\x08\x00\x00\x00\x00\x06\
\x00\x00\x00\x07records\x07\x00\x00\x00\x09\
LogWindow\x01\x03\x00\x00\x00\x04Q\
sN\x8e\x08\x00\x00\x00\x00\x06\x00\x00\x00\x05Abo\
ut\x07\x00\x00\x00\x0aMainWindo\
w\x01\x03\x00\x00\x00\x08b*V\xfee\xb9_\x0f\x08\
\x00\x00\x00\x00\x06\x00\x00\x00\x07Capture\
\x07\x00\x00\x00\x0aMainWindow\x01\
\x03\x00\x00\x00\x08b*V\xfe\x95\x19\x8b\xef\x08\x00\x00\
\x00\x00\x06\x00\x00\x00\x0dCapture E\
rror\x07\x00\x00\x00\x0aMainWin\
dow\x01\x03\x00\x00\x00\x08_\x00S\xd1]\xe5Q\
w\x08\x00\x00\x00\x00\x06\x00\x00\x00\x05Debug\
\x07\x00\x00\x00\x0aMainWindow\x01\
\x03\x00\x00\x00\x04\x95\x19\x8b\xef\x08\x00\x00\x00\x00\x06\x00\
\x00\x00\x05Error\x07\x00\x00\x00\x0aMai\
nWindow\x01\x03\x00\x00\x00\x04\x90\x00Q\
\xfa\x08\x00\x00\x00\x00\x06\x00\x00\x00\x04Exit\x07\
\x00\x00\x00\x0aMainWindow\x01\x03\
\x00\x00\x00\x04c\xd0y:\x08\x00\x00\x00\x00\x06\x00\x00\
\x00\x04Info\x07\x00\x00\x00\x0aMainW\
indow\x01\x03\x00\x00\x00\x06]\xf2f\x82P\
\x5c\x08\x00\x00\x00\x00\x06\x00\x00\x00\x0ePause\
 Success.\x07\x00\x00\x00\x0aMa\
inWindow\x01\x03\x00\x00\x00\x1a\x8b\xf7\
h\xc0g\xe5n8b\x0fz\x97S\xe3f/T&\
kcxn\x90\x09b\xe9\x08\x00\x00\x00\x00\x06\x00\x00\
\x00;Please check w\
hether the game \
window is select\
ed correctly!\x07\x00\x00\
\x00\x0aMainWindow\x01\x03\x00\x00\
\x00\x06kc_\x0frH\x08\x00\x00\x00\x00\x06\x00\x00\
\x00\x07Release\x07\x00\x00\x00\x0aMa\
inWindow\x01\x03\x00\x00\x00\x08\x8f\xd0\
\x88LN\xe3x\x01\x08\x00\x00\x00\x00\x06\x00\x00\x00\x08\
Run Code\x07\x00\x00\x00\x0aMai\
nWindow\x01\x03\x00\x00\x00\x08\x8b\xa1R\
\x12N\xfbR\xa1\x08\x00\x00\x00\x00\x06\x00\x00\x00\x08S\
chedule\x07\x00\x00\x00\x0aMain\
Window\x01\x03\x00\x00\x00\x04\x81\x1ag,\
\x08\x00\x00\x00\x00\x06\x00\x00\x00\x06Script\
\x07\x00\x00\x00\x0aMainWindow\x01\
\x03\x00\x00\x00\x04\x8b\xbe\x7fn\x08\x00\x00\x00\x00\x06\x00\
\x00\x00\x08Settings\x07\x00\x00\x00\x0a\
MainWindow\x01\x03\x00\x00\x00\x08\
T/R\xa8b\x10R\x9f\x08\x00\x00\x00\x00\x06\x00\x00\
\x00\x0eStart Success.\
\x07\x00\x00\x00\x0aMainWindow\x01\
\x03\x00\x00\x00\x04N\xfbR\xa1\x08\x00\x00\x00\x00\x06\x00\
\x00\x00\x05Tasks\x07\x00\x00\x00\x0aMai\
nWindow\x01\x03\x00\x00\x00\x04j!g\
\x7f\x08\x00\x00\x00\x00\x06\x00\x00\x00\x09Templ\
ates\x07\x00\x00\x00\x0aMainWin\
dow\x01\x03\x00\x00\x008\x8f\xd9f/N\x00N\
*QM\x8d9\x8foN\xf6\x00,\x00 Y\x82g\
\x9cO`N\xceN\xfbOUW0e\xb9\x8d-N\
p\x00,\x00 \x8b\xf7u3\x8b\xf7\x90\x00k>\x00\
!\x08\x00\x00\x00\x00\x06\x00\x00\x00ZThis \
is a free softwa\
re. If you purch\
ased this anywhe\
re, request a re\
fund from the se\
ller.\x07\x00\x00\x00\x0aMainWi\
ndow\x01\x03\x00\x00\x00\x08[\x9ee\xf6\x89\xe6\
S\xd1\x08\x00\x00\x00\x00\x06\x00\x00\x00\x08Trig\
gers\x07\x00\x00\x00\x0aMainWin\
dow\x01\x03\x00\x00\x00\x08f\xf4e\xb0rHg\
,\x08\x00\x00\x00\x00\x06\x00\x00\x00\x06Updat\
e\x07\x00\x00\x00\x0aMainWindow\
\x01\x03\xff\xff\xff\xff\x08\x00\x00\x00\x00\x06\x00\x00\x00\x06\
\xe6\xbf\x80\xe6\xb4\xbb\x07\x00\x00\x00\x0aMainW\
indow\x01\x03\x00\x00\x00\x0cR \x96d\x00\
 \x00(\x00D\x00)\x08\x00\x00\x00\x00\x06\x00\x00\x00\
\x0aDelete (D)\x07\x00\x00\x00\x0c\
MarkUpWindow\x01\x03\x00\x00\
\x00\x0c~\xd8R6\x00 \x00(\x00R\x00)\x08\x00\
\x00\x00\x00\x06\x00\x00\x00\x08Draw (R)\
\x07\x00\x00\x00\x0cMarkUpWindo\
w\x01\x03\x00\x00\x00\x0ah\x07l\xe8\x7f\x16\x8f\x91V\
h\x08\x00\x00\x00\x00\x06\x00\x00\x00\x0dMarku\
p Editor\x07\x00\x00\x00\x0cMar\
kUpWindow\x01\x03\x00\x00\x00\x0eO\
\xeee9\x00 \x00(S\xccQ\xfb\x00)\x08\x00\x00\
\x00\x00\x06\x00\x00\x00\x15Modify (D\
ouble Click)\x07\x00\x00\x00\
\x0cMarkUpWindow\x01\x03\x00\
\x00\x00\x10S\xf3\x95.p\xb9Q\xfbY\x0dR6\x98\
\x9c\x82r\x08\x00\x00\x00\x00\x06\x00\x00\x00\x19Rig\
ht click to copy\
 color\x07\x00\x00\x00\x0cMarkU\
pWindow\x01\x03\x00\x00\x00\x04xn\x8b\
\xa4\x08\x00\x00\x00\x00\x06\x00\x00\x00\x07Confi\
rm\x07\x00\x00\x00\x0dMessageWi\
ndow\x01\x03\x00\x00\x00\x04m\xfbR\xa0\x08\x00\
\x00\x00\x00\x06\x00\x00\x00\x03Add\x07\x00\x00\x00\x10\
ModifyListDialog\
\x01\x03\x00\x00\x00\x08S\xefu(\x90\x09\x98y\x08\x00\
\x00\x00\x00\x06\x00\x00\x00\x11Availabl\
e Options\x07\x00\x00\x00\x10Mo\
difyListDialog\x01\x03\
\x00\x00\x00\x04S\xd6m\x88\x08\x00\x00\x00\x00\x06\x00\x00\
\x00\x06Cancel\x07\x00\x00\x00\x10Mod\
ifyListDialog\x01\x03\x00\
\x00\x00\x10p\xb9Q\xfb\x90\x09\x98yN\xe5m\xfbR\
\xa00\x02\x08\x00\x00\x00\x00\x06\x00\x00\x00\x1aCli\
ck an option to \
add it.\x07\x00\x00\x00\x10Modi\
fyListDialog\x01\x03\x00\x00\
\x00\x04xn\x8b\xa4\x08\x00\x00\x00\x00\x06\x00\x00\x00\x07\
Confirm\x07\x00\x00\x00\x10Modi\
fyListDialog\x01\x03\x00\x00\
\x00\x04O\xeee9\x08\x00\x00\x00\x00\x06\x00\x00\x00\x06\
Modify\x07\x00\x00\x00\x10Modif\
yListDialog\x01\x03\x00\x00\x00\
\x04N\x0by\xfb\x08\x00\x00\x00\x00\x06\x00\x00\x00\x09M\
ove Down\x07\x00\x00\x00\x10Mod\
ifyListDialog\x01\x03\x00\
\x00\x00\x04N\x0ay\xfb\x08\x00\x00\x00\x00\x06\x00\x00\x00\
\x07Move Up\x07\x00\x00\x00\x10Mod\
ifyListDialog\x01\x03\x00\
\x00\x00\x04y\xfb\x96d\x08\x00\x00\x00\x00\x06\x00\x00\x00\
\x06Remove\x07\x00\x00\x00\x10Modi\
fyListDialog\x01\x03\x00\x00\
\x00\x0ed\x1c}\x22\x90\x09\x98y\x00.\x00.\x00.\
\x08\x00\x00\x00\x00\x06\x00\x00\x00\x11Search\
 options...\x07\x00\x00\x00\x10\
ModifyListDialog\
\x01\x03\x00\x00\x00\x08]\xf2\x90\x09\x90\x09\x98y\x08\x00\
\x00\x00\x00\x06\x00\x00\x00\x10Selected\
 Options\x07\x00\x00\x00\x10Mod\
ifyListDialog\x01\x03\x00\
\x00\x00\x04O\xeee9\x08\x00\x00\x00\x00\x06\x00\x00\x00\
\x06Modify\x07\x00\x00\x00\x0eModi\
fyListItem\x01\x03\x00\x00\x00\x12\
\xff\x08\x000\x00 \x00=\x00 N\x0dT/u(\
\xff\x09\x08\x00\x00\x00\x00\x06\x00\x00\x00\x0e(0 =\
 disabled)\x07\x00\x00\x00\x18M\
odifyScheduleTas\
kDialog\x01\x03\x00\x00\x00\x0a\x002\x00\
4\x5c\x0fe\xf6R6\x08\x00\x00\x00\x00\x06\x00\x00\x00\
\x0324h\x07\x00\x00\x00\x18ModifyS\
cheduleTaskDialo\
g\x01\x03\x00\x00\x00\x1cN\xfbR\xa1[\x8cb\x10T\
\x0e\x81\xeaR\xa8\x90\x00Q\xfa\x00 \x00(\x00-\x00\
e\x00)\x08\x00\x00\x00\x00\x06\x00\x00\x00\x1eAut\
o exit after tas\
k done (-e)\x07\x00\x00\x00\x18\
ModifyScheduleTa\
skDialog\x01\x03\x00\x00\x00\x04S\xd6\
m\x88\x08\x00\x00\x00\x00\x06\x00\x00\x00\x06Canc\
el\x07\x00\x00\x00\x18ModifySch\
eduleTaskDialog\x01\
\x03\x00\x00\x00\x06\x81\xea[\x9aNI\x08\x00\x00\x00\x00\
\x06\x00\x00\x00\x06Custom\x07\x00\x00\x00\x18\
ModifyScheduleTa\
skDialog\x01\x03\x00\x00\x00\x0e\x81\xea\
[\x9aNIe\xf6\x95\xf4\x8b\xbe\x7fn\x08\x00\x00\x00\
\x00\x06\x00\x00\x00\x0fCustom Int\
erval\x07\x00\x00\x00\x18Modify\
ScheduleTaskDial\
og\x01\x03\x00\x00\x00\x04k\xcfY)\x08\x00\x00\x00\
\x00\x06\x00\x00\x00\x05Daily\x07\x00\x00\x00\x18\
ModifyScheduleTa\
skDialog\x01\x03\x00\x00\x00\x02Y)\
\x08\x00\x00\x00\x00\x06\x00\x00\x00\x04Days\x07\x00\
\x00\x00\x18ModifySchedul\
eTaskDialog\x01\x03\x00\x00\x00\
\x02e\xf6\x08\x00\x00\x00\x00\x06\x00\x00\x00\x04Hou\
r\x07\x00\x00\x00\x18ModifySche\
duleTaskDialog\x01\x03\
\x00\x00\x00\x04\x5c\x0fe\xf6\x08\x00\x00\x00\x00\x06\x00\x00\
\x00\x05Hours\x07\x00\x00\x00\x18Modi\
fyScheduleTaskDi\
alog\x01\x03\x00\x00\x00\x02R\x06\x08\x00\x00\x00\
\x00\x06\x00\x00\x00\x06Minute\x07\x00\x00\x00\
\x18ModifyScheduleT\
askDialog\x01\x03\x00\x00\x00\x04O\
\xeee9\x08\x00\x00\x00\x00\x06\x00\x00\x00\x06Mod\
ify\x07\x00\x00\x00\x18ModifySc\
heduleTaskDialog\
\x01\x03\x00\x00\x00\x0cO\xeee9\x8b\xa1R\x12N\xfb\
R\xa1\x08\x00\x00\x00\x00\x06\x00\x00\x00\x14Modi\
fy Schedule Task\
\x07\x00\x00\x00\x18ModifySched\
uleTaskDialog\x01\x03\x00\
\x00\x00\x04k\xcfg\x08\x08\x00\x00\x00\x00\x06\x00\x00\x00\
\x07Monthly\x07\x00\x00\x00\x18Mod\
ifyScheduleTaskD\
ialog\x01\x03\x00\x00\x00\x04N\x00k!\x08\
\x00\x00\x00\x00\x06\x00\x00\x00\x04Once\x07\x00\x00\
\x00\x18ModifySchedule\
TaskDialog\x01\x03\x00\x00\x00\x08\
_\x00Y\xcbe\xf6\x95\xf4\x08\x00\x00\x00\x00\x06\x00\x00\
\x00\x0aStart Time\x07\x00\x00\x00\
\x18ModifyScheduleT\
askDialog\x01\x03\x00\x00\x00\x08T\
/R\xa8\x90\x09\x98y\x08\x00\x00\x00\x00\x06\x00\x00\x00\
\x0fStartup Options\
\x07\x00\x00\x00\x18ModifySched\
uleTaskDialog\x01\x03\x00\
\x00\x00\x12N\xfbR\xa1}\x22_\x15\x00 \x00(\x00\
-\x00t\x00)\x08\x00\x00\x00\x00\x06\x00\x00\x00\x0fT\
ask Index (-t)\x07\x00\
\x00\x00\x18ModifySchedul\
eTaskDialog\x01\x03\x00\x00\x00\
\x08N\xfbR\xa1T\x0dy\xf0\x08\x00\x00\x00\x00\x06\x00\
\x00\x00\x09Task Name\x07\x00\x00\x00\
\x18ModifyScheduleT\
askDialog\x01\x03\x00\x00\x00\x08\x8d\
\x85e\xf6e\xf6\x95\xf4\x08\x00\x00\x00\x00\x06\x00\x00\x00\
\x07Timeout\x07\x00\x00\x00\x18Mod\
ifyScheduleTaskD\
ialog\x01\x03\x00\x00\x00\x08\x89\xe6S\xd1|\
{W\x8b\x08\x00\x00\x00\x00\x06\x00\x00\x00\x0cTri\
gger Type\x07\x00\x00\x00\x18Mo\
difyScheduleTask\
Dialog\x01\x03\x00\x00\x00\x04k\xcfTh\
\x08\x00\x00\x00\x00\x06\x00\x00\x00\x06Weekly\
\x07\x00\x00\x00\x18ModifySched\
uleTaskDialog\x01\x03\x00\
\x00\x00\x16\x5c\x0fe\xf6\xff\x08\x000\x00 \x00=\x00\
 e\xe0\x96PR6\xff\x09\x08\x00\x00\x00\x00\x06\x00\
\x00\x00\x15hours (0 = un\
limited)\x07\x00\x00\x00\x18Mod\
ifyScheduleTaskD\
ialog\x01\x03\x00\x00\x00 O`xn[\
\x9a\x89\x81R \x96d\x81\x1ag,\x00 \x00\x22\x00\
{\x00}\x00\x22\x00 T\x17\xff\x1f\x08\x00\x00\x00\x00\
\x06\x00\x00\x000Are you sur\
e you want to de\
lete the script \
\x22{}\x22?\x07\x00\x00\x00\x0eOneTim\
eTaskTab\x01\x03\x00\x00\x00\x08\x90\x09\
b\xe9z\x97S\xe3\x08\x00\x00\x00\x00\x06\x00\x00\x00\x0d\
Choose Window\x07\x00\x00\
\x00\x0eOneTimeTaskTab\
\x01\x03\x00\x00\x00\x06]\xf2[\x8cb\x10\x08\x00\x00\x00\
\x00\x06\x00\x00\x00\x09Completed\x07\
\x00\x00\x00\x0eOneTimeTaskT\
ab\x01\x03\x00\x00\x00\x08xn\x8b\xa4R \x96d\
\x08\x00\x00\x00\x00\x06\x00\x00\x00\x0eConfir\
m Delete\x07\x00\x00\x00\x0eOne\
TimeTaskTab\x01\x03\x00\x00\x00\
\x08R \x96d\x81\x1ag,\x08\x00\x00\x00\x00\x06\x00\
\x00\x00\x0dDelete Script\
\x07\x00\x00\x00\x0eOneTimeTask\
Tab\x01\x03\x00\x00\x00\x04O\xe1`o\x08\x00\x00\
\x00\x00\x06\x00\x00\x00\x04Info\x07\x00\x00\x00\x0e\
OneTimeTaskTab\x01\x03\
\x00\x00\x00\x06\x8f\xd0\x88LN-\x08\x00\x00\x00\x00\x06\
\x00\x00\x00\x07Running\x07\x00\x00\x00\x0e\
OneTimeTaskTab\x01\x03\
\x00\x00\x00\x02P<\x08\x00\x00\x00\x00\x06\x00\x00\x00\x05\
Value\x07\x00\x00\x00\x0eOneTim\
eTaskTab\x01\x03\x00\x00\x00\x04\x95\x19\
\x8b\xef\x08\x00\x00\x00\x00\x06\x00\x00\x00\x03app\x07\
\x00\x00\x00\x10QCoreApplica\
tion\x01\x03\x00\x00\x00\x0exn[\x9a\x89\x81\
R \x96dN\xfbR\xa1\x08\x00\x00\x00\x00\x06\x00\x00\
\x00$Are you sure y\
ou want to delet\
e task\x07\x00\x00\x00\x0fSched\
uleTaskTab\x01\x03\x00\x00\x00\x04\
S\xd6m\x88\x08\x00\x00\x00\x00\x06\x00\x00\x00\x06Ca\
ncel\x07\x00\x00\x00\x0fSchedul\
eTaskTab\x01\x03\x00\x00\x00\x08R\x1b\
^\xfaN\xfbR\xa1\x08\x00\x00\x00\x00\x06\x00\x00\x00\x0b\
Create Task\x07\x00\x00\x00\x0f\
ScheduleTaskTab\x01\
\x03\x00\x00\x00\x04R \x96d\x08\x00\x00\x00\x00\x06\x00\
\x00\x00\x06Delete\x07\x00\x00\x00\x0fSc\
heduleTaskTab\x01\x03\x00\
\x00\x00\x08R \x96dN\xfbR\xa1\x08\x00\x00\x00\x00\
\x06\x00\x00\x00\x0bDelete Task\
\x07\x00\x00\x00\x0fScheduleTas\
kTab\x01\x03\x00\x00\x00\x04\x95\x19\x8b\xef\x08\x00\
\x00\x00\x00\x06\x00\x00\x00\x05Error\x07\x00\x00\
\x00\x0fScheduleTaskTa\
b\x01\x03\x00\x00\x00\x0cR\x1b^\xfaN\xfbR\xa1Y\
1\x8d%\x08\x00\x00\x00\x00\x06\x00\x00\x00\x15Fai\
led to create ta\
sk\x07\x00\x00\x00\x0fScheduleT\
askTab\x01\x03\x00\x00\x00\x0cR \x96d\
N\xfbR\xa1Y1\x8d%\x08\x00\x00\x00\x00\x06\x00\x00\
\x00\x15Failed to dele\
te task\x07\x00\x00\x00\x0fSche\
duleTaskTab\x01\x03\x00\x00\x00\
\x0cR\xa0\x8f}N\xfbR\xa1Y1\x8d%\x08\x00\x00\
\x00\x00\x06\x00\x00\x00\x14Failed to\
 load tasks\x07\x00\x00\x00\x0f\
ScheduleTaskTab\x01\
\x03\x00\x00\x00\x0cO\xeee9N\xfbR\xa1Y1\x8d\
%\x08\x00\x00\x00\x00\x06\x00\x00\x00\x15Faile\
d to modify task\
\x07\x00\x00\x00\x0fScheduleTas\
kTab\x01\x03\x00\x00\x00\x1cO\xeee9N\xfb\
R\xa1Y1\x8d%\xff\x1ae\xe0l\xd5R \x96d\
e\xe7N\xfbR\xa1\x08\x00\x00\x00\x00\x06\x00\x00\x00-\
Failed to modify\
 task: cannot de\
lete old task\x07\x00\x00\
\x00\x0fScheduleTaskTa\
b\x01\x03\x00\x00\x00\x12bS_\x00O\xeee9[\
\xf9\x8b\xddhFY1\x8d%\x08\x00\x00\x00\x00\x06\x00\
\x00\x00\x1cFailed to ope\
n modify dialog\x07\
\x00\x00\x00\x0fScheduleTask\
Tab\x01\x03\x00\x00\x00\x10R\x07cbN\xfbR\
\xa1r\xb6`\x01Y1\x8d%\x08\x00\x00\x00\x00\x06\x00\
\x00\x00\x15Failed to tog\
gle task\x07\x00\x00\x00\x0fSch\
eduleTaskTab\x01\x03\x00\x00\
\x00\x04R7e\xb0\x08\x00\x00\x00\x00\x06\x00\x00\x00\x07\
Refresh\x07\x00\x00\x00\x0fSche\
duleTaskTab\x01\x03\x00\x00\x00\
\x08R7e\xb0Y1\x8d%\x08\x00\x00\x00\x00\x06\x00\
\x00\x00\x0eRefresh faile\
d\x07\x00\x00\x00\x0fScheduleTa\
skTab\x01\x03\x00\x00\x00\x08\x8b\xa1R\x12N\
\xfbR\xa1\x08\x00\x00\x00\x00\x06\x00\x00\x00\x0eSch\
edule Tasks\x07\x00\x00\x00\x0f\
ScheduleTaskTab\x01\
\x03\x00\x00\x00\x04b\x10R\x9f\x08\x00\x00\x00\x00\x06\x00\
\x00\x00\x07Success\x07\x00\x00\x00\x0fS\
cheduleTaskTab\x01\x03\
\x00\x00\x00\x0cN\xfbR\xa1R\x1b^\xfab\x10R\x9f\
\x08\x00\x00\x00\x00\x06\x00\x00\x00\x19Task c\
reated successfu\
lly\x07\x00\x00\x00\x0fSchedule\
TaskTab\x01\x03\x00\x00\x00\x0cN\xfbR\
\xa1R \x96db\x10R\x9f\x08\x00\x00\x00\x00\x06\x00\
\x00\x00\x19Task deleted \
successfully\x07\x00\x00\x00\
\x0fScheduleTaskTab\
\x01\x03\x00\x00\x00\x0aN\xfbR\xa1]\xf2y\x81u(\
\x08\x00\x00\x00\x00\x06\x00\x00\x00\x0dTask d\
isabled\x07\x00\x00\x00\x0fSche\
duleTaskTab\x01\x03\x00\x00\x00\
\x0aN\xfbR\xa1]\xf2T/u(\x08\x00\x00\x00\x00\
\x06\x00\x00\x00\x0cTask enable\
d\x07\x00\x00\x00\x0fScheduleTa\
skTab\x01\x03\x00\x00\x00\x0cN\xfbR\xa1O\
\xeee9b\x10R\x9f\x08\x00\x00\x00\x00\x06\x00\x00\x00\
\x1aTask modified s\
uccessfully\x07\x00\x00\x00\x0f\
ScheduleTaskTab\x01\
\x03\x00\x00\x00\x10\x7f\x13[XN-g*b~R\
0N\xfbR\xa1\x08\x00\x00\x00\x00\x06\x00\x00\x00\x17T\
ask not found in\
 cache\x07\x00\x00\x00\x0fSched\
uleTaskTab\x01\x03\x00\x00\x00\x0a\
N\xfbR\xa1]\xf2R7e\xb0\x08\x00\x00\x00\x00\x06\
\x00\x00\x00\x0fTasks refres\
hed\x07\x00\x00\x00\x0fSchedule\
TaskTab\x01\x03\x00\x00\x00\x04d\xcdO\
\x5c\x08\x00\x00\x00\x00\x06\x00\x00\x00\x07Actio\
ns\x07\x00\x00\x00\x11ScheduleT\
askTable\x01\x03\x00\x00\x00\x06\x81\xea\
[\x9aNI\x08\x00\x00\x00\x00\x06\x00\x00\x00\x06Cu\
stom\x07\x00\x00\x00\x11Schedul\
eTaskTable\x01\x03\x00\x00\x00\x04\
k\xcfY)\x08\x00\x00\x00\x00\x06\x00\x00\x00\x05Da\
ily\x07\x00\x00\x00\x11Schedule\
TaskTable\x01\x03\x00\x00\x00\x04R\
 \x96d\x08\x00\x00\x00\x00\x06\x00\x00\x00\x06Del\
ete\x07\x00\x00\x00\x11Schedule\
TaskTable\x01\x03\x00\x00\x00\x06]\
\xf2y\x81u(\x08\x00\x00\x00\x00\x06\x00\x00\x00\x08D\
isabled\x07\x00\x00\x00\x11Sche\
duleTaskTable\x01\x03\x00\
\x00\x00\x06]\xf2T/u(\x08\x00\x00\x00\x00\x06\x00\
\x00\x00\x07Enabled\x07\x00\x00\x00\x11S\
cheduleTaskTable\
\x01\x03\x00\x00\x00\x04O\xeee9\x08\x00\x00\x00\x00\x06\
\x00\x00\x00\x06Modify\x07\x00\x00\x00\x11S\
cheduleTaskTable\
\x01\x03\x00\x00\x00\x04k\xcfg\x08\x08\x00\x00\x00\x00\x06\
\x00\x00\x00\x07Monthly\x07\x00\x00\x00\x11\
ScheduleTaskTabl\
e\x01\x03\x00\x00\x00\x08N\x0bk!\x8f\xd0\x88L\x08\
\x00\x00\x00\x00\x06\x00\x00\x00\x08Next Ru\
n\x07\x00\x00\x00\x11ScheduleTa\
skTable\x01\x03\x00\x00\x00\x04N\x00k\
!\x08\x00\x00\x00\x00\x06\x00\x00\x00\x04Once\x07\
\x00\x00\x00\x11ScheduleTask\
Table\x01\x03\x00\x00\x00\x04\x5c1~\xea\x08\
\x00\x00\x00\x00\x06\x00\x00\x00\x05Ready\x07\x00\
\x00\x00\x11ScheduleTaskT\
able\x01\x03\x00\x00\x00\x06\x8f\xd0\x88LN-\
\x08\x00\x00\x00\x00\x06\x00\x00\x00\x07Runnin\
g\x07\x00\x00\x00\x11ScheduleTa\
skTable\x01\x03\x00\x00\x00\x04r\xb6`\
\x01\x08\x00\x00\x00\x00\x06\x00\x00\x00\x06Statu\
s\x07\x00\x00\x00\x11ScheduleTa\
skTable\x01\x03\x00\x00\x00\x08N\xfbR\
\xa1T\x0dy\xf0\x08\x00\x00\x00\x00\x06\x00\x00\x00\x09T\
ask Name\x07\x00\x00\x00\x11Sch\
eduleTaskTable\x01\x03\
\x00\x00\x00\x08\x89\xe6S\xd1|{W\x8b\x08\x00\x00\x00\
\x00\x06\x00\x00\x00\x0cTrigger Ty\
pe\x07\x00\x00\x00\x11ScheduleT\
askTable\x01\x03\x00\x00\x00\x04g*\
w\xe5\x08\x00\x00\x00\x00\x06\x00\x00\x00\x07Unkn\
own\x07\x00\x00\x00\x11Schedule\
TaskTable\x01\x03\x00\x00\x00\x04k\
\xcfTh\x08\x00\x00\x00\x00\x06\x00\x00\x00\x06Wee\
kly\x07\x00\x00\x00\x11Schedule\
TaskTable\x01\x03\x00\x00\x006\x00\
A\x00D\x00Bb*V\xfe\x00(e/c\x01T\
\x0eS\xf0\x00,\x00 Q|[\xb9`'\x9a\xd8\x00\
,\x00 \x90\x1f^\xa6ab\x00,\x00 ^\xf6\x8f\
\xdf\x9a\xd8\x00)\x08\x00\x00\x00\x00\x06\x00\x00\x00@A\
DB(Supports Back\
ground, Slow, Hi\
gh Compatibility\
, High Latency)\x07\
\x00\x00\x00\x15SelectCaptur\
eListView\x01\x03\x00\x00\x00\x22\x00\
B\x00i\x00t\x00B\x00l\x00t\x00 \x00-\x00\
 g\x00_\xeb\xff\x0cQ|[\xb9`'g\x00]\
\xee\x08\x00\x00\x00\x00\x06\x00\x00\x00\x06BitBl\
t\x07\x00\x00\x00\x15SelectCapt\
ureListView\x01\x03\x00\x00\x00\
6\x00B\x00i\x00t\x00B\x00l\x00t\x00_\x00\
R\x00e\x00n\x00d\x00e\x00r\x00F\x00u\x00\
l\x00l\x00 \x00-\x00 ab\xff\x0cQ|[\
\xb9`'g\x00Y}\x08\x00\x00\x00\x00\x06\x00\x00\x00\
\x11BitBlt_RenderFu\
ll\x07\x00\x00\x00\x15SelectCap\
tureListView\x01\x03\x00\x00\
\x00\x0amO\x89\xc8Vhb*V\xfe\x08\x00\x00\x00\
\x00\x06\x00\x00\x00\x0fBrowser Ca\
pture\x07\x00\x00\x00\x15Select\
CaptureListView\x01\
\x03\x00\x00\x00\x18\x00D\x00X\x00G\x00I\x00 \x00\
-\x00 g\x00ab\xff\x0cY\x07u(\x08\x00\x00\
\x00\x00\x06\x00\x00\x00\x04DXGI\x07\x00\x00\x00\x15\
SelectCaptureLis\
tView\x01\x03\x00\x00\x00*j!b\xdfV\
hz\x97S\xe3\x00(e/c\x01T\x0eS\xf0\x00\
,\x00 \x90\x1f^\xa6_\xeb\x00,\x00 ^\xf6\x8f\
\xdfON\x00)\x08\x00\x00\x00\x00\x06\x00\x00\x007E\
mulator Window(S\
upports Backgrou\
nd, Fast, Low La\
tency)\x07\x00\x00\x00\x15Selec\
tCaptureListView\
\x01\x03\x00\x00\x00\x08n8b\x0fz\x97S\xe3\x08\x00\
\x00\x00\x00\x06\x00\x00\x00\x0bGame Win\
dow\x07\x00\x00\x00\x15SelectCa\
ptureListView\x01\x03\x00\
\x00\x00>S\x9fu\x1f\x00(\x00M\x00u\x00M\x00\
u\x00P\x00l\x00a\x00y\x00e\x00r\x001\x00\
2\x00 \x00v\x00e\x00r\x00s\x00i\x00o\x00\
n\x00 \x00>\x00=\x00 \x004\x00.\x000\x00\
)\x08\x00\x00\x00\x00\x06\x00\x00\x00!Ipc (\
MuMuPlayer12 ver\
sion >= 4.0)\x07\x00\x00\x00\
\x15SelectCaptureLi\
stView\x01\x03\x00\x00\x00\x1e\x00W\x00G\
\x00C\x00 \x00-\x00 \x00>\x00=\x00W\x00i\
\x00n\x001\x000\xff\x0c_\xeb\x08\x00\x00\x00\x00\x06\
\x00\x00\x00\x03WGC\x07\x00\x00\x00\x15Sele\
ctCaptureListVie\
w\x01\x03\x00\x00\x00&\x00A\x00D\x00B\x00I\x00\
n\x00t\x00e\x00r\x00a\x00c\x00t\x00i\x00\
o\x00n\x00 \x00-\x00 T\x0eS\xf0\x08\x00\x00\
\x00\x00\x06\x00\x00\x00\x0eADBIntera\
ction\x07\x00\x00\x00\x19Select\
InteractionListV\
iew\x01\x03\x00\x00\x00.\x00B\x00r\x00o\x00\
w\x00s\x00e\x00r\x00I\x00n\x00t\x00e\x00\
r\x00a\x00c\x00t\x00i\x00o\x00n\x00 \x00\
-\x00 T\x0eS\xf0\x08\x00\x00\x00\x00\x06\x00\x00\x00\
\x12BrowserInteract\
ion\x07\x00\x00\x00\x19SelectIn\
teractionListVie\
w\x01\x03\x00\x00\x004\x00G\x00e\x00n\x00s\x00\
h\x00i\x00n\x00 \x00-\x00 T\x0eS\xf0\xff\
\x0ce/c\x01\x90\xe8R\x06\x00 \x00U\x00n\x00\
i\x00t\x00y\x00 n8b\x0f\x08\x00\x00\x00\x00\
\x06\x00\x00\x00\x07Genshin\x07\x00\x00\x00\
\x19SelectInteracti\
onListView\x01\x03\x00\x00\x00:\
\x00P\x00o\x00s\x00t\x00M\x00e\x00s\x00s\
\x00a\x00g\x00e\x00 \x00-\x00 T\x0eS\xf0\
\xff\x0cQ|[\xb9Y'Y\x1aep^\x94u(\
T\x8c\x5c\x11epn8b\x0f\x08\x00\x00\x00\x00\x06\
\x00\x00\x00\x0bPostMessage\x07\
\x00\x00\x00\x19SelectIntera\
ctionListView\x01\x03\x00\
\x00\x00.\x00P\x00y\x00D\x00i\x00r\x00e\x00\
c\x00t\x00 \x00-\x00 RMS\xf0\xff\x0c\x00\
P\x00y\x00n\x00p\x00u\x00t\x00 Y\x07u\
(\x08\x00\x00\x00\x00\x06\x00\x00\x00\x08PyDir\
ect\x07\x00\x00\x00\x19SelectIn\
teractionListVie\
w\x01\x03\x00\x00\x00\x22\x00P\x00y\x00n\x00p\x00\
u\x00t\x00 \x00-\x00 RMS\xf0\xff\x0cQ\
|[\xb9`'g\x00Y}\x08\x00\x00\x00\x00\x06\x00\
\x00\x00\x06Pynput\x07\x00\x00\x00\x19Se\
lectInteractionL\
istView\x01\x03\x00\x00\x00\x04QsN\
\x8e\x08\x00\x00\x00\x00\x06\x00\x00\x00\x05About\
\x07\x00\x00\x00\x0aSettingTab\x01\
\x03\x00\x00\x00\x08\x8foN\xf6\x8b\xbe\x7fn\x08\x00\x00\
\x00\x00\x06\x00\x00\x00\x0aApp Confi\
g\x07\x00\x00\x00\x0aSettingTab\
\x01\x03\x00\x00\x00\x08\x8foN\xf6\x8b\xbe\x7fn\x08\x00\
\x00\x00\x00\x06\x00\x00\x00\x0cApp Sett\
ings\x07\x00\x00\x00\x0aSetting\
Tab\x01\x03\x00\x00\x00\x08^\x94u(N;\x98\
\x98\x08\x00\x00\x00\x00\x06\x00\x00\x00\x11Appli\
cation Theme\x07\x00\x00\x00\
\x0aSettingTab\x01\x03\x00\x00\x00\
\x12e9S\xd8^\x94u(z\x0b^\x8fv\x84Y\
\x16\x89\xc2\x08\x00\x00\x00\x00\x06\x00\x00\x00(Cha\
nge the appearan\
ce of the applic\
ation\x07\x00\x00\x00\x0aSettin\
gTab\x01\x03\x00\x00\x00\x08h\xc0g\xe5f\xf4\
e\xb0\x08\x00\x00\x00\x00\x06\x00\x00\x00\x0cChec\
k update\x07\x00\x00\x00\x0aSet\
tingTab\x01\x03\x00\x00\x00\x10\x91M\x7f\
nW(\x91\xcdT/T\x0eu\x1feH\x08\x00\x00\
\x00\x00\x06\x00\x00\x00(Configura\
tion takes effec\
t after restart\x07\
\x00\x00\x00\x0aSettingTab\x01\x03\
\x00\x00\x00\x04m\xf1\x82r\x08\x00\x00\x00\x00\x06\x00\x00\
\x00\x04Dark\x07\x00\x00\x00\x0aSetti\
ngTab\x01\x03\x00\x00\x00DS\xd1s\xb0e\
\xb0R\x9f\x80\xfd^v[fN`g\x09Qs\x00\
P\x00y\x00Q\x00t\x00-\x00F\x00l\x00u\x00\
e\x00n\x00t\x00-\x00W\x00i\x00d\x00g\x00\
e\x00t\x00sv\x84g\x09u(c\xd0y:\x08\
\x00\x00\x00\x00\x06\x00\x00\x00EDiscove\
r new features a\
nd learn useful \
tips about PyQt-\
Fluent-Widgets\x07\x00\
\x00\x00\x0aSettingTab\x01\x03\x00\
\x00\x00\x04^.R\xa9\x08\x00\x00\x00\x00\x06\x00\x00\x00\
\x04Help\x07\x00\x00\x00\x0aSettin\
gTab\x01\x03\x00\x00\x00\x04\x8b\xed\x8a\x00\x08\x00\
\x00\x00\x00\x06\x00\x00\x00\x08Language\
\x07\x00\x00\x00\x0aSettingTab\x01\
\x03\x00\x00\x00\x04mE\x82r\x08\x00\x00\x00\x00\x06\x00\
\x00\x00\x05Light\x07\x00\x00\x00\x0aSet\
tingTab\x01\x03\x00\x00\x00\x0cbS_\
\x00^.R\xa9\x98u\x97b\x08\x00\x00\x00\x00\x06\x00\
\x00\x00\x0eOpen help pag\
e\x07\x00\x00\x00\x0aSettingTab\
\x01\x03\x00\x00\x00\x0c\x90\x09b\xe9O`v\x84\x8b\xed\
\x8a\x00\x08\x00\x00\x00\x00\x06\x00\x00\x00\x1bSet \
your preferred l\
anguage\x07\x00\x00\x00\x0aSett\
ingTab\x01\x03\x00\x00\x00\x12\x8b\xbe\x7fn\
\x00U\x00Iv\x84\x99\x96\x90\x09\x8b\xed\x8a\x00\x08\x00\
\x00\x00\x00\x06\x00\x00\x00\x22Set your\
 preferred langu\
age for UI\x07\x00\x00\x00\x0aS\
ettingTab\x01\x03\x00\x00\x00\x04\x8b\
\xbe\x7fn\x08\x00\x00\x00\x00\x06\x00\x00\x00\x08Set\
tings\x07\x00\x00\x00\x0aSettin\
gTab\x01\x03\x00\x00\x00\x08f\xf4e\xb0b\x10\
R\x9f\x08\x00\x00\x00\x00\x06\x00\x00\x00\x14Upda\
ted successfully\
\x07\x00\x00\x00\x0aSettingTab\x01\
\x03\x00\x00\x00\x0cO\x7fu(|\xfb~\xdf\x8b\xbe\x7f\
n\x08\x00\x00\x00\x00\x06\x00\x00\x00\x12Use s\
ystem setting\x07\x00\x00\
\x00\x0aSettingTab\x01\x03\x00\x00\
\x00\x04rHg,\x08\x00\x00\x00\x00\x06\x00\x00\x00\x07\
Version\x07\x00\x00\x00\x0aSett\
ingTab\x01\x03\x00\x00\x00\x08f\x82P\x5c\
Qh\x90\xe8\x08\x00\x00\x00\x00\x06\x00\x00\x00\x09Pa\
use All\x07\x00\x00\x00\x0bStar\
tButton\x01\x03\x00\x00\x00\x08_\x00Y\
\xcbQh\x90\xe8\x08\x00\x00\x00\x00\x06\x00\x00\x00\x09S\
tart All\x07\x00\x00\x00\x0bSta\
rtButton\x01\x03\x00\x00\x00\x04b*\
V\xfe\x08\x00\x00\x00\x00\x06\x00\x00\x00\x07Capt\
ure\x07\x00\x00\x00\x09StartCar\
d\x01\x03\x00\x00\x00\x08[\xfcQ\xfae\xe5_\xd7\x08\
\x00\x00\x00\x00\x06\x00\x00\x00\x0bExport \
Logs\x07\x00\x00\x00\x09StartCa\
rd\x01\x03\x00\x00\x00\x0en8b\x0fz\x97S\xe3\
]\xf2e\xad_\x00\x08\x00\x00\x00\x00\x06\x00\x00\x00\x18\
Game Window Disc\
onnected\x07\x00\x00\x00\x09Sta\
rtCard\x01\x03\x00\x00\x00\x08[\x89\x88\xc5\
v\xee_U\x08\x00\x00\x00\x00\x06\x00\x00\x00\x0eIn\
stall Folder\x07\x00\x00\x00\
\x09StartCard\x01\x03\x00\x00\x00\x04\
f\x82P\x5c\x08\x00\x00\x00\x00\x06\x00\x00\x00\x05Pa\
use\x07\x00\x00\x00\x09StartCar\
d\x01\x03\x00\x00\x00\x22]\xf2f\x82P\x5c\xff\x1a\x00\
P\x00CrHn8b\x0fz\x97S\xe3_\xc5\x98\
{W(RMS\xf0\xff\x01\x08\x00\x00\x00\x00\x06\x00\
\x00\x00(Paused: PC Ga\
me Window Must B\
e in Front!\x07\x00\x00\x00\x09\
StartCard\x01\x03\x00\x00\x00\x04R\
7e\xb0\x08\x00\x00\x00\x00\x06\x00\x00\x00\x07Ref\
resh\x07\x00\x00\x00\x09StartCa\
rd\x01\x03\x00\x00\x00\x06\x8f\xd0\x88LN-\x08\x00\
\x00\x00\x00\x06\x00\x00\x00\x07Running\x07\
\x00\x00\x00\x09StartCard\x01\x03\x00\
\x00\x00\x04_\x00Y\xcb\x08\x00\x00\x00\x00\x06\x00\x00\x00\
\x05Start\x07\x00\x00\x00\x09Start\
Card\x01\x03\x00\x00\x00\x08T/R\xa8n8\
b\x0f\x08\x00\x00\x00\x00\x06\x00\x00\x00\x0aStar\
t Game\x07\x00\x00\x00\x09Start\
Card\x01\x03\x00\x00\x00\x0c[\x9ee\xf6\x89\xe6\
S\xd1N\xfbR\xa1\x08\x00\x00\x00\x00\x06\x00\x00\x00\x0d\
Trigger Tasks\x07\x00\x00\
\x00\x09StartCard\x01\x03\x00\x00\x00\
\x10p\xb9Q\xfb\x90\x09b\xe9N\xfbR\xa1_\x00Y\
\xcb\x08\x00\x00\x00\x00\x06\x00\x00\x00\x1eWaiti\
ng for task to b\
e enabled\x07\x00\x00\x00\x09St\
artCard\x01\x03\x00\x00\x000\x00,\x00\
 xn\x8b\xa4n8b\x0fz\x97S\xe3f/T\
&\x88\xabb\xc9O8\x00,\x96\x90\x85\xcf\x00,b\
\x16\x80\x05W(\x5cO^UY\x16\x00.\x08\x00\x00\
\x00\x00\x06\x00\x00\x00?, check i\
f game windows i\
s minimized, res\
ized or out of s\
creen.\x07\x00\x00\x00\x0fStart\
Controller\x01\x03\x00\x00\x00.\
\x00,\x00 e/c\x01v\x84g\x00\x5c\x0fR\x06\
\x8f\xa8s\x87f/\x00 \x00 \x00{\x00m\x00i\
\x00n\x00_\x00s\x00i\x00z\x00e\x00}\x08\x00\
\x00\x00\x00\x06\x00\x00\x00,, the su\
pported min reso\
lution is {min_s\
ize}\x07\x00\x00\x00\x0fStartCo\
ntroller\x01\x03\x00\x00\x002e/\
c\x01v\x84z\x97S\xe3k\xd4O\x8bf/\x00{\
\x00s\x00u\x00p\x00p\x00o\x00r\x00t\x00e\
\x00d\x00_\x00r\x00a\x00t\x00i\x00o\x00}\
\x08\x00\x00\x00\x00\x06\x00\x00\x00*, the \
supported ratio \
is {supported_ra\
tio}\x07\x00\x00\x00\x0fStartCo\
ntroller\x01\x03\x00\x00\x00&f>\
y:\x8b\xbe\x7fn\x81\xeaR\xa8\x00H\x00D\x00R\
]\xf2bS_\x00\x00,\x00 \x8b\xf7QHQs\
\x95\xed\x00!\x08\x00\x00\x00\x00\x06\x00\x00\x00.Au\
to HDR is enable\
d, please turn i\
t off first.\x07\x00\x00\x00\
\x0fStartController\
\x01\x03\x00\x00\x002f>y:\x8b\xbe\x7fn\x81\xea\
R\xa8\x00H\x00D\x00R]\xf2bS_\x00\x00,\
\x00 S\xef\x80\xfd[\xfc\x81\xf4N\xfbR\xa1\x8f\xd0\
\x88L_\x02^8\x00!\x08\x00\x00\x00\x00\x06\x00\x00\
\x004Auto HDR is en\
abled, tasks mig\
ht not work corr\
ectly!\x07\x00\x00\x00\x0fStart\
Controller\x01\x03\x00\x00\x00\x22\
e\xe0l\xd5T/R\xa8n8b\x0f\x00,\x00 \
\x8b\xf7xn\x8b\xa4n8b\x0f]\xf2[\x89\x88\xc5\
\x00!\x08\x00\x00\x00\x00\x06\x00\x00\x001Can'\
t start game, ma\
ke sure the game\
 is installed\x07\x00\x00\
\x00\x0fStartControlle\
r\x01\x03\x00\x00\x00\x18b*V\xfeY1\x8d%\x00\
,\x8b\xf7h\xc0g\xe5n8b\x0fz\x97S\xe3\x08\
\x00\x00\x00\x00\x06\x00\x00\x00(Capture\
 failed, please \
check game windo\
w\x07\x00\x00\x00\x0fStartContr\
oller\x01\x03\x00\x00\x00\x1aj!b\xdfV\
hg*\x8f\xdec\xa5\x00,\x00 \x8b\xf7QHT\
/R\xa8\x00!\x08\x00\x00\x00\x00\x06\x00\x00\x004E\
mulator is not c\
onnected, start \
the emulator fir\
st!\x07\x00\x00\x00\x0fStartCon\
troller\x01\x03\x00\x00\x00\x10\x00G\x00\
P\x00U\x00 \x9aqR\xa8\x8bfTJ\x08\x00\x00\
\x00\x00\x06\x00\x00\x00\x12GPU Drive\
r Warning\x07\x00\x00\x00\x0fSt\
artController\x01\x03\x00\
\x00\x00\x1ee\xe0l\xd5T/R\xa8n8b\x0f\x00\
,\x00 \x8b\xf7bKR\xa8bS_\x00n8b\
\x0f\x08\x00\x00\x00\x00\x06\x00\x00\x004Game \
path does not ex\
ist, Please open\
 game manually!\x07\
\x00\x00\x00\x0fStartControl\
ler\x01\x03\x00\x00\x00(N\x0de/c\x01_\
SRMR\x06\x8f\xa8s\x87\x00{\x00r\x00e\x00\
s\x00o\x00l\x00u\x00t\x00i\x00o\x00n\x00\
}\x08\x00\x00\x00\x00\x06\x00\x00\x00-Game \
resolution {reso\
lution} is not s\
upported\x07\x00\x00\x00\x0fSta\
rtController\x01\x03\x00\x00\
\x00Pj!g\x7fV\xferGR\xa0\x8f}Y1\
\x8d%\x00,\x8b\xf7\x91\xcde\xb0[\x89\x88\xc5\x00.\
\x00(N\x0d\x89\x81e>W(N\x0b\x8f}v\xee\
_U{IS\xef\x80\xfdO\x1a\x88\xab\x81\xeaR\xa8\
R \x96dV\xferGv\x84v\xee_U\x00.\
\x00)\x08\x00\x00\x00\x00\x06\x00\x00\x00\x5cImag\
e resource load \
failed, please t\
ry install again\
.(Don't put the \
app in Downloads\
 folder)\x07\x00\x00\x00\x0fSta\
rtController\x01\x03\x00\x00\
\x00\x0eg*\x90\x09b\xe9n8b\x0fz\x97S\xe3\
\x08\x00\x00\x00\x00\x06\x00\x00\x00\x11No gam\
e selected!\x07\x00\x00\x00\x0f\
StartController\x01\
\x03\x00\x00\x000\x00P\x00CrH\x97\x00\x89\x81{\
\xa1t\x06TXgC\x96P\xff\x0c\x8b\xf7N\xe5{\
\xa1t\x06TXgC\x96P\x91\xcdT/kd^\
\x94u(\xff\x01\x08\x00\x00\x00\x00\x06\x00\x00\x00TP\
C version requir\
es admin privile\
ges, Please rest\
art this app wit\
h admin privileg\
es!\x07\x00\x00\x00\x0fStartCon\
troller\x01\x03\x00\x00\x00DR\x06\x8f\
\xa8s\x87\x00{\x00r\x00e\x00s\x00o\x00l\x00\
u\x00t\x00i\x00o\x00n\x00}h\xc0g\xe5Y\
1\x8d%\x00,\x00 \x90\xe8R\x06N\xfbR\xa1S\
\xef\x80\xfde\xe0l\xd5kc^8\x8f\xd0\x88L\x00\
!\x08\x00\x00\x00\x00\x06\x00\x00\x00JResol\
ution {resolutio\
n} check failed,\
 some tasks migh\
t not work corre\
ctly!\x07\x00\x00\x00\x0fStartC\
ontroller\x01\x03\x00\x00\x00&_\
SRMn8b\x0fb\x16j!b\xdfVhN\
\x0de/c\x01\x90\x09b\xe9v\x84b*V\xfee\
\xb9_\x0f\x00!\x08\x00\x00\x00\x00\x06\x00\x00\x00DS\
elected capture \
method is not su\
pported by the g\
ame or your syst\
em!\x07\x00\x00\x00\x0fStartCon\
troller\x01\x03\x00\x00\x00\x22T/R\
\xa8n8b\x0fY1\x8d%\x00,\x00 \x8b\xf7Q\
HbKR\xa8T/R\xa8n8b\x0f\x00!\x08\
\x00\x00\x00\x00\x06\x00\x00\x00*Start g\
ame failed, plea\
se start game fi\
rst\x07\x00\x00\x00\x0fStartCon\
troller\x01\x03\x00\x00\x00\x0aT/R\
\xa8\x8d\x85e\xf6\x00!\x08\x00\x00\x00\x00\x06\x00\x00\x00\
\x13Start game time\
out!\x07\x00\x00\x00\x0fStartCo\
ntroller\x01\x03\x00\x00\x002n8\
b\x0fz\x97S\xe3g\x00\x5c\x0fS\x16b\x16\x80\x05\
\x90\xe8R\x06W(\x5cO^UY\x16\x00,N\x0d\
\x89\x81O\x7fu(r\xecS`Qh\x5cO\x00!\
\x08\x00\x00\x00\x00\x06\x00\x00\x00KWindow\
 is minimized or\
 out of screen, \
and do NOT use f\
ull-screen exclu\
sive!\x07\x00\x00\x00\x0fStartC\
ontroller\x01\x03\x00\x00\x000z\
\x97S\xe3\x88\xabg\x00\x5c\x0fS\x16b\x16W(\x5c\
O^UY\x16\x00,\x00 N\x0d\x89\x81O\x7fu\
(r\xecS`Qh\x5cOj!_\x0f\x00!\x08\
\x00\x00\x00\x00\x06\x00\x00\x00OWindow \
is minimized or \
out of screen, a\
nd don't use ful\
l-screen exclusi\
ve mode!\x07\x00\x00\x00\x0fSta\
rtController\x01\x03\x00\x00\
\x008\x00W\x00i\x00n\x00d\x00o\x00w\x00s\
f>y:\x8b\xbe\x7fnY\x1cpo\x00/b\xa4\
w<j!_\x0f]\xf2bS_\x00\x00,\x00 \
\x8b\xf7QHQs\x95\xed\x00!\x08\x00\x00\x00\x00\x06\
\x00\x00\x009Windows nigh\
t light is enabl\
ed, please turn \
it off first.\x07\x00\x00\
\x00\x0fStartControlle\
r\x01\x03\x00\x00\x008\x00W\x00i\x00n\x00d\x00\
o\x00w\x00sf>y:\x8b\xbe\x7fnY\x1cp\
o\x00/b\xa4w<j!_\x0f]\xf2bS_\
\x00\x00,\x00 \x8b\xf7QHQs\x95\xed\x00!\x08\
\x00\x00\x00\x00\x06\x00\x00\x00?Windows\
 night light is \
enabled, tasks m\
ight not work co\
rrectly!\x07\x00\x00\x00\x0fSta\
rtController\x01\x03\x00\x00\
\x00@\x00{\x00v\x00e\x00n\x00d\x00o\x00r\
\x00}\x00 \x00{\x00f\x00e\x00a\x00t\x00u\
\x00r\x00e\x00}\x00 ]\xf2T/u(\xff\x0c\
S\xef\x80\xfd[\xfc\x81\xf4R\x9f\x80\xfd_\x02^8\
\xff\x01\x08\x00\x00\x00\x00\x06\x00\x00\x009{ven\
dor} {feature} i\
s enabled and ma\
y cause malfunct\
ions!\x07\x00\x00\x00\x0fStartC\
ontroller\x01\x03\x00\x00\x00\x22\x00\
{\x00}g*\x8f\xdec\xa5\xff\x0c\x8b\xf7\x90\x09b\
\xe9kcxnv\x84n8b\x0fz\x97S\xe30\
\x02\x08\x00\x00\x00\x00\x06\x00\x00\x003{} is\
 not connected, \
please select th\
e game window.\x07\x00\
\x00\x00\x0fStartControll\
er\x01\x03\x00\x00\x00\x06R\xa0\x8f}N-\x08\x00\
\x00\x00\x00\x06\x00\x00\x00\x07Loading\x07\
\x00\x00\x00\x12StartLoading\
Dialog\x01\x03\x00\x00\x002kcW(\
T/R\xa8\x00,\x00 \x00{\x00s\x00e\x00c\
\x00o\x00n\x00d\x00s\x00_\x00l\x00e\x00f\
\x00t\x00}y\xd2T\x0e\x8d\x85e\xf6\x00.\x08\x00\
\x00\x00\x00\x06\x00\x00\x00/Starting\
, timeout after \
{seconds_left} s\
econds.\x07\x00\x00\x00\x12Star\
tLoadingDialog\x01\x03\
\x00\x00\x00\x06[\x89SSrH\x08\x00\x00\x00\x00\x06\
\x00\x00\x00\x07Android\x07\x00\x00\x00\x08\
StartTab\x01\x03\x00\x00\x00\x04b*\
V\xfe\x08\x00\x00\x00\x00\x06\x00\x00\x00\x07Capt\
ure\x07\x00\x00\x00\x08StartTab\
\x01\x03\x00\x00\x00\x08b*V\xfee\xb9_\x0f\x08\x00\
\x00\x00\x00\x06\x00\x00\x00\x0eCapture \
Method\x07\x00\x00\x00\x08Start\
Tab\x01\x03\x00\x00\x00\x0c\x90\x09b\xe9N\xa4N\
\x92e\xb9_\x0f\x08\x00\x00\x00\x00\x06\x00\x00\x00\x12C\
hoose Interactio\
n\x07\x00\x00\x00\x08StartTab\x01\x03\
\x00\x00\x00\x08\x90\x09b\xe9z\x97S\xe3\x08\x00\x00\x00\
\x00\x06\x00\x00\x00\x0dChoose Win\
dow\x07\x00\x00\x00\x08StartTab\
\x01\x03\x00\x00\x00\x06]\xf2\x8f\xdec\xa5\x08\x00\x00\x00\
\x00\x06\x00\x00\x00\x09Connected\x07\
\x00\x00\x00\x08StartTab\x01\x03\x00\x00\
\x00\x08_\x00S\xd1]\xe5Qw\x08\x00\x00\x00\x00\x06\
\x00\x00\x00\x05Debug\x07\x00\x00\x00\x08St\
artTab\x01\x03\x00\x00\x00\x0a\x8c\x03\x8b\xd5\
`\xacmnz\x97\x08\x00\x00\x00\x00\x06\x00\x00\x00\x0d\
Debug Overlay\x07\x00\x00\
\x00\x08StartTab\x01\x03\x00\x00\x00\x0a\
y\x81u(h\x07\x8b\xb0hF\x08\x00\x00\x00\x00\x06\
\x00\x00\x00\x0dDisable Boxe\
s\x07\x00\x00\x00\x08StartTab\x01\x03\
\x00\x00\x00\x06]\xf2e\xad_\x00\x08\x00\x00\x00\x00\x06\
\x00\x00\x00\x0cDisconnected\
\x07\x00\x00\x00\x08StartTab\x01\x03\x00\
\x00\x00\x06j!b\xdfVh\x08\x00\x00\x00\x00\x06\x00\
\x00\x00\x08Emulator\x07\x00\x00\x00\x08\
StartTab\x01\x03\x00\x00\x00\x0aT/\
u(h\x07\x8b\xb0hF\x08\x00\x00\x00\x00\x06\x00\x00\
\x00\x0cEnable Boxes\x07\x00\
\x00\x00\x08StartTab\x01\x03\x00\x00\x00\
\x08[\xfcQ\xfae\xe5_\xd7\x08\x00\x00\x00\x00\x06\x00\
\x00\x00\x0bExport Logs\x07\x00\
\x00\x00\x08StartTab\x01\x03\x00\x00\x00\
\x0e\x96\x90\x85\xcf`\xacmnz\x97e\xe5_\xd7\x08\
\x00\x00\x00\x00\x06\x00\x00\x00\x13Hide Lo\
g on Overlay\x07\x00\x00\x00\
\x08StartTab\x01\x03\x00\x00\x00\x08[\
\x89\x88\xc5v\xee_U\x08\x00\x00\x00\x00\x06\x00\x00\x00\
\x0eInstall Folder\x07\
\x00\x00\x00\x08StartTab\x01\x03\x00\x00\
\x00\x08e\xe5_\xd7v\xee_U\x08\x00\x00\x00\x00\x06\
\x00\x00\x00\x0aLog Folder\x07\x00\
\x00\x00\x08StartTab\x01\x03\x00\x00\x00\
\x08bS_\x00e\xe5_\xd7\x08\x00\x00\x00\x00\x06\x00\
\x00\x00\x09Open Logs\x07\x00\x00\x00\
\x08StartTab\x01\x03\x00\x00\x00\x06\x00\
P\x00CrH\x08\x00\x00\x00\x00\x06\x00\x00\x00\x02P\
C\x07\x00\x00\x00\x08StartTab\x01\x03\
\x00\x00\x00\x04R7e\xb0\x08\x00\x00\x00\x00\x06\x00\x00\
\x00\x07Refresh\x07\x00\x00\x00\x08St\
artTab\x01\x03\x00\x00\x00\x08kcW(\
R7e\xb0\x08\x00\x00\x00\x00\x06\x00\x00\x00\x0aRe\
freshing\x07\x00\x00\x00\x08Sta\
rtTab\x01\x03\x00\x00\x00\x08b*V\xfev\
\xee_U\x08\x00\x00\x00\x00\x06\x00\x00\x00\x11Scr\
eenshot Folder\x07\x00\
\x00\x00\x08StartTab\x01\x03\x00\x00\x00\
\x10W(`\xacmnz\x97f>y:e\xe5_\
\xd7\x08\x00\x00\x00\x00\x06\x00\x00\x00\x13Show \
Log on Overlay\x07\x00\
\x00\x00\x08StartTab\x01\x03\x00\x00\x00\
\x08g\xe5w\x0be\xe5_\xd7\x08\x00\x00\x00\x00\x06\x00\
\x00\x00\x08View Log\x07\x00\x00\x00\x08\
StartTab\x01\x03\x00\x00\x006\x00N\
\x00P\x00Uc\xa8t\x06\x95\x19\x8b\xef\xff\x0c`\xa8\
S\xef\x80\xfd\x97\x00\x89\x81f\xf4e\xb0\x00I\x00n\
\x00t\x00e\x00l\x00 \x00N\x00P\x00U\x9aq\
R\xa8\xff\x01\x08\x00\x00\x00\x00\x06\x00\x00\x00CNP\
U inferring Erro\
r, you might nee\
d to update the \
Intel NPU driver\
!\x07\x00\x00\x00\x04Task\x01\x03\x00\x00\x00\x04\
\x95\x19\x8b\xef\x08\x00\x00\x00\x00\x06\x00\x00\x00\x05Er\
ror\x07\x00\x00\x00\x0bTaskButt\
ons\x01\x03\x00\x00\x00*n8b\x0fz\x97S\
\xe3g*\x8f\xdec\xa5\xff\x0c\x8b\xf7\x90\x09b\xe9n\
8b\x0fz\x97S\xe3T\x8cb*V\xfee\xb9_\
\x0f0\x02\x08\x00\x00\x00\x00\x06\x00\x00\x00OGam\
e window is not \
connected, pleas\
e select the gam\
e window and cap\
ture method.\x07\x00\x00\x00\
\x0bTaskButtons\x01\x03\x00\x00\
\x00\x04f\x82P\x5c\x08\x00\x00\x00\x00\x06\x00\x00\x00\x05\
Pause\x07\x00\x00\x00\x0bTaskBu\
ttons\x01\x03\x00\x00\x00\x04~\xe7~\xed\x08\
\x00\x00\x00\x00\x06\x00\x00\x00\x06Resume\x07\
\x00\x00\x00\x0bTaskButtons\x01\
\x03\x00\x00\x00\x04_\x00Y\xcb\x08\x00\x00\x00\x00\x06\x00\
\x00\x00\x05Start\x07\x00\x00\x00\x0bTas\
kButtons\x01\x03\x00\x00\x00\x04P\x5c\
kb\x08\x00\x00\x00\x00\x06\x00\x00\x00\x04Stop\
\x07\x00\x00\x00\x0bTaskButtons\
\x01\x03\x00\x00\x00\x18O`xn[\x9a\x89\x81R \
\x96d\x00 \x00{\x00}\x00 T\x17\x00?\x08\x00\
\x00\x00\x00\x06\x00\x00\x00\x22Are you \
sure you want to\
 delete {}\x07\x00\x00\x00\x08T\
askCard\x01\x03\x00\x00\x00\x04R \x96\
d\x08\x00\x00\x00\x00\x06\x00\x00\x00\x06Delet\
e\x07\x00\x00\x00\x08TaskCard\x01\x03\
\x00\x00\x00\x08R \x96dN\xfbR\xa1\x08\x00\x00\x00\
\x00\x06\x00\x00\x00\x0bDelete Tas\
k\x07\x00\x00\x00\x08TaskCard\x01\x03\
\x00\x00\x00\x06g*T/u(\x08\x00\x00\x00\x00\x06\
\x00\x00\x00\x08Disabled\x07\x00\x00\x00\
\x08TaskCard\x01\x03\x00\x00\x00\x04\x7f\
\x16\x8f\x91\x08\x00\x00\x00\x00\x06\x00\x00\x00\x04Edi\
t\x07\x00\x00\x00\x08TaskCard\x01\x03\
\x00\x00\x00\x06]\xf2T/u(\x08\x00\x00\x00\x00\x06\
\x00\x00\x00\x07Enabled\x07\x00\x00\x00\x08\
TaskCard\x01\x03\x00\x00\x00\x08O\x7f\
u(\x8b\xf4f\x0e\x08\x00\x00\x00\x00\x06\x00\x00\x00\x0c\
Instructions\x07\x00\x00\x00\
\x08TaskCard\x01\x03\x00\x00\x00\x04f\
\x82P\x5c\x08\x00\x00\x00\x00\x06\x00\x00\x00\x05Pau\
se\x07\x00\x00\x00\x08TaskCard\x01\
\x03\x00\x00\x00\x08\x91\xcd\x7fn\x91M\x7fn\x08\x00\x00\
\x00\x00\x06\x00\x00\x00\x0cReset Con\
fig\x07\x00\x00\x00\x08TaskCard\
\x01\x03\x00\x00\x00\x04~\xe7~\xed\x08\x00\x00\x00\x00\x06\
\x00\x00\x00\x06Resume\x07\x00\x00\x00\x08T\
askCard\x01\x03\x00\x00\x00\x04_\x00Y\
\xcb\x08\x00\x00\x00\x00\x06\x00\x00\x00\x05Start\
\x07\x00\x00\x00\x08TaskCard\x01\x03\x00\
\x00\x00\x04P\x5ckb\x08\x00\x00\x00\x00\x06\x00\x00\x00\
\x04Stop\x07\x00\x00\x00\x08TaskCa\
rd\x01\x03\x00\x00\x00&{I_\x85\x00 \x00{\
\x00t\x00a\x00s\x00k\x00_\x00n\x00a\x00m\
\x00e\x00}\x00 N\xfbR\xa1[\x8cb\x10\x08\x00\
\x00\x00\x00\x06\x00\x00\x00,Waiting \
for {task_name} \
task to be compl\
eted\x07\x00\x00\x00\x08TaskCar\
d\x01\x03\x00\x00\x00\x04y\x81u(\x08\x00\x00\x00\x00\
\x06\x00\x00\x00\x07Disable\x07\x00\x00\x00\
\x0cTaskOpButton\x01\x03\x00\
\x00\x00\x04T/u(\x08\x00\x00\x00\x00\x06\x00\x00\x00\
\x06Enable\x07\x00\x00\x00\x0cTask\
OpButton\x01\x03\x00\x00\x00\x08\x90\x09\
b\xe9z\x97S\xe3\x08\x00\x00\x00\x00\x06\x00\x00\x00\x0d\
Choose Window\x07\x00\x00\
\x00\x07TaskTab\x01\x03\x00\x00\x00\x04Q\
s\x95\xed\x08\x00\x00\x00\x00\x06\x00\x00\x00\x05Clo\
se\x07\x00\x00\x00\x07TaskTab\x01\x03\
\x00\x00\x00\x06]\xf2[\x8cb\x10\x08\x00\x00\x00\x00\x06\
\x00\x00\x00\x09Completed\x07\x00\x00\
\x00\x07TaskTab\x01\x03\x00\x00\x00\x08R\
\x1b^\xfaN\xfbR\xa1\x08\x00\x00\x00\x00\x06\x00\x00\x00\
\x0bCreate Task\x07\x00\x00\x00\
\x07TaskTab\x01\x03\x00\x00\x00\x04O\xe1\
`o\x08\x00\x00\x00\x00\x06\x00\x00\x00\x04Info\
\x07\x00\x00\x00\x07TaskTab\x01\x03\x00\x00\
\x00\x06\x8f\xd0\x88LN-\x08\x00\x00\x00\x00\x06\x00\x00\
\x00\x07Running\x07\x00\x00\x00\x07Ta\
skTab\x01\x03\x00\x00\x00\x06]\xf2\x8f\xd0\x88\
L\x08\x00\x00\x00\x00\x06\x00\x00\x00\x0cTime \
Elapsed\x07\x00\x00\x00\x07Task\
Tab\x01\x03\x00\x00\x00\x02P<\x08\x00\x00\x00\x00\
\x06\x00\x00\x00\x05Value\x07\x00\x00\x00\x07T\
askTab\x01\x03\x00\x00\x00\x04S\xd6m\x88\
\x08\x00\x00\x00\x00\x06\x00\x00\x00\x06Cancel\
\x07\x00\x00\x00\x13TemplateInp\
utDialog\x01\x03\x00\x00\x00\x04xn\
\x8b\xa4\x08\x00\x00\x00\x00\x06\x00\x00\x00\x07Conf\
irm\x07\x00\x00\x00\x13Template\
InputDialog\x01\x03\x00\x00\x00\
\x1axn[\x9a\x89\x81R \x96d\x00 \x00'\x00\
{\x00}\x00'\x00 T\x17\xff\x1f\x08\x00\x00\x00\x00\
\x06\x00\x00\x00%Are you sur\
e you want to de\
lete '{}'?\x07\x00\x00\x00\x0bT\
emplateTab\x01\x03\x00\x00\x00\x04\
S\xd6m\x88\x08\x00\x00\x00\x00\x06\x00\x00\x00\x06Ca\
ncel\x07\x00\x00\x00\x0bTemplat\
eTab\x01\x03\x00\x00\x00\x08xn\x8b\xa4R \
\x96d\x08\x00\x00\x00\x00\x06\x00\x00\x00\x0eConf\
irm Delete\x07\x00\x00\x00\x0bT\
emplateTab\x01\x03\x00\x00\x00\x04\
R \x96d\x08\x00\x00\x00\x00\x06\x00\x00\x00\x06De\
lete\x07\x00\x00\x00\x0bTemplat\
eTab\x01\x03\x00\x00\x00\x0ab*V\xfeY1\
\x8d%0\x02\x08\x00\x00\x00\x00\x06\x00\x00\x00\x18Fa\
iled to capture \
frame.\x07\x00\x00\x00\x0bTempl\
ateTab\x01\x03\x00\x00\x00\x10u\x1fb\x10\
h\x07{~g\x9aN>e\x87N\xf6\x08\x00\x00\x00\
\x00\x06\x00\x00\x00\x18Generate l\
abel enum file\x07\x00\
\x00\x00\x0bTemplateTab\x01\x03\
\x00\x00\x00\x0cV\xferG]\xf2R \x96d0\x02\
\x08\x00\x00\x00\x00\x06\x00\x00\x00\x0eImage \
deleted.\x07\x00\x00\x00\x0bTem\
plateTab\x01\x03\x00\x00\x00>v\xf8\
[\xf9\x8d\xef_\x84e\xe0eH0\x02y:O\x8b\
\xff\x1a\x00o\x00k\x00_\x00t\x00a\x00s\x00k\
\x00s\x00/\x00L\x00a\x00b\x00e\x00l\x00E\
\x00n\x00u\x00m\x00.\x00p\x00y\x08\x00\x00\x00\
\x00\x06\x00\x00\x005Invalid re\
lative path. Exa\
mple: ok_tasks/L\
abelEnum.py\x07\x00\x00\x00\x0b\
TemplateTab\x01\x03\x00\x00\x00\
\x04h\x07l\xe8\x08\x00\x00\x00\x00\x06\x00\x00\x00\x06M\
arkup\x07\x00\x00\x00\x0bTempla\
teTab\x01\x03\x00\x00\x00\x12l\xa1g\x09h\
\x07l\xe8\x97\x00\x89\x81O\xdd[X0\x02\x08\x00\x00\
\x00\x00\x06\x00\x00\x00\x17No annota\
tions to save.\x07\x00\
\x00\x00\x0bTemplateTab\x01\x03\
\x00\x00\x00\x1eb*V\xfee\xb9_\x0fN\x0dS\xef\
u(0\x02\x8b\xf7QHT/R\xa8b*V\xfe\
0\x02\x08\x00\x00\x00\x00\x06\x00\x00\x008No c\
apture method av\
ailable. Please \
start capture fi\
rst.\x07\x00\x00\x00\x0bTemplat\
eTab\x01\x03\x00\x00\x00\x08f\x82e\xe0j!\
g\x7f\x08\x00\x00\x00\x00\x06\x00\x00\x00\x10No t\
emplates yet\x07\x00\x00\x00\
\x0bTemplateTab\x01\x03\x00\x00\
\x00\x04xn[\x9a\x08\x00\x00\x00\x00\x06\x00\x00\x00\x02\
OK\x07\x00\x00\x00\x0bTemplateT\
ab\x01\x03\x00\x00\x00\x18\x8d\xef_\x84v\xf8[\xf9\
N\x8e]\xe5O\x5cS:h9v\xee_U0\x02\
\x08\x00\x00\x00\x00\x06\x00\x00\x00'Path i\
s relative to th\
e workspace root\
.\x07\x00\x00\x00\x0bTemplateTa\
b\x01\x03\x00\x00\x00:v\xf8[\xf9\x8d\xef_\x84\xff\
\x0cO\x8bY\x82\xff\x1a\x00o\x00k\x00_\x00t\x00\
a\x00s\x00k\x00s\x00/\x00L\x00a\x00b\x00\
e\x00l\x00E\x00n\x00u\x00m\x00.\x00p\x00\
y\x08\x00\x00\x00\x00\x06\x00\x00\x00)Relat\
ive path, e.g. o\
k_tasks/LabelEnu\
m.py\x07\x00\x00\x00\x0bTemplat\
eTab\x01\x03\x00\x00\x00\x04O\xdd[X\x08\x00\
\x00\x00\x00\x06\x00\x00\x00\x04Save\x07\x00\x00\x00\
\x0bTemplateTab\x01\x03\x00\x00\
\x00\x06O\xdd[XR0\x08\x00\x00\x00\x00\x06\x00\x00\
\x00\x07Save To\x07\x00\x00\x00\x0bTe\
mplateTab\x01\x03\x00\x00\x00\x12O\
\xdd[Xb\x10R\x9fR0\x00:\x00 \x00{\x00\
}\x08\x00\x00\x00\x00\x06\x00\x00\x00\x22Save \
completed succes\
sfully to: {}\x07\x00\x00\
\x00\x0bTemplateTab\x01\x03\x00\
\x00\x00\x04b*V\xfe\x08\x00\x00\x00\x00\x06\x00\x00\x00\
\x0aScreenshot\x07\x00\x00\x00\x0b\
TemplateTab\x01\x03\x00\x00\x00\
\x12b*V\xfe]\xf2O\xdd[X\x00:\x00 \x00\
{\x00}\x08\x00\x00\x00\x00\x06\x00\x00\x00\x14Scr\
eenshot saved: {\
}\x07\x00\x00\x00\x0bTemplateTa\
b\x01\x03\x00\x00\x00\x16c\x09T\x0dy\xf0b\x16R\
\x06|{d\x1c}\x22\x00.\x00.\x00.\x08\x00\x00\
\x00\x00\x06\x00\x00\x00\x1dSearch by\
 name or categor\
y...\x07\x00\x00\x00\x0bTemplat\
eTab\x01\x03\x00\x00\x00\x04b\x10R\x9f\x08\x00\
\x00\x00\x00\x06\x00\x00\x00\x07Success\x07\
\x00\x00\x00\x0bTemplateTab\x01\
\x03\x00\x00\x00\x08b*S\xd6\x5cO^U\x08\x00\x00\
\x00\x00\x06\x00\x00\x00\x0fTake Scre\
enshot\x07\x00\x00\x00\x0bTempl\
ateTab\x01\x03\x00\x00\x00\x1a\x00a\x00s\
\x00s\x00e\x00t\x00s\x00 \x00(r\xecz\xcb\
^\x94u(\x00)\x08\x00\x00\x00\x00\x06\x00\x00\x00\x17\
assets (standalo\
ne app)\x07\x00\x00\x00\x0bTemp\
lateTab\x01\x03\x00\x00\x00.\x00o\x00\
k\x00_\x00t\x00a\x00s\x00k\x00s\x00/\x00\
a\x00s\x00s\x00e\x00t\x00s\x00 \x00(\x81\
\xea[\x9aNI\x81\x1ag,\x00)\x08\x00\x00\x00\x00\
\x06\x00\x00\x00 ok_tasks/as\
sets (custom scr\
ipts)\x07\x00\x00\x00\x0bTempla\
teTab\x01\x03\x00\x00\x00,xn[\x9af\
\xf4e\xb0R0\x00{\x00v\x00e\x00r\x00s\x00\
i\x00o\x00n\x00}\x00{\x00t\x00y\x00p\x00\
e\x00}T\x17\xff\x1f\x08\x00\x00\x00\x00\x06\x00\x00\x00\
4Are you sure yo\
u want to update\
 to {version} {t\
ype}?\x07\x00\x00\x00\x0bVersio\
nCard\x01\x03\x00\x00\x00\x0ch\xc0g\xe5f\
\xf4e\xb0\x95\x19\x8b\xef\x08\x00\x00\x00\x00\x06\x00\x00\x00\
\x17Check for updat\
e error!\x07\x00\x00\x00\x0bVer\
sionCard\x01\x03\x00\x00\x00\x0ah\xc0\
g\xe5e\xb0rHg,\x08\x00\x00\x00\x00\x06\x00\x00\
\x00\x11Check for upda\
tes\x07\x00\x00\x00\x0bVersionC\
ard\x01\x03\x00\x00\x00\x08h\xc0g\xe5f\xf4e\
\xb0\x08\x00\x00\x00\x00\x06\x00\x00\x00\x14Check\
ing for updates\x07\
\x00\x00\x00\x0bVersionCard\x01\
\x03\x00\x00\x00\x06_\x00S\xd1rH\x08\x00\x00\x00\x00\
\x06\x00\x00\x00\x05Debug\x07\x00\x00\x00\x0bV\
ersionCard\x01\x03\x00\x00\x004\
N\x0b\x8f}N-\x00:\x00 \x00{\x00p\x00r\
\x00o\x00g\x00r\x00e\x00s\x00s\x00}\x00 \
\x00{\x00p\x00e\x00r\x00c\x00e\x00n\x00t\
\x00}\x00%\x08\x00\x00\x00\x00\x06\x00\x00\x00!Do\
wnloading {progr\
ess} {percent}%\x07\
\x00\x00\x00\x0bVersionCard\x01\
\x03\x00\x00\x00\x0aS\xd1s\xb0e\xb0rHg,\x08\
\x00\x00\x00\x00\x06\x00\x00\x00\x12Found n\
ew version!\x07\x00\x00\x00\x0b\
VersionCard\x01\x03\x00\x00\x00\
\x04O\xe1`o\x08\x00\x00\x00\x00\x06\x00\x00\x00\x04I\
nfo\x07\x00\x00\x00\x0bVersionC\
ard\x01\x03\x00\x00\x00\x06kc_\x0frH\x08\
\x00\x00\x00\x00\x06\x00\x00\x00\x07Release\
\x07\x00\x00\x00\x0bVersionCard\
\x01\x03\x00\x00\x00\x14v\xeeRM]\xf2~\xcff/\
g\x00e\xb0rHg,\xff\x01\x08\x00\x00\x00\x00\x06\
\x00\x00\x00\x1bThis is the \
newest version!\x07\
\x00\x00\x00\x0bVersionCard\x01\
\x03\x00\x00\x00\x08s\xb0W(f\xf4e\xb0\x08\x00\x00\
\x00\x00\x06\x00\x00\x00\x0aUpdate No\
w\x07\x00\x00\x00\x0bVersionCar\
d\x01\x03\x00\x00\x00$f\xf4e\xb0R0\x00{\x00\
v\x00e\x00r\x00s\x00i\x00o\x00n\x00}\x00\
{\x00t\x00y\x00p\x00e\x00}\x08\x00\x00\x00\x00\
\x06\x00\x00\x00\x1aUpdate to {\
version} {type}\x07\
\x00\x00\x00\x0bVersionCard\x01\
\x03\x00\x00\x00\x04c\xd0y:\x08\x00\x00\x00\x00\x06\x00\
\x00\x00\x05Alert\x07\x00\x00\x00\x03app\
\x01\x03\x00\x00\x00\x10]\xf2~\xcff\xf4e\xb0R0\
rHg,\x00:\x08\x00\x00\x00\x00\x06\x00\x00\x00\x1b\
Already updated \
to version:\x07\x00\x00\x00\x03\
app\x01\x03\x00\x00\x00.S\xe6N\x00N*[\
\x9eO\x8b]\xf2~\xcfW(\x8f\xd0\x88L\x00,\x00\
 \x8b\xf7bKR\xa8~\xd3g_S\xe6N\x00N\
*[\x9eO\x8b\x00.\x08\x00\x00\x00\x00\x06\x00\x00\x00\
#Another instanc\
e is already run\
ning\x07\x00\x00\x00\x03app\x01\x03\x00\x00\
\x00\x0a^\x94u(T/R\xa8Vh\x08\x00\x00\x00\
\x00\x06\x00\x00\x00\x0cApp Launch\
er\x07\x00\x00\x00\x03app\x01\x03\x00\x00\x00T\
^\x94u(T/R\xa8\x95\x19\x8b\xef0\x02\x8b\xf7\
\x5c\x06[\x89\x88\xc5e\x87N\xf6Y9m\xfbR\xa0\
R0\x00W\x00i\x00n\x00d\x00o\x00w\x00s\
\x00 \x00D\x00e\x00f\x00e\x00n\x00d\x00e\
\x00rv}T\x0dSU^v\x91\xcde\xb0[\x89\
\x88\xc5\x00:\x08\x00\x00\x00\x00\x06\x00\x00\x00fAp\
p startup error.\
 Please add the \
installation fol\
der to the Windo\
ws Defender whit\
elist and reinst\
all:\x07\x00\x00\x00\x03app\x01\x03\x00\x00\
\x00\x04\x81\xeaR\xa8\x08\x00\x00\x00\x00\x06\x00\x00\x00\x04\
Auto\x07\x00\x00\x00\x03app\x01\x03\x00\x00\
\x00\x12\x81\xeaR\xa8\x8c\x03etn8b\x0fR\x06\
\x8f\xa8s\x87\x08\x00\x00\x00\x00\x06\x00\x00\x00\x17Au\
to Resize Game W\
indow\x07\x00\x00\x00\x03app\x01\x03\x00\
\x00\x00\x0c\x81\xeaR\xa8T/R\xa8n8b\x0f\x08\
\x00\x00\x00\x00\x06\x00\x00\x00\x0fAuto St\
art Game\x07\x00\x00\x00\x03app\
\x01\x03\x00\x00\x00\x18z\x0b^\x8fT/R\xa8e\xf6\
P\x19\x81\xeaR\xa8T/R\xa8n8b\x0f\x08\x00\
\x00\x00\x00\x06\x00\x00\x00\x1fAuto Sta\
rt Game When App\
 Starts\x07\x00\x00\x00\x03app\x01\
\x03\x00\x00\x00\x1e\x81\xeaR\xa8T/R\xa8\x00 \x00\
{\x00a\x00p\x00p\x00_\x00n\x00a\x00m\x00\
e\x00}\x08\x00\x00\x00\x00\x06\x00\x00\x00\x15Aut\
o Start {app_nam\
e}\x07\x00\x00\x00\x03app\x01\x03\x00\x00\x00\x08\
\x81\xeaR\xa8f\xf4e\xb0\x08\x00\x00\x00\x00\x06\x00\x00\
\x00\x0bAuto Update\x07\x00\x00\
\x00\x03app\x01\x03\x00\x00\x00\x18u1N\x8en\
8b\x0f\x90\x00Q\xfa\x00,\x00 \x81\xeaR\xa8Q\
s\x95\xed\x08\x00\x00\x00\x00\x06\x00\x00\x00\x1dAut\
o exit because g\
ame exited\x07\x00\x00\x00\x03a\
pp\x01\x03\x00\x00\x00\x14\x81\xeaR\xa8f\xf4e\xb0\
\xff\x08\x98\x84S\xd1^\x03rH\xff\x09\x08\x00\x00\x00\
\x00\x06\x00\x00\x00\x1eAutomatic \
Update (Pre-rele\
ase)\x07\x00\x00\x00\x03app\x01\x03\x00\x00\
\x00\x14\x81\xeaR\xa8f\xf4e\xb0\xff\x08N\xc5kc\
_\x0frH\xff\x09\x08\x00\x00\x00\x00\x06\x00\x00\x00\x1e\
Automatic Update\
(Release Only)\x07\x00\
\x00\x00\x03app\x01\x03\x00\x00\x00\x08W\xfag,\
\x8b\xbe\x7fn\x08\x00\x00\x00\x00\x06\x00\x00\x00\x0dBa\
sic Options\x07\x00\x00\x00\x03\
app\x01\x03\x00\x00\x00\x06mK\x8b\xd5rH\x08\
\x00\x00\x00\x00\x06\x00\x00\x00\x0cBeta Ve\
rsion\x07\x00\x00\x00\x03app\x01\x03\x00\
\x00\x00\x04j!|\xca\x08\x00\x00\x00\x00\x06\x00\x00\x00\
\x04Blur\x07\x00\x00\x00\x03app\x01\x03\x00\
\x00\x00\x08\x90nc!{\x97l\xd5\x08\x00\x00\x00\x00\
\x06\x00\x00\x00\x0eBlur Algori\
thm\x07\x00\x00\x00\x03app\x01\x03\x00\x00\x00\
6j!|\xcan8b\x0f\x00 \x00U\x00I\x00\
D\x00 {IV\xfa[\x9aQ\x85[\xb9N\xe5^\
\xf6\x95\x7f\x00 \x00O\x00L\x00E\x00D\x00 \x5c\
O^U[\xffT}\x08\x00\x00\x00\x00\x06\x00\x00\x00\
&Blur Game UID e\
tc to enhance OL\
ED life\x07\x00\x00\x00\x03app\x01\
\x03\x00\x00\x00\x0c\x90nc!h\xc0g\xe5\x95\xf4\x96\
\x94\x08\x00\x00\x00\x00\x06\x00\x00\x00\x0dBlur \
Interval\x07\x00\x00\x00\x03app\
\x01\x03\x00\x00\x00\x1ee\xe0l\xd5b~R0\x00p\
\x00y\x00t\x00h\x00o\x00n\x00 \x00v\x00e\
\x00n\x00v\x08\x00\x00\x00\x00\x06\x00\x00\x00\x16Ca\
n't find python \
venv\x07\x00\x00\x00\x03app\x01\x03\x00\x00\
\x00\x04S\xd6m\x88\x08\x00\x00\x00\x00\x06\x00\x00\x00\x06\
Cancel\x07\x00\x00\x00\x03app\x01\x03\
\x00\x00\x00\x08b*V\xfe^'s\x87\x08\x00\x00\x00\
\x00\x06\x00\x00\x00\x12Capture Fr\
ame Rate\x07\x00\x00\x00\x03app\
\x01\x03\x00\x00\x00\x08b*V\xfe^\xf6\x8f\xdf\x08\x00\
\x00\x00\x00\x06\x00\x00\x00\x0fCapture \
Latency\x07\x00\x00\x00\x03app\x01\
\x03\x00\x00\x00\x04V\xfdQ\x85\x08\x00\x00\x00\x00\x06\x00\
\x00\x00\x05China\x07\x00\x00\x00\x03app\
\x01\x03\x00\x00\x00\x18\x90\x09b\xe9T/R\xa8Vh\
[\x89\x88\xc5f\xf4e\xb0v\x84e\xb9_\x0f\x08\x00\
\x00\x00\x00\x06\x00\x00\x00(Choose h\
ow the launcher \
installs updates\
\x07\x00\x00\x00\x03app\x01\x03\x00\x00\x00\x0e\x91M\
\x7fn^\x94u(T/R\xa8Vh\x08\x00\x00\x00\
\x00\x06\x00\x00\x00\x1aConfigure \
the app launcher\
\x07\x00\x00\x00\x03app\x01\x03\x00\x00\x00\x04xn\
\x8b\xa4\x08\x00\x00\x00\x00\x06\x00\x00\x00\x07Conf\
irm\x07\x00\x00\x00\x03app\x01\x03\x00\x00\x00\
\x12R\x1b^\xfa\x00v\x00e\x00n\x00vY1\x8d\
%\x00.\x08\x00\x00\x00\x00\x06\x00\x00\x00\x13Cre\
ate venv failed.\
\x07\x00\x00\x00\x03app\x01\x03\x00\x00\x00\x0cR \
\x96dO\x9d\x8dVb\x10R\x9f\x08\x00\x00\x00\x00\x06\
\x00\x00\x00\x1cDelete depen\
dencies success!\
\x07\x00\x00\x00\x03app\x01\x03\x00\x00\x00\x04\x8b\xca\
e\xad\x08\x00\x00\x00\x00\x06\x00\x00\x00\x09Diag\
nosis\x07\x00\x00\x00\x03app\x01\x03\x00\
\x00\x00\x0cT/u(j!|\xca\x90nc!\x08\
\x00\x00\x00\x00\x06\x00\x00\x00\x0bEnable \
Blur\x07\x00\x00\x00\x03app\x01\x03\x00\x00\
\x00\x04\x95\x19\x8b\xef\x08\x00\x00\x00\x00\x06\x00\x00\x00\x05\
Error\x07\x00\x00\x00\x03app\x01\x03\x00\
\x00\x00\x0a[\x8cb\x10T\x0e\x90\x00Q\xfa\x08\x00\x00\
\x00\x00\x06\x00\x00\x00\x0fExit Afte\
r Task\x07\x00\x00\x00\x03app\x01\x03\
\x00\x00\x00\x1an8b\x0f\x90\x00Q\xfae\xf6\x00,\
\x00 \x81\xeaR\xa8\x90\x00Q\xfa^\x94u(\x08\x00\
\x00\x00\x00\x06\x00\x00\x00\x18Exit App\
 when Game Exits\
\x07\x00\x00\x00\x03app\x01\x03\x00\x00\x00\x22u1\
N\x8en8b\x0f]\xf2~\xcf\x90\x00Q\xfa\x00,\
\x00 ^\x94u(\x81\xeaR\xa8\x90\x00Q\xfa\xff\x01\
\x08\x00\x00\x00\x00\x06\x00\x00\x00\x18Exit b\
ecause game exit\
ed\x07\x00\x00\x00\x03app\x01\x03\x00\x00\x00\x1a\
[\x8cb\x10N\xfbR\xa1T\x0e\x90\x00Q\xfan8\
b\x0fT\x8c\x00A\x00p\x00p\x08\x00\x00\x00\x00\x06\
\x00\x00\x00?Exit the Gam\
e and the App af\
ter Successfully\
 Executing the T\
ask\x07\x00\x00\x00\x03app\x01\x03\x00\x00\x00\
\x0e\x8f\xd0\x88L~\xd3g_T\x0e\x90\x00Q\xfa\x08\
\x00\x00\x00\x00\x06\x00\x00\x00\x14Exit_Af\
ter_Execution\x07\x00\x00\
\x00\x03app\x01\x03\x00\x00\x00\x12\x8b\xfbS\xd6r\
Hg,R\x17\x88hY1\x8d%\x00!\x08\x00\x00\
\x00\x00\x06\x00\x00\x00 Fetch rem\
ote version list\
 error!\x07\x00\x00\x00\x03app\x01\
\x03\x00\x00\x00\x06`;^'ep\x08\x00\x00\x00\x00\
\x06\x00\x00\x00\x0bFrame Count\
\x07\x00\x00\x00\x03app\x01\x03\x00\x00\x00\x0az\x97\
S\xe3R\x06\x8f\xa8s\x87\x08\x00\x00\x00\x00\x06\x00\x00\
\x00\x0fGame Resolutio\
n\x07\x00\x00\x00\x03app\x01\x03\x00\x00\x00\x08n\
8b\x0fX\xf0\x97\xf3\x08\x00\x00\x00\x00\x06\x00\x00\x00\
\x0aGame Sound\x07\x00\x00\x00\x03\
app\x01\x03\x00\x00\x00\x04mwY\x16\x08\x00\x00\
\x00\x00\x06\x00\x00\x00\x06Global\x07\x00\x00\
\x00\x03app\x01\x03\x00\x00\x00\x06_\xebcw\x95\
.\x08\x00\x00\x00\x00\x06\x00\x00\x00\x06HotKe\
y\x07\x00\x00\x00\x03app\x01\x03\x00\x00\x00(X\
\x9eR\xa0\x95\xf4\x96\x94N\xe5\x96MON\x00C\x00\
P\x00U\x00/\x00G\x00P\x00Um\x88\x80\x17\x00\
(k\xeby\xd2\x00)\x08\x00\x00\x00\x00\x06\x00\x00\x00\
JIncrease Delay \
between Trigger \
Tasks to Reduce \
CPU/GPU Usage(Mi\
lliseconds)\x07\x00\x00\x00\x03\
app\x01\x03\x00\x00\x00\x04O\xe1`o\x08\x00\x00\
\x00\x00\x06\x00\x00\x00\x04Info\x07\x00\x00\x00\x03\
app\x01\x03\x00\x00\x00\x08Q\x85[\xb9XkQ\
E\x08\x00\x00\x00\x00\x06\x00\x00\x00\x07Inpai\
nt\x07\x00\x00\x00\x03app\x01\x03\x00\x00\x006\
[\x89\x88\xc5O\x9d\x8dVY1\x8d%\x00,\x00 \
\x8b\xf7\x5c\x1d\x8b\xd5f\xf4cbf\xf4e\xb0n\x90\
\x00,\x00 b\x16\x91\xcde\xb0N\x0b\x8f}[\x8c\
etrH\x00!\x08\x00\x00\x00\x00\x06\x00\x00\x00]\
Install dependen\
cies failed, try\
 changing the up\
date source, or \
re-download the \
full version!\x07\x00\x00\
\x00\x03app\x01\x03\x00\x00\x006[\x89\x88\xc5v\
\xee_U\x00{\x00p\x00a\x00t\x00h\x00}_\
\xc5\x98{f/\x82\xf1e\x87v\xee_U\xff\x0c\x8b\
\xf7y\xfbR\xa8R0\x82\xf1e\x87v\xee_U0\
\x02\x08\x00\x00\x00\x00\x06\x00\x00\x00AInsta\
ll dir {path} mu\
st be an English\
 path, move to a\
nother path.\x07\x00\x00\x00\
\x03app\x01\x03\x00\x00\x00\x10T/R\xa8T\x0e\
Qs\x95\xedT/R\xa8Vh\x08\x00\x00\x00\x00\x06\
\x00\x00\x00\x19Kill Launche\
r After Start\x07\x00\x00\
\x00\x03app\x01\x03\x00\x00\x00\x10O\x7fu(\x00\
D\x00X\x001\x001T/R\xa8\x08\x00\x00\x00\x00\
\x06\x00\x00\x00\x10Launch with\
 DX11\x07\x00\x00\x00\x03app\x01\x03\x00\
\x00\x00\x06T/R\xa8Vh\x08\x00\x00\x00\x00\x06\x00\
\x00\x00\x08Launcher\x07\x00\x00\x00\x03\
app\x01\x03\x00\x00\x00\x08bKR\xa8f\xf4e\
\xb0\x08\x00\x00\x00\x00\x06\x00\x00\x00\x0dManua\
l Update\x07\x00\x00\x00\x03app\
\x01\x03\x00\x00\x00\x04Q\x85[X\x08\x00\x00\x00\x00\x06\
\x00\x00\x00\x06Memory\x07\x00\x00\x00\x03a\
pp\x01\x03\x00\x00\x00\x1au(N\x8e\x90nc!\
\x91M\x7fnS:W\xdfv\x84Y\x04t\x06e\xb9\
_\x0f\x08\x00\x00\x00\x00\x06\x00\x00\x00'Meth\
od used to obscu\
re configured ar\
eas\x07\x00\x00\x00\x03app\x01\x03\x00\x00\x00\
\x1ep\xb9Q\xfbQs\x95\xedc\x09\x94\xaee\xf6g\
\x00\x5c\x0fS\x16R0|\xfb~\xdfbXv\xd8\x08\
\x00\x00\x00\x00\x06\x00\x00\x00+Minimiz\
e Window to Syst\
em Tray when Clo\
sing\x07\x00\x00\x00\x03app\x01\x03\x00\x00\
\x00\x10n8b\x0fW(T\x0eS\xf0e\xf6\x97Y\
\x97\xf3\x08\x00\x00\x00\x00\x06\x00\x00\x00\x1dMute\
 Game while in B\
ackground\x07\x00\x00\x00\x03ap\
p\x01\x03\x00\x00\x00\x14g\x09e\xb0rHg,\x00\
{\x00}S\xeff\xf4e\xb0\x00!\x08\x00\x00\x00\x00\
\x06\x00\x00\x00\x18New Version\
 {} Available\x07\x00\x00\
\x00\x03app\x01\x03\x00\x00\x00\x02T&\x08\x00\x00\
\x00\x00\x06\x00\x00\x00\x02No\x07\x00\x00\x00\x03ap\
p\x01\x03\x00\x00\x00\x02e\xe0\x08\x00\x00\x00\x00\x06\x00\
\x00\x00\x04None\x07\x00\x00\x00\x03app\x01\
\x03\x00\x00\x00\x0ce\x87[W\x8b\xc6R+^\xf6\x8f\
\xdf\x08\x00\x00\x00\x00\x06\x00\x00\x00\x0bOCR L\
atency\x07\x00\x00\x00\x03app\x01\x03\
\x00\x00\x00\x0abS_\x00T/R\xa8Vh\x08\x00\
\x00\x00\x00\x06\x00\x00\x00\x0dOpen Lau\
ncher\x07\x00\x00\x00\x03app\x01\x03\x00\
\x00\x00\x18bS_\x00^\x94u(T/R\xa8V\
hN\xe5{\xa1t\x06f\xf4e\xb0\x08\x00\x00\x00\x00\
\x06\x00\x00\x00'Open the ap\
p launcher to ma\
nage updates\x07\x00\x00\x00\
\x03app\x01\x03\x00\x00\x00\x04d\xcdO\x5c\x08\x00\
\x00\x00\x00\x06\x00\x00\x00\x09Operatio\
n\x07\x00\x00\x00\x03app\x01\x03\x00\x00\x00\x16]\
\xf2f\x82P\x5c\xff\x1an8b\x0f]\xf2~\xcf\x90\
\x00Q\xfa\xff\x01\x08\x00\x00\x00\x00\x06\x00\x00\x00\x1aP\
aused because ga\
me exited\x07\x00\x00\x00\x03ap\
p\x01\x03\x00\x00\x00(]\xf2f\x82P\x5c\xff\x1an\
8b\x0fz\x97S\xe3g\x00\x5c\x0fS\x16b\x16\x80\
\x05\x90\xe8R\x06W(\x5cO^UY\x16\xff\x01\x08\
\x00\x00\x00\x00\x06\x00\x00\x009Paused \
because game win\
dow is minimized\
 or out of scree\
n!\x07\x00\x00\x00\x03app\x01\x03\x00\x00\x00\x08\
`'\x80\xfdmK\x8b\xd5\x08\x00\x00\x00\x00\x06\x00\x00\
\x00\x10Performance Te\
st\x07\x00\x00\x00\x03app\x01\x03\x00\x00\x00F\
\x8b\xf7W(\x00M\x00u\x00M\x00Uj!b\xdf\
Vh\x00[\x8b\xbe\x7fn\x00]\x00-\x00>\x00[\
QvN\xd6\x8b\xbe\x7fn\x00]N-Qs\x95\xed\
\x00[T\x0eS\xf0c\x02g:e\xf6O\xddm;\
\x8f\xd0\x88L\x00]\x08\x00\x00\x00\x00\x06\x00\x00\x00C\
Please turn off \
enable backgroun\
d keep alive in \
MuMuPlayer setti\
ngs\x07\x00\x00\x00\x03app\x01\x03\x00\x00\x00\
\x08Y\x04t\x06^'s\x87\x08\x00\x00\x00\x00\x06\x00\
\x00\x00\x12Process Frame\
 Rate\x07\x00\x00\x00\x03app\x01\x03\x00\
\x00\x00\x1cY\x04t\x06T\x0e\x90nc!\x5cBv\
\x84f\xf4e\xb0\x95\xf4\x96\x94\xff\x08y\xd2\xff\x09\x08\
\x00\x00\x00\x00\x06\x00\x00\x00)Seconds\
 between process\
ed overlay updat\
es\x07\x00\x00\x00\x03app\x01\x03\x00\x00\x00\x06\
z3[\x9arH\x08\x00\x00\x00\x00\x06\x00\x00\x00\x0e\
Stable Version\x07\x00\
\x00\x00\x03app\x01\x03\x00\x00\x00\x0eT/R\xa8\
z\x0b^\x8f_\x02^8\x00:\x08\x00\x00\x00\x00\x06\
\x00\x00\x00\x14Start App Ex\
ception:\x07\x00\x00\x00\x03app\
\x01\x03\x00\x00\x00\x0c_\x00Y\xcbN\x0b\x8f}O\x9d\
\x8dV\x08\x00\x00\x00\x00\x06\x00\x00\x00\x11Star\
t downloading\x07\x00\x00\
\x00\x03app\x01\x03\x00\x00\x00\x18v{_Ue\
\xf6\x81\xeaR\xa8T/R\xa8^\x94u(T/R\
\xa8Vh\x08\x00\x00\x00\x00\x06\x00\x00\x001Sta\
rt the launcher \
automatically wh\
en you sign in\x07\x00\
\x00\x00\x03app\x01\x03\x00\x00\x00\x0a_\x00Y\xcb\
\x00/P\x5ckb\x08\x00\x00\x00\x00\x06\x00\x00\x00\x0a\
Start/Stop\x07\x00\x00\x00\x03a\
pp\x01\x03\x00\x00\x00\x06]\xf2P\x5ckb\x08\x00\
\x00\x00\x00\x06\x00\x00\x00\x07Stopped\x07\
\x00\x00\x00\x03app\x01\x03\x00\x00\x00&b\x10R\
\x9fbg\x88LN\xfbR\xa1\x00,\x00 kcW\
(\x90\x00Q\xfan8b\x0fT\x8c\x00A\x00p\x00\
p\x00!\x08\x00\x00\x00\x00\x06\x00\x00\x001Suc\
cessfully Execut\
ed Task, Exiting\
 Game and App!\x07\x00\
\x00\x00\x03app\x01\x03\x00\x00\x00$R\x07cb\
N\x0dT\x0cv\x84\x00 \x00W\x00i\x00n\x00d\
\x00o\x00w\x00s\x00 b*V\xfee\xb9_\x0f\
\x08\x00\x00\x00\x00\x06\x00\x00\x000Switch\
 between differe\
nt Windows captu\
re methods\x07\x00\x00\x00\x03a\
pp\x01\x03\x00\x00\x00\x16v\xeeh\x07z\x97S\xe3\
o\xc0m;\xff\x1a`bY\x0d_UR6\x08\x00\
\x00\x00\x00\x06\x00\x00\x00'Target w\
indow active: Re\
cording resumed\x07\
\x00\x00\x00\x03app\x01\x03\x00\x00\x00\x18v\xeeh\
\x07z\x97S\xe3\x97^o\xc0m;\xff\x1af\x82P\
\x5c_UR6\x08\x00\x00\x00\x00\x06\x00\x00\x00(T\
arget window ina\
ctive: Recording\
 paused\x07\x00\x00\x00\x03app\x01\
\x03\x00\x00\x00\x0ce\x87[W\x8b\xc6R+~\xd3g\
\x9c\x08\x00\x00\x00\x00\x06\x00\x00\x00\x05Texts\
\x07\x00\x00\x00\x03app\x01\x03\x00\x00\x00\x14_S\
RMrHg,\x00{\x00}_\xc5\x98{f\xf4\
e\xb0\x08\x00\x00\x00\x00\x06\x00\x00\x00&The \
current version \
{} must be updat\
ed\x07\x00\x00\x00\x03app\x01\x03\x00\x00\x00\x0a\
\x89\xe6S\xd1Vh\x95\xf4\x96\x94\x08\x00\x00\x00\x00\x06\
\x00\x00\x00\x10Trigger Inte\
rval\x07\x00\x00\x00\x03app\x01\x03\x00\x00\
\x00\x0af\xf4e\xb0Q\x85[\xb9\x00:\x08\x00\x00\x00\
\x00\x06\x00\x00\x00\x08Updates:\x07\x00\
\x00\x00\x03app\x01\x03\x00\x00\x00\x14O\x7fu(\
\x00D\x00i\x00r\x00e\x00c\x00t\x00M\x00L\
\x08\x00\x00\x00\x00\x06\x00\x00\x00\x0cUse Di\
rectML\x07\x00\x00\x00\x03app\x01\x03\
\x00\x00\x000Y\x82g\x9cO`g\x09N\x00N*\
f>[X\x8f\x83Y'v\x84f>Sa\x00,\
\x00 S\xefN\xe5\x90\x09f/gee9U\x84\
`'\x80\xfd\x08\x00\x00\x00\x00\x06\x00\x00\x00\x1eUs\
e GPU to Improve\
 Performance\x07\x00\x00\x00\
\x03app\x01\x03\x00\x00\x00\x08z\x97S\xe3\x8b\xbe\
\x7fn\x08\x00\x00\x00\x00\x06\x00\x00\x00\x0dWind\
ow Config\x07\x00\x00\x00\x03ap\
p\x01\x03\x00\x00\x00\x18\x00W\x00i\x00n\x00d\x00\
o\x00w\x00s\x00 b*V\xfee\xb9_\x0f\x08\
\x00\x00\x00\x00\x06\x00\x00\x00\x0fWindows\
 Capture\x07\x00\x00\x00\x03app\
\x01\x03\x00\x00\x00\x02f/\x08\x00\x00\x00\x00\x06\x00\x00\
\x00\x03Yes\x07\x00\x00\x00\x03app\x01\x03\x00\
\x00\x00\x0c\x00{\x00}\x00 T/R\xa8Vh\x08\
\x00\x00\x00\x00\x06\x00\x00\x00\x0b{} Laun\
cher\x07\x00\x00\x00\x03app\x01\
\x00\x00\xc8.\
<\
\xb8d\x18\xca\xef\x9c\x95\xcd!\x1c\xbf`\xa1\xbd\xdd\xa7\
\x00\x00\x00\x05ja_JPB\x00\x00\x13\xe8\x00\x00\
\x05;\x00\x00\x09y\x00\x00\x05;\x00\x00!\x87\x00\x00\
\x05;\x00\x00\x92X\x00\x00\x05C\x00\x00\x86Y\x00\x00\
\x05O\x00\x00E\x86\x00\x00\x05O\x00\x00\xaa\xe1\x00\x00\
\x07\xb2\x00\x00=>\x00\x005\xa8\x00\x00\x0b\x97\x00\x00\
5\xa8\x00\x00S\x1f\x00\x00E\x82\x00\x00\x18i\x00\x00\
G\xa4\x00\x00\x06\x1f\x00\x00G\xa4\x00\x00P\x16\x00\x00\
Ih\x00\x00\x18\xf7\x00\x00Ja\x00\x00F\x19\x00\x00\
Q\xc9\x00\x00\x1f\xea\x00\x00S\x82\x00\x00!^\x00\x00\
V\xfe\x00\x00H\x8b\x00\x00Y\xbe\x00\x00$N\x00\x00\
[\xb3\x00\x00g\xc8\x00\x00_\xc3\x00\x00E\xb7\x00\x00\
_\xc3\x00\x00\xb3\xd0\x00\x00hp\x00\x00Y\xb4\x00\x00\
ih\x00\x00,\x18\x00\x00u\xa2\x00\x009\xb7\x00\x04\
<4\x00\x00\x92\x10\x00\x04\x8c\xaf\x00\x00\x9cB\x00\x04\
\x93\xc2\x00\x00\x9f\x09\x00\x04\x98,\x00\x00\x12\xb4\x00\x04\
\x9c\xb9\x00\x00f\x0d\x00\x04\xa8\x8b\x00\x00\x07`\x00\x04\
\xa8\x8b\x00\x00l\xb6\x00\x04\xa9\x03\x00\x00\x0d\xc0\x00\x04\
\xa9\x03\x00\x00T\xb8\x00\x04\xb8w\x00\x00G\xc3\x00\x04\
\xbb\x04\x00\x00\x8a\x91\x00\x04\xcf\x04\x00\x00J\x9f\x00\x04\
\xd0%\x00\x00\x1dQ\x00\x04\xec0\x00\x00m\x8d\x00\x04\
\xf6\xc2\x00\x00\x0d\xf3\x00\x04\xf6\xc2\x00\x00T\xeb\x00\x05\
\x04\xcf\x00\x00J\xc6\x00\x05\x04\xcf\x00\x00Y/\x00\x05\
\x04\xcf\x00\x00\x8dn\x00\x05\x04\xcf\x00\x00\x98\xe9\x00\x05\
\x04\xcf\x00\x00\xa6\x8f\x00\x05VE\x00\x00\xab\x01\x00\x05\
d\x95\x00\x00\x0f&\x00\x05d\x95\x00\x00VS\x00\x05\
d\x95\x00\x00b\xb3\x00\x05\x98\xc5\x00\x00$u\x00\x05\
\x98\xc5\x00\x00\x93z\x00\x05\xab`\x00\x00&\xd0\x00\x05\
\xab`\x00\x00\x89\x8c\x00\x05\xab`\x00\x00\x8b\xbd\x00\x06\
\x87\x9b\x00\x00+\xec\x00\x06\xd0D\x00\x000\xd4\x00\x07\
F\xc5\x00\x008\xc2\x00\x0a\xf2\xce\x00\x00h\x15\x00\x0b\
N\x8e\x00\x00\x7fD\x00\x16\xad\x8d\x00\x00\x16\xa1\x00\x18\
Y\x81\x00\x00~y\x00\x18\xed\xf2\x00\x00\xa1\x94\x00&\
\x9ed\x00\x004\xd3\x00+d\x91\x00\x00qa\x00=\
G\xa5\x00\x00nJ\x00=\xfa\x15\x00\x00\x08\xab\x00C\
\x00\xa7\x00\x00w\xd1\x00D'\xc5\x00\x008\xee\x00G\
\x96\xc4\x00\x00I\xb5\x00G\x96\xc4\x00\x00j\xe3\x00H\
,\x94\x00\x00\x9a9\x00I\xf0A\x00\x00\xa1\x01\x00J\
+\x82\x00\x00Gq\x00J6\x95\x00\x00G\x9a\x00J\
6\x95\x00\x00\x8c\xeb\x00Jd\x95\x00\x002\xa1\x00J\
\x809\x00\x00\x0d\x8a\x00J\x809\x00\x00T\x82\x00J\
\x809\x00\x00aZ\x00J\xb9\xb7\x00\x00JI\x00J\
\xb9\xb7\x00\x00\x83\xfa\x00J\xb9\xb7\x00\x00\x97\xeb\x00L\
\x99b\x00\x00Ju\x00L\x99b\x00\x00[$\x00L\
\x99b\x00\x00\x88\x18\x00L\x99b\x00\x00\xa2\xf0\x00N\
\xbf\xa5\x00\x00\x1e\x08\x00Ol\x93\x00\x00\x0e(\x00O\
l\x93\x00\x00U \x00R\xfd\xf4\x00\x00\x07\x8e\x00R\
\xfd\xf4\x00\x00m\xe1\x00Tl\x95\x00\x00 \xab\x00V\
\x80\x04\x00\x00\xa6\xaf\x00V\x8c\x95\x00\x00H`\x00V\
\x8c\x95\x00\x00q6\x00V\x8c\x95\x00\x00\x89\x0c\x00V\
\x8c\x95\x00\x00\x8b\x0f\x00V\xae\xc2\x00\x00\x22E\x00X\
\xb7\xb9\x00\x00b\xe1\x00Y\xe8\x85\x00\x00Ft\x00Z\
\x8a#\x00\x00L\xe3\x00Z\xa8\x94\x00\x00r;\x00Z\
\xa8\x94\x00\x00\x89c\x00Z\xa8\x94\x00\x00\x8b\x97\x00Z\
\xcf\xb3\x00\x00\xb1\xc9\x00Z\xec5\x00\x00\x07\xbd\x00\x5c\
V\xfe\x00\x00H\xd8\x00\x5c\x83\xb5\x00\x00Y\x8a\x00\x5c\
\x83\xb5\x00\x00\x8d\xeb\x00i2\xb4\x00\x00/\x10\x00j\
/\x9b\x00\x00-\xf7\x00vvN\x00\x00'\xc0\x00v\
\x8c\x95\x00\x00:$\x00z+\xc0\x00\x00<\x11\x00z\
\xe0e\x00\x00<\xc5\x00}\x9e\x01\x00\x00w3\x00\x81\
(i\x00\x00dO\x00\x857\xe7\x00\x00EM\x00\x8d\
\x9c\x0e\x00\x00h\x83\x00\x97\x96\x04\x00\x00a\xb9\x00\x97\
\x96\x04\x00\x00\x8ah\x00\xaf\x88w\x00\x00\x01\x99\x00\xc0\
\xb8\x84\x00\x001\xe0\x00\xcd&\x11\x00\x00\x00A\x01\x10\
\xaa^\x00\x00L\xac\x01!\xadg\x00\x00]'\x01*\
\xd0\x97\x00\x00\x0a#\x01*\xd0\x97\x00\x00?\xbf\x01*\
\xd0\x97\x00\x00?\xfe\x01*\xd0\x97\x00\x00\x8b9\x016\
$q\x00\x00\x80\x92\x01<\xdf5\x00\x00\xb2\xf8\x01?\
\xf9>\x00\x00\xa1\xff\x01@\x1dG\x00\x00I3\x01C\
`n\x00\x00%\x0d\x01L\x05#\x00\x00\x97`\x01c\
\xaa\x09\x00\x00\x10\xe6\x01c\xaa\x09\x00\x00Xe\x01d\
\xa2o\x00\x00)\xef\x01t#\xfd\x00\x00\x93\xcf\x01\x80\
\xad\x22\x00\x00p\xf6\x01\x80\xad\x22\x00\x00\x85\xb5\x01\xaa\
\xde>\x00\x00\xa7\xb1\x01\xb8\x13D\x00\x00\x18\x15\x01\xc1\
\xf0\x05\x00\x00`O\x01\xcaE\x8f\x00\x00\x06\xb3\x01\xca\
E\x8f\x00\x00\x8ey\x01\xd4VT\x00\x00\xac\x15\x01\xd7\
k\xaa\x00\x00\xae\xaa\x01\xe7\xf5T\x00\x00lQ\x01\xfb\
0\xd4\x00\x00\x84\x9c\x02\x06F5\x00\x00<\x81\x02\x0b\
\x08\x8e\x00\x00MA\x02\x19\xde;\x00\x00Y\xe2\x021\
\xe1\x8e\x00\x00A~\x024\xfb\xbe\x00\x00\x1e\xb1\x028\
s\xd2\x00\x00,C\x028\xd4R\x00\x00\xa2\xbf\x02;\
\xe2\x87\x00\x00\x9a\xb5\x02C\x04~\x00\x00(\xbd\x02l\
\x99\x03\x00\x00\xae\x19\x02q6u\x00\x00\x9c\xaf\x02v\
\xb8\x09\x00\x00gK\x02\xadpR\x00\x00O\x99\x02\xd9\
@\xf9\x00\x00\xab!\x02\xdc Q\x00\x00\xa4\xa9\x02\xe7\
 \xf5\x00\x00\x07#\x02\xe7 \xf5\x00\x00\x19\x8c\x02\xe7\
 \xf5\x00\x00\x8f\x14\x03\x00(\x14\x00\x00\xb0\xe4\x03\x09\
\xa2\x9e\x00\x00(d\x03\x15*u\x00\x00\x1d\x11\x03%\
\xdek\x00\x00]\x87\x03CL9\x00\x00\x1d}\x03K\
\xef\xe5\x00\x00;\x04\x03O\x17\x85\x00\x00>\x18\x03P\
\xba\x9e\x00\x00J\xed\x03S\xb0\xcb\x00\x00\x0c\xae\x03W\
\xb0\x17\x00\x00\x81\xf2\x03X\x11u\x00\x00l\x14\x03]\
\xe0\x17\x00\x00 \x11\x03d\xa1\xce\x00\x00G\xed\x03v\
\xe01\x00\x00x\x1d\x03\x8d\x17\xe3\x00\x00\x84\xfa\x03\x9d\
\xfdE\x00\x00i|\x03\xc5\xefz\x00\x00\x19R\x03\xcc\
\xfa\xa3\x00\x00\x02a\x03\xcdG\xa5\x00\x002\xd9\x03\xee\
\xf3\xfa\x00\x00$\xd3\x04\x14S\xf5\x00\x00\x13^\x04\x1b\
\xf0d\x00\x00\xac\xf8\x04(U\xc4\x00\x00\xb1S\x04K\
+\x03\x00\x00PB\x04L\xedM\x00\x00\x99\xd1\x04d\
`5\x00\x007\xed\x04e\xafi\x00\x00\x0e\x93\x04e\
\xafi\x00\x00V\x1b\x04e\xafi\x00\x00bL\x04l\
u\x90\x00\x00Q\xb5\x04r\x80\xd4\x00\x00X\xff\x04r\
\x80\xd4\x00\x00\x8d\x12\x04r\xd0\x03\x00\x00M\x0d\x04\x87\
p\xc8\x00\x002<\x04\x8f\x07Y\x00\x00fi\x04\x90\
\x894\x00\x00d\xf1\x04\x94\xa8\x84\x00\x00x\xad\x04\x98\
I\xbc\x00\x00\x06L\x04\x98I\xbc\x00\x00\x08|\x04\x98\
I\xbc\x00\x00\x0a\x5c\x04\x98I\xbc\x00\x00\x0c:\x04\x98\
I\xbc\x00\x00\x11@\x04\x98I\xbc\x00\x00\x19\x22\x04\x98\
I\xbc\x00\x00@<\x04\x98I\xbc\x00\x00A\x13\x04\x98\
I\xbc\x00\x00P\x8c\x04\x98I\xbc\x00\x00S\xc2\x04\x98\
I\xbc\x00\x00ZL\x04\x98I\xbc\x00\x00\x8e\x0e\x04\x98\
I\xbc\x00\x00\x8e\xe4\x04\x98I\xbc\x00\x00\xa0b\x04\x99\
n\x95\x00\x00D6\x04\xa0\xb2*\x00\x00&{\x04\xa1\
L\x85\x00\x00&1\x04\xa2\xcb\xd7\x00\x00k\x0b\x04\xa8\
\xb8\xa5\x00\x00\x0cw\x04\xac,\xa5\x00\x00Z\xbb\x04\xac\
,\xa5\x00\x00a\x89\x04\xac,\xa5\x00\x00\x8a\x0d\x04\xac\
,\xa5\x00\x00\x8fL\x04\xac\xab]\x00\x00\x0d\x07\x04\xac\
\xab]\x00\x00S\xff\x04\xac\xab]\x00\x00a&\x04\xc2\
\x8f\xa2\x00\x00\x84\xc9\x04\xc4y%\x00\x00\x8c\x85\x04\xcf\
v\x94\x00\x00\x1b\xf9\x04\xd1\x1fR\x00\x00\x85\xf4\x04\xd5\
P\xa4\x00\x004\x9b\x04\xd5Z\xc4\x00\x005a\x04\xd5\
n\xc4\x00\x005\xd4\x04\xe0\x8f\xb2\x00\x00FE\x04\xe3\
X|\x00\x00\xa5\x99\x04\xe6\xf1\xdf\x00\x00\x96e\x04\xed\
Y\xc4\x00\x00\x15\xeb\x04\xf4\x18N\x00\x00'#\x04\xf6\
\x91\xc9\x00\x00\xa5\xc1\x04\xfa\x12\xa3\x00\x00\xa9h\x05\x14\
\x8d9\x00\x00OK\x05\x1760\x00\x00 \xd6\x05\x1d\
\xcf\x09\x00\x00\x9eX\x05\x22?\xe9\x00\x00n\x92\x05#\
k\x81\x00\x00\x87j\x05(J\xd3\x00\x00GA\x051\
\x10\xbe\x00\x00;\x89\x056\x8ay\x00\x00\xa0\xcc\x058\
\x92\xc0\x00\x00\x90\xff\x05<F\x99\x00\x00\xa9D\x05@\
\x5c\xa5\x00\x00\x0e^\x05@\x5c\xa5\x00\x00UV\x05B\
\xdd\xac\x00\x00\xb2\xbe\x05E\xaf\xd9\x00\x00QT\x05E\
\xaf\xd9\x00\x00R\xa7\x05E\xaf\xd9\x00\x00U\x8b\x05E\
\xaf\xd9\x00\x00b\x1c\x05K\xe0\xd4\x00\x00\x83\xcc\x05_\
/R\x00\x005#\x05fj\xa7\x00\x00\xae\xe6\x05o\
/\xe3\x00\x00[\xf9\x05v*I\x00\x00W\x11\x05\x80\
W\xc4\x00\x00j{\x05\x8b\xa6\x84\x00\x00\x22\xe4\x05\x8c\
F\xc5\x00\x00Q\xe5\x05\x8c\xac5\x00\x00H\xb0\x05\x8c\
\xac5\x00\x00\x899\x05\x8c\xac5\x00\x00\x8bp\x05\x8e\
c\xb5\x00\x00\x9d\x88\x05\x93\xca\x17\x00\x00g\x06\x05\x9a\
\x90t\x00\x00LR\x05\x9c}.\x00\x00\x94\xc5\x05\xa6\
\xecX\x00\x000\xfc\x05\xaa\x8b\xc3\x00\x00cG\x05\xac\
\xdcQ\x00\x00\x04\xbe\x05\xb4\x98\xde\x00\x00\x22p\x05\xbd\
\xf7S\x00\x003\xbd\x05\xc6\xa8\xa5\x00\x00NA\x05\xd4\
\x8fX\x00\x00.a\x05\xd6\x03\xff\x00\x0070\x05\xdb\
\xc29\x00\x00\x10\xaf\x05\xdb\xc29\x00\x00X.\x05\xdb\
\xc29\x00\x00d\x1f\x05\xdd\xf9D\x00\x00\x1e3\x05\xdf\
\xba\xba\x00\x00\x09\x9e\x05\xe0Kg\x00\x00*\xfc\x05\xe7\
\x0c5\x00\x00n\x0b\x06\x09\xcd\xf4\x00\x00|\xd1\x06#\
\xc0[\x00\x00<@\x06,\xce\xa9\x00\x00!\xad\x06.\
!\xe5\x00\x00<\xf4\x06.\x8e)\x00\x00y:\x06C\
\x1f\x15\x00\x00\xa9\x17\x06QV\xe9\x00\x00\xa5\xe9\x06e\
2`\x00\x00;\xd0\x06e\xa0.\x00\x00R\x14\x06\x80\
\xab\x84\x00\x00\x1ev\x06\x816D\x00\x00\xaa2\x06\x95\
x>\x00\x00k\xb1\x06\xa2\x1a]\x00\x00\x89\xb4\x06\xa8\
\xa9\xaa\x00\x00\xb2\x94\x06\xacWc\x00\x003\x7f\x06\xae\
\xa4>\x00\x00\x91z\x06\xb0\xbe\xae\x00\x00\x02\x9c\x06\xb0\
\xbe\xae\x00\x00\xae~\x06\xb5\x04\x22\x00\x004\x10\x06\xb8\
\x91\xde\x00\x00%\xe6\x06\xbb]a\x00\x00}\xb2\x06\xc4\
y%\x00\x000\x0b\x06\xc9\xb1\x80\x00\x008\x8a\x06\xd0\
\xbaQ\x00\x00\xa6\xda\x06\xe3v\xd4\x00\x00/K\x06\xe8\
\xc3G\x00\x00v\xa9\x07\x02\x06\x83\x00\x00\xa1\x22\x07\x05\
\xe4d\x00\x00\xa5\x07\x07\x09W\xa2\x00\x006J\x07\x0c\
HY\x00\x00\x17p\x07\x11\x5c$\x00\x00\x15\x86\x07\x1f\
\x97[\x00\x00\x1a\x8d\x074'\x12\x00\x00O\x11\x077\
3\xdb\x00\x00\xa3\xe6\x07Io~\x00\x00\xa56\x07P\
\xb3\xaa\x00\x00\x1d\xd2\x07Wf\x07\x00\x00\x9cb\x07^\
\xb4t\x00\x00\xa5i\x07h\x80$\x00\x00\x12\xdd\x07\x85\
\x93\xd1\x00\x00\x96\xfd\x07\x9a\x96,\x00\x00:\xd2\x07\xa9\
\xbc\x84\x00\x00`\xac\x07\xab\x06\x13\x00\x00`\xf5\x07\xab\
\x08\x98\x00\x00=\xce\x07\xab\x1aR\x00\x00>n\x07\xb4\
5q\x00\x00\x7f\xdf\x07\xb5\xe2\xfb\x00\x00\x0a\xbd\x07\xb5\
\xe2\xfb\x00\x00\x19\xef\x07\xb7U\xe4\x00\x00r\xd1\x07\xdf\
\x0e\xf3\x00\x00\x15@\x07\xe3\xfd\x9b\x00\x00\x5c\xa2\x07\xe5\
$\xf3\x00\x00\xa2\x9a\x08\x03\xeft\x00\x00\x09\xc7\x08\x09\
\x7fd\x00\x00\x09?\x08\x0abr\x00\x00>\xfc\x08\x0f\
tN\x00\x00\xaf\x1f\x08\x18B%\x00\x00\xaa\x8b\x087\
\x99\xfd\x00\x00\x9d;\x08=\xe1s\x00\x00k>\x08B\
\xf3Q\x00\x00\xa2H\x08E=\x0e\x00\x00\x00\xcb\x08E\
=\x0e\x00\x00\x9e\xdd\x08Fk\xe2\x00\x00\xb3\xef\x08J\
\x95A\x00\x00un\x08K\x95\xb4\x00\x00\x82\xbc\x08N\
\xb2\xf5\x00\x00m\xb6\x08i5\xf4\x00\x00\xb1\xf6\x08i\
\x8d\x8c\x00\x00+,\x08n\xd9n\x00\x00\x82(\x08u\
`l\x00\x00\xb2`\x08\x81(\x11\x00\x00|\x1f\x08\x89\
)\xf9\x00\x00N\xdc\x08\x96\x1e\x8c\x00\x00p\x03\x08\x9a\
E\xee\x00\x004K\x08\xa2\x93\xc7\x00\x00\x99\x95\x08\xb4\
\xac\x0e\x00\x00s)\x08\xbah\xc3\x00\x00I\x8e\x08\xbd\
\x8c\xc8\x00\x00]\xde\x08\xbd\x8c\xc8\x00\x00q\xe7\x08\xc2\
\xb8\xc5\x00\x00K\xc0\x08\xc2\xb8\xc5\x00\x00\x99\x11\x08\xc4\
\x9b\xe2\x00\x00\xa8\xed\x08\xcce\x97\x00\x00\x86|\x08\xce\
\x01\x9e\x00\x009s\x08\xd6t\x12\x00\x00\x86\xa9\x08\xfd\
\xd9#\x00\x00N\x12\x09\x06\xb5i\x00\x00\x95\x92\x09\x0b\
I\xc9\x00\x00\x1b\x87\x09\x16(\xb1\x00\x00z\x85\x09)\
\xe2\x83\x00\x00pe\x09)\xe2\x83\x00\x00\x853\x09+\
`\xfc\x00\x00eI\x090\x8f%\x00\x00\x98\x18\x096\
vN\x00\x00(\x12\x09?h\x89\x00\x00\x0b\xcf\x09?\
h\x89\x00\x00SW\x09J*\xb9\x00\x00\x03e\x09Q\
\xd8\xce\x00\x00\x90\x22\x09Z\x7f\xad\x00\x00\x94i\x09\x5c\
\xa9e\x00\x00\x00\x00\x09`\x06\xb5\x00\x00\x0f\x9f\x09`\
\x06\xb5\x00\x00V\x88\x09a~\xb5\x00\x00rb\x09k\
\xd7]\x00\x00\x00\xfc\x09m\xf9T\x00\x00\x1c+\x09q\
\x01\xe0\x00\x00\xaf\x98\x09\x87\xbc\xc5\x00\x00I\xdd\x09\x87\
\xbc\xc5\x00\x00p6\x09\x87\xbc\xc5\x00\x00\x82\xee\x09\x88\
\xbd\xa3\x00\x00l\xdf\x09\x8cu\xff\x00\x00\x93\xa2\x09\x91\
\xe0\x92\x00\x006|\x09\x9cu\xa3\x00\x00\x17)\x09\xaa\
\xaa\x89\x00\x00\x92\xf5\x09\xb2\xf0\x1e\x00\x008L\x09\xc5\
P\x17\x00\x00YZ\x09\xc5P\x17\x00\x00c\x14\x09\xc5\
P\x17\x00\x00r\x10\x09\xc5P\x17\x00\x00\x8d\x92\x09\xc5\
\xb8\x8a\x00\x00\x9bD\x09\xd1\x8d\xf1\x00\x00}_\x09\xd5\
\x1e\xb5\x00\x00\x12~\x09\xd5\x1e\xb5\x00\x00Wi\x09\xd5\
\x1e\xb5\x00\x00cw\x09\xd7\xa4d\x00\x00,\xf2\x09\xde\
\xd1\x8d\x00\x00s\xd8\x09\xeb\xbf\xb5\x00\x00L\x1f\x09\xfd\
]\xb5\x00\x00\x10h\x09\xfd]\xb5\x00\x00W\xe7\x09\xfd\
]\xb5\x00\x00c\xae\x0a\x10d-\x00\x00\x17\xc2\x0a\x1e\
e\xb4\x00\x00_j\x0a!\xa6o\x00\x00\x18\x92\x0a\x22\
\xd2k\x00\x00:S\x0a0\xab\x94\x00\x00\x1cp\x0a<\
j+\x00\x00\x0f[\x0a=\x0e\x95\x00\x00Di\x0a?\
#\x1b\x00\x00\x11\xf9\x0a?#\x1b\x00\x00\x1a\xcc\x0a?\
#\x1b\x00\x00Z\x80\x0a?#\x1b\x00\x00\x8d;\x0a?\
j[\x00\x00\x1b\x03\x0a?j[\x00\x00Z\xe9\x0a?\
j[\x00\x00\x8a4\x0aZ\xcc\xc5\x00\x0095\x0a_\
\xbe\x83\x00\x001^\x0aa\x13>\x00\x00\x88C\x0ad\
\xd0\xcd\x00\x00\x06\x82\x0ad\xd0\xcd\x00\x00\x0a\x8f\x0ad\
\xd0\xcd\x00\x00\x11\xc9\x0ad\xd0\xcd\x00\x00@\xa9\x0ad\
\xd0\xcd\x00\x00AK\x0ad\xd0\xcd\x00\x00O\xe9\x0ad\
\xd0\xcd\x00\x00Q$\x0ad\xd0\xcd\x00\x00\x8eF\x0ad\
\xd0\xcd\x00\x00\xa1\xdc\x0ae\xb9\x1c\x00\x00\x19\xc4\x0ah\
\xf6\xd5\x00\x001\x9c\x0aiA\x82\x00\x00D\xab\x0am\
\x82\xfc\x00\x00?4\x0atg\x19\x00\x00\x125\x0av\
\x1d\x99\x00\x00 <\x0avZ2\x00\x00G\x13\x0aw\
r\xd7\x00\x00\x07\xec\x0ay_\x07\x00\x00)\x15\x0a\x84\
\xfb\xa8\x00\x00+\xa8\x0a\x95m\xe4\x00\x000=\x0a\x96\
ke\x00\x00\x0e\xcb\x0a\x9a\xaaZ\x00\x00\x01\xdc\x0a\xa2\
\xfa7\x00\x00\xb3X\x0a\xa7\xd1>\x00\x00B\x14\x0a\xad\
gY\x00\x00\x86\xf3\x0a\xb6v\xe4\x00\x00\xaf\xc4\x0a\xb9\
\x9c\xf3\x00\x00&\xf8\x0a\xb9\x9c\xf3\x00\x00^\x95\x0a\xb9\
\x9c\xf3\x00\x00\x95 \x0a\xbe J\x00\x00\x08\xe1\x0a\xd0\
_d\x00\x00\x95K\x0a\xd2\xc0\xe5\x00\x00.\xc6\x0a\xd8\
\xc4\x11\x00\x00z4\x0a\xdb\x09\xe4\x00\x00\xa8j\x0a\xe1\
\xb0\x85\x00\x00\x9f_\x0a\xe7\x93\x14\x00\x00p\xa0\x0a\xe8\
\xd6\x1e\x00\x00\x92~\x0a\xebf\x09\x00\x00C\xe8\x0a\xff\
e\xee\x00\x00\x91)\x0b\x03\xc6\x94\x00\x00\x10(\x0b\x03\
\xc6\x94\x00\x00W\xa7\x0b\x09yE\x00\x00/\x98\x0b\x09\
ye\x00\x00\x8cW\x0b\x09\xa6\xc4\x00\x00E\xe7\x0b%\
\xf5\x11\x00\x00\x05\xea\x0b08\xf9\x00\x00\x14\xd0\x0b6\
\x01k\x00\x00[\xa6\x0b6\x08+\x00\x00[S\x0bH\
B\xd9\x00\x00\x0bL\x0bHB\xd9\x00\x00R\xd4\x0b`\
\xb6\xd5\x00\x00>\xb8\x0bc\xe2\x94\x00\x00v\x06\x0bd\
\xdd\xbd\x00\x00\x1c\xad\x0b\x883H\x00\x00-\xbc\x0b\x8f\
\xdd\xb2\x00\x00=d\x0b\x91\x1f\xcc\x00\x00\x14?\x0b\x92\
\x14 \x00\x00+g\x0b\x997\x8e\x00\x00\x81M\x0b\x9e\
\x96Y\x00\x00o\x12\x0b\xab\x94\x0e\x00\x00\x83U\x0b\xb7\
p\xde\x00\x00!\x07\x0b\xbd\xf2c\x00\x00\x97\xa3\x0b\xc0\
\x05\xe4\x00\x00\x94-\x0b\xc2\x05\xe4\x00\x00:\x94\x0b\xc5\
\x09q\x00\x00\x05\xb5\x0b\xcb\x00\xae\x00\x00%\x96\x0b\xdb\
\x22C\x00\x00\x9c\xe6\x0b\xe3\xea\x81\x00\x00\x99@\x0b\xee\
\x00\xe4\x00\x00F\xae\x0c\x01\x9e\xd1\x00\x00\xack\x0c\x04\
\xa05\x00\x00K\xee\x0c\x05\x83\x83\x00\x00\x16\xf1\x0c\x05\
\x83\x83\x00\x00H/\x0c\x05\x83\x83\x00\x00\x86)\x0c\x10\
\xbf.\x00\x00\x8fv\x0c\x13\xf8\xce\x00\x00\x0a\xf7\x0c\x15\
*\xee\x00\x00t\xee\x0c!\x99\xcb\x00\x00\xa3\x13\x0c*\
$W\x00\x00@l\x0c*$W\x00\x00X\xbf\x0c*\
$W\x00\x00\x83\x92\x0c*$W\x00\x00\x8c\xb2\x0cB\
\x17\xa3\x00\x00\x84b\x0cC\xbb\xe2\x00\x00\x9b\x10\x0cG\
\x92\xf4\x00\x00a\xeb\x0cG\x92\xf4\x00\x00\x8a\xb6\x0cJ\
fY\x00\x00;Q\x0cRV\x8e\x00\x00c\xee\x0cV\
\x8c\xe5\x00\x00=\x99\x0cV\xb7\xad\x00\x00\x1a&\x0cX\
\x09e\x00\x00\xad\xdd\x0cZ\xcf\x1d\x00\x00\x163\x0c^\
T\xf9\x00\x00\x11u\x0co\x11\x8b\x00\x00\x05m\x0cu\
\x02\xbe\x00\x00Q\x83\x0cuK\x99\x00\x00\x84$\x0cz\
\xc3\x9e\x00\x00\x13\xfb\x0cz\xdb7\x00\x00\xa9\xc3\x0c{\
\x85\x9f\x00\x00)\x5c\x0c\x80\x8a\x83\x00\x00$\x9d\x0c\x84\
\xfes\x00\x00\xb0j\x0c\x88\xfa>\x00\x00\xab\xf0\x0c\x90\
\xd8\xbc\x00\x00\x9f\xd9\x0c\x92\xbc\xa1\x00\x00{I\x0c\x97\
\x12\xac\x00\x00o\xcc\x0c\x9a\x01\xda\x00\x00*\x9d\x0c\xa1\
\xa9\x84\x00\x006\x0c\x0c\xa3\x80I\x00\x00N\xa5\x0c\xa4\
\x91\xb5\x00\x003&\x0c\xa8h\x87\x00\x00oY\x0c\xa9\
_$\x00\x00@\xd4\x0c\xbb\x01s\x00\x00L\x81\x0c\xbb\
\x01s\x00\x00n\xe7\x0c\xc9\xa0\x0e\x00\x00o\x9c\x0c\xce\
\x0f\x1f\x00\x00#\x0e\x0c\xdf\x8d\xc8\x00\x00\x08;\x0c\xee\
\xd9[\x00\x00\x5cO\x0c\xf6\x5c\xfe\x00\x00b}\x0d\x04\
,\xaf\x00\x009\xe0\x0d\x05Rs\x00\x00\x13$\x0d\x18\
\x90\xf2\x00\x00E\x07\x0d\x1fN\x94\x00\x00^\x0d\x0d1\
\x07\xc5\x00\x00\xb3\x8b\x0d4\xb3\xee\x00\x00?r\x0dG\
c\xb4\x00\x00\x83\x1c\x0dL\xdb\xf1\x00\x00\xaf\xe7\x0dU\
\x94\xe2\x00\x005\x99\x0dZ\xca\xe7\x00\x006\xba\x0d\x5c\
\xa9\x15\x00\x00-N\x0d\x5c\xec2\x00\x006\xf5\x0d_\
\xd6C\x00\x00/\xcd\x0d\x89P\x17\x00\x00*\xd1\x0d\x89\
P\x17\x00\x00C\xb5\x0d\x93x%\x00\x00\x02\x1c\x0d\xa1\
\xc7\xc9\x00\x00\x85m\x0d\xacz\xf3\x00\x00\x13\xb0\x0d\xb0\
\x8e\xd4\x00\x00j\x01\x0d\xc5\x9e\xbe\x00\x00h\xfd\x0d\xd3\
\x034\x00\x00\xa3\x96\x0d\xd5\xf0#\x00\x00R`\x0d\xd8\
\xc9)\x00\x00\x9e\x0a\x0d\xfc\x13'\x00\x007h\x0e\x0d\
Dn\x00\x00\x1f3\x0e\x11\x9a\xe6\x00\x00\xa0\x0e\x0e\x12\
\x05s\x00\x00\xab\x89\x0e!}d\x00\x00\x8b\xe2\x0e/\
\xa2t\x00\x00\x14t\x0e1\xac*\x00\x00\x9a^\x0e;\
\xcd\x81\x00\x00\xa8\xb7\x0eD\xcd+\x00\x00U\xc2\x0eF\
\xc4\xc3\x00\x000\x8a\x0eb\xa1\xae\x00\x00\xa4q\x0ee\
@\x89\x00\x00\x95\xef\x0eg\x84\xbb\x00\x007\xa9\x0er\
\xa2\x0e\x00\x00#\xa2\x0e\xafo\xc3\x00\x00\x8a\xde\x0e\xb1\
7\x93\x00\x00^Q\x0e\xbf\xdf:\x00\x00\x09\x13\x0e\xcb\
%\xa2\x00\x00J\x0d\x0e\xd3\x02\xed\x00\x00t`\x0e\xe1\
~\xa3\x00\x00\x0f\xde\x0e\xe1~\xa3\x00\x00V\xc7\x0e\xe8\
\x9b\xb2\x00\x00\xabT\x0e\xf3\x11C\x00\x00\x9e\xaa\x0f\x03\
\xb7\xa1\x00\x00\x98\x95\x0f\x07gi\x00\x00^\xc4\x0f\x0e\
\x89.\x00\x00P\xc1\x0f\x19\x22<\x00\x00\x0dB\x0f\x19\
\x22<\x00\x00T:\x0f s\xf1\x00\x00\x04W\x0f!\
o\xdd\x00\x00\x02\xcd\x0f'\xf1\xfb\x00\x00\x04%\x0f'\
\xf1\xfb\x00\x00Nr\x0f3\x9a\x85\x00\x00\x8f\xd2\x0f9\
@\xe8\x00\x00\x04\x96\x0fL\xa1\xb3\x00\x00 u\x0fW\
\xb8i\x00\x00_\xfb\x0fX\x1aC\x00\x00\xad6\x0fn\
1U\x00\x00e\xc2\x0f\x85\xef\xbe\x00\x00'm\x0f\x8a\
3\xb5\x00\x00ks\x0f\x93gi\x00\x00_\x17\x0f\x96\
\xf2!\x00\x00K,\x0f\x98N\xf4\x00\x00\x8d\xbb\x0f\x99\
+e\x00\x00\xa0\x8a\x0f\x9eH$\x00\x00\x9d\xb3\x0f\xa1\
3H\x00\x00.&\x0f\xadN]\x00\x00\x9f+\x0f\xc0\
w!\x00\x00\x05\x10\x0f\xc9X\x97\x00\x00I\x03\x0f\xc9\
X\x97\x00\x00\x87;\x0f\xcc\xa8\xc4\x00\x00\x1b:\x0f\xd4\
\x9eI\x00\x00\x90f\x0f\xd5U\xb3\x00\x00r\x96\x0f\xef\
/\xd4\x00\x00_\xb3\x0f\xf4\xee^\x00\x00,\xab\x0f\xf5\
]#\x00\x00\xa3Hi\x00\x00\xb4\x22\x03\x00\x00\x00\x16\
0\xd00\xfc0\xb80\xe70\xf30\xa20\xc30\xd7\
0\xc70\xfc0\xc8\x08\x00\x00\x00\x00\x06\x00\x00\x00\x0e\
Version Update\x07\x00\
\x00\x00\x08@default\x01\x03\x00\x00\x00\
<\x00{\x00k\x00e\x00y\x00}\x00 0oq\
!R\xb90g0Y0\x020\xdb0\xc30\xc80\
\xad0\xfc0n\x8a-[\x9a0\x92x\xba\x8a\x8d0\
W0f0O0`0U0D\xff\x01\x08\x00\x00\
\x00\x00\x06\x00\x00\x001{key} is \
invalid, please \
check the hotkey\
 config!\x07\x00\x00\x00\x08@de\
fault\x01\x03\x00\x00\x00\x080\xd90\xfc0\
\xbfrH\x08\x00\x00\x00\x00\x06\x00\x00\x00\x0cBet\
a Version\x07\x00\x00\x00\x08Ab\
outTab\x01\x03\x00\x00\x00P0\xc00\xa6\
0\xf30\xb00\xec0\xfc0\xc9b\x10R\x9f\x00 \
\x00{\x00f\x00r\x00o\x00m\x00_\x00v\x00e\
\x00r\x00s\x00i\x00o\x00n\x00}\x00 \x00-\
\x00>\x00 \x00{\x00t\x00o\x00_\x00v\x00e\
\x00r\x00s\x00i\x00o\x00n\x00}\x08\x00\x00\x00\
\x00\x06\x00\x00\x000Downgrade \
success {from_ve\
rsion} -> {to_ve\
rsion}\x07\x00\x00\x00\x08About\
Tab\x01\x03\x00\x00\x00\x180\xc70\xd00\xc30\
\xb0rH0\x920\xc00\xa60\xf30\xed0\xfc0\
\xc9\x08\x00\x00\x00\x00\x06\x00\x00\x00\x0eDownl\
oad Debug\x07\x00\x00\x00\x08Ab\
outTab\x01\x03\x00\x00\x00\x140\xc00\xa6\
0\xf30\xed0\xfc0\xc90\xa80\xe90\xfc\x00:\
\x08\x00\x00\x00\x00\x06\x00\x00\x00\x0fDownlo\
ad Error:\x07\x00\x00\x00\x08Ab\
outTab\x01\x03\x00\x00\x00\x180\xea0\xea\
0\xfc0\xb9rH0\x920\xc00\xa60\xf30\xed\
0\xfc0\xc9\x08\x00\x00\x00\x00\x06\x00\x00\x00\x10Do\
wnload Release\x07\x00\
\x00\x00\x08AboutTab\x01\x03\x00\x00\x00\
\x10\x95\xa2\x90#0\xd70\xed0\xb80\xa70\xaf0\
\xc8\x08\x00\x00\x00\x00\x06\x00\x00\x00\x0eOther\
 Projects\x07\x00\x00\x00\x08Ab\
outTab\x01\x03\x00\x00\x00\x06[\x89[\x9a\
rH\x08\x00\x00\x00\x00\x06\x00\x00\x00\x0eStab\
le Version\x07\x00\x00\x00\x08A\
boutTab\x01\x03\x00\x00\x00N0\xa20\
\xc30\xd70\xc70\xfc0\xc8b\x10R\x9f\x00 \x00\
{\x00f\x00r\x00o\x00m\x00_\x00v\x00e\x00\
r\x00s\x00i\x00o\x00n\x00}\x00 \x00-\x00\
>\x00 \x00{\x00t\x00o\x00_\x00v\x00e\x00\
r\x00s\x00i\x00o\x00n\x00}\x08\x00\x00\x00\x00\
\x06\x00\x00\x00-Update succ\
ess {from_versio\
n} -> {to_versio\
n}\x07\x00\x00\x00\x08AboutTab\x01\
\x03\x00\x00\x00V0\xb20\xfc0\xe0\x00I\x00D\xff\
\x08O\x8b\xff\x1a\x001\x000\x002\x006\x003\x00\
0\x006\x001\x002\x003\x004\x005\xff\x090\
o0S0n0\xa20\xab0\xa60\xf30\xc80\
k}\x10N\xd80Q0\x890\x8c0\x01Y\x09f\
\xf40g0M0~0[0\x93\x08\x00\x00\x00\x00\
\x06\x00\x00\x00L\xe4\xbd\xa0\xe7\x9a\x84\xe6\xb8\xb8\xe6\x88\
\x8f\xe7\xbc\x96\xe5\x8f\xb7, \xe5\xa6\x821026\
30612345, \xe5\xb0\x86\xe4\xbc\x9a\
\xe7\xbb\x91\xe5\xae\x9a\xe6\xad\xa4\xe8\xb4\xa6\xe5\x8f\xb7\xe4\
\xbd\xbf\xe7\x94\xa8\xe6\x97\xa0\xe6\xb3\x95\xe6\x9b\xb4\xe6\x94\
\xb9\x07\x00\x00\x00\x09ActWindow\x01\
\x03\x00\x00\x00\x0e0\xa20\xaf0\xc60\xa30\xd90\
\xfc0\xc8\x08\x00\x00\x00\x00\x06\x00\x00\x00\x06\xe6\xbf\x80\
\xe6\xb4\xbb\x07\x00\x00\x00\x09ActWindo\
w\x01\x03\x00\x00\x00\x180\xa20\xaf0\xc60\xa30\
\xd90\xfc0\xb70\xe70\xf30\xb30\xfc0\xc9\x08\
\x00\x00\x00\x00\x06\x00\x00\x00\x09\xe6\xbf\x80\xe6\xb4\xbb\xe7\
\xa0\x81\x07\x00\x00\x00\x09ActWindow\
\x01\x03\x00\x00\x00\x04\x8afu(\x08\x00\x00\x00\x00\x06\
\x00\x00\x00\x06\xe8\xaf\x95\xe7\x94\xa8\x07\x00\x00\x00\x09A\
ctWindow\x01\x03\x00\x00\x00\x1e0\xb2\
0\xfc0\xe0\x00I\x00D0\x92QeR\x9b0W\
0f0O0`0U0D\xff\x01\x08\x00\x00\x00\
\x00\x06\x00\x00\x00\x16\xe8\xaf\xb7\xe8\xbe\x93\xe5\x85\xa5\xe6\
\xb8\xb8\xe6\x88\x8f\xe7\xbc\x96\xe5\x8f\xb7!\x07\x00\x00\x00\
\x09ActWindow\x01\x03\x00\x00\x00,\
0\xa20\xaf0\xc60\xa30\xd90\xfc0\xb70\xe7\
0\xf30\xb30\xfc0\xc90\x92QeR\x9b0W\
0f0O0`0U0D\xff\x01\x08\x00\x00\x00\
\x00\x06\x00\x00\x00\x13\xe8\xaf\xb7\xe8\xbe\x93\xe5\x85\xa5\xe6\
\xbf\x80\xe6\xb4\xbb\xe7\xa0\x81!\x07\x00\x00\x00\x09Ac\
tWindow\x01\x03\x00\x00\x00\x1e0\xbd0\
\xd50\xc80\xa60\xa70\xa20\xa20\xaf0\xc60\
\xa30\xd90\xfc0\xb70\xe70\xf3\x08\x00\x00\x00\x00\
\x06\x00\x00\x00\x0c\xe8\xbd\xaf\xe4\xbb\xb6\xe6\xbf\x80\xe6\xb4\
\xbb\x07\x00\x00\x00\x09ActWindow\x01\
\x03\x00\x00\x00\x0a\x8a\x8d\x8a<Y1eW\xff\x01\x08\
\x00\x00\x00\x00\x06\x00\x00\x00\x0d\xe9\xaa\x8c\xe8\xaf\x81\xe5\
\xa4\xb1\xe8\xb4\xa5!\x07\x00\x00\x00\x09ActWi\
ndow\x01\x03\x00\x00\x00\x0a\x8a\x8d\x8a<b\x10\
R\x9f\xff\x01\x08\x00\x00\x00\x00\x06\x00\x00\x00\x0d\xe9\xaa\
\x8c\xe8\xaf\x81\xe6\x88\x90\xe5\x8a\x9f!\x07\x00\x00\x00\x09\
ActWindow\x01\x03\x00\x00\x00\x04\x8f\
\xfdR\xa0\x08\x00\x00\x00\x00\x06\x00\x00\x00\x03Add\
\x07\x00\x00\x00\x11AddTextMess\
ageBox\x01\x03\x00\x00\x00\x0a0\xad0\xe3\
0\xf30\xbb0\xeb\x08\x00\x00\x00\x00\x06\x00\x00\x00\x06\
Cancel\x07\x00\x00\x00\x11AddTe\
xtMessageBox\x01\x03\x00\x00\
\x00\x04x\xba\x8a\x8d\x08\x00\x00\x00\x00\x06\x00\x00\x00\x07\
Confirm\x07\x00\x00\x00\x11AddT\
extMessageBox\x01\x03\x00\
\x00\x00&\x00'\x00{\x00}\x00'\x00 0\x92R\
J\x96d0W0f0\x820\x880\x8d0W0\
D0g0Y0K\xff\x1f\x08\x00\x00\x00\x00\x06\x00\
\x00\x00%Are you sure \
you want to dele\
te '{}'?\x07\x00\x00\x00\x10Ann\
otationCanvas\x01\x03\x00\
\x00\x00\x0aRJ\x96d0nx\xba\x8a\x8d\x08\x00\x00\
\x00\x00\x06\x00\x00\x00\x0eConfirm D\
elete\x07\x00\x00\x00\x10Annota\
tionCanvas\x01\x03\x00\x00\x00\x06\
0\xc00\xfc0\xaf\x08\x00\x00\x00\x00\x06\x00\x00\x00\x04\
Dark\x07\x00\x00\x00\x0fAppConf\
igWidget\x01\x03\x00\x00\x00\x060\xe9\
0\xa40\xc8\x08\x00\x00\x00\x00\x06\x00\x00\x00\x05Li\
ght\x07\x00\x00\x00\x0fAppConfi\
gWidget\x01\x03\x00\x00\x00\x060\xc60\
\xfc0\xde\x08\x00\x00\x00\x00\x06\x00\x00\x00\x05The\
me\x07\x00\x00\x00\x0fAppConfig\
Widget\x01\x03\x00\x00\x00\x1a\x00'\x00{\
\x00}\x00'\x00 0ke\xe20k[XW(\
0W0~0Y\x08\x00\x00\x00\x00\x06\x00\x00\x00\x16\
Already exists i\
n '{}'\x07\x00\x00\x00\x0aBBoxD\
ialog\x01\x03\x00\x00\x00\x160\xd00\xa60\
\xf30\xc70\xa30\xf30\xb00\xdc0\xc30\xaf0\
\xb9\x08\x00\x00\x00\x00\x06\x00\x00\x00\x0cBound\
ing Box\x07\x00\x00\x00\x0aBBox\
Dialog\x01\x03\x00\x00\x00\x0a0\xad0\xe3\
0\xf30\xbb0\xeb\x08\x00\x00\x00\x00\x06\x00\x00\x00\x06\
Cancel\x07\x00\x00\x00\x0aBBoxD\
ialog\x01\x03\x00\x00\x00\x0a0\xab0\xc60\
\xb40\xeaT\x0d\x08\x00\x00\x00\x00\x06\x00\x00\x00\x0dC\
ategory name\x07\x00\x00\x00\
\x0aBBoxDialog\x01\x03\x00\x00\x00\
\x0a0\xab0\xc60\xb40\xea\x00:\x08\x00\x00\x00\x00\
\x06\x00\x00\x00\x09Category:\x07\x00\
\x00\x00\x0aBBoxDialog\x01\x03\x00\
\x00\x00\x06\x9a\xd80U\x00:\x08\x00\x00\x00\x00\x06\x00\
\x00\x00\x07Height:\x07\x00\x00\x00\x0aB\
BoxDialog\x01\x03\x00\x00\x00\x0eT\
\x0dRM0o_\xc5\x98\x080g0Y\x08\x00\x00\
\x00\x00\x06\x00\x00\x00\x0dName requ\
ired\x07\x00\x00\x00\x0aBBoxDia\
log\x01\x03\x00\x00\x00\x04\x00O\x00K\x08\x00\x00\
\x00\x00\x06\x00\x00\x00\x02OK\x07\x00\x00\x00\x0aBB\
oxDialog\x01\x03\x00\x00\x00\x04^E\
\x00:\x08\x00\x00\x00\x00\x06\x00\x00\x00\x06Widt\
h:\x07\x00\x00\x00\x0aBBoxDialo\
g\x01\x03\x00\x00\x00&0\xb90\xbf0\xfc0\xc80\
\xe10\xcb0\xe50\xfc0k0\xb70\xe70\xfc0\
\xc80\xab0\xc30\xc80\x92\x8f\xfdR\xa0\x08\x00\x00\
\x00\x00\x06\x00\x00\x00\x17Add Start\
 Menu Shortcut\x07\x00\
\x00\x00\x0aConfigCard\x01\x03\x00\
\x00\x00\x0e\x8a-[\x9a0\x920\xea0\xbb0\xc30\
\xc8\x08\x00\x00\x00\x00\x06\x00\x00\x00\x0cReset\
 Config\x07\x00\x00\x00\x0aConf\
igCard\x01\x03\x00\x00\x00\x0a0\xad0\xe3\
0\xf30\xbb0\xeb\x08\x00\x00\x00\x00\x06\x00\x00\x00\x06\
Cancel\x07\x00\x00\x00\x0eCopyT\
askDialog\x01\x03\x00\x00\x00\x04x\
\xba\x8a\x8d\x08\x00\x00\x00\x00\x06\x00\x00\x00\x07Con\
firm\x07\x00\x00\x00\x0eCopyTas\
kDialog\x01\x03\x00\x00\x00\x0e0\xbf0\
\xb90\xaf0\x920\xb30\xd40\xfc\x08\x00\x00\x00\x00\
\x06\x00\x00\x00\x09Copy Task\x07\x00\
\x00\x00\x0eCopyTaskDialo\
g\x01\x03\x00\x00\x00\x1c0\xb30\xd40\xfc0Y0\
\x8b0\xbf0\xb90\xaf0\x92\x90xb\x9e\x00.\x00\
.\x00.\x08\x00\x00\x00\x00\x06\x00\x00\x00\x16Sel\
ect task to copy\
...\x07\x00\x00\x00\x0eCopyTask\
Dialog\x01\x03\x00\x00\x00\x10\x00(\x000\
\x00 \x00=\x00 q!R\xb9\x00)\x08\x00\x00\x00\
\x00\x06\x00\x00\x00\x0e(0 = disab\
led)\x07\x00\x00\x00\x18CreateS\
cheduleTaskDialo\
g\x01\x03\x00\x00\x00\x08\x002\x004fB\x95\x93\x08\
\x00\x00\x00\x00\x06\x00\x00\x00\x0324h\x07\x00\x00\x00\
\x18CreateScheduleT\
askDialog\x01\x03\x00\x00\x00 0\
\xbf0\xb90\xaf[\x8cN\x86_\x8c0k\x81\xeaR\
\xd5}BN\x86\x00 \x00(\x00-\x00e\x00)\x08\
\x00\x00\x00\x00\x06\x00\x00\x00\x1eAuto ex\
it after task do\
ne (-e)\x07\x00\x00\x00\x18Crea\
teScheduleTaskDi\
alog\x01\x03\x00\x00\x00\x0a0\xad0\xe30\xf3\
0\xbb0\xeb\x08\x00\x00\x00\x00\x06\x00\x00\x00\x06Ca\
ncel\x07\x00\x00\x00\x18CreateS\
cheduleTaskDialo\
g\x01\x03\x00\x00\x00\x04O\x5cb\x10\x08\x00\x00\x00\x00\
\x06\x00\x00\x00\x06Create\x07\x00\x00\x00\x18\
CreateScheduleTa\
skDialog\x01\x03\x00\x00\x00\x180\xb9\
0\xb10\xb80\xe50\xfc0\xeb0\xbf0\xb90\xaf\
0\x92O\x5cb\x10\x08\x00\x00\x00\x00\x06\x00\x00\x00\x14\
Create Schedule \
Task\x07\x00\x00\x00\x18CreateS\
cheduleTaskDialo\
g\x01\x03\x00\x00\x00\x080\xab0\xb90\xbf0\xe0\x08\
\x00\x00\x00\x00\x06\x00\x00\x00\x06Custom\x07\
\x00\x00\x00\x18CreateSchedu\
leTaskDialog\x01\x03\x00\x00\
\x00\x0c0\xab0\xb90\xbf0\xe0\x95\x93\x96\x94\x08\x00\
\x00\x00\x00\x06\x00\x00\x00\x0fCustom I\
nterval\x07\x00\x00\x00\x18Crea\
teScheduleTaskDi\
alog\x01\x03\x00\x00\x00\x04k\xcee\xe5\x08\x00\
\x00\x00\x00\x06\x00\x00\x00\x05Daily\x07\x00\x00\
\x00\x18CreateSchedule\
TaskDialog\x01\x03\x00\x00\x00\x02\
e\xe5\x08\x00\x00\x00\x00\x06\x00\x00\x00\x04Days\
\x07\x00\x00\x00\x18CreateSched\
uleTaskDialog\x01\x03\x00\
\x00\x00\x04fB\x95\x93\x08\x00\x00\x00\x00\x06\x00\x00\x00\
\x04Hour\x07\x00\x00\x00\x18Create\
ScheduleTaskDial\
og\x01\x03\x00\x00\x00\x04fB\x95\x93\x08\x00\x00\x00\
\x00\x06\x00\x00\x00\x05Hours\x07\x00\x00\x00\x18\
CreateScheduleTa\
skDialog\x01\x03\x00\x00\x00\x02R\x06\
\x08\x00\x00\x00\x00\x06\x00\x00\x00\x06Minute\
\x07\x00\x00\x00\x18CreateSched\
uleTaskDialog\x01\x03\x00\
\x00\x00\x04k\xceg\x08\x08\x00\x00\x00\x00\x06\x00\x00\x00\
\x07Monthly\x07\x00\x00\x00\x18Cre\
ateScheduleTaskD\
ialog\x01\x03\x00\x00\x00\x1cR)u(S\
\xef\x80\xfd0j0\xbf0\xb90\xaf0L0B0\
\x8a0~0[0\x93\x08\x00\x00\x00\x00\x06\x00\x00\x00\
\x12No tasks availa\
ble\x07\x00\x00\x00\x18CreateSc\
heduleTaskDialog\
\x01\x03\x00\x00\x00\x04N\x00V\xde\x08\x00\x00\x00\x00\x06\
\x00\x00\x00\x04Once\x07\x00\x00\x00\x18Cre\
ateScheduleTaskD\
ialog\x01\x03\x00\x00\x00\x0c0\xbf0\xb90\
\xaf0\x92\x90xb\x9e\x08\x00\x00\x00\x00\x06\x00\x00\x00\
\x0bSelect Task\x07\x00\x00\x00\
\x18CreateScheduleT\
askDialog\x01\x03\x00\x00\x00\x08\x95\
\x8bY\xcbfB\x95\x93\x08\x00\x00\x00\x00\x06\x00\x00\x00\
\x0aStart Time\x07\x00\x00\x00\x18\
CreateScheduleTa\
skDialog\x01\x03\x00\x00\x00\x0e\x8dw\
R\xd50\xaa0\xd70\xb70\xe70\xf3\x08\x00\x00\x00\
\x00\x06\x00\x00\x00\x0fStartup Op\
tions\x07\x00\x00\x00\x18Create\
ScheduleTaskDial\
og\x01\x03\x00\x00\x00\x0c0\xbf0\xa40\xe00\xa2\
0\xa60\xc8\x08\x00\x00\x00\x00\x06\x00\x00\x00\x07Ti\
meout\x07\x00\x00\x00\x18Create\
ScheduleTaskDial\
og\x01\x03\x00\x00\x00\x0e0\xc80\xea0\xac0\xfc\
0\xbf0\xa40\xd7\x08\x00\x00\x00\x00\x06\x00\x00\x00\x0c\
Trigger Type\x07\x00\x00\x00\
\x18CreateScheduleT\
askDialog\x01\x03\x00\x00\x00\x04k\
\xce\x901\x08\x00\x00\x00\x00\x06\x00\x00\x00\x06Wee\
kly\x07\x00\x00\x00\x18CreateSc\
heduleTaskDialog\
\x01\x03\x00\x00\x00\x18fB\x95\x93\x00 \x00(\x000\
\x00 \x00=\x00 q!R6\x96P\x00)\x08\x00\
\x00\x00\x00\x06\x00\x00\x00\x15hours (0\
 = unlimited)\x07\x00\x00\
\x00\x18CreateSchedule\
TaskDialog\x01\x03\x00\x00\x00\x0a\
0\xad0\xe30\xf30\xbb0\xeb\x08\x00\x00\x00\x00\x06\
\x00\x00\x00\x06Cancel\x07\x00\x00\x00\x10C\
reateTaskDialog\x01\
\x03\x00\x00\x00\x160\xaf0\xe90\xb9T\x0d\x00 \x00\
(\x82\xf1\x8a\x9e0n0\x7f\x00)\x08\x00\x00\x00\x00\
\x06\x00\x00\x00\x19Class Name \
(English only)\x07\x00\
\x00\x00\x10CreateTaskDia\
log\x01\x03\x00\x00\x00\x04x\xba\x8a\x8d\x08\x00\x00\
\x00\x00\x06\x00\x00\x00\x07Confirm\x07\x00\
\x00\x00\x10CreateTaskDia\
log\x01\x03\x00\x00\x00\x0c0\xbf0\xb90\xaf0\
\x92O\x5cb\x10\x08\x00\x00\x00\x00\x06\x00\x00\x00\x0bC\
reate Task\x07\x00\x00\x00\x10C\
reateTaskDialog\x01\
\x03\x00\x00\x00\x0e\x8a\xacf\x0e\x00 \x00(N\xfba\
\x0f\x00)\x08\x00\x00\x00\x00\x06\x00\x00\x00\x16Des\
cription (Option\
al)\x07\x00\x00\x00\x10CreateTa\
skDialog\x01\x03\x00\x00\x00\x080\xbf\
0\xb90\xafT\x0d\x08\x00\x00\x00\x00\x06\x00\x00\x00\x09\
Task Name\x07\x00\x00\x00\x10Cr\
eateTaskDialog\x01\x03\
\x00\x00\x00\x08T|0sQ\xfa0Y\x08\x00\x00\x00\
\x00\x06\x00\x00\x00\x04Call\x07\x00\x00\x00\x08D\
ebugTab\x01\x03\x00\x00\x00\x180\xb90\
\xaf0\xea0\xfc0\xf30\xb70\xe70\xc30\xc80\
\x92d\xae0\x8b\x08\x00\x00\x00\x00\x06\x00\x00\x00\x12C\
apture Screensho\
t\x07\x00\x00\x00\x08DebugTab\x01\x03\
\x00\x00\x00\x0e0\xad0\xe30\xd70\xc10\xe3b\x10\
R\x9f\x08\x00\x00\x00\x00\x06\x00\x00\x00\x0fCapt\
ure Success\x07\x00\x00\x00\x08\
DebugTab\x01\x03\x00\x00\x00 0\xad\
0\xe30\xd70\xc10\xe30L\x00N\x00o\x00n\
\x00e0\x92\x8f\xd40W0~0W0_\x08\x00\
\x00\x00\x00\x06\x00\x00\x00\x15Capture \
returned None\x07\x00\x00\
\x00\x08DebugTab\x01\x03\x00\x00\x00\x1c\
\x00i\x001\x008\x00n0\xd50\xa10\xa40\xeb\
0\x920\xb30\xf30\xd10\xa40\xeb\x08\x00\x00\x00\
\x00\x06\x00\x00\x00\x12Convert i1\
8n files\x07\x00\x00\x00\x08Deb\
ugTab\x01\x03\x00\x00\x00\x140\xbf0\xb90\
\xaf\x95\xa2ep0\x920\xc70\xd00\xc30\xb0\x08\
\x00\x00\x00\x00\x06\x00\x00\x00\x13Debug T\
ask Function\x07\x00\x00\x00\
\x08DebugTab\x01\x03\x00\x00\x00\x0e0\
\xc70\xd00\xc30\xb00\xc40\xfc0\xeb\x08\x00\x00\
\x00\x00\x06\x00\x00\x00\x0aDebug Too\
l\x07\x00\x00\x00\x08DebugTab\x01\x03\
\x00\x00\x00&0\xb90\xaf0\xea0\xfc0\xf30\xb7\
0\xe70\xc30\xc80\x920\xc90\xed0\xc30\xd7\
0~0_0o\x90xb\x9e\x08\x00\x00\x00\x00\x06\
\x00\x00\x00\x19Drop or Sele\
ct Screenshot\x07\x00\x00\
\x00\x08DebugTab\x01\x03\x00\x00\x004\
0\xb90\xec0\xc30\xc90\x920\xc00\xf30\xd7\
\x00(0\xdb0\xc30\xc80\xad0\xfc\x00:\x00C\
\x00t\x00r\x00l\x00+\x00A\x00l\x00t\x00+\
\x00D\x00)\x08\x00\x00\x00\x00\x06\x00\x00\x00\x1fDu\
mp Threads(HotKe\
y:Ctrl+Alt+D)\x07\x00\x00\
\x00\x08DebugTab\x01\x03\x00\x00\x00\x16\
\x00i\x001\x008\x00n0\xd50\xa10\xa40\xeb\
0\x92u\x1fb\x10\x08\x00\x00\x00\x00\x06\x00\x00\x00\x13\
Generate i18n fi\
les\x07\x00\x00\x00\x08DebugTab\
\x01\x03\x00\x00\x00(0\xad0\xe30\xd70\xc10\xe3\
e\xb9l\xd50LR)u(N\x0dS\xef0~\
0_0og*\x90xb\x9e0g0Y\x08\x00\
\x00\x00\x00\x06\x00\x00\x00 No Captu\
re Available or \
Selected\x07\x00\x00\x00\x08Deb\
ugTab\x01\x03\x00\x00\x00\x1a\x00O\x00C\x00\
R0L\x8a-[\x9a0U0\x8c0f0D0\
~0[0\x93\x08\x00\x00\x00\x00\x06\x00\x00\x00\x11N\
o OCR configured\
\x07\x00\x00\x00\x08DebugTab\x01\x03\x00\
\x00\x008\x5c^`'0~0_0o0\xe10\
\xbd0\xc30\xc90L0B0\x8a0~0[0\
\x93\x00:\x00 \x00{\x00f\x00u\x00n\x00c\x00\
_\x00n\x00a\x00m\x00e\x00}\x08\x00\x00\x00\x00\
\x06\x00\x00\x00\x19No such att\
r: {func_name}\x07\x00\
\x00\x00\x08DebugTab\x01\x03\x00\x00\x00\
\x1e\x00O\x00C\x00Rb\x10R\x9f\x00:\x00 \x00\
{\x00r\x00e\x00s\x00u\x00l\x00t\x00}\x08\
\x00\x00\x00\x00\x06\x00\x00\x00\x15OCR suc\
cess: {result}\x07\x00\
\x00\x00\x08DebugTab\x01\x03\x00\x00\x00\
\x120\xed0\xb00\xd50\xa90\xeb0\xc00\x92\x95\
\x8b0O\x08\x00\x00\x00\x00\x06\x00\x00\x00\x09Ope\
n Logs\x07\x00\x00\x00\x08Debug\
Tab\x01\x03\x00\x00\x00\x180\xb90\xaf0\xea0\
\xfc0\xf30\xb70\xe70\xc30\xc80\x92\x90xb\
\x9e\x08\x00\x00\x00\x00\x06\x00\x00\x00\x12Selec\
t Screenshots\x07\x00\x00\
\x00\x08DebugTab\x01\x03\x00\x00\x00\x1a\
\x95\xa2ep0~0_0o0\xd70\xed0\xd1\
0\xc60\xa30\x92QeR\x9b\x08\x00\x00\x00\x00\x06\
\x00\x00\x00\x1bType a funct\
ion or property\x07\
\x00\x00\x00\x08DebugTab\x01\x03\x00\x00\
\x00 T|0sQ\xfa0Wb\x10R\x9f\x00:\
\x00 \x00{\x00r\x00e\x00s\x00u\x00l\x00t\
\x00}\x08\x00\x00\x00\x00\x06\x00\x00\x00\x16call\
 success: {resul\
t}\x07\x00\x00\x00\x08DebugTab\x01\
\x03\x00\x00\x00\x22\x00{\x00n\x00u\x00m\x00}g\
\x9a0nu;P\xcf0L\x90xb\x9e0U0\
\x8c0~0W0_\x08\x00\x00\x00\x00\x06\x00\x00\x00\
\x15{num} images se\
lected\x07\x00\x00\x00\x08Debug\
Tab\x01\x03\x00\x00\x00\x06\x00A\x00D\x00B\x08\
\x00\x00\x00\x00\x06\x00\x00\x00\x03ADB\x07\x00\x00\x00\
\x0bEditTaskTab\x01\x03\x00\x00\
\x00\x22\x00{\x00}\x00 0\x92RJ\x96d0W\
0f0\x820\x880\x8d0W0D0g0Y\
0K\xff\x1f\x08\x00\x00\x00\x00\x06\x00\x00\x00#Ar\
e you sure you w\
ant to delete {}\
?\x07\x00\x00\x00\x0bEditTaskTa\
b\x01\x03\x00\x00\x00\x080\xdc0\xc30\xaf0\xb9\x08\
\x00\x00\x00\x00\x06\x00\x00\x00\x03Box\x07\x00\x00\x00\
\x0bEditTaskTab\x01\x03\x00\x00\
\x00\x0a0\xad0\xe30\xf30\xbb0\xeb\x08\x00\x00\x00\
\x00\x06\x00\x00\x00\x06Cancel\x07\x00\x00\x00\
\x0bEditTaskTab\x01\x03\x00\x00\
\x00\x0e0\xbf0\xb90\xaf0\x92\x90xb\x9e\x00:\
\x08\x00\x00\x00\x00\x06\x00\x00\x00\x0cChoose\
 Task:\x07\x00\x00\x00\x0bEditT\
askTab\x01\x03\x00\x00\x00\x0aRJ\x96d\
0nx\xba\x8a\x8d\x08\x00\x00\x00\x00\x06\x00\x00\x00\x0e\
Confirm Delete\x07\x00\
\x00\x00\x0bEditTaskTab\x01\x03\
\x00\x00\x00\x04R6_\xa1\x08\x00\x00\x00\x00\x06\x00\x00\
\x00\x07Control\x07\x00\x00\x00\x0bEd\
itTaskTab\x01\x03\x00\x00\x00\x0e0\
\xbf0\xb90\xaf0\x920\xb30\xd40\xfc\x08\x00\x00\
\x00\x00\x06\x00\x00\x00\x09Copy Task\
\x07\x00\x00\x00\x0bEditTaskTab\
\x01\x03\x00\x00\x00&\x00{\x00}\x00 0n0\xbd\
0\xfc0\xb90\xd50\xa10\xa40\xeb0L\x89\x8b\
0d0K0\x8a0~0[0\x93\x08\x00\x00\x00\
\x00\x06\x00\x00\x00!Could not \
find source file\
 for {}\x07\x00\x00\x00\x0bEdit\
TaskTab\x01\x03\x00\x00\x00\x10e\xb0\x89\
\x8f0\xbf0\xb90\xaf0\x92O\x5cb\x10\x08\x00\x00\
\x00\x00\x06\x00\x00\x00\x0fCreate Ne\
w Task\x07\x00\x00\x00\x0bEditT\
askTab\x01\x03\x00\x00\x00\x0c0\xbf0\xb9\
0\xaf0\x92O\x5cb\x10\x08\x00\x00\x00\x00\x06\x00\x00\
\x00\x0bCreate Task\x07\x00\x00\
\x00\x0bEditTaskTab\x01\x03\x00\
\x00\x00\x0c0\xbf0\xb90\xaf0\x92RJ\x96d\x08\
\x00\x00\x00\x00\x06\x00\x00\x00\x0bDelete \
Task\x07\x00\x00\x00\x0bEditTas\
kTab\x01\x03\x00\x00\x00\x120\xb90\xaf0\xea\
0\xd70\xc80n\x88hy:T\x0d\x08\x00\x00\x00\
\x00\x06\x00\x00\x00\x1bDisplay na\
me for the scrip\
t\x07\x00\x00\x00\x0bEditTaskTa\
b\x01\x03\x00\x00\x00$\x82\xf1\x8a\x9e0\x01ep[\
W0\x01g\x09R\xb90j0\xd50\xa10\xa40\
\xebT\x0de\x87[W0n0\x7f\x08\x00\x00\x00\x00\
\x06\x00\x00\x00.English, nu\
mbers and valid \
filename chars o\
nly\x07\x00\x00\x00\x0bEditTask\
Tab\x01\x03\x00\x00\x00\x0c0\xa80\xaf0\xb90\
\xdd0\xfc0\xc8\x08\x00\x00\x00\x00\x06\x00\x00\x00\x06E\
xport\x07\x00\x00\x00\x0bEditTa\
skTab\x01\x03\x00\x00\x00\x180\xb90\xaf0\
\xea0\xd70\xc80\x920\xa80\xaf0\xb90\xdd0\
\xfc0\xc8\x08\x00\x00\x00\x00\x06\x00\x00\x00\x0dExp\
ort Script\x07\x00\x00\x00\x0bE\
ditTaskTab\x01\x03\x00\x00\x00\x10\
0\xa80\xaf0\xb90\xdd0\xfc0\xc8Y1eW\
\x08\x00\x00\x00\x00\x06\x00\x00\x00\x0dExport\
 failed\x07\x00\x00\x00\x0bEdit\
TaskTab\x01\x03\x00\x00\x00&0\xbd0\
\xfc0\xb90\xd50\xa10\xa40\xeb0n\x8a\xad0\
\x7fS\xd60\x8a0kY1eW\x00:\x00 \x00\
{\x00}\x08\x00\x00\x00\x00\x06\x00\x00\x00\x1eFai\
led to read sour\
ce file: {}\x07\x00\x00\x00\x0b\
EditTaskTab\x01\x03\x00\x00\x00\
\x12O\xdd[X0kY1eW0W0~0\
W0_\x08\x00\x00\x00\x00\x06\x00\x00\x00\x0eFai\
led to save\x07\x00\x00\x00\x0b\
EditTaskTab\x01\x03\x00\x00\x00\
\x080\xd50\xa10\xa40\xeb\x08\x00\x00\x00\x00\x06\x00\
\x00\x00\x04File\x07\x00\x00\x00\x0bEdit\
TaskTab\x01\x03\x00\x00\x00\x1e0\xd50\
\xa10\xa40\xeb0LY\x16\x90\xe80gY\x09f\
\xf40U0\x8c0~0W0_\x08\x00\x00\x00\x00\
\x06\x00\x00\x00\x17File Change\
d Externally\x07\x00\x00\x00\
\x0bEditTaskTab\x01\x03\x00\x00\
\x00\x0c0\xd50\xa10\xa40\xebT\x0d\xff\x1a\x08\x00\
\x00\x00\x00\x06\x00\x00\x00\x0aFile Nam\
e:\x07\x00\x00\x00\x0bEditTaskT\
ab\x01\x03\x00\x00\x00\x060\xac0\xa40\xc9\x08\x00\
\x00\x00\x00\x06\x00\x00\x00\x05Guide\x07\x00\x00\
\x00\x0bEditTaskTab\x01\x03\x00\
\x00\x00\x160\xb90\xaf0\xea0\xd70\xc80\x920\
\xa40\xf30\xdd0\xfc0\xc8\x08\x00\x00\x00\x00\x06\x00\
\x00\x00\x0dImport Script\
\x07\x00\x00\x00\x0bEditTaskTab\
\x01\x03\x00\x00\x00\x0e0\xa40\xf30\xdd0\xfc0\xc8\
Y1eW\x08\x00\x00\x00\x00\x06\x00\x00\x00\x0dIm\
port failed\x07\x00\x00\x00\x0b\
EditTaskTab\x01\x03\x00\x00\x00\
.0\xaf0\xe90\xb9T\x0d0Lq!R\xb90\
g0Y0\x02\x82\xf1[W0n0\x7fO\x7fu\
(0W0f0O0`0U0D0\x02\x08\
\x00\x00\x00\x00\x06\x00\x00\x004Invalid\
 Class Name. Mus\
t be English cha\
racters only.\x07\x00\x00\
\x00\x0bEditTaskTab\x01\x03\x00\
\x00\x00Lq!R\xb90j0\xd50\xa10\xa40\
\xebT\x0d0g0Y0\x02\x82\xf1[W0\x01e\
p[W0\x010\xa20\xf30\xc00\xfc0\xb90\
\xb30\xa20\x010\xcf0\xa40\xd50\xf30n0\
\x7fO\x7fu(0g0M0~0Y0\x02\x08\
\x00\x00\x00\x00\x06\x00\x00\x00KInvalid\
 file name. Use \
English letters,\
 numbers, unders\
cores, hyphens o\
nly.\x07\x00\x00\x00\x0bEditTas\
kTab\x01\x03\x00\x00\x00\x040\xad0\xfc\x08\x00\
\x00\x00\x00\x06\x00\x00\x00\x03Key\x07\x00\x00\x00\x0b\
EditTaskTab\x01\x03\x00\x00\x00\
\x040\xed0\xb0\x08\x00\x00\x00\x00\x06\x00\x00\x00\x07L\
ogging\x07\x00\x00\x00\x0bEditT\
askTab\x01\x03\x00\x00\x00\x0aq!\x96P\
0\xeb0\xfc0\xd7\x08\x00\x00\x00\x00\x06\x00\x00\x00\x0f\
Loop infinitely\x07\
\x00\x00\x00\x0bEditTaskTab\x01\
\x03\x00\x00\x00\x0a\x00xV\xde0\xeb0\xfc0\xd7\x08\
\x00\x00\x00\x00\x06\x00\x00\x00\x0cLoop x \
times\x07\x00\x00\x00\x0bEditTa\
skTab\x01\x03\x00\x00\x00\x060\xde0\xa60\
\xb9\x08\x00\x00\x00\x00\x06\x00\x00\x00\x05Mouse\
\x07\x00\x00\x00\x0bEditTaskTab\
\x01\x03\x00\x00\x00\x0a0\xeb0\xfc0\xd70j0W\
\x08\x00\x00\x00\x00\x06\x00\x00\x00\x07No loo\
p\x07\x00\x00\x00\x0bEditTaskTa\
b\x01\x03\x00\x00\x00$0\xa80\xaf0\xb90\xdd0\
\xfc0\xc80Y0\x8b0\xbf0\xb90\xaf0L0\
B0\x8a0~0[0\x930\x02\x08\x00\x00\x00\x00\
\x06\x00\x00\x00\x13No tasks to\
 export.\x07\x00\x00\x00\x0bEdi\
tTaskTab\x01\x03\x00\x00\x00\x06\x00O\
\x00C\x00R\x08\x00\x00\x00\x00\x06\x00\x00\x00\x03OC\
R\x07\x00\x00\x00\x0bEditTaskTa\
b\x01\x03\x00\x00\x00\x04\x00O\x00K\x08\x00\x00\x00\x00\
\x06\x00\x00\x00\x02OK\x07\x00\x00\x00\x0bEdit\
TaskTab\x01\x03\x00\x00\x00N\x00O\x00\
K\x00S\x00c\x00r\x00i\x00p\x00t0\xd50\
\xa10\xa40\xeb\x00 \x00(\x00*\x00.\x00o\x00\
k\x00s\x00c\x00r\x00i\x00p\x00t\x00)\x00\
;\x00;0Y0y0f0n0\xd50\xa10\
\xa40\xeb\x00 \x00(\x00*\x00)\x08\x00\x00\x00\x00\
\x06\x00\x00\x00*OKScript Fi\
les (*.okscript)\
;;All Files (*)\x07\
\x00\x00\x00\x0bEditTaskTab\x01\
\x03\x00\x00\x00\x060]0nN\xd6\x08\x00\x00\x00\x00\
\x06\x00\x00\x00\x05Other\x07\x00\x00\x00\x0bE\
ditTaskTab\x01\x03\x00\x00\x00*\
\x5c\x110j0O0h0\x82\x0010d0n\
0\xbf0\xb90\xaf0\x92\x90xb\x9e0W0f\
0O0`0U0D0\x02\x08\x00\x00\x00\x00\x06\
\x00\x00\x00*Please selec\
t at least one t\
ask to export.\x07\x00\
\x00\x00\x0bEditTaskTab\x01\x03\
\x00\x00\x00\x04\x932u;\x08\x00\x00\x00\x00\x06\x00\x00\
\x00\x06Record\x07\x00\x00\x00\x0bEdi\
tTaskTab\x01\x03\x00\x00\x00<\x932\
u;0os\xfeW(0n0\xb90\xaf0\xea\
0\xd70\xc80\xed0\xb80\xc30\xaf0\x92N\x0a\
f\xf80M0W0~0Y0\x02}\x9a\x88L\
0W0~0Y0K\xff\x1f\x08\x00\x00\x00\x00\x06\
\x00\x00\x008Record will \
override the cur\
rent script logi\
c. Continue?\x07\x00\x00\x00\
\x0bEditTaskTab\x01\x03\x00\x00\
\x00N0\xa60\xa30\xf30\xc90\xa6\x00 \x00'\
\x00{\x00h\x00w\x00n\x00d\x00_\x00n\x00a\
\x00m\x00e\x00}\x00'\x00 0L0\xa20\xaf\
0\xc60\xa30\xd60k0j0\x8b0h\x932\
u;0\x92\x95\x8bY\xcb0W0~0Y0\x02\
\x08\x00\x00\x00\x00\x06\x00\x00\x00>Record\
ing will start w\
hen window '{hwn\
d_name}' becomes\
 active.\x07\x00\x00\x00\x0bEdi\
tTaskTab\x01\x03\x00\x00\x00\x04[\x9f\
\x88L\x08\x00\x00\x00\x00\x06\x00\x00\x00\x03Run\x07\
\x00\x00\x00\x0bEditTaskTab\x01\
\x03\x00\x00\x00\x04O\xdd[X\x08\x00\x00\x00\x00\x06\x00\
\x00\x00\x04Save\x07\x00\x00\x00\x0bEdit\
TaskTab\x01\x03\x00\x00\x00\x0aY\x09f\
\xf40\x92O\xdd[X\x08\x00\x00\x00\x00\x06\x00\x00\x00\
\x0cSave Changes\x07\x00\x00\
\x00\x0bEditTaskTab\x01\x03\x00\
\x00\x00\x0e0\xb90\xaf0\xea0\xd70\xc8T\x0d\xff\
\x1a\x08\x00\x00\x00\x00\x06\x00\x00\x00\x0cScrip\
t Name:\x07\x00\x00\x00\x0bEdit\
TaskTab\x01\x03\x00\x00\x0080\xb90\
\xaf0\xea0\xd70\xc80\x920\xc00\xa60\xf30\
\xed0\xfc0\xc90\xd50\xa90\xeb0\xc00k0\
\xa80\xaf0\xb90\xdd0\xfc0\xc80W0~0\
W0_0\x02\x08\x00\x00\x00\x00\x06\x00\x00\x001S\
cript exported s\
uccessfully to D\
ownloads folder.\
\x07\x00\x00\x00\x0bEditTaskTab\
\x01\x03\x00\x00\x00\x180\xb90\xaf0\xea0\xd70\xc8\
T\x0d0o_\xc5\x98\x080g0Y0\x02\x08\x00\
\x00\x00\x00\x06\x00\x00\x00\x18Script n\
ame is required.\
\x07\x00\x00\x00\x0bEditTaskTab\
\x01\x03\x00\x00\x00\x180\xc60\xf30\xd70\xec0\xfc\
0\xc80\x92i\x1c}\x22\x00.\x00.\x00.\x08\x00\
\x00\x00\x00\x06\x00\x00\x00\x13Search t\
emplates...\x07\x00\x00\x00\x0b\
EditTaskTab\x01\x03\x00\x00\x00\
\x180\xb90\xaf0\xea0\xd70\xc80\xd50\xa10\
\xa40\xeb0\x92\x90xb\x9e\x08\x00\x00\x00\x00\x06\x00\
\x00\x00\x12Select Script\
 File\x07\x00\x00\x00\x0bEditTa\
skTab\x01\x03\x00\x00\x00\x1e0\xa80\xaf0\
\xb90\xdd0\xfc0\xc80Y0\x8b0\xbf0\xb90\
\xaf0\x92\x90xb\x9e\xff\x1a\x08\x00\x00\x00\x00\x06\x00\
\x00\x00\x17Select tasks \
to export:\x07\x00\x00\x00\x0bE\
ditTaskTab\x01\x03\x00\x00\x00\x04\
P\x5ckb\x08\x00\x00\x00\x00\x06\x00\x00\x00\x04St\
op\x07\x00\x00\x00\x0bEditTaskT\
ab\x01\x03\x00\x00\x00\x04b\x10R\x9f\x08\x00\x00\x00\
\x00\x06\x00\x00\x00\x07Success\x07\x00\x00\
\x00\x0bEditTaskTab\x01\x03\x00\
\x00\x00\x140\xbf0\xb90\xafT\x0d0o_\xc5\x98\
\x080g0Y0\x02\x08\x00\x00\x00\x00\x06\x00\x00\x00\
\x16Task Name is re\
quired.\x07\x00\x00\x00\x0bEdit\
TaskTab\x01\x03\x00\x00\x00\x1a0\xbf0\
\xb90\xaf0L0\xb30\xd40\xfc0U0\x8c0\
~0W0_0\x02\x08\x00\x00\x00\x00\x06\x00\x00\x00\
\x19Task copied suc\
cessfully.\x07\x00\x00\x00\x0bE\
ditTaskTab\x01\x03\x00\x00\x00\x18\
0\xbf0\xb90\xaf0LO\x5cb\x100U0\x8c\
0~0W0_0\x02\x08\x00\x00\x00\x00\x06\x00\x00\
\x00\x1aTask created s\
uccessfully.\x07\x00\x00\x00\
\x0bEditTaskTab\x01\x03\x00\x00\
\x00\x180\xbf0\xb90\xaf0LRJ\x96d0U\
0\x8c0~0W0_0\x02\x08\x00\x00\x00\x00\x06\
\x00\x00\x00\x1aTask deleted\
 successfully.\x07\x00\
\x00\x00\x0bEditTaskTab\x01\x03\
\x00\x00\x00 0\xbf0\xb90\xaf0\xd50\xa10\xa4\
0\xeb0oe\xe20k[XW(0W0~\
0Y0\x02\x08\x00\x00\x00\x00\x06\x00\x00\x00\x19Ta\
sk file already \
exists.\x07\x00\x00\x00\x0bEdit\
TaskTab\x01\x03\x00\x00\x00\x1e0\xbf0\
\xb90\xaf0nQ\x8di\xcb{\xc90kb\x10R\
\x9f0W0~0W0_0\x02\x08\x00\x00\x00\x00\
\x06\x00\x00\x00\x1aTask rebuil\
t successfully.\x07\
\x00\x00\x00\x0bEditTaskTab\x01\
\x03\x00\x00\x00\x160\xc60\xf30\xd70\xec0\xfc0\
\xc80\xde0\xc30\xc10\xf30\xb0\x08\x00\x00\x00\x00\
\x06\x00\x00\x00\x11Template Ma\
tching\x07\x00\x00\x00\x0bEditT\
askTab\x01\x03\x00\x00\x004s\xfeW(\
0n0\xbf0\xb90\xaf0kg*O\xdd[X\
0nY\x09f\xf40L0B0\x8a0~0Y\
0\x02O\xdd[X0W0~0Y0K\xff\x1f\
\x08\x00\x00\x00\x00\x06\x00\x00\x00?The cu\
rrent task has u\
nsaved changes. \
Do you want to s\
ave them?\x07\x00\x00\x00\x0bEd\
itTaskTab\x01\x03\x00\x00\x00>0\
\xd50\xa10\xa40\xeb0LY\x16\x90\xe80gY\
\x09f\xf40U0\x8c0~0W0_0\x02g\
*O\xdd[X0nY\x09f\xf40\x92N\x0af\
\xf80M0W0~0Y0K\xff\x1f\x08\x00\x00\
\x00\x00\x06\x00\x00\x00PThe file \
was modified ext\
ernally. Do you \
want to overwrit\
e your unsaved c\
hanges?\x07\x00\x00\x00\x0bEdit\
TaskTab\x01\x03\x00\x00\x00\x0c0\xd00\
\xfc0\xb80\xe70\xf3\xff\x1a\x08\x00\x00\x00\x00\x06\x00\
\x00\x00\x08Version:\x07\x00\x00\x00\x0b\
EditTaskTab\x01\x03\x00\x00\x00\
\x04\x8bfTJ\x08\x00\x00\x00\x00\x06\x00\x00\x00\x07W\
arning\x07\x00\x00\x00\x0bEditT\
askTab\x01\x03\x00\x00\x00\x0a0\xa60\xa3\
0\xf30\xc90\xa6\x08\x00\x00\x00\x00\x06\x00\x00\x00\x06\
Window\x07\x00\x00\x00\x0bEditT\
askTab\x01\x03\x00\x00\x00\x12\x00a\x00d\
\x00b\x00_\x00s\x00h\x00e\x00l\x00l\x08\x00\
\x00\x00\x00\x06\x00\x00\x00\x09adb_shel\
l\x07\x00\x00\x00\x0bEditTaskTa\
b\x01\x03\x00\x00\x00\x16\x00a\x00d\x00b\x00_\x00\
u\x00i\x00_\x00d\x00u\x00m\x00p\x08\x00\x00\
\x00\x00\x06\x00\x00\x00\x0badb_ui_du\
mp\x07\x00\x00\x00\x0bEditTaskT\
ab\x01\x03\x00\x00\x00\x18\x00a\x00d\x00d\x00_\
\x00t\x00e\x00x\x00t\x00_\x00f\x00i\x00x\
\x08\x00\x00\x00\x00\x06\x00\x00\x00\x0cadd_te\
xt_fix\x07\x00\x00\x00\x0bEditT\
askTab\x01\x03\x00\x00\x00\x08\x00b\x00a\
\x00c\x00k\x08\x00\x00\x00\x00\x06\x00\x00\x00\x04ba\
ck\x07\x00\x00\x00\x0bEditTaskT\
ab\x01\x03\x00\x00\x00\x080\xdc0\xc30\xaf0\xb9\
\x08\x00\x00\x00\x00\x06\x00\x00\x00\x03box\x07\x00\x00\
\x00\x0bEditTaskTab\x01\x03\x00\
\x00\x000\x00b\x00o\x00x\x00_\x00i\x00n\x00\
_\x00h\x00o\x00r\x00i\x00z\x00o\x00n\x00\
t\x00a\x00l\x00_\x00c\x00e\x00n\x00t\x00\
e\x00r\x08\x00\x00\x00\x00\x06\x00\x00\x00\x18box\
_in_horizontal_c\
enter\x07\x00\x00\x00\x0bEditTa\
skTab\x01\x03\x00\x00\x00\x1a\x00b\x00o\x00\
x\x00_\x00o\x00f\x00_\x00s\x00c\x00r\x00\
e\x00e\x00n\x08\x00\x00\x00\x00\x06\x00\x00\x00\x0db\
ox_of_screen\x07\x00\x00\x00\
\x0bEditTaskTab\x01\x03\x00\x00\
\x00(\x00b\x00o\x00x\x00_\x00o\x00f\x00_\
\x00s\x00c\x00r\x00e\x00e\x00n\x00_\x00s\
\x00c\x00a\x00l\x00e\x00d\x08\x00\x00\x00\x00\x06\
\x00\x00\x00\x14box_of_scree\
n_scaled\x07\x00\x00\x00\x0bEdi\
tTaskTab\x01\x03\x00\x00\x004\x00c\
\x00a\x00l\x00c\x00u\x00l\x00a\x00t\x00e\
\x00_\x00c\x00o\x00l\x00o\x00r\x00_\x00p\
\x00e\x00r\x00c\x00e\x00n\x00t\x00a\x00g\
\x00e\x08\x00\x00\x00\x00\x06\x00\x00\x00\x1acalc\
ulate_color_perc\
entage\x07\x00\x00\x00\x0bEditT\
askTab\x01\x03\x00\x00\x00\x12\x00c\x00l\
\x00e\x00a\x00r\x00_\x00b\x00o\x00x\x08\x00\
\x00\x00\x00\x06\x00\x00\x00\x09clear_bo\
x\x07\x00\x00\x00\x0bEditTaskTa\
b\x01\x03\x00\x00\x00\x0a\x00c\x00l\x00i\x00c\x00\
k\x08\x00\x00\x00\x00\x06\x00\x00\x00\x05click\
\x07\x00\x00\x00\x0bEditTaskTab\
\x01\x03\x00\x00\x00\x12\x00c\x00l\x00i\x00c\x00k\
\x00_\x00b\x00o\x00x\x08\x00\x00\x00\x00\x06\x00\x00\
\x00\x09click_box\x07\x00\x00\x00\x0b\
EditTaskTab\x01\x03\x00\x00\x00\
.\x00c\x00l\x00i\x00c\x00k\x00_\x00b\x00\
o\x00x\x00_\x00i\x00f\x00_\x00n\x00a\x00\
m\x00e\x00_\x00m\x00a\x00t\x00c\x00h\x08\
\x00\x00\x00\x00\x06\x00\x00\x00\x17click_b\
ox_if_name_match\
\x07\x00\x00\x00\x0bEditTaskTab\
\x01\x03\x00\x00\x00\x1c\x00c\x00l\x00i\x00c\x00k\
\x00_\x00r\x00e\x00l\x00a\x00t\x00i\x00v\
\x00e\x08\x00\x00\x00\x00\x06\x00\x00\x00\x0eclic\
k_relative\x07\x00\x00\x00\x0bE\
ditTaskTab\x01\x03\x00\x00\x00\x12\
\x00c\x00l\x00i\x00p\x00b\x00o\x00a\x00r\
\x00d\x08\x00\x00\x00\x00\x06\x00\x00\x00\x09clip\
board\x07\x00\x00\x00\x0bEditTa\
skTab\x01\x03\x00\x00\x00\x1e\x00c\x00r\x00\
e\x00a\x00t\x00e\x00_\x00s\x00h\x00o\x00\
r\x00t\x00c\x00u\x00t\x08\x00\x00\x00\x00\x06\x00\
\x00\x00\x0fcreate_shortc\
ut\x07\x00\x00\x00\x0bEditTaskT\
ab\x01\x03\x00\x00\x00\x0e\x00d\x00i\x00s\x00a\
\x00b\x00l\x00e\x08\x00\x00\x00\x00\x06\x00\x00\x00\x07\
disable\x07\x00\x00\x00\x0bEdit\
TaskTab\x01\x03\x00\x00\x00\x14\x00d\x00\
r\x00a\x00w\x00_\x00b\x00o\x00x\x00e\x00\
s\x08\x00\x00\x00\x00\x06\x00\x00\x00\x0adraw_\
boxes\x07\x00\x00\x00\x0bEditTa\
skTab\x01\x03\x00\x00\x00\x0c\x00e\x00n\x00\
a\x00b\x00l\x00e\x08\x00\x00\x00\x00\x06\x00\x00\x00\
\x06enable\x07\x00\x00\x00\x0bEdit\
TaskTab\x01\x03\x00\x00\x00\x1e\x00e\x00\
n\x00s\x00u\x00r\x00e\x00_\x00i\x00n\x00\
_\x00f\x00r\x00o\x00n\x00t\x08\x00\x00\x00\x00\
\x06\x00\x00\x00\x0fensure_in_f\
ront\x07\x00\x00\x00\x0bEditTas\
kTab\x01\x03\x00\x00\x00\x1c\x00f\x00e\x00a\
\x00t\x00u\x00r\x00e\x00_\x00e\x00x\x00i\
\x00s\x00t\x00s\x08\x00\x00\x00\x00\x06\x00\x00\x00\x0e\
feature_exists\x07\x00\
\x00\x00\x0bEditTaskTab\x01\x03\
\x00\x00\x00\x04i\x1c}\x22\x08\x00\x00\x00\x00\x06\x00\x00\
\x00\x04find\x07\x00\x00\x00\x0bEditT\
askTab\x01\x03\x00\x00\x00,\x00f\x00i\
\x00n\x00d\x00_\x00b\x00e\x00s\x00t\x00_\
\x00m\x00a\x00t\x00c\x00h\x00_\x00i\x00n\
\x00_\x00b\x00o\x00x\x08\x00\x00\x00\x00\x06\x00\x00\
\x00\x16find_best_matc\
h_in_box\x07\x00\x00\x00\x0bEdi\
tTaskTab\x01\x03\x00\x00\x00\x14\x00f\
\x00i\x00n\x00d\x00_\x00b\x00o\x00x\x00e\
\x00s\x08\x00\x00\x00\x00\x06\x00\x00\x00\x0afind\
_boxes\x07\x00\x00\x00\x0bEditT\
askTab\x01\x03\x00\x00\x00\x18\x00f\x00i\
\x00n\x00d\x00_\x00f\x00e\x00a\x00t\x00u\
\x00r\x00e\x08\x00\x00\x00\x00\x06\x00\x00\x00\x0cfi\
nd_feature\x07\x00\x00\x00\x0bE\
ditTaskTab\x01\x03\x00\x00\x00(\
\x00f\x00i\x00n\x00d\x00_\x00f\x00e\x00a\
\x00t\x00u\x00r\x00e\x00_\x00a\x00n\x00d\
\x00_\x00s\x00e\x00t\x08\x00\x00\x00\x00\x06\x00\x00\
\x00\x14find_feature_a\
nd_set\x07\x00\x00\x00\x0bEditT\
askTab\x01\x03\x00\x00\x00.\x00f\x00i\
\x00n\x00d\x00_\x00f\x00i\x00r\x00s\x00t\
\x00_\x00m\x00a\x00t\x00c\x00h\x00_\x00i\
\x00n\x00_\x00b\x00o\x00x\x08\x00\x00\x00\x00\x06\
\x00\x00\x00\x17find_first_m\
atch_in_box\x07\x00\x00\x00\x0b\
EditTaskTab\x01\x03\x00\x00\x00\
\x10\x00f\x00i\x00n\x00d\x00_\x00o\x00n\x00\
e\x08\x00\x00\x00\x00\x06\x00\x00\x00\x08find_\
one\x07\x00\x00\x00\x0bEditTask\
Tab\x01\x03\x00\x00\x00\x1e\x00g\x00e\x00t\x00\
_\x00b\x00o\x00x\x00_\x00b\x00y\x00_\x00\
n\x00a\x00m\x00e\x08\x00\x00\x00\x00\x06\x00\x00\x00\
\x0fget_box_by_name\
\x07\x00\x00\x00\x0bEditTaskTab\
\x01\x03\x00\x00\x00&\x00g\x00e\x00t\x00_\x00f\
\x00e\x00a\x00t\x00u\x00r\x00e\x00_\x00b\
\x00y\x00_\x00n\x00a\x00m\x00e\x08\x00\x00\x00\
\x00\x06\x00\x00\x00\x13get_featur\
e_by_name\x07\x00\x00\x00\x0bEd\
itTaskTab\x01\x03\x00\x00\x00\x14\x00\
g\x00e\x00t\x00_\x00s\x00t\x00a\x00t\x00\
u\x00s\x08\x00\x00\x00\x00\x06\x00\x00\x00\x0aget\
_status\x07\x00\x00\x00\x0bEdit\
TaskTab\x01\x03\x00\x00\x00\x22\x00g\x00\
e\x00t\x00_\x00t\x00a\x00s\x00k\x00_\x00\
b\x00y\x00_\x00c\x00l\x00a\x00s\x00s\x08\
\x00\x00\x00\x00\x06\x00\x00\x00\x11get_tas\
k_by_class\x07\x00\x00\x00\x0bE\
ditTaskTab\x01\x03\x00\x00\x00\x12\
\x00g\x00o\x00_\x00t\x00o\x00_\x00t\x00a\
\x00b\x08\x00\x00\x00\x00\x06\x00\x00\x00\x09go_t\
o_tab\x07\x00\x00\x00\x0bEditTa\
skTab\x01\x03\x00\x00\x00 \x00h\x00e\x00\
i\x00g\x00h\x00t\x00_\x00o\x00f\x00_\x00\
s\x00c\x00r\x00e\x00e\x00n\x08\x00\x00\x00\x00\
\x06\x00\x00\x00\x10height_of_s\
creen\x07\x00\x00\x00\x0bEditTa\
skTab\x01\x03\x00\x00\x00\x10\x00i\x00n\x00\
f\x00o\x00_\x00a\x00d\x00d\x08\x00\x00\x00\x00\
\x06\x00\x00\x00\x08info_add\x07\x00\x00\
\x00\x0bEditTaskTab\x01\x03\x00\
\x00\x00 \x00i\x00n\x00f\x00o\x00_\x00a\x00\
d\x00d\x00_\x00t\x00o\x00_\x00l\x00i\x00\
s\x00t\x08\x00\x00\x00\x00\x06\x00\x00\x00\x10inf\
o_add_to_list\x07\x00\x00\
\x00\x0bEditTaskTab\x01\x03\x00\
\x00\x00\x14\x00i\x00n\x00f\x00o\x00_\x00c\x00\
l\x00e\x00a\x00r\x08\x00\x00\x00\x00\x06\x00\x00\x00\
\x0ainfo_clear\x07\x00\x00\x00\x0b\
EditTaskTab\x01\x03\x00\x00\x00\
\x10\x00i\x00n\x00f\x00o\x00_\x00g\x00e\x00\
t\x08\x00\x00\x00\x00\x06\x00\x00\x00\x08info_\
get\x07\x00\x00\x00\x0bEditTask\
Tab\x01\x03\x00\x00\x00\x12\x00i\x00n\x00f\x00\
o\x00_\x00i\x00n\x00c\x00r\x08\x00\x00\x00\x00\
\x06\x00\x00\x00\x09info_incr\x07\x00\
\x00\x00\x0bEditTaskTab\x01\x03\
\x00\x00\x00\x10\x00i\x00n\x00f\x00o\x00_\x00s\
\x00e\x00t\x08\x00\x00\x00\x00\x06\x00\x00\x00\x08in\
fo_set\x07\x00\x00\x00\x0bEditT\
askTab\x01\x03\x00\x00\x00\x14\x00i\x00n\
\x00p\x00u\x00t\x00_\x00t\x00e\x00x\x00t\
\x08\x00\x00\x00\x00\x06\x00\x00\x00\x0ainput_\
text\x07\x00\x00\x00\x0bEditTas\
kTab\x01\x03\x00\x00\x00\x0c\x00i\x00s\x00_\
\x00a\x00d\x00b\x08\x00\x00\x00\x00\x06\x00\x00\x00\x06\
is_adb\x07\x00\x00\x00\x0bEditT\
askTab\x01\x03\x00\x00\x00\x14\x00i\x00s\
\x00_\x00b\x00r\x00o\x00w\x00s\x00e\x00r\
\x08\x00\x00\x00\x00\x06\x00\x00\x00\x0ais_bro\
wser\x07\x00\x00\x00\x0bEditTas\
kTab\x01\x03\x00\x00\x00\x12\x00l\x00o\x00g\
\x00_\x00d\x00e\x00b\x00u\x00g\x08\x00\x00\x00\
\x00\x06\x00\x00\x00\x09log_debug\x07\
\x00\x00\x00\x0bEditTaskTab\x01\
\x03\x00\x00\x00\x12\x00l\x00o\x00g\x00_\x00e\x00\
r\x00r\x00o\x00r\x08\x00\x00\x00\x00\x06\x00\x00\x00\
\x09log_error\x07\x00\x00\x00\x0bE\
ditTaskTab\x01\x03\x00\x00\x00\x10\
\x00l\x00o\x00g\x00_\x00i\x00n\x00f\x00o\
\x08\x00\x00\x00\x00\x06\x00\x00\x00\x08log_in\
fo\x07\x00\x00\x00\x0bEditTaskT\
ab\x01\x03\x00\x00\x00\x16\x00l\x00o\x00g\x00_\
\x00w\x00a\x00r\x00n\x00i\x00n\x00g\x08\x00\
\x00\x00\x00\x06\x00\x00\x00\x0blog_warn\
ing\x07\x00\x00\x00\x0bEditTask\
Tab\x01\x03\x00\x00\x00\x18\x00m\x00i\x00d\x00\
d\x00l\x00e\x00_\x00c\x00l\x00i\x00c\x00\
k\x08\x00\x00\x00\x00\x06\x00\x00\x00\x0cmiddl\
e_click\x07\x00\x00\x00\x0bEdit\
TaskTab\x01\x03\x00\x00\x00*\x00m\x00\
i\x00d\x00d\x00l\x00e\x00_\x00c\x00l\x00\
i\x00c\x00k\x00_\x00r\x00e\x00l\x00a\x00\
t\x00i\x00v\x00e\x08\x00\x00\x00\x00\x06\x00\x00\x00\
\x15middle_click_re\
lative\x07\x00\x00\x00\x0bEditT\
askTab\x01\x03\x00\x00\x00\x14\x00m\x00o\
\x00u\x00s\x00e\x00_\x00d\x00o\x00w\x00n\
\x08\x00\x00\x00\x00\x06\x00\x00\x00\x0amouse_\
down\x07\x00\x00\x00\x0bEditTas\
kTab\x01\x03\x00\x00\x00\x10\x00m\x00o\x00u\
\x00s\x00e\x00_\x00u\x00p\x08\x00\x00\x00\x00\x06\
\x00\x00\x00\x08mouse_up\x07\x00\x00\x00\
\x0bEditTaskTab\x01\x03\x00\x00\
\x00\x08\x00m\x00o\x00v\x00e\x08\x00\x00\x00\x00\x06\
\x00\x00\x00\x04move\x07\x00\x00\x00\x0bEdi\
tTaskTab\x01\x03\x00\x00\x00\x1a\x00m\
\x00o\x00v\x00e\x00_\x00r\x00e\x00l\x00a\
\x00t\x00i\x00v\x00e\x08\x00\x00\x00\x00\x06\x00\x00\
\x00\x0dmove_relative\x07\
\x00\x00\x00\x0bEditTaskTab\x01\
\x03\x00\x00\x00\x14\x00n\x00e\x00x\x00t\x00_\x00\
f\x00r\x00a\x00m\x00e\x08\x00\x00\x00\x00\x06\x00\
\x00\x00\x0anext_frame\x07\x00\x00\
\x00\x0bEditTaskTab\x01\x03\x00\
\x00\x00\x18\x00n\x00o\x00t\x00i\x00f\x00i\x00\
c\x00a\x00t\x00i\x00o\x00n\x08\x00\x00\x00\x00\
\x06\x00\x00\x00\x0cnotificatio\
n\x07\x00\x00\x00\x0bEditTaskTa\
b\x01\x03\x00\x00\x00\x06\x00o\x00c\x00r\x08\x00\x00\
\x00\x00\x06\x00\x00\x00\x03ocr\x07\x00\x00\x00\x0bE\
ditTaskTab\x01\x03\x00\x00\x00\x18\
\x00o\x00u\x00t\x00_\x00o\x00f\x00_\x00r\
\x00a\x00t\x00i\x00o\x08\x00\x00\x00\x00\x06\x00\x00\
\x00\x0cout_of_ratio\x07\x00\
\x00\x00\x0bEditTaskTab\x01\x03\
\x00\x00\x00\x0a\x00p\x00a\x00u\x00s\x00e\x08\x00\
\x00\x00\x00\x06\x00\x00\x00\x05pause\x07\x00\x00\
\x00\x0bEditTaskTab\x01\x03\x00\
\x00\x00\x16\x00r\x00i\x00g\x00h\x00t\x00_\x00\
c\x00l\x00i\x00c\x00k\x08\x00\x00\x00\x00\x06\x00\
\x00\x00\x0bright_click\x07\x00\
\x00\x00\x0bEditTaskTab\x01\x03\
\x00\x00\x00\x14\x00s\x00c\x00r\x00e\x00e\x00n\
\x00s\x00h\x00o\x00t\x08\x00\x00\x00\x00\x06\x00\x00\
\x00\x0ascreenshot\x07\x00\x00\x00\
\x0bEditTaskTab\x01\x03\x00\x00\
\x00\x0c\x00s\x00c\x00r\x00o\x00l\x00l\x08\x00\
\x00\x00\x00\x06\x00\x00\x00\x06scroll\x07\x00\
\x00\x00\x0bEditTaskTab\x01\x03\
\x00\x00\x00\x1e\x00s\x00c\x00r\x00o\x00l\x00l\
\x00_\x00r\x00e\x00l\x00a\x00t\x00i\x00v\
\x00e\x08\x00\x00\x00\x00\x06\x00\x00\x00\x0fscro\
ll_relative\x07\x00\x00\x00\x0b\
EditTaskTab\x01\x03\x00\x00\x00\
\x10\x00s\x00e\x00n\x00d\x00_\x00k\x00e\x00\
y\x08\x00\x00\x00\x00\x06\x00\x00\x00\x08send_\
key\x07\x00\x00\x00\x0bEditTask\
Tab\x01\x03\x00\x00\x00\x1a\x00s\x00e\x00n\x00\
d\x00_\x00k\x00e\x00y\x00_\x00d\x00o\x00\
w\x00n\x08\x00\x00\x00\x00\x06\x00\x00\x00\x0dsen\
d_key_down\x07\x00\x00\x00\x0bE\
ditTaskTab\x01\x03\x00\x00\x00\x16\
\x00s\x00e\x00n\x00d\x00_\x00k\x00e\x00y\
\x00_\x00u\x00p\x08\x00\x00\x00\x00\x06\x00\x00\x00\x0b\
send_key_up\x07\x00\x00\x00\x0b\
EditTaskTab\x01\x03\x00\x00\x00\
\x0a\x00s\x00l\x00e\x00e\x00p\x08\x00\x00\x00\x00\
\x06\x00\x00\x00\x05sleep\x07\x00\x00\x00\x0bE\
ditTaskTab\x01\x03\x00\x00\x00\x16\
\x00s\x00l\x00e\x00e\x00p\x00_\x00c\x00h\
\x00e\x00c\x00k\x08\x00\x00\x00\x00\x06\x00\x00\x00\x0b\
sleep_check\x07\x00\x00\x00\x0b\
EditTaskTab\x01\x03\x00\x00\x00\
\x18\x00s\x00t\x00a\x00r\x00t\x00_\x00d\x00\
e\x00v\x00i\x00c\x00e\x08\x00\x00\x00\x00\x06\x00\
\x00\x00\x0cstart_device\x07\
\x00\x00\x00\x0bEditTaskTab\x01\
\x03\x00\x00\x00\x0a\x00s\x00w\x00i\x00p\x00e\x08\
\x00\x00\x00\x00\x06\x00\x00\x00\x05swipe\x07\x00\
\x00\x00\x0bEditTaskTab\x01\x03\
\x00\x00\x00\x1c\x00s\x00w\x00i\x00p\x00e\x00_\
\x00r\x00e\x00l\x00a\x00t\x00i\x00v\x00e\
\x08\x00\x00\x00\x00\x06\x00\x00\x00\x0eswipe_\
relative\x07\x00\x00\x00\x0bEdi\
tTaskTab\x01\x03\x00\x00\x00\x04\x00t\
\x00r\x08\x00\x00\x00\x00\x06\x00\x00\x00\x02tr\x07\x00\
\x00\x00\x0bEditTaskTab\x01\x03\
\x00\x00\x00\x0e\x00t\x00r\x00i\x00g\x00g\x00e\
\x00r\x08\x00\x00\x00\x00\x06\x00\x00\x00\x07trig\
ger\x07\x00\x00\x00\x0bEditTask\
Tab\x01\x03\x00\x00\x00\x0e\x00u\x00n\x00p\x00\
a\x00u\x00s\x00e\x08\x00\x00\x00\x00\x06\x00\x00\x00\
\x07unpause\x07\x00\x00\x00\x0bEdi\
tTaskTab\x01\x03\x00\x00\x00\x1c\x00w\
\x00a\x00i\x00t\x00_\x00c\x00l\x00i\x00c\
\x00k\x00_\x00b\x00o\x00x\x08\x00\x00\x00\x00\x06\
\x00\x00\x00\x0ewait_click_b\
ox\x07\x00\x00\x00\x0bEditTaskT\
ab\x01\x03\x00\x00\x00$\x00w\x00a\x00i\x00t\
\x00_\x00c\x00l\x00i\x00c\x00k\x00_\x00f\
\x00e\x00a\x00t\x00u\x00r\x00e\x08\x00\x00\x00\
\x00\x06\x00\x00\x00\x12wait_click\
_feature\x07\x00\x00\x00\x0bEdi\
tTaskTab\x01\x03\x00\x00\x00\x1c\x00w\
\x00a\x00i\x00t\x00_\x00c\x00l\x00i\x00c\
\x00k\x00_\x00o\x00c\x00r\x08\x00\x00\x00\x00\x06\
\x00\x00\x00\x0ewait_click_o\
cr\x07\x00\x00\x00\x0bEditTaskT\
ab\x01\x03\x00\x00\x00\x18\x00w\x00a\x00i\x00t\
\x00_\x00f\x00e\x00a\x00t\x00u\x00r\x00e\
\x08\x00\x00\x00\x00\x06\x00\x00\x00\x0cwait_f\
eature\x07\x00\x00\x00\x0bEditT\
askTab\x01\x03\x00\x00\x00\x10\x00w\x00a\
\x00i\x00t\x00_\x00o\x00c\x00r\x08\x00\x00\x00\
\x00\x06\x00\x00\x00\x08wait_ocr\x07\x00\
\x00\x00\x0bEditTaskTab\x01\x03\
\x00\x00\x00\x14\x00w\x00a\x00i\x00t\x00_\x00u\
\x00n\x00t\x00i\x00l\x08\x00\x00\x00\x00\x06\x00\x00\
\x00\x0await_until\x07\x00\x00\x00\
\x0bEditTaskTab\x01\x03\x00\x00\
\x00\x1e\x00w\x00i\x00d\x00t\x00h\x00_\x00o\
\x00f\x00_\x00s\x00c\x00r\x00e\x00e\x00n\
\x08\x00\x00\x00\x00\x06\x00\x00\x00\x0fwidth_\
of_screen\x07\x00\x00\x00\x0bEd\
itTaskTab\x01\x03\x00\x00\x00\x0e\x8a\
-[\x9a0\x920\xea0\xbb0\xc30\xc8\x08\x00\x00\
\x00\x00\x06\x00\x00\x00\x0cReset Con\
fig\x07\x00\x00\x00\x10GlobalCo\
nfigCard\x01\x03\x00\x00\x00\x0e\x8a-\
[\x9a0\x920\xea0\xbb0\xc30\xc8\x08\x00\x00\x00\
\x00\x06\x00\x00\x00\x0cReset Conf\
ig\x07\x00\x00\x00\x0fGlobalCon\
figTab\x01\x03\x00\x00\x00\x0a0\xad0\xe3\
0\xf30\xbb0\xeb\x08\x00\x00\x00\x00\x06\x00\x00\x00\x06\
Cancel\x07\x00\x00\x00\x0bHwndC\
hooser\x01\x03\x00\x00\x00\x100\xa60\xa3\
0\xf30\xc90\xa60\x92\x90xb\x9e\x08\x00\x00\x00\
\x00\x06\x00\x00\x00\x0dChoose Win\
dow\x07\x00\x00\x00\x0bHwndChoo\
ser\x01\x03\x00\x00\x00\x04x\xba\x8a\x8d\x08\x00\x00\
\x00\x00\x06\x00\x00\x00\x07Confirm\x07\x00\
\x00\x00\x0bHwndChooser\x01\x03\
\x00\x00\x00\x14\x00{\x00}\x00 0\x92\x90xb\x9e\
0W0~0W0_\x08\x00\x00\x00\x00\x06\x00\x00\
\x00\x0b{} Selected\x07\x00\x00\
\x00\x0bHwndChooser\x01\x03\x00\
\x00\x00\x0a0\xad0\xe30\xf30\xbb0\xeb\x08\x00\x00\
\x00\x00\x06\x00\x00\x00\x06Cancel\x07\x00\x00\
\x00\x13ImportWarningD\
ialog\x01\x03\x00\x00\x00\x04x\xba\x8a\x8d\x08\
\x00\x00\x00\x00\x06\x00\x00\x00\x07Confirm\
\x07\x00\x00\x00\x13ImportWarni\
ngDialog\x01\x03\x00\x00\x0080\xea\
0\xb90\xaf0\x92t\x06\x89\xe30W0_N\x0a\
0g0\x010S0n0\xb90\xaf0\xea0\xd7\
0\xc80\x920\xa40\xf30\xdd0\xfc0\xc80W\
0~0Y0\x02\x08\x00\x00\x00\x00\x06\x00\x00\x006\
I understand the\
 risks and want \
to import this s\
cript.\x07\x00\x00\x00\x13Impor\
tWarningDialog\x01\x03\
\x00\x00\x00\xce0\xb90\xaf0\xea0\xd70\xc80n\
Ql\x95\x8b\x80\x050\x92O\xe1\x98<0W0f\
0D0\x8b0S0h0\x92x\xba\x8a\x8d0W\
0f0O0`0U0D0\x02g*i\x1c\
\x8a<0n0\xb90\xaf0\xea0\xd70\xc80o\
0\x010\xa20\xab0\xa60\xf30\xc8\x00/0\xc7\
0\xfc0\xbf\x00/0J\x91\xd10nv\xd7\x96\xe3\
0\x010\xc70\xfc0\xbf0nx4X\xca0\x01\
0\xb30\xf30\xd40\xe50\xfc0\xbf0\xfc0n\
d\x0dP\xb7\x00/R6_\xa10j0i\xff\x08\
0_0`0W0S0\x8c0\x890k\x96P\
[\x9a0U0\x8c0~0[0\x93\xff\x090n\
Sq\x96z`'0L0B0\x8a0~0Y\
0\x02\x08\x00\x00\x00\x00\x06\x00\x00\x00\xabMake\
 sure that you t\
rust the script \
publisher, unver\
ified script can\
 and not limited\
 to steal your a\
ccount/ data mon\
ey, destroy your\
 data, harm/ con\
trolling your co\
mputer.\x07\x00\x00\x00\x13Impo\
rtWarningDialog\x01\
\x03\x00\x00\x00\x04\x8bfTJ\x08\x00\x00\x00\x00\x06\x00\
\x00\x00\x07Warning\x07\x00\x00\x00\x13I\
mportWarningDial\
og\x01\x03\x00\x00\x00\x180Y0y0f0n\
0\xd50\xa10\xa40\xeb\x00 \x00(\x00*\x00)\
\x08\x00\x00\x00\x00\x06\x00\x00\x00\x0dAll Fi\
les (*)\x07\x00\x00\x00\x14Labe\
lAndFileSelector\
\x01\x03\x00\x00\x00\x04S\xc2qg\x08\x00\x00\x00\x00\x06\
\x00\x00\x00\x06Browse\x07\x00\x00\x00\x14L\
abelAndFileSelec\
tor\x01\x03\x00\x00\x00\x0e0\xd50\xa10\xa40\
\xeb0\x92\x90xb\x9e\x08\x00\x00\x00\x00\x06\x00\x00\x00\
\x0bSelect File\x07\x00\x00\x00\
\x14LabelAndFileSel\
ector\x01\x03\x00\x00\x00\x1e0\xd50\xa10\
\xa40\xeb0~0_0o0\xd50\xa90\xeb0\
\xc00\xfc0\x92\x90xb\x9e\x08\x00\x00\x00\x00\x06\x00\
\x00\x00\x15Select File o\
r Folder\x07\x00\x00\x00\x14Lab\
elAndFileSelecto\
r\x01\x03\x00\x00\x00\x100\xd50\xa90\xeb0\xc00\
\xfc0\x92\x90xb\x9e\x08\x00\x00\x00\x00\x06\x00\x00\x00\
\x0dSelect Folder\x07\x00\
\x00\x00\x14LabelAndFileS\
elector\x01\x03\x00\x00\x00\x0a\x8a-[\
\x9a0xy\xfbR\xd5\x08\x00\x00\x00\x00\x06\x00\x00\x00\
\x0cGo to Config\x07\x00\x00\
\x00\x0eLabelAndGlobal\
\x01\x03\x00\x00\x00\x060D0D0H\x08\x00\x00\x00\
\x00\x06\x00\x00\x00\x02No\x07\x00\x00\x00\x14Lab\
elAndSwitchButto\
n\x01\x03\x00\x00\x00\x040o0D\x08\x00\x00\x00\x00\
\x06\x00\x00\x00\x03Yes\x07\x00\x00\x00\x14Lab\
elAndSwitchButto\
n\x01\x03\x00\x00\x00\x0e\x00D\x00i\x00s\x00c\x00\
o\x00r\x00d\x08\x00\x00\x00\x00\x06\x00\x00\x00\x07D\
iscord\x07\x00\x00\x00\x08Links\
Bar\x01\x03\x00\x00\x00\x0c0\x880O0B0\
\x8b\x8c\xeaUO\x08\x00\x00\x00\x00\x06\x00\x00\x00\x03F\
AQ\x07\x00\x00\x00\x08LinksBar\x01\
\x03\x00\x00\x00\x0c\x00G\x00i\x00t\x00H\x00u\x00\
b\x08\x00\x00\x00\x00\x06\x00\x00\x00\x06GitHu\
b\x07\x00\x00\x00\x08LinksBar\x01\x03\
\x00\x00\x00\x180\xc00\xa60\xf30\xed0\xfc0\xc9\
0\xea0\xf30\xaf0\x92Qqg\x09\x08\x00\x00\x00\
\x00\x06\x00\x00\x00\x05Share\x07\x00\x00\x00\x08\
LinksBar\x01\x03\x00\x00\x00*Qq\
g\x090\xea0\xf30\xaf0\x920\xaf0\xea0\xc3\
0\xd70\xdc0\xfc0\xc90k0\xb30\xd40\xfc\
0W0~0W0_\x08\x00\x00\x00\x00\x06\x00\x00\
\x00\x1eShare Link cop\
ied to clipboard\
\x07\x00\x00\x00\x08LinksBar\x01\x03\x00\
\x00\x00\x0a0\xb90\xdd0\xf30\xb50\xfc\x08\x00\x00\
\x00\x00\x06\x00\x00\x00\x07Sponsor\x07\x00\
\x00\x00\x08LinksBar\x01\x03\x00\x00\x00\
\x08Qh0\xec0\xd90\xeb\x08\x00\x00\x00\x00\x06\x00\
\x00\x00\x0aAll Levels\x07\x00\x00\
\x00\x09LogWindow\x01\x03\x00\x00\x00\
\x060\xaf0\xea0\xa2\x08\x00\x00\x00\x00\x06\x00\x00\x00\
\x05Clear\x07\x00\x00\x00\x09LogWi\
ndow\x01\x03\x00\x00\x00\x06\x95\x890X0\x8b\
\x08\x00\x00\x00\x00\x06\x00\x00\x00\x05Close\x07\
\x00\x00\x00\x09LogWindow\x01\x03\x00\
\x00\x00\x080\xc90\xe90\xc30\xb0\x08\x00\x00\x00\x00\
\x06\x00\x00\x00\x04Drag\x07\x00\x00\x00\x09Lo\
gWindow\x01\x03\x00\x00\x00\x160\xed0\
\xb00\x920\xd50\xa30\xeb0\xbf0\xfc\x00.\x00\
.\x00.\x08\x00\x00\x00\x00\x06\x00\x00\x00\x0eFil\
ter logs...\x07\x00\x00\x00\x09\
LogWindow\x01\x03\x00\x00\x00\x0a0\
\xed0\xb00\x92\x95\x8b0O\x08\x00\x00\x00\x00\x06\x00\
\x00\x00\x09Open Logs\x07\x00\x00\x00\
\x09LogWindow\x01\x03\x00\x00\x00\x08\
N\x00fBP\x5ckb\x08\x00\x00\x00\x00\x06\x00\x00\
\x00\x05Pause\x07\x00\x00\x00\x09LogW\
indow\x01\x03\x00\x00\x00\x04V\xfa[\x9a\x08\
\x00\x00\x00\x00\x06\x00\x00\x00\x03Pin\x07\x00\x00\x00\
\x09LogWindow\x01\x03\x00\x00\x00\x04\
Q\x8d\x95\x8b\x08\x00\x00\x00\x00\x06\x00\x00\x00\x06Re\
sume\x07\x00\x00\x00\x09LogWind\
ow\x01\x03\x00\x00\x00\x08V\xfa[\x9a\x89\xe3\x96d\
\x08\x00\x00\x00\x00\x06\x00\x00\x00\x05Unpin\x07\
\x00\x00\x00\x09LogWindow\x01\x03\x00\
\x00\x00\x0a0\xed0\xb00\x92\x88hy:\x08\x00\x00\
\x00\x00\x06\x00\x00\x00\x08View Log\x07\
\x00\x00\x00\x09LogWindow\x01\x03\x00\
\x00\x00$\x00o\x00k\x00-\x00s\x00c\x00r\x00\
i\x00p\x00t\x00.\x00l\x00o\x00g\x00 0\
\x92_\x85j_N-\x08\x00\x00\x00\x00\x06\x00\x00\x00\
\x19Waiting for ok-\
script.log\x07\x00\x00\x00\x09L\
ogWindow\x01\x03\x00\x00\x00\x02N\xf6\
\x08\x00\x00\x00\x00\x06\x00\x00\x00\x07record\
s\x07\x00\x00\x00\x09LogWindow\x01\
\x03\x00\x00\x00\x04i\x82\x89\x81\x08\x00\x00\x00\x00\x06\x00\
\x00\x00\x05About\x07\x00\x00\x00\x0aMai\
nWindow\x01\x03\x00\x00\x00\x0a0\xad0\
\xe30\xd70\xc10\xe3\x08\x00\x00\x00\x00\x06\x00\x00\x00\
\x07Capture\x07\x00\x00\x00\x0aMai\
nWindow\x01\x03\x00\x00\x00\x100\xad0\
\xe30\xd70\xc10\xe30\xa80\xe90\xfc\x08\x00\x00\
\x00\x00\x06\x00\x00\x00\x0dCapture E\
rror\x07\x00\x00\x00\x0aMainWin\
dow\x01\x03\x00\x00\x00\x080\xc70\xd00\xc30\
\xb0\x08\x00\x00\x00\x00\x06\x00\x00\x00\x05Debug\
\x07\x00\x00\x00\x0aMainWindow\x01\
\x03\x00\x00\x00\x060\xa80\xe90\xfc\x08\x00\x00\x00\x00\
\x06\x00\x00\x00\x05Error\x07\x00\x00\x00\x0aM\
ainWindow\x01\x03\x00\x00\x00\x04}\
BN\x86\x08\x00\x00\x00\x00\x06\x00\x00\x00\x04Exi\
t\x07\x00\x00\x00\x0aMainWindow\
\x01\x03\x00\x00\x00\x04`\xc5X1\x08\x00\x00\x00\x00\x06\
\x00\x00\x00\x04Info\x07\x00\x00\x00\x0aMai\
nWindow\x01\x03\x00\x00\x00\x12N\x00f\
BP\x5ckb0W0~0W0_0\x02\x08\
\x00\x00\x00\x00\x06\x00\x00\x00\x0ePause S\
uccess.\x07\x00\x00\x00\x0aMain\
Window\x01\x03\x00\x00\x00:0\xb20\xfc\
0\xe00\xa60\xa30\xf30\xc90\xa60Lkc\
0W0O\x90xb\x9e0U0\x8c0f0D\
0\x8b0Kx\xba\x8a\x8d0W0f0O0`\
0U0D\xff\x01\x08\x00\x00\x00\x00\x06\x00\x00\x00;\
Please check whe\
ther the game wi\
ndow is selected\
 correctly!\x07\x00\x00\x00\x0a\
MainWindow\x01\x03\x00\x00\x00\x08\
0\xea0\xea0\xfc0\xb9\x08\x00\x00\x00\x00\x06\x00\x00\
\x00\x07Release\x07\x00\x00\x00\x0aMa\
inWindow\x01\x03\x00\x00\x00\x0a0\xb3\
0\xfc0\xc9[\x9f\x88L\x08\x00\x00\x00\x00\x06\x00\x00\
\x00\x08Run Code\x07\x00\x00\x00\x0aM\
ainWindow\x01\x03\x00\x00\x00\x0c0\
\xb90\xb10\xb80\xe50\xfc0\xeb\x08\x00\x00\x00\x00\
\x06\x00\x00\x00\x08Schedule\x07\x00\x00\
\x00\x0aMainWindow\x01\x03\x00\x00\
\x00\x0a0\xb90\xaf0\xea0\xd70\xc8\x08\x00\x00\x00\
\x00\x06\x00\x00\x00\x06Script\x07\x00\x00\x00\
\x0aMainWindow\x01\x03\x00\x00\x00\
\x04\x8a-[\x9a\x08\x00\x00\x00\x00\x06\x00\x00\x00\x08S\
ettings\x07\x00\x00\x00\x0aMain\
Window\x01\x03\x00\x00\x00\x0a\x8dwR\xd5\
b\x10R\x9f0\x02\x08\x00\x00\x00\x00\x06\x00\x00\x00\x0e\
Start Success.\x07\x00\
\x00\x00\x0aMainWindow\x01\x03\x00\
\x00\x00\x060\xbf0\xb90\xaf\x08\x00\x00\x00\x00\x06\x00\
\x00\x00\x05Tasks\x07\x00\x00\x00\x0aMai\
nWindow\x01\x03\x00\x00\x00\x0c0\xc60\
\xf30\xd70\xec0\xfc0\xc8\x08\x00\x00\x00\x00\x06\x00\
\x00\x00\x09Templates\x07\x00\x00\x00\
\x0aMainWindow\x01\x03\x00\x00\x00\
X0S0\x8c0o0\xd50\xea0\xfc0\xbd0\
\xd50\xc80\xa60\xa70\xa20g0Y0\x020\
\x820W0i0S0K0g\x8c\xfcQe0\
W0_X4T\x080\x01\x8c\xa9X\xf2\x80\x050\
k\x8f\xd4\x91\xd10\x92\x89\x81lB0W0f0\
O0`0U0D0\x02\x08\x00\x00\x00\x00\x06\x00\
\x00\x00ZThis is a fre\
e software. If y\
ou purchased thi\
s anywhere, requ\
est a refund fro\
m the seller.\x07\x00\x00\
\x00\x0aMainWindow\x01\x03\x00\x00\
\x00\x080\xc80\xea0\xac0\xfc\x08\x00\x00\x00\x00\x06\
\x00\x00\x00\x08Triggers\x07\x00\x00\x00\
\x0aMainWindow\x01\x03\x00\x00\x00\
\x0c0\xa20\xc30\xd70\xc70\xfc0\xc8\x08\x00\x00\
\x00\x00\x06\x00\x00\x00\x06Update\x07\x00\x00\
\x00\x0aMainWindow\x01\x03\x00\x00\
\x00\x0e0\xa20\xaf0\xc60\xa30\xd90\xfc0\xc8\
\x08\x00\x00\x00\x00\x06\x00\x00\x00\x06\xe6\xbf\x80\xe6\xb4\xbb\
\x07\x00\x00\x00\x0aMainWindow\x01\
\x03\x00\x00\x00\x0cRJ\x96d\x00 \x00(\x00D\x00\
)\x08\x00\x00\x00\x00\x06\x00\x00\x00\x0aDelet\
e (D)\x07\x00\x00\x00\x0cMarkUp\
Window\x01\x03\x00\x00\x00\x0cc\xcfu;\
\x00 \x00(\x00R\x00)\x08\x00\x00\x00\x00\x06\x00\x00\
\x00\x08Draw (R)\x07\x00\x00\x00\x0cM\
arkUpWindow\x01\x03\x00\x00\x00\
\x0cj\x19l\xe80\xa80\xc70\xa30\xbf\x08\x00\x00\
\x00\x00\x06\x00\x00\x00\x0dMarkup Ed\
itor\x07\x00\x00\x00\x0cMarkUpW\
indow\x01\x03\x00\x00\x00\x18Y\x09f\xf4\x00\
 \x00(0\xc00\xd60\xeb0\xaf0\xea0\xc30\
\xaf\x00)\x08\x00\x00\x00\x00\x06\x00\x00\x00\x15Mod\
ify (Double Clic\
k)\x07\x00\x00\x00\x0cMarkUpWin\
dow\x01\x03\x00\x00\x00\x16S\xf30\xaf0\xea0\
\xc30\xaf0g\x82r0\x920\xb30\xd40\xfc\x08\
\x00\x00\x00\x00\x06\x00\x00\x00\x19Right c\
lick to copy col\
or\x07\x00\x00\x00\x0cMarkUpWin\
dow\x01\x03\x00\x00\x00\x04x\xba\x8a\x8d\x08\x00\x00\
\x00\x00\x06\x00\x00\x00\x07Confirm\x07\x00\
\x00\x00\x0dMessageWindow\
\x01\x03\x00\x00\x00\x04\x8f\xfdR\xa0\x08\x00\x00\x00\x00\x06\
\x00\x00\x00\x03Add\x07\x00\x00\x00\x10Modi\
fyListDialog\x01\x03\x00\x00\
\x00\x14R)u(S\xef\x80\xfd0j0\xaa0\xd7\
0\xb70\xe70\xf3\x08\x00\x00\x00\x00\x06\x00\x00\x00\x11\
Available Option\
s\x07\x00\x00\x00\x10ModifyList\
Dialog\x01\x03\x00\x00\x00\x0a0\xad0\xe3\
0\xf30\xbb0\xeb\x08\x00\x00\x00\x00\x06\x00\x00\x00\x06\
Cancel\x07\x00\x00\x00\x10Modif\
yListDialog\x01\x03\x00\x00\x00\
$0\xaa0\xd70\xb70\xe70\xf30\x920\xaf0\
\xea0\xc30\xaf0W0f\x8f\xfdR\xa00W0\
~0Y0\x02\x08\x00\x00\x00\x00\x06\x00\x00\x00\x1aC\
lick an option t\
o add it.\x07\x00\x00\x00\x10Mo\
difyListDialog\x01\x03\
\x00\x00\x00\x04x\xba\x8a\x8d\x08\x00\x00\x00\x00\x06\x00\x00\
\x00\x07Confirm\x07\x00\x00\x00\x10Mo\
difyListDialog\x01\x03\
\x00\x00\x00\x04O\xeekc\x08\x00\x00\x00\x00\x06\x00\x00\
\x00\x06Modify\x07\x00\x00\x00\x10Mod\
ifyListDialog\x01\x03\x00\
\x00\x00\x04N\x0b0x\x08\x00\x00\x00\x00\x06\x00\x00\x00\
\x09Move Down\x07\x00\x00\x00\x10M\
odifyListDialog\x01\
\x03\x00\x00\x00\x04N\x0a0x\x08\x00\x00\x00\x00\x06\x00\
\x00\x00\x07Move Up\x07\x00\x00\x00\x10M\
odifyListDialog\x01\
\x03\x00\x00\x00\x04RJ\x96d\x08\x00\x00\x00\x00\x06\x00\
\x00\x00\x06Remove\x07\x00\x00\x00\x10Mo\
difyListDialog\x01\x03\
\x00\x00\x00\x160\xaa0\xd70\xb70\xe70\xf30\x92\
i\x1c}\x22\x00.\x00.\x00.\x08\x00\x00\x00\x00\x06\
\x00\x00\x00\x11Search optio\
ns...\x07\x00\x00\x00\x10Modify\
ListDialog\x01\x03\x00\x00\x00\x12\
\x90xb\x9e0W0_0\xaa0\xd70\xb70\xe7\
0\xf3\x08\x00\x00\x00\x00\x06\x00\x00\x00\x10Sele\
cted Options\x07\x00\x00\x00\
\x10ModifyListDialo\
g\x01\x03\x00\x00\x00\x04O\xeekc\x08\x00\x00\x00\x00\
\x06\x00\x00\x00\x06Modify\x07\x00\x00\x00\x0e\
ModifyListItem\x01\x03\
\x00\x00\x00\x10\x00(\x000\x00 \x00=\x00 q!\
R\xb9\x00)\x08\x00\x00\x00\x00\x06\x00\x00\x00\x0e(0\
 = disabled)\x07\x00\x00\x00\
\x18ModifyScheduleT\
askDialog\x01\x03\x00\x00\x00\x08\x00\
2\x004fB\x95\x93\x08\x00\x00\x00\x00\x06\x00\x00\x00\
\x0324h\x07\x00\x00\x00\x18ModifyS\
cheduleTaskDialo\
g\x01\x03\x00\x00\x00 0\xbf0\xb90\xaf[\x8cN\
\x86_\x8c0k\x81\xeaR\xd5}BN\x86\x00 \x00\
(\x00-\x00e\x00)\x08\x00\x00\x00\x00\x06\x00\x00\x00\
\x1eAuto exit after\
 task done (-e)\x07\
\x00\x00\x00\x18ModifySchedu\
leTaskDialog\x01\x03\x00\x00\
\x00\x0a0\xad0\xe30\xf30\xbb0\xeb\x08\x00\x00\x00\
\x00\x06\x00\x00\x00\x06Cancel\x07\x00\x00\x00\
\x18ModifyScheduleT\
askDialog\x01\x03\x00\x00\x00\x080\
\xab0\xb90\xbf0\xe0\x08\x00\x00\x00\x00\x06\x00\x00\x00\
\x06Custom\x07\x00\x00\x00\x18Modi\
fyScheduleTaskDi\
alog\x01\x03\x00\x00\x00\x0c0\xab0\xb90\xbf\
0\xe0\x95\x93\x96\x94\x08\x00\x00\x00\x00\x06\x00\x00\x00\x0f\
Custom Interval\x07\
\x00\x00\x00\x18ModifySchedu\
leTaskDialog\x01\x03\x00\x00\
\x00\x04k\xcee\xe5\x08\x00\x00\x00\x00\x06\x00\x00\x00\x05\
Daily\x07\x00\x00\x00\x18Modify\
ScheduleTaskDial\
og\x01\x03\x00\x00\x00\x02e\xe5\x08\x00\x00\x00\x00\x06\
\x00\x00\x00\x04Days\x07\x00\x00\x00\x18Mod\
ifyScheduleTaskD\
ialog\x01\x03\x00\x00\x00\x04fB\x95\x93\x08\
\x00\x00\x00\x00\x06\x00\x00\x00\x04Hour\x07\x00\x00\
\x00\x18ModifySchedule\
TaskDialog\x01\x03\x00\x00\x00\x04\
fB\x95\x93\x08\x00\x00\x00\x00\x06\x00\x00\x00\x05Ho\
urs\x07\x00\x00\x00\x18ModifySc\
heduleTaskDialog\
\x01\x03\x00\x00\x00\x02R\x06\x08\x00\x00\x00\x00\x06\x00\x00\
\x00\x06Minute\x07\x00\x00\x00\x18Mod\
ifyScheduleTaskD\
ialog\x01\x03\x00\x00\x00\x04O\xeekc\x08\
\x00\x00\x00\x00\x06\x00\x00\x00\x06Modify\x07\
\x00\x00\x00\x18ModifySchedu\
leTaskDialog\x01\x03\x00\x00\
\x00\x180\xb90\xb10\xb80\xe50\xfc0\xeb0\xbf\
0\xb90\xaf0\x92O\xeekc\x08\x00\x00\x00\x00\x06\
\x00\x00\x00\x14Modify Sched\
ule Task\x07\x00\x00\x00\x18Mod\
ifyScheduleTaskD\
ialog\x01\x03\x00\x00\x00\x04k\xceg\x08\x08\
\x00\x00\x00\x00\x06\x00\x00\x00\x07Monthly\
\x07\x00\x00\x00\x18ModifySched\
uleTaskDialog\x01\x03\x00\
\x00\x00\x04N\x00V\xde\x08\x00\x00\x00\x00\x06\x00\x00\x00\
\x04Once\x07\x00\x00\x00\x18Modify\
ScheduleTaskDial\
og\x01\x03\x00\x00\x00\x08\x95\x8bY\xcbfB\x95\x93\
\x08\x00\x00\x00\x00\x06\x00\x00\x00\x0aStart \
Time\x07\x00\x00\x00\x18ModifyS\
cheduleTaskDialo\
g\x01\x03\x00\x00\x00\x0e\x8dwR\xd50\xaa0\xd70\
\xb70\xe70\xf3\x08\x00\x00\x00\x00\x06\x00\x00\x00\x0fS\
tartup Options\x07\x00\
\x00\x00\x18ModifySchedul\
eTaskDialog\x01\x03\x00\x00\x00\
\x1c0\xbf0\xb90\xaf0\xa40\xf30\xc70\xc30\
\xaf0\xb9\x00 \x00(\x00-\x00t\x00)\x08\x00\x00\
\x00\x00\x06\x00\x00\x00\x0fTask Inde\
x (-t)\x07\x00\x00\x00\x18Modif\
yScheduleTaskDia\
log\x01\x03\x00\x00\x00\x080\xbf0\xb90\xafT\
\x0d\x08\x00\x00\x00\x00\x06\x00\x00\x00\x09Task \
Name\x07\x00\x00\x00\x18ModifyS\
cheduleTaskDialo\
g\x01\x03\x00\x00\x00\x0c0\xbf0\xa40\xe00\xa20\
\xa60\xc8\x08\x00\x00\x00\x00\x06\x00\x00\x00\x07Tim\
eout\x07\x00\x00\x00\x18ModifyS\
cheduleTaskDialo\
g\x01\x03\x00\x00\x00\x0e0\xc80\xea0\xac0\xfc0\
\xbf0\xa40\xd7\x08\x00\x00\x00\x00\x06\x00\x00\x00\x0cT\
rigger Type\x07\x00\x00\x00\x18\
ModifyScheduleTa\
skDialog\x01\x03\x00\x00\x00\x04k\xce\
\x901\x08\x00\x00\x00\x00\x06\x00\x00\x00\x06Week\
ly\x07\x00\x00\x00\x18ModifySch\
eduleTaskDialog\x01\
\x03\x00\x00\x00\x18fB\x95\x93\x00 \x00(\x000\x00\
 \x00=\x00 q!R6\x96P\x00)\x08\x00\x00\
\x00\x00\x06\x00\x00\x00\x15hours (0 \
= unlimited)\x07\x00\x00\x00\
\x18ModifyScheduleT\
askDialog\x01\x03\x00\x00\x00\x100\
\xa60\xa30\xf30\xc90\xa60\x92\x90xb\x9e\x08\
\x00\x00\x00\x00\x06\x00\x00\x00\x0dChoose \
Window\x07\x00\x00\x00\x0eOneTi\
meTaskTab\x01\x03\x00\x00\x00\x04[\
\x8cN\x86\x08\x00\x00\x00\x00\x06\x00\x00\x00\x09Com\
pleted\x07\x00\x00\x00\x0eOneTi\
meTaskTab\x01\x03\x00\x00\x00\x04`\
\xc5X1\x08\x00\x00\x00\x00\x06\x00\x00\x00\x04Inf\
o\x07\x00\x00\x00\x0eOneTimeTas\
kTab\x01\x03\x00\x00\x00\x06[\x9f\x88LN-\
\x08\x00\x00\x00\x00\x06\x00\x00\x00\x07Runnin\
g\x07\x00\x00\x00\x0eOneTimeTas\
kTab\x01\x03\x00\x00\x00\x02P$\x08\x00\x00\x00\
\x00\x06\x00\x00\x00\x05Value\x07\x00\x00\x00\x0e\
OneTimeTaskTab\x01\x03\
\x00\x00\x00\x060\xa80\xe90\xfc\x08\x00\x00\x00\x00\x06\
\x00\x00\x00\x03app\x07\x00\x00\x00\x10QCor\
eApplication\x01\x03\x00\x00\
\x00\x220\xbf0\xb90\xaf0\x92RJ\x96d0W\
0f0\x820\x880\x8d0W0D0g0Y\
0K\xff\x1f\x08\x00\x00\x00\x00\x06\x00\x00\x00$Ar\
e you sure you w\
ant to delete ta\
sk\x07\x00\x00\x00\x0fScheduleT\
askTab\x01\x03\x00\x00\x00\x0a0\xad0\xe3\
0\xf30\xbb0\xeb\x08\x00\x00\x00\x00\x06\x00\x00\x00\x06\
Cancel\x07\x00\x00\x00\x0fSched\
uleTaskTab\x01\x03\x00\x00\x00\x0c\
0\xbf0\xb90\xaf0\x92O\x5cb\x10\x08\x00\x00\x00\
\x00\x06\x00\x00\x00\x0bCreate Tas\
k\x07\x00\x00\x00\x0fScheduleTa\
skTab\x01\x03\x00\x00\x00\x04RJ\x96d\x08\
\x00\x00\x00\x00\x06\x00\x00\x00\x06Delete\x07\
\x00\x00\x00\x0fScheduleTask\
Tab\x01\x03\x00\x00\x00\x0c0\xbf0\xb90\xaf0\
\x92RJ\x96d\x08\x00\x00\x00\x00\x06\x00\x00\x00\x0bD\
elete Task\x07\x00\x00\x00\x0fS\
cheduleTaskTab\x01\x03\
\x00\x00\x00\x060\xa80\xe90\xfc\x08\x00\x00\x00\x00\x06\
\x00\x00\x00\x05Error\x07\x00\x00\x00\x0fSc\
heduleTaskTab\x01\x03\x00\
\x00\x00\x1a0\xbf0\xb90\xaf0nO\x5cb\x100\
kY1eW0W0~0W0_\x08\x00\x00\
\x00\x00\x06\x00\x00\x00\x15Failed to\
 create task\x07\x00\x00\x00\
\x0fScheduleTaskTab\
\x01\x03\x00\x00\x00\x1a0\xbf0\xb90\xaf0nRJ\
\x96d0kY1eW0W0~0W0_\
\x08\x00\x00\x00\x00\x06\x00\x00\x00\x15Failed\
 to delete task\x07\
\x00\x00\x00\x0fScheduleTask\
Tab\x01\x03\x00\x00\x00\x1e0\xbf0\xb90\xaf0\
n\x8a\xad0\x7f\x8f\xbc0\x7f0kY1eW0\
W0~0W0_\x08\x00\x00\x00\x00\x06\x00\x00\x00\
\x14Failed to load \
tasks\x07\x00\x00\x00\x0fSchedu\
leTaskTab\x01\x03\x00\x00\x00\x1a0\
\xbf0\xb90\xaf0nO\xeekc0kY1e\
W0W0~0W0_\x08\x00\x00\x00\x00\x06\x00\
\x00\x00\x15Failed to mod\
ify task\x07\x00\x00\x00\x0fSch\
eduleTaskTab\x01\x03\x00\x00\
\x0040\xbf0\xb90\xaf0nO\xeekc0k\
Y1eW0W0~0W0_\xff\x1ae\xe7\
0\xbf0\xb90\xaf0\x92RJ\x96d0g0M\
0~0[0\x93\x08\x00\x00\x00\x00\x06\x00\x00\x00-\
Failed to modify\
 task: cannot de\
lete old task\x07\x00\x00\
\x00\x0fScheduleTaskTa\
b\x01\x03\x00\x00\x00 O\xeekc0\xc00\xa40\
\xa20\xed0\xb00\x92\x95\x8b0Q0~0[0\
\x930g0W0_\x08\x00\x00\x00\x00\x06\x00\x00\x00\
\x1cFailed to open \
modify dialog\x07\x00\x00\
\x00\x0fScheduleTaskTa\
b\x01\x03\x00\x00\x00\x1e0\xbf0\xb90\xaf0nR\
\x070\x8af\xff0H0kY1eW0W0\
~0W0_\x08\x00\x00\x00\x00\x06\x00\x00\x00\x15F\
ailed to toggle \
task\x07\x00\x00\x00\x0fSchedul\
eTaskTab\x01\x03\x00\x00\x00\x04f\xf4\
e\xb0\x08\x00\x00\x00\x00\x06\x00\x00\x00\x07Refr\
esh\x07\x00\x00\x00\x0fSchedule\
TaskTab\x01\x03\x00\x00\x00\x12f\xf4e\
\xb00kY1eW0W0~0W0_\x08\
\x00\x00\x00\x00\x06\x00\x00\x00\x0eRefresh\
 failed\x07\x00\x00\x00\x0fSche\
duleTaskTab\x01\x03\x00\x00\x00\
\x120\xb90\xb10\xb80\xe50\xfc0\xeb0\xbf0\
\xb90\xaf\x08\x00\x00\x00\x00\x06\x00\x00\x00\x0eSch\
edule Tasks\x07\x00\x00\x00\x0f\
ScheduleTaskTab\x01\
\x03\x00\x00\x00\x04b\x10R\x9f\x08\x00\x00\x00\x00\x06\x00\
\x00\x00\x07Success\x07\x00\x00\x00\x0fS\
cheduleTaskTab\x01\x03\
\x00\x00\x00\x160\xbf0\xb90\xaf0LO\x5cb\x10\
0U0\x8c0~0W0_\x08\x00\x00\x00\x00\x06\
\x00\x00\x00\x19Task created\
 successfully\x07\x00\x00\
\x00\x0fScheduleTaskTa\
b\x01\x03\x00\x00\x00\x160\xbf0\xb90\xaf0LR\
J\x96d0U0\x8c0~0W0_\x08\x00\x00\
\x00\x00\x06\x00\x00\x00\x19Task dele\
ted successfully\
\x07\x00\x00\x00\x0fScheduleTas\
kTab\x01\x03\x00\x00\x00\x180\xbf0\xb90\xaf\
0Lq!R\xb90k0j0\x8a0~0W\
0_\x08\x00\x00\x00\x00\x06\x00\x00\x00\x0dTask\
 disabled\x07\x00\x00\x00\x0fSc\
heduleTaskTab\x01\x03\x00\
\x00\x00\x180\xbf0\xb90\xaf0Lg\x09R\xb90\
k0j0\x8a0~0W0_\x08\x00\x00\x00\x00\
\x06\x00\x00\x00\x0cTask enable\
d\x07\x00\x00\x00\x0fScheduleTa\
skTab\x01\x03\x00\x00\x00\x160\xbf0\xb90\
\xaf0LO\xeekc0U0\x8c0~0W0\
_\x08\x00\x00\x00\x00\x06\x00\x00\x00\x1aTask \
modified success\
fully\x07\x00\x00\x00\x0fSchedu\
leTaskTab\x01\x03\x00\x00\x00\x220\
\xad0\xe30\xc30\xb70\xe50k0\xbf0\xb90\
\xaf0L\x89\x8b0d0K0\x8a0~0[0\
\x93\x08\x00\x00\x00\x00\x06\x00\x00\x00\x17Task \
not found in cac\
he\x07\x00\x00\x00\x0fScheduleT\
askTab\x01\x03\x00\x00\x00\x160\xbf0\xb9\
0\xaf0Lf\xf4e\xb00U0\x8c0~0W\
0_\x08\x00\x00\x00\x00\x06\x00\x00\x00\x0fTask\
s refreshed\x07\x00\x00\x00\x0f\
ScheduleTaskTab\x01\
\x03\x00\x00\x00\x04d\xcdO\x5c\x08\x00\x00\x00\x00\x06\x00\
\x00\x00\x07Actions\x07\x00\x00\x00\x11S\
cheduleTaskTable\
\x01\x03\x00\x00\x00\x080\xab0\xb90\xbf0\xe0\x08\x00\
\x00\x00\x00\x06\x00\x00\x00\x06Custom\x07\x00\
\x00\x00\x11ScheduleTaskT\
able\x01\x03\x00\x00\x00\x04k\xcee\xe5\x08\x00\
\x00\x00\x00\x06\x00\x00\x00\x05Daily\x07\x00\x00\
\x00\x11ScheduleTaskTa\
ble\x01\x03\x00\x00\x00\x04RJ\x96d\x08\x00\x00\
\x00\x00\x06\x00\x00\x00\x06Delete\x07\x00\x00\
\x00\x11ScheduleTaskTa\
ble\x01\x03\x00\x00\x00\x04q!R\xb9\x08\x00\x00\
\x00\x00\x06\x00\x00\x00\x08Disabled\x07\
\x00\x00\x00\x11ScheduleTask\
Table\x01\x03\x00\x00\x00\x04g\x09R\xb9\x08\
\x00\x00\x00\x00\x06\x00\x00\x00\x07Enabled\
\x07\x00\x00\x00\x11ScheduleTas\
kTable\x01\x03\x00\x00\x00\x04O\xeekc\
\x08\x00\x00\x00\x00\x06\x00\x00\x00\x06Modify\
\x07\x00\x00\x00\x11ScheduleTas\
kTable\x01\x03\x00\x00\x00\x04k\xceg\x08\
\x08\x00\x00\x00\x00\x06\x00\x00\x00\x07Monthl\
y\x07\x00\x00\x00\x11ScheduleTa\
skTable\x01\x03\x00\x00\x00\x08k!V\
\xde[\x9f\x88L\x08\x00\x00\x00\x00\x06\x00\x00\x00\x08N\
ext Run\x07\x00\x00\x00\x11Sche\
duleTaskTable\x01\x03\x00\
\x00\x00\x04N\x00V\xde\x08\x00\x00\x00\x00\x06\x00\x00\x00\
\x04Once\x07\x00\x00\x00\x11Schedu\
leTaskTable\x01\x03\x00\x00\x00\
\x08n\x96P\x99[\x8cN\x86\x08\x00\x00\x00\x00\x06\x00\
\x00\x00\x05Ready\x07\x00\x00\x00\x11Sch\
eduleTaskTable\x01\x03\
\x00\x00\x00\x06[\x9f\x88LN-\x08\x00\x00\x00\x00\x06\
\x00\x00\x00\x07Running\x07\x00\x00\x00\x11\
ScheduleTaskTabl\
e\x01\x03\x00\x00\x00\x04r\xb6aK\x08\x00\x00\x00\x00\
\x06\x00\x00\x00\x06Status\x07\x00\x00\x00\x11\
ScheduleTaskTabl\
e\x01\x03\x00\x00\x00\x080\xbf0\xb90\xafT\x0d\x08\
\x00\x00\x00\x00\x06\x00\x00\x00\x09Task Na\
me\x07\x00\x00\x00\x11ScheduleT\
askTable\x01\x03\x00\x00\x00\x0e0\xc8\
0\xea0\xac0\xfc0\xbf0\xa40\xd7\x08\x00\x00\x00\
\x00\x06\x00\x00\x00\x0cTrigger Ty\
pe\x07\x00\x00\x00\x11ScheduleT\
askTable\x01\x03\x00\x00\x00\x04N\x0d\
f\x0e\x08\x00\x00\x00\x00\x06\x00\x00\x00\x07Unkn\
own\x07\x00\x00\x00\x11Schedule\
TaskTable\x01\x03\x00\x00\x00\x04k\
\xce\x901\x08\x00\x00\x00\x00\x06\x00\x00\x00\x06Wee\
kly\x07\x00\x00\x00\x11Schedule\
TaskTable\x01\x03\x00\x00\x008\x00\
A\x00D\x00B\x00 \x00(0\xd00\xc30\xaf0\
\xb00\xe90\xa60\xf30\xc9[\xfe_\xdc0\x01O\
N\x90\x1f0\x01\x9a\xd8N\x92c\xdb`'0\x01\x9a\
\xd8\x90E^\xf6\x00)\x08\x00\x00\x00\x00\x06\x00\x00\x00\
@ADB(Supports Ba\
ckground, Slow, \
High Compatibili\
ty, High Latency\
)\x07\x00\x00\x00\x15SelectCapt\
ureListView\x01\x03\x00\x00\x00\
(\x00B\x00i\x00t\x00B\x00l\x00t\x00 \x00\
-\x00 g\x00\x90\x1f0\x01g\x000\x82N\x92c\
\xdb`'0LON0D\x08\x00\x00\x00\x00\x06\x00\
\x00\x00\x06BitBlt\x07\x00\x00\x00\x15Se\
lectCaptureListV\
iew\x01\x03\x00\x00\x00>\x00B\x00i\x00t\x00\
B\x00l\x00t\x00_\x00R\x00e\x00n\x00d\x00\
e\x00r\x00F\x00u\x00l\x00l\x00 \x00-\x00\
 \x90E0D0\x01g\x000\x82N\x92c\xdb`\
'0L\x9a\xd80D\x08\x00\x00\x00\x00\x06\x00\x00\x00\
\x11BitBlt_RenderFu\
ll\x07\x00\x00\x00\x15SelectCap\
tureListView\x01\x03\x00\x00\
\x00\x120\xd60\xe90\xa60\xb60\xad0\xe30\xd7\
0\xc10\xe3\x08\x00\x00\x00\x00\x06\x00\x00\x00\x0fBr\
owser Capture\x07\x00\x00\
\x00\x15SelectCaptureL\
istView\x01\x03\x00\x00\x00.\x00D\x00\
X\x00G\x00I\x00 \x00-\x00 g\x000\x82\x90\
E0D0\x010\xd00\xc30\xaf0\xa20\xc30\
\xd70h0W0fO\x7fu(\x08\x00\x00\x00\x00\
\x06\x00\x00\x00\x04DXGI\x07\x00\x00\x00\x15Se\
lectCaptureListV\
iew\x01\x03\x00\x00\x00<0\xa80\xdf0\xe50\
\xec0\xfc0\xbf0\xa60\xa30\xf30\xc90\xa6\x00\
(0\xd00\xc30\xaf0\xb00\xe90\xa60\xf30\
\xc9[\xfe_\xdc0\x01\x9a\xd8\x90\x1f0\x01ON\x90\
E^\xf6\x00)\x08\x00\x00\x00\x00\x06\x00\x00\x007E\
mulator Window(S\
upports Backgrou\
nd, Fast, Low La\
tency)\x07\x00\x00\x00\x15Selec\
tCaptureListView\
\x01\x03\x00\x00\x00\x100\xb20\xfc0\xe00\xa60\xa3\
0\xf30\xc90\xa6\x08\x00\x00\x00\x00\x06\x00\x00\x00\x0b\
Game Window\x07\x00\x00\x00\x15\
SelectCaptureLis\
tView\x01\x03\x00\x00\x002\x00I\x00P\x00\
C\x00 \x00(\x00M\x00u\x00M\x00u\x00P\x00\
l\x00a\x00y\x00e\x00r\x001\x002\x00 \x00\
v\x004\x00.\x000N\xe5N\x0a\x00)\x08\x00\x00\
\x00\x00\x06\x00\x00\x00!Ipc (MuMu\
Player12 version\
 >= 4.0)\x07\x00\x00\x00\x15Sel\
ectCaptureListVi\
ew\x01\x03\x00\x00\x00 \x00W\x00G\x00C\x00 \
\x00-\x00 \x00>\x00=\x00W\x00i\x00n\x001\
\x0000\x01\x9a\xd8\x90\x1f\x08\x00\x00\x00\x00\x06\x00\x00\
\x00\x03WGC\x07\x00\x00\x00\x15Select\
CaptureListView\x01\
\x03\x00\x00\x002\x00A\x00D\x00B\x00I\x00n\x00\
t\x00e\x00r\x00a\x00c\x00t\x00i\x00o\x00\
n\x00 \x00-\x00 0\xd00\xc30\xaf0\xb00\
\xe90\xa60\xf30\xc9\x08\x00\x00\x00\x00\x06\x00\x00\x00\
\x0eADBInteraction\x07\
\x00\x00\x00\x19SelectIntera\
ctionListView\x01\x03\x00\
\x00\x00:\x00B\x00r\x00o\x00w\x00s\x00e\x00\
r\x00I\x00n\x00t\x00e\x00r\x00a\x00c\x00\
t\x00i\x00o\x00n\x00 \x00-\x00 0\xd00\
\xc30\xaf0\xb00\xe90\xa60\xf30\xc9\x08\x00\x00\
\x00\x00\x06\x00\x00\x00\x12BrowserIn\
teraction\x07\x00\x00\x00\x19Se\
lectInteractionL\
istView\x01\x03\x00\x00\x00J\x00G\x00\
e\x00n\x00s\x00h\x00i\x00n\x00 \x00-\x00\
 0\xd00\xc30\xaf0\xb00\xe90\xa60\xf30\
\xc90\x01N\x00\x90\xe80n\x00 \x00U\x00n\x00\
i\x00t\x00y\x00 0\xb20\xfc0\xe00\x920\
\xb50\xdd0\xfc0\xc8\x08\x00\x00\x00\x00\x06\x00\x00\x00\
\x07Genshin\x07\x00\x00\x00\x19Sel\
ectInteractionLi\
stView\x01\x03\x00\x00\x00L\x00P\x00o\
\x00s\x00t\x00M\x00e\x00s\x00s\x00a\x00g\
\x00e\x00 \x00-\x00 0\xd00\xc30\xaf0\xb0\
0\xe90\xa60\xf30\xc90\x010{0h0\x93\
0i0n0\xa20\xd70\xea0hN\x00\x90\xe8\
0n0\xb20\xfc0\xe0\x08\x00\x00\x00\x00\x06\x00\x00\
\x00\x0bPostMessage\x07\x00\x00\
\x00\x19SelectInteract\
ionListView\x01\x03\x00\x00\x00\
D\x00P\x00y\x00D\x00i\x00r\x00e\x00c\x00\
t\x00 \x00-\x00 0\xd50\xa90\xa20\xb00\
\xe90\xa60\xf30\xc90\x01\x00P\x00y\x00n\x00\
p\x00u\x00t\x00 0n0\xd00\xc30\xaf0\
\xa20\xc30\xd7\x08\x00\x00\x00\x00\x06\x00\x00\x00\x08P\
yDirect\x07\x00\x00\x00\x19Sele\
ctInteractionLis\
tView\x01\x03\x00\x00\x004\x00P\x00y\x00\
n\x00p\x00u\x00t\x00 \x00-\x00 0\xd50\
\xa90\xa20\xb00\xe90\xa60\xf30\xc90\x01g\
\x000\x82N\x92c\xdb`'0L\x9a\xd80D\x08\
\x00\x00\x00\x00\x06\x00\x00\x00\x06Pynput\x07\
\x00\x00\x00\x19SelectIntera\
ctionListView\x01\x03\x00\
\x00\x00\x04i\x82\x89\x81\x08\x00\x00\x00\x00\x06\x00\x00\x00\
\x05About\x07\x00\x00\x00\x0aSetti\
ngTab\x01\x03\x00\x00\x00\x0a0\xa20\xd70\
\xea\x8a-[\x9a\x08\x00\x00\x00\x00\x06\x00\x00\x00\x0aA\
pp Config\x07\x00\x00\x00\x0aSe\
ttingTab\x01\x03\x00\x00\x00\x0a0\xa2\
0\xd70\xea\x8a-[\x9a\x08\x00\x00\x00\x00\x06\x00\x00\
\x00\x0cApp Settings\x07\x00\
\x00\x00\x0aSettingTab\x01\x03\x00\
\x00\x00\x0e0\xa20\xd70\xea0n0\xc60\xfc0\
\xde\x08\x00\x00\x00\x00\x06\x00\x00\x00\x11Appli\
cation Theme\x07\x00\x00\x00\
\x0aSettingTab\x01\x03\x00\x00\x00\
\x1c0\xa20\xd70\xea0\xb10\xfc0\xb70\xe70\
\xf30nY\x16\x89\xb30\x92Y\x09f\xf4\x08\x00\x00\
\x00\x00\x06\x00\x00\x00(Change th\
e appearance of \
the application\x07\
\x00\x00\x00\x0aSettingTab\x01\x03\
\x00\x00\x00\x120\xa20\xc30\xd70\xc70\xfc0\xc8\
0\x92x\xba\x8a\x8d\x08\x00\x00\x00\x00\x06\x00\x00\x00\x0c\
Check update\x07\x00\x00\x00\
\x0aSettingTab\x01\x03\x00\x00\x00\
\x1e\x8a-[\x9a0oQ\x8d\x8dwR\xd5_\x8c0\
kg\x09R\xb90k0j0\x8a0~0Y\x08\
\x00\x00\x00\x00\x06\x00\x00\x00(Configu\
ration takes eff\
ect after restar\
t\x07\x00\x00\x00\x0aSettingTab\
\x01\x03\x00\x00\x00\x060\xc00\xfc0\xaf\x08\x00\x00\x00\
\x00\x06\x00\x00\x00\x04Dark\x07\x00\x00\x00\x0aS\
ettingTab\x01\x03\x00\x00\x00J\x00\
P\x00y\x00Q\x00t\x00-\x00F\x00l\x00u\x00\
e\x00n\x00t\x00-\x00W\x00i\x00d\x00g\x00\
e\x00t\x00s0ne\xb0j_\x80\xfd0\x92v\
z\x89\x8b0W0\x01_yz\xcb0d0\xd20\
\xf30\xc80\x92[f0v\x08\x00\x00\x00\x00\x06\x00\
\x00\x00EDiscover new \
features and lea\
rn useful tips a\
bout PyQt-Fluent\
-Widgets\x07\x00\x00\x00\x0aSet\
tingTab\x01\x03\x00\x00\x00\x060\xd80\
\xeb0\xd7\x08\x00\x00\x00\x00\x06\x00\x00\x00\x04Hel\
p\x07\x00\x00\x00\x0aSettingTab\
\x01\x03\x00\x00\x00\x04\x8a\x00\x8a\x9e\x08\x00\x00\x00\x00\x06\
\x00\x00\x00\x08Language\x07\x00\x00\x00\
\x0aSettingTab\x01\x03\x00\x00\x00\
\x060\xe90\xa40\xc8\x08\x00\x00\x00\x00\x06\x00\x00\x00\
\x05Light\x07\x00\x00\x00\x0aSetti\
ngTab\x01\x03\x00\x00\x00\x120\xd80\xeb0\
\xd70\xda0\xfc0\xb80\x92\x95\x8b0O\x08\x00\x00\
\x00\x00\x06\x00\x00\x00\x0eOpen help\
 page\x07\x00\x00\x00\x0aSettin\
gTab\x01\x03\x00\x00\x00\x0eQ*QH\x8a\x00\
\x8a\x9e0\x92\x8a-[\x9a\x08\x00\x00\x00\x00\x06\x00\x00\
\x00\x1bSet your prefe\
rred language\x07\x00\x00\
\x00\x0aSettingTab\x01\x03\x00\x00\
\x00\x14\x00U\x00I0nQ*QH\x8a\x00\x8a\x9e\
0\x92\x8a-[\x9a\x08\x00\x00\x00\x00\x06\x00\x00\x00\x22\
Set your preferr\
ed language for \
UI\x07\x00\x00\x00\x0aSettingTa\
b\x01\x03\x00\x00\x00\x04\x8a-[\x9a\x08\x00\x00\x00\x00\
\x06\x00\x00\x00\x08Settings\x07\x00\x00\
\x00\x0aSettingTab\x01\x03\x00\x00\
\x00\x14kc^80kf\xf4e\xb00U0\x8c\
0~0W0_\x08\x00\x00\x00\x00\x06\x00\x00\x00\x14\
Updated successf\
ully\x07\x00\x00\x00\x0aSetting\
Tab\x01\x03\x00\x00\x00\x120\xb70\xb90\xc60\
\xe0\x8a-[\x9a0\x92O\x7fu(\x08\x00\x00\x00\x00\
\x06\x00\x00\x00\x12Use system \
setting\x07\x00\x00\x00\x0aSett\
ingTab\x01\x03\x00\x00\x00\x0a0\xd00\xfc\
0\xb80\xe70\xf3\x08\x00\x00\x00\x00\x06\x00\x00\x00\x07\
Version\x07\x00\x00\x00\x0aSett\
ingTab\x01\x03\x00\x00\x00\x0e0Y0y\
0fN\x00fBP\x5ckb\x08\x00\x00\x00\x00\x06\
\x00\x00\x00\x09Pause All\x07\x00\x00\
\x00\x0bStartButton\x01\x03\x00\
\x00\x00\x0a0Y0y0f\x95\x8bY\xcb\x08\x00\x00\
\x00\x00\x06\x00\x00\x00\x09Start All\
\x07\x00\x00\x00\x0bStartButton\
\x01\x03\x00\x00\x00\x0a0\xad0\xe30\xd70\xc10\xe3\
\x08\x00\x00\x00\x00\x06\x00\x00\x00\x07Captur\
e\x07\x00\x00\x00\x09StartCard\x01\
\x03\x00\x00\x00\x120\xed0\xb00\x920\xa80\xaf0\
\xb90\xdd0\xfc0\xc8\x08\x00\x00\x00\x00\x06\x00\x00\x00\
\x0bExport Logs\x07\x00\x00\x00\
\x09StartCard\x01\x03\x00\x00\x00 \
0\xb20\xfc0\xe00\xa60\xa30\xf30\xc90\xa6\
0LR\x07e\xad0U0\x8c0~0W0_\
\x08\x00\x00\x00\x00\x06\x00\x00\x00\x18Game W\
indow Disconnect\
ed\x07\x00\x00\x00\x09StartCard\
\x01\x03\x00\x00\x00\x140\xa40\xf30\xb90\xc80\xfc\
0\xeb0\xd50\xa90\xeb0\xc0\x08\x00\x00\x00\x00\x06\
\x00\x00\x00\x0eInstall Fold\
er\x07\x00\x00\x00\x09StartCard\
\x01\x03\x00\x00\x00\x08N\x00fBP\x5ckb\x08\x00\
\x00\x00\x00\x06\x00\x00\x00\x05Pause\x07\x00\x00\
\x00\x09StartCard\x01\x03\x00\x00\x00\
@N\x00fBP\x5ckb\x00:\x00 \x00P\x00\
CrH0\xb20\xfc0\xe00\xa60\xa30\xf30\
\xc90\xa60og\x00RM\x97b0k0B0\
\x8b_\xc5\x89\x810L0B0\x8a0~0Y\xff\
\x01\x08\x00\x00\x00\x00\x06\x00\x00\x00(Pause\
d: PC Game Windo\
w Must Be in Fro\
nt!\x07\x00\x00\x00\x09StartCar\
d\x01\x03\x00\x00\x00\x04f\xf4e\xb0\x08\x00\x00\x00\x00\
\x06\x00\x00\x00\x07Refresh\x07\x00\x00\x00\
\x09StartCard\x01\x03\x00\x00\x00\x06\
[\x9f\x88LN-\x08\x00\x00\x00\x00\x06\x00\x00\x00\x07\
Running\x07\x00\x00\x00\x09Star\
tCard\x01\x03\x00\x00\x00\x04\x95\x8bY\xcb\x08\
\x00\x00\x00\x00\x06\x00\x00\x00\x05Start\x07\x00\
\x00\x00\x09StartCard\x01\x03\x00\x00\
\x00\x0c0\xb20\xfc0\xe00\x92\x95\x8bY\xcb\x08\x00\
\x00\x00\x00\x06\x00\x00\x00\x0aStart Ga\
me\x07\x00\x00\x00\x09StartCard\
\x01\x03\x00\x00\x00\x100\xbf0\xb90\xaf0\x920\xc8\
0\xea0\xac0\xfc\x08\x00\x00\x00\x00\x06\x00\x00\x00\x0d\
Trigger Tasks\x07\x00\x00\
\x00\x09StartCard\x01\x03\x00\x00\x00\
\x1c0\xbf0\xb90\xaf0\x92\x90xb\x9e0W0\
f\x95\x8bY\xcb0\x92_\x85j_N-\x08\x00\x00\
\x00\x00\x06\x00\x00\x00\x1eWaiting f\
or task to be en\
abled\x07\x00\x00\x00\x09StartC\
ard\x01\x03\x00\x00\x00L0\x010\xb20\xfc0\
\xe00\xa60\xa30\xf30\xc90\xa60Lg\x00\x5c\
\x0fS\x160\x010\xea0\xb50\xa40\xba0\x010\
~0_0ou;\x97bY\x160k0j0\
D0Kx\xba\x8a\x8d0W0f0O0`0\
U0D0\x02\x08\x00\x00\x00\x00\x06\x00\x00\x00?,\
 check if game w\
indows is minimi\
zed, resized or \
out of screen.\x07\x00\
\x00\x00\x0fStartControll\
er\x01\x03\x00\x00\x0080\x010\xb50\xdd0\xfc\
0\xc80U0\x8c0f0D0\x8bg\x00\x5c\x0f\
\x89\xe3P\xcf^\xa60o\x00{\x00m\x00i\x00n\
\x00_\x00s\x00i\x00z\x00e\x00}0g0Y\
\x08\x00\x00\x00\x00\x06\x00\x00\x00,, the \
supported min re\
solution is {min\
_size}\x07\x00\x00\x00\x0fStart\
Controller\x01\x03\x00\x00\x00@\
0\x010\xb50\xdd0\xfc0\xc80U0\x8c0f\
0D0\x8bk\xd4s\x870o\x00{\x00s\x00u\
\x00p\x00p\x00o\x00r\x00t\x00e\x00d\x00_\
\x00r\x00a\x00t\x00i\x00o\x00}0g0Y\
\x08\x00\x00\x00\x00\x06\x00\x00\x00*, the \
supported ratio \
is {supported_ra\
tio}\x07\x00\x00\x00\x0fStartCo\
ntroller\x01\x03\x00\x00\x00.\x81\xea\
R\xd5\x00H\x00D\x00R0Lg\x09R\xb90g\
0Y0\x020~0Zq!R\xb90k0W\
0f0O0`0U0D0\x02\x08\x00\x00\x00\
\x00\x06\x00\x00\x00.Auto HDR i\
s enabled, pleas\
e turn it off fi\
rst.\x07\x00\x00\x00\x0fStartCo\
ntroller\x01\x03\x00\x00\x00@\x81\xea\
R\xd5\x00H\x00D\x00R0Lg\x09R\xb90g\
0Y0\x020\xbf0\xb90\xaf0Lkc^8\
0kR\xd5O\x5c0W0j0DS\xef\x80\xfd\
`'0L0B0\x8a0~0Y\xff\x01\x08\x00\
\x00\x00\x00\x06\x00\x00\x004Auto HDR\
 is enabled, tas\
ks might not wor\
k correctly!\x07\x00\x00\x00\
\x0fStartController\
\x01\x03\x00\x00\x00N0\xb20\xfc0\xe00\x92\x95\x8b\
Y\xcb0g0M0~0[0\x930\x020\xb2\
0\xfc0\xe00L0\xa40\xf30\xb90\xc80\xfc\
0\xeb0U0\x8c0f0D0\x8b0S0h\
0\x92x\xba\x8a\x8d0W0f0O0`0U\
0D0\x02\x08\x00\x00\x00\x00\x06\x00\x00\x001Ca\
n't start game, \
make sure the ga\
me is installed\x07\
\x00\x00\x00\x0fStartControl\
ler\x01\x03\x00\x00\x00>0\xad0\xe30\xd70\
\xc10\xe30kY1eW0W0~0W0\
_0\x020\xb20\xfc0\xe00\xa60\xa30\xf30\
\xc90\xa60\x92x\xba\x8a\x8d0W0f0O0\
`0U0D0\x02\x08\x00\x00\x00\x00\x06\x00\x00\x00\
(Capture failed,\
 please check ga\
me window\x07\x00\x00\x00\x0fSt\
artController\x01\x03\x00\
\x00\x00F0\xa80\xdf0\xe50\xec0\xfc0\xbf0\
Lc\xa5}\x9a0U0\x8c0f0D0~0\
[0\x930\x020~0Z0\xa80\xdf0\xe50\
\xec0\xfc0\xbf0\x92\x8dwR\xd50W0f0\
O0`0U0D\xff\x01\x08\x00\x00\x00\x00\x06\x00\
\x00\x004Emulator is n\
ot connected, st\
art the emulator\
 first!\x07\x00\x00\x00\x0fStar\
tController\x01\x03\x00\x00\x00\
\x16\x00G\x00P\x00U\x00 0\xc90\xe90\xa40\
\xd00\xfc\x8bfTJ\x08\x00\x00\x00\x00\x06\x00\x00\x00\
\x12GPU Driver Warn\
ing\x07\x00\x00\x00\x0fStartCon\
troller\x01\x03\x00\x00\x0080\xb20\
\xfc0\xe00\xd10\xb90L[XW(0W0\
~0[0\x930\x02bKR\xd50g0\xb20\
\xfc0\xe00\x92\x95\x8b0D0f0O0`0\
U0D\xff\x01\x08\x00\x00\x00\x00\x06\x00\x00\x004G\
ame path does no\
t exist, Please \
open game manual\
ly!\x07\x00\x00\x00\x0fStartCon\
troller\x01\x03\x00\x00\x00<0\xb20\
\xfc0\xe0\x89\xe3P\xcf^\xa6\x00{\x00r\x00e\x00\
s\x00o\x00l\x00u\x00t\x00i\x00o\x00n\x00\
}0o0\xb50\xdd0\xfc0\xc80U0\x8c0\
f0D0~0[0\x93\x08\x00\x00\x00\x00\x06\x00\
\x00\x00-Game resoluti\
on {resolution} \
is not supported\
\x07\x00\x00\x00\x0fStartContro\
ller\x01\x03\x00\x00\x00zu;P\xcf0\xea\
0\xbd0\xfc0\xb90n\x8a\xad0\x7f\x8f\xbc0\x7f\
0kY1eW0W0~0W0_0\x02\
Q\x8d0\xa40\xf30\xb90\xc80\xfc0\xeb0W\
0f0\x7f0f0O0`0U0D0\x02\
\xff\x080\xa20\xd70\xea0\x920\xc00\xa60\xf3\
0\xed0\xfc0\xc90\xd50\xa90\xeb0\xc00k\
Qe0\x8c0j0D0g0O0`0U\
0D\xff\x09\x08\x00\x00\x00\x00\x06\x00\x00\x00\x5cIm\
age resource loa\
d failed, please\
 try install aga\
in.(Don't put th\
e app in Downloa\
ds folder)\x07\x00\x00\x00\x0fS\
tartController\x01\x03\
\x00\x00\x00\x1c0\xb20\xfc0\xe00L\x90xb\x9e\
0U0\x8c0f0D0~0[0\x93\xff\x01\
\x08\x00\x00\x00\x00\x06\x00\x00\x00\x11No gam\
e selected!\x07\x00\x00\x00\x0f\
StartController\x01\
\x03\x00\x00\x00L\x00P\x00CrH0k0o{\
\xa1t\x06\x80\x05j)\x96P0L_\xc5\x89\x810\
g0Y0\x020S0n0\xa20\xd70\xea0\
\x92{\xa1t\x06\x80\x05j)\x96P0gQ\x8d\x8d\
wR\xd50W0f0O0`0U0D\xff\
\x01\x08\x00\x00\x00\x00\x06\x00\x00\x00TPC ve\
rsion requires a\
dmin privileges,\
 Please restart \
this app with ad\
min privileges!\x07\
\x00\x00\x00\x0fStartControl\
ler\x01\x03\x00\x00\x00h\x89\xe3P\xcf^\xa6\x00\
{\x00r\x00e\x00s\x00o\x00l\x00u\x00t\x00\
i\x00o\x00n\x00}0n0\xc10\xa70\xc30\
\xaf0kY1eW0W0~0W0_0\
\x02N\x00\x90\xe80n0\xbf0\xb90\xaf0Lk\
c^80kR\xd5O\x5c0W0j0DS\
\xef\x80\xfd`'0L0B0\x8a0~0Y\xff\
\x01\x08\x00\x00\x00\x00\x06\x00\x00\x00JResol\
ution {resolutio\
n} check failed,\
 some tasks migh\
t not work corre\
ctly!\x07\x00\x00\x00\x0fStartC\
ontroller\x01\x03\x00\x00\x00J\x90\
xb\x9e0U0\x8c0_0\xad0\xe30\xd70\
\xc10\xe3e\xb9l\xd50o0\x010\xb20\xfc0\
\xe00~0_0o0\xb70\xb90\xc60\xe00\
g0\xb50\xdd0\xfc0\xc80U0\x8c0f0\
D0~0[0\x93\xff\x01\x08\x00\x00\x00\x00\x06\x00\
\x00\x00DSelected capt\
ure method is no\
t supported by t\
he game or your \
system!\x07\x00\x00\x00\x0fStar\
tController\x01\x03\x00\x00\x00\
@0\xb20\xfc0\xe00n\x8dwR\xd50kY\
1eW0W0~0W0_0\x020~0\
ZbKR\xd50g0\xb20\xfc0\xe00\x92\x8d\
wR\xd50W0f0O0`0U0D0\
\x02\x08\x00\x00\x00\x00\x06\x00\x00\x00*Start\
 game failed, pl\
ease start game \
first\x07\x00\x00\x00\x0fStartC\
ontroller\x01\x03\x00\x00\x00\x1c\x8d\
wR\xd50L0\xbf0\xa40\xe00\xa20\xa60\
\xc80W0~0W0_\xff\x01\x08\x00\x00\x00\x00\
\x06\x00\x00\x00\x13Start game \
timeout!\x07\x00\x00\x00\x0fSta\
rtController\x01\x03\x00\x00\
\x00X0\xa60\xa30\xf30\xc90\xa60Lg\x00\
\x5c\x0fS\x160U0\x8c0f0D0\x8b0K\
u;\x97bY\x160k0B0\x8a0~0Y\
0\x02c\x92N\xd6Qhu;\x97b0\xe20\xfc\
0\xc90oO\x7fu(0W0j0D0g\
0O0`0U0D\xff\x01\x08\x00\x00\x00\x00\x06\
\x00\x00\x00KWindow is mi\
nimized or out o\
f screen, and do\
 NOT use full-sc\
reen exclusive!\x07\
\x00\x00\x00\x0fStartControl\
ler\x01\x03\x00\x00\x00X0\xa60\xa30\xf30\
\xc90\xa60Lg\x00\x5c\x0fS\x160U0\x8c0\
f0D0\x8b0Ku;\x97bY\x160k0\
B0\x8a0~0Y0\x02c\x92N\xd6Qhu\
;\x97b0\xe20\xfc0\xc90oO\x7fu(0\
W0j0D0g0O0`0U0D\xff\
\x01\x08\x00\x00\x00\x00\x06\x00\x00\x00OWindo\
w is minimized o\
r out of screen,\
 and don't use f\
ull-screen exclu\
sive mode!\x07\x00\x00\x00\x0fS\
tartController\x01\x03\
\x00\x00\x00>\x00W\x00i\x00n\x00d\x00o\x00w\
\x00s0nY\x1c\x95\x930\xe20\xfc0\xc90L\
g\x09R\xb90g0Y0\x020~0Zq!\
R\xb90k0W0f0O0`0U0D\
0\x02\x08\x00\x00\x00\x00\x06\x00\x00\x009Wind\
ows night light \
is enabled, plea\
se turn it off f\
irst.\x07\x00\x00\x00\x0fStartC\
ontroller\x01\x03\x00\x00\x00P\x00\
W\x00i\x00n\x00d\x00o\x00w\x00s0nY\
\x1c\x95\x930\xe20\xfc0\xc90Lg\x09R\xb90\
g0Y0\x020\xbf0\xb90\xaf0Lkc^\
80kR\xd5O\x5c0W0j0DS\xef\x80\
\xfd`'0L0B0\x8a0~0Y\xff\x01\x08\
\x00\x00\x00\x00\x06\x00\x00\x00?Windows\
 night light is \
enabled, tasks m\
ight not work co\
rrectly!\x07\x00\x00\x00\x0fSta\
rtController\x01\x03\x00\x00\
\x00^\x00{\x00v\x00e\x00n\x00d\x00o\x00r\
\x00}\x00 \x00{\x00f\x00e\x00a\x00t\x00u\
\x00r\x00e\x00}\x00 0Lg\x09R\xb90k\
0j0c0f0J0\x8a0\x01\x8a\xa4R\xd5\
O\x5c0nS\x9fV\xe00k0j0\x8bS\xef\
\x80\xfd`'0L0B0\x8a0~0Y\xff\x01\
\x08\x00\x00\x00\x00\x06\x00\x00\x009{vendo\
r} {feature} is \
enabled and may \
cause malfunctio\
ns!\x07\x00\x00\x00\x0fStartCon\
troller\x01\x03\x00\x00\x00N\x00{\x00\
}0Lc\xa5}\x9a0U0\x8c0f0D0\
~0[0\x930\x020\xb20\xfc0\xe00\xa60\
\xa30\xf30\xc90\xa60h0\xad0\xe30\xd70\
\xc10\xe3e\xb9l\xd50\x92\x90xb\x9e0W0\
f0O0`0U0D0\x02\x08\x00\x00\x00\x00\
\x06\x00\x00\x003{} is not c\
onnected, please\
 select the game\
 window.\x07\x00\x00\x00\x0fSta\
rtController\x01\x03\x00\x00\
\x00\x080\xed0\xfc0\xc9N-\x08\x00\x00\x00\x00\x06\
\x00\x00\x00\x07Loading\x07\x00\x00\x00\x12\
StartLoadingDial\
og\x01\x03\x00\x00\x00>\x8dwR\xd5N-0\x01\
\x00{\x00s\x00e\x00c\x00o\x00n\x00d\x00s\
\x00_\x00l\x00e\x00f\x00t\x00}y\xd2_\x8c\
0k0\xbf0\xa40\xe00\xa20\xa60\xc80W\
0~0Y0\x02\x08\x00\x00\x00\x00\x06\x00\x00\x00/\
Starting, timeou\
t after {seconds\
_left} seconds.\x07\
\x00\x00\x00\x12StartLoading\
Dialog\x01\x03\x00\x00\x00\x0e\x00A\x00n\
\x00d\x00r\x00o\x00i\x00d\x08\x00\x00\x00\x00\x06\
\x00\x00\x00\x07Android\x07\x00\x00\x00\x08\
StartTab\x01\x03\x00\x00\x00\x0a0\xad\
0\xe30\xd70\xc10\xe3\x08\x00\x00\x00\x00\x06\x00\x00\
\x00\x07Capture\x07\x00\x00\x00\x08St\
artTab\x01\x03\x00\x00\x00\x0e0\xad0\xe3\
0\xd70\xc10\xe3e\xb9l\xd5\x08\x00\x00\x00\x00\x06\
\x00\x00\x00\x0eCapture Meth\
od\x07\x00\x00\x00\x08StartTab\x01\
\x03\x00\x00\x00\x0ed\xcdO\x5ce\xb9l\xd50n\x90\
xb\x9e\x08\x00\x00\x00\x00\x06\x00\x00\x00\x12Cho\
ose Interaction\x07\
\x00\x00\x00\x08StartTab\x01\x03\x00\x00\
\x00\x100\xa60\xa30\xf30\xc90\xa60\x92\x90x\
b\x9e\x08\x00\x00\x00\x00\x06\x00\x00\x00\x0dChoo\
se Window\x07\x00\x00\x00\x08St\
artTab\x01\x03\x00\x00\x00\x08c\xa5}\x9a\
n\x080\x7f\x08\x00\x00\x00\x00\x06\x00\x00\x00\x09Co\
nnected\x07\x00\x00\x00\x08Star\
tTab\x01\x03\x00\x00\x00\x080\xc70\xd00\xc3\
0\xb0\x08\x00\x00\x00\x00\x06\x00\x00\x00\x05Debu\
g\x07\x00\x00\x00\x08StartTab\x01\x03\
\x00\x00\x00\x140\xc70\xd00\xc30\xb00\xaa0\xfc\
0\xd00\xfc0\xec0\xa4\x08\x00\x00\x00\x00\x06\x00\x00\
\x00\x0dDebug Overlay\x07\
\x00\x00\x00\x08StartTab\x01\x03\x00\x00\
\x00\x100\xdc0\xc30\xaf0\xb90\x92q!R\xb9\
S\x16\x08\x00\x00\x00\x00\x06\x00\x00\x00\x0dDisa\
ble Boxes\x07\x00\x00\x00\x08St\
artTab\x01\x03\x00\x00\x00\x04R\x07e\xad\
\x08\x00\x00\x00\x00\x06\x00\x00\x00\x0cDiscon\
nected\x07\x00\x00\x00\x08Start\
Tab\x01\x03\x00\x00\x00\x0c0\xa80\xdf0\xe50\
\xec0\xfc0\xbf\x08\x00\x00\x00\x00\x06\x00\x00\x00\x08E\
mulator\x07\x00\x00\x00\x08Star\
tTab\x01\x03\x00\x00\x00\x100\xdc0\xc30\xaf\
0\xb90\x92g\x09R\xb9S\x16\x08\x00\x00\x00\x00\x06\
\x00\x00\x00\x0cEnable Boxes\
\x07\x00\x00\x00\x08StartTab\x01\x03\x00\
\x00\x00\x120\xed0\xb00\x920\xa80\xaf0\xb90\
\xdd0\xfc0\xc8\x08\x00\x00\x00\x00\x06\x00\x00\x00\x0bE\
xport Logs\x07\x00\x00\x00\x08S\
tartTab\x01\x03\x00\x00\x00\x180\xaa0\
\xfc0\xd00\xfc0\xec0\xa40n0\xed0\xb00\
\x92\x96\xa00Y\x08\x00\x00\x00\x00\x06\x00\x00\x00\x13H\
ide Log on Overl\
ay\x07\x00\x00\x00\x08StartTab\x01\
\x03\x00\x00\x00\x140\xa40\xf30\xb90\xc80\xfc0\
\xeb0\xd50\xa90\xeb0\xc0\x08\x00\x00\x00\x00\x06\x00\
\x00\x00\x0eInstall Folde\
r\x07\x00\x00\x00\x08StartTab\x01\x03\
\x00\x00\x00\x0e0\xed0\xb00\xd50\xa90\xeb0\xc0\
0\xfc\x08\x00\x00\x00\x00\x06\x00\x00\x00\x0aLog \
Folder\x07\x00\x00\x00\x08Start\
Tab\x01\x03\x00\x00\x00\x0a0\xed0\xb00\x92\x95\
\x8b0O\x08\x00\x00\x00\x00\x06\x00\x00\x00\x09Ope\
n Logs\x07\x00\x00\x00\x08Start\
Tab\x01\x03\x00\x00\x00\x04\x00P\x00C\x08\x00\x00\
\x00\x00\x06\x00\x00\x00\x02PC\x07\x00\x00\x00\x08St\
artTab\x01\x03\x00\x00\x00\x06f\xf4e\xb0\
N-\x08\x00\x00\x00\x00\x06\x00\x00\x00\x0aRefr\
eshing\x07\x00\x00\x00\x08Start\
Tab\x01\x03\x00\x00\x00\x1c0\xb90\xaf0\xea0\
\xfc0\xf30\xb70\xe70\xc30\xc80\xd50\xa90\
\xeb0\xc00\xfc\x08\x00\x00\x00\x00\x06\x00\x00\x00\x11S\
creenshot Folder\
\x07\x00\x00\x00\x08StartTab\x01\x03\x00\
\x00\x00\x180\xaa0\xfc0\xd00\xfc0\xec0\xa40\
k0\xed0\xb00\x92\x88hy:\x08\x00\x00\x00\x00\
\x06\x00\x00\x00\x13Show Log on\
 Overlay\x07\x00\x00\x00\x08Sta\
rtTab\x01\x03\x00\x00\x00\x0a0\xed0\xb00\
\x92\x88hy:\x08\x00\x00\x00\x00\x06\x00\x00\x00\x08V\
iew Log\x07\x00\x00\x00\x08Star\
tTab\x01\x03\x00\x00\x00R\x00N\x00P\x00U\
c\xa8\x8a\xd60\xa80\xe90\xfc0\x02\x00I\x00n\
\x00t\x00e\x00l\x00 \x00N\x00P\x00U0\xc9\
0\xe90\xa40\xd00\xfc0\x92f\xf4e\xb00Y\
0\x8b_\xc5\x89\x810L0B0\x8b0K0\x82\
0W0\x8c0~0[0\x930\x02\x08\x00\x00\x00\
\x00\x06\x00\x00\x00CNPU inferr\
ing Error, you m\
ight need to upd\
ate the Intel NP\
U driver!\x07\x00\x00\x00\x04Ta\
sk\x01\x03\x00\x00\x00\x060\xa80\xe90\xfc\x08\x00\
\x00\x00\x00\x06\x00\x00\x00\x05Error\x07\x00\x00\
\x00\x0bTaskButtons\x01\x03\x00\
\x00\x00Z0\xb20\xfc0\xe00\xa60\xa30\xf30\
\xc90\xa60Lc\xa5}\x9a0U0\x8c0f0\
D0~0[0\x930\x020\xb20\xfc0\xe00\
\xa60\xa30\xf30\xc90\xa60h0\xad0\xe30\
\xd70\xc10\xe3e\xb9l\xd50\x92\x90xb\x9e0\
W0f0O0`0U0D0\x02\x08\x00\x00\
\x00\x00\x06\x00\x00\x00OGame wind\
ow is not connec\
ted, please sele\
ct the game wind\
ow and capture m\
ethod.\x07\x00\x00\x00\x0bTaskB\
uttons\x01\x03\x00\x00\x00\x08N\x00fB\
P\x5ckb\x08\x00\x00\x00\x00\x06\x00\x00\x00\x05Pa\
use\x07\x00\x00\x00\x0bTaskButt\
ons\x01\x03\x00\x00\x00\x04Q\x8d\x95\x8b\x08\x00\x00\
\x00\x00\x06\x00\x00\x00\x06Resume\x07\x00\x00\
\x00\x0bTaskButtons\x01\x03\x00\
\x00\x00\x04\x95\x8bY\xcb\x08\x00\x00\x00\x00\x06\x00\x00\x00\
\x05Start\x07\x00\x00\x00\x0bTaskB\
uttons\x01\x03\x00\x00\x00\x04P\x5ckb\
\x08\x00\x00\x00\x00\x06\x00\x00\x00\x04Stop\x07\x00\
\x00\x00\x0bTaskButtons\x01\x03\
\x00\x00\x00\x1ag,_S0k\x00{\x00}0\x92\
RJ\x96d0W0~0Y0K\xff\x1f\x08\x00\
\x00\x00\x00\x06\x00\x00\x00\x22Are you \
sure you want to\
 delete {}\x07\x00\x00\x00\x08T\
askCard\x01\x03\x00\x00\x00\x04RJ\x96\
d\x08\x00\x00\x00\x00\x06\x00\x00\x00\x06Delet\
e\x07\x00\x00\x00\x08TaskCard\x01\x03\
\x00\x00\x00\x0c0\xbf0\xb90\xaf0\x92RJ\x96d\
\x08\x00\x00\x00\x00\x06\x00\x00\x00\x0bDelete\
 Task\x07\x00\x00\x00\x08TaskCa\
rd\x01\x03\x00\x00\x00\x04q!R\xb9\x08\x00\x00\x00\
\x00\x06\x00\x00\x00\x08Disabled\x07\x00\
\x00\x00\x08TaskCard\x01\x03\x00\x00\x00\
\x04}\xe8\x96\xc6\x08\x00\x00\x00\x00\x06\x00\x00\x00\x04E\
dit\x07\x00\x00\x00\x08TaskCard\
\x01\x03\x00\x00\x00\x04g\x09R\xb9\x08\x00\x00\x00\x00\x06\
\x00\x00\x00\x07Enabled\x07\x00\x00\x00\x08\
TaskCard\x01\x03\x00\x00\x00\x08O\x7f\
u(\x8a\xacf\x0e\x08\x00\x00\x00\x00\x06\x00\x00\x00\x0c\
Instructions\x07\x00\x00\x00\
\x08TaskCard\x01\x03\x00\x00\x00\x08N\
\x00fBP\x5ckb\x08\x00\x00\x00\x00\x06\x00\x00\x00\
\x05Pause\x07\x00\x00\x00\x08TaskC\
ard\x01\x03\x00\x00\x00\x0e\x8a-[\x9a0\x920\
\xea0\xbb0\xc30\xc8\x08\x00\x00\x00\x00\x06\x00\x00\x00\
\x0cReset Config\x07\x00\x00\
\x00\x08TaskCard\x01\x03\x00\x00\x00\x04\
Q\x8d\x95\x8b\x08\x00\x00\x00\x00\x06\x00\x00\x00\x06Re\
sume\x07\x00\x00\x00\x08TaskCar\
d\x01\x03\x00\x00\x00\x04\x95\x8bY\xcb\x08\x00\x00\x00\x00\
\x06\x00\x00\x00\x05Start\x07\x00\x00\x00\x08T\
askCard\x01\x03\x00\x00\x00\x04P\x5ck\
b\x08\x00\x00\x00\x00\x06\x00\x00\x00\x04Stop\x07\
\x00\x00\x00\x08TaskCard\x01\x03\x00\x00\
\x00,\x00{\x00t\x00a\x00s\x00k\x00_\x00n\
\x00a\x00m\x00e\x00}\x00 0\xbf0\xb90\xaf\
0n[\x8cN\x860\x92_\x85j_N-\x08\x00\
\x00\x00\x00\x06\x00\x00\x00,Waiting \
for {task_name} \
task to be compl\
eted\x07\x00\x00\x00\x08TaskCar\
d\x01\x03\x00\x00\x00\x06q!R\xb9S\x16\x08\x00\x00\
\x00\x00\x06\x00\x00\x00\x07Disable\x07\x00\
\x00\x00\x0cTaskOpButton\x01\
\x03\x00\x00\x00\x06g\x09R\xb9S\x16\x08\x00\x00\x00\x00\
\x06\x00\x00\x00\x06Enable\x07\x00\x00\x00\x0c\
TaskOpButton\x01\x03\x00\x00\
\x00\x100\xa60\xa30\xf30\xc90\xa60\x92\x90x\
b\x9e\x08\x00\x00\x00\x00\x06\x00\x00\x00\x0dChoo\
se Window\x07\x00\x00\x00\x07Ta\
skTab\x01\x03\x00\x00\x00\x06\x95\x890X0\
\x8b\x08\x00\x00\x00\x00\x06\x00\x00\x00\x05Close\
\x07\x00\x00\x00\x07TaskTab\x01\x03\x00\x00\
\x00\x04[\x8cN\x86\x08\x00\x00\x00\x00\x06\x00\x00\x00\x09\
Completed\x07\x00\x00\x00\x07Ta\
skTab\x01\x03\x00\x00\x00\x0c0\xbf0\xb90\
\xaf0\x92O\x5cb\x10\x08\x00\x00\x00\x00\x06\x00\x00\x00\
\x0bCreate Task\x07\x00\x00\x00\
\x07TaskTab\x01\x03\x00\x00\x00\x04`\xc5\
X1\x08\x00\x00\x00\x00\x06\x00\x00\x00\x04Info\
\x07\x00\x00\x00\x07TaskTab\x01\x03\x00\x00\
\x00\x06[\x9f\x88LN-\x08\x00\x00\x00\x00\x06\x00\x00\
\x00\x07Running\x07\x00\x00\x00\x07Ta\
skTab\x01\x03\x00\x00\x00\x08}L\x90Nf\
B\x95\x93\x08\x00\x00\x00\x00\x06\x00\x00\x00\x0cTim\
e Elapsed\x07\x00\x00\x00\x07Ta\
skTab\x01\x03\x00\x00\x00\x02P$\x08\x00\x00\
\x00\x00\x06\x00\x00\x00\x05Value\x07\x00\x00\x00\
\x07TaskTab\x01\x03\x00\x00\x00\x0a0\xad\
0\xe30\xf30\xbb0\xeb\x08\x00\x00\x00\x00\x06\x00\x00\
\x00\x06Cancel\x07\x00\x00\x00\x13Tem\
plateInputDialog\
\x01\x03\x00\x00\x00\x04x\xba\x8a\x8d\x08\x00\x00\x00\x00\x06\
\x00\x00\x00\x07Confirm\x07\x00\x00\x00\x13\
TemplateInputDia\
log\x01\x03\x00\x00\x00&\x00'\x00{\x00}\x00\
'\x00 0\x92RJ\x96d0W0f0\x820\
\x880\x8d0W0D0g0Y0K\xff\x1f\x08\
\x00\x00\x00\x00\x06\x00\x00\x00%Are you\
 sure you want t\
o delete '{}'?\x07\x00\
\x00\x00\x0bTemplateTab\x01\x03\
\x00\x00\x00\x0a0\xad0\xe30\xf30\xbb0\xeb\x08\x00\
\x00\x00\x00\x06\x00\x00\x00\x06Cancel\x07\x00\
\x00\x00\x0bTemplateTab\x01\x03\
\x00\x00\x00\x0aRJ\x96d0nx\xba\x8a\x8d\x08\x00\
\x00\x00\x00\x06\x00\x00\x00\x0eConfirm \
Delete\x07\x00\x00\x00\x0bTempl\
ateTab\x01\x03\x00\x00\x00\x04RJ\x96d\
\x08\x00\x00\x00\x00\x06\x00\x00\x00\x06Delete\
\x07\x00\x00\x00\x0bTemplateTab\
\x01\x03\x00\x00\x00$0\xd50\xec0\xfc0\xe00n\
0\xad0\xe30\xd70\xc10\xe30kY1eW\
0W0~0W0_0\x02\x08\x00\x00\x00\x00\x06\
\x00\x00\x00\x18Failed to ca\
pture frame.\x07\x00\x00\x00\
\x0bTemplateTab\x01\x03\x00\x00\
\x00\x180\xe90\xd90\xebR\x17c\x190\xd50\xa1\
0\xa40\xeb0\x92u\x1fb\x10\x08\x00\x00\x00\x00\x06\
\x00\x00\x00\x18Generate lab\
el enum file\x07\x00\x00\x00\
\x0bTemplateTab\x01\x03\x00\x00\
\x00\x16u;P\xcf0LRJ\x96d0U0\x8c\
0~0W0_0\x02\x08\x00\x00\x00\x00\x06\x00\x00\
\x00\x0eImage deleted.\
\x07\x00\x00\x00\x0bTemplateTab\
\x01\x03\x00\x00\x00Dq!R\xb90jv\xf8[\xfe\
0\xd10\xb90g0Y0\x02O\x8b\x00:\x00 \
\x00o\x00k\x00_\x00t\x00a\x00s\x00k\x00s\
\x00/\x00L\x00a\x00b\x00e\x00l\x00E\x00n\
\x00u\x00m\x00.\x00p\x00y\x08\x00\x00\x00\x00\x06\
\x00\x00\x005Invalid rela\
tive path. Examp\
le: ok_tasks/Lab\
elEnum.py\x07\x00\x00\x00\x0bTe\
mplateTab\x01\x03\x00\x00\x00\x04j\
\x19l\xe8\x08\x00\x00\x00\x00\x06\x00\x00\x00\x06Mar\
kup\x07\x00\x00\x00\x0bTemplate\
Tab\x01\x03\x00\x00\x00\x1aO\xdd[X0Y0\
\x8bj\x19l\xe80L0B0\x8a0~0[0\
\x930\x02\x08\x00\x00\x00\x00\x06\x00\x00\x00\x17No \
annotations to s\
ave.\x07\x00\x00\x00\x0bTemplat\
eTab\x01\x03\x00\x00\x00>0\xad0\xe30\xd7\
0\xc10\xe3e\xb9l\xd50L0B0\x8a0~\
0[0\x930\x02QH0k0\xad0\xe30\xd7\
0\xc10\xe30\x92\x95\x8bY\xcb0W0f0O\
0`0U0D0\x02\x08\x00\x00\x00\x00\x06\x00\x00\
\x008No capture met\
hod available. P\
lease start capt\
ure first.\x07\x00\x00\x00\x0bT\
emplateTab\x01\x03\x00\x00\x00\x18\
0\xc60\xf30\xd70\xec0\xfc0\xc80L0B\
0\x8a0~0[0\x93\x08\x00\x00\x00\x00\x06\x00\x00\
\x00\x10No templates y\
et\x07\x00\x00\x00\x0bTemplateT\
ab\x01\x03\x00\x00\x00\x04\x00O\x00K\x08\x00\x00\x00\
\x00\x06\x00\x00\x00\x02OK\x07\x00\x00\x00\x0bTem\
plateTab\x01\x03\x00\x00\x0000\xd1\
0\xb90o0\xef0\xfc0\xaf0\xb90\xda0\xfc\
0\xb90n0\xeb0\xfc0\xc80K0\x890n\
v\xf8[\xfe0\xd10\xb90g0Y0\x02\x08\x00\
\x00\x00\x00\x06\x00\x00\x00'Path is \
relative to the \
workspace root.\x07\
\x00\x00\x00\x0bTemplateTab\x01\
\x03\x00\x00\x00<v\xf8[\xfe0\xd10\xb9\xff\x08O\
\x8b\x00:\x00 \x00o\x00k\x00_\x00t\x00a\x00\
s\x00k\x00s\x00/\x00L\x00a\x00b\x00e\x00\
l\x00E\x00n\x00u\x00m\x00.\x00p\x00y\xff\
\x09\x08\x00\x00\x00\x00\x06\x00\x00\x00)Relat\
ive path, e.g. o\
k_tasks/LabelEnu\
m.py\x07\x00\x00\x00\x0bTemplat\
eTab\x01\x03\x00\x00\x00\x04O\xdd[X\x08\x00\
\x00\x00\x00\x06\x00\x00\x00\x04Save\x07\x00\x00\x00\
\x0bTemplateTab\x01\x03\x00\x00\
\x00\x06O\xdd[XQH\x08\x00\x00\x00\x00\x06\x00\x00\
\x00\x07Save To\x07\x00\x00\x00\x0bTe\
mplateTab\x01\x03\x00\x00\x00\x1ck\
c^80kO\xdd[X0U0\x8c0~0\
W0_\x00:\x00 \x00{\x00}\x08\x00\x00\x00\x00\
\x06\x00\x00\x00\x22Save comple\
ted successfully\
 to: {}\x07\x00\x00\x00\x0bTemp\
lateTab\x01\x03\x00\x00\x00\x120\xb90\
\xaf0\xea0\xfc0\xf30\xb70\xe70\xc30\xc8\x08\
\x00\x00\x00\x00\x06\x00\x00\x00\x0aScreens\
hot\x07\x00\x00\x00\x0bTemplate\
Tab\x01\x03\x00\x00\x00(0\xb90\xaf0\xea0\
\xfc0\xf30\xb70\xe70\xc30\xc80\x92O\xdd[\
X0W0~0W0_\x00:\x00 \x00{\x00\
}\x08\x00\x00\x00\x00\x06\x00\x00\x00\x14Scree\
nshot saved: {}\x07\
\x00\x00\x00\x0bTemplateTab\x01\
\x03\x00\x00\x00\x1eT\x0dRM0~0_0o0\
\xab0\xc60\xb40\xea0gi\x1c}\x22\x00.\x00\
.\x00.\x08\x00\x00\x00\x00\x06\x00\x00\x00\x1dSea\
rch by name or c\
ategory...\x07\x00\x00\x00\x0bT\
emplateTab\x01\x03\x00\x00\x00\x04\
b\x10R\x9f\x08\x00\x00\x00\x00\x06\x00\x00\x00\x07Su\
ccess\x07\x00\x00\x00\x0bTempla\
teTab\x01\x03\x00\x00\x00\x180\xb90\xaf0\
\xea0\xfc0\xf30\xb70\xe70\xc30\xc80\x92d\
\xae0\x8b\x08\x00\x00\x00\x00\x06\x00\x00\x00\x0fTak\
e Screenshot\x07\x00\x00\x00\
\x0bTemplateTab\x01\x03\x00\x00\
\x00&\x00a\x00s\x00s\x00e\x00t\x00s\x00 \
\x00(0\xb90\xbf0\xf30\xc90\xa20\xed0\xf3\
0\xa20\xd70\xea\x00)\x08\x00\x00\x00\x00\x06\x00\x00\
\x00\x17assets (standa\
lone app)\x07\x00\x00\x00\x0bTe\
mplateTab\x01\x03\x00\x00\x006\x00\
o\x00k\x00_\x00t\x00a\x00s\x00k\x00s\x00\
/\x00a\x00s\x00s\x00e\x00t\x00s\x00 \x00\
(0\xab0\xb90\xbf0\xe00\xb90\xaf0\xea0\
\xd70\xc8\x00)\x08\x00\x00\x00\x00\x06\x00\x00\x00 o\
k_tasks/assets (\
custom scripts)\x07\
\x00\x00\x00\x0bTemplateTab\x01\
\x03\x00\x00\x00D\x00{\x00v\x00e\x00r\x00s\x00\
i\x00o\x00n\x00}\x00 \x00{\x00t\x00y\x00\
p\x00e\x00}0k0\xa20\xc30\xd70\xc70\
\xfc0\xc80W0f0\x820\x880\x8d0W0\
D0g0Y0K\xff\x1f\x08\x00\x00\x00\x00\x06\x00\
\x00\x004Are you sure \
you want to upda\
te to {version} \
{type}?\x07\x00\x00\x00\x0bVers\
ionCard\x01\x03\x00\x00\x00,0\xa20\
\xc30\xd70\xc70\xfc0\xc80nx\xba\x8a\x8dN\
-0k0\xa80\xe90\xfc0Lvzu\x1f0\
W0~0W0_\xff\x01\x08\x00\x00\x00\x00\x06\x00\
\x00\x00\x17Check for upd\
ate error!\x07\x00\x00\x00\x0bV\
ersionCard\x01\x03\x00\x00\x00\x12\
0\xa20\xc30\xd70\xc70\xfc0\xc80\x92x\xba\
\x8a\x8d\x08\x00\x00\x00\x00\x06\x00\x00\x00\x11Chec\
k for updates\x07\x00\x00\
\x00\x0bVersionCard\x01\x03\x00\
\x00\x00\x140\xa20\xc30\xd70\xc70\xfc0\xc80\
\x92x\xba\x8a\x8dN-\x08\x00\x00\x00\x00\x06\x00\x00\x00\
\x14Checking for up\
dates\x07\x00\x00\x00\x0bVersio\
nCard\x01\x03\x00\x00\x00\x080\xc70\xd00\
\xc30\xb0\x08\x00\x00\x00\x00\x06\x00\x00\x00\x05Deb\
ug\x07\x00\x00\x00\x0bVersionCa\
rd\x01\x03\x00\x00\x00<0\xc00\xa60\xf30\xed\
0\xfc0\xc9N-\x00:\x00 \x00{\x00p\x00r\
\x00o\x00g\x00r\x00e\x00s\x00s\x00}\x00 \
\x00{\x00p\x00e\x00r\x00c\x00e\x00n\x00t\
\x00}\x00%\x08\x00\x00\x00\x00\x06\x00\x00\x00!Do\
wnloading {progr\
ess} {percent}%\x07\
\x00\x00\x00\x0bVersionCard\x01\
\x03\x00\x00\x00\x22e\xb00W0D0\xd00\xfc0\
\xb80\xe70\xf30L\x89\x8b0d0K0\x8a0\
~0W0_\xff\x01\x08\x00\x00\x00\x00\x06\x00\x00\x00\
\x12Found new versi\
on!\x07\x00\x00\x00\x0bVersionC\
ard\x01\x03\x00\x00\x00\x04`\xc5X1\x08\x00\x00\
\x00\x00\x06\x00\x00\x00\x04Info\x07\x00\x00\x00\x0b\
VersionCard\x01\x03\x00\x00\x00\
\x080\xea0\xea0\xfc0\xb9\x08\x00\x00\x00\x00\x06\x00\
\x00\x00\x07Release\x07\x00\x00\x00\x0bV\
ersionCard\x01\x03\x00\x00\x00\x1a\
0S0\x8c0og\x00e\xb00\xd00\xfc0\xb8\
0\xe70\xf30g0Y\xff\x01\x08\x00\x00\x00\x00\x06\
\x00\x00\x00\x1bThis is the \
newest version!\x07\
\x00\x00\x00\x0bVersionCard\x01\
\x03\x00\x00\x00\x12N\xca0Y0P0\xa20\xc30\
\xd70\xc70\xfc0\xc8\x08\x00\x00\x00\x00\x06\x00\x00\x00\
\x0aUpdate Now\x07\x00\x00\x00\x0b\
VersionCard\x01\x03\x00\x00\x00\
.\x00{\x00v\x00e\x00r\x00s\x00i\x00o\x00\
n\x00}\x00 \x00{\x00t\x00y\x00p\x00e\x00\
}0k0\xa20\xc30\xd70\xc70\xfc0\xc8\x08\
\x00\x00\x00\x00\x06\x00\x00\x00\x1aUpdate \
to {version} {ty\
pe}\x07\x00\x00\x00\x0bVersionC\
ard\x01\x03\x00\x00\x00\x080\xa20\xe90\xfc0\
\xc8\x08\x00\x00\x00\x00\x06\x00\x00\x00\x05Alert\
\x07\x00\x00\x00\x03app\x01\x03\x00\x00\x00$0Y\
0g0k0\xd00\xfc0\xb80\xe70\xf30k\
f\xf4e\xb00U0\x8c0f0D0~0Y\
\x00:\x08\x00\x00\x00\x00\x06\x00\x00\x00\x1bAlre\
ady updated to v\
ersion:\x07\x00\x00\x00\x03app\x01\
\x03\x00\x00\x00 R%0n0\xa40\xf30\xb90\
\xbf0\xf30\xb90Le\xe20k[\x9f\x88LN\
-0g0Y\x08\x00\x00\x00\x00\x06\x00\x00\x00#A\
nother instance \
is already runni\
ng\x07\x00\x00\x00\x03app\x01\x03\x00\x00\x00\x10\
0\xa20\xd70\xea0\xe90\xf30\xc10\xe30\xfc\
\x08\x00\x00\x00\x00\x06\x00\x00\x00\x0cApp La\
uncher\x07\x00\x00\x00\x03app\x01\x03\
\x00\x00\x00\x800\xa20\xd70\xea0n\x8dwR\xd5\
0\xa80\xe90\xfc0\x020\xa40\xf30\xb90\xc8\
0\xfc0\xeb0\xd50\xa90\xeb0\xc00\x92\x00W\
\x00i\x00n\x00d\x00o\x00w\x00s\x00 \x00D\
\x00e\x00f\x00e\x00n\x00d\x00e\x00r0n\
0\xdb0\xef0\xa40\xc80\xea0\xb90\xc80k\
\x8f\xfdR\xa00W0fQ\x8d0\xa40\xf30\xb9\
0\xc80\xfc0\xeb0W0f0O0`0U\
0D\x00:\x08\x00\x00\x00\x00\x06\x00\x00\x00fAp\
p startup error.\
 Please add the \
installation fol\
der to the Windo\
ws Defender whit\
elist and reinst\
all:\x07\x00\x00\x00\x03app\x01\x03\x00\x00\
\x00\x04\x81\xeaR\xd5\x08\x00\x00\x00\x00\x06\x00\x00\x00\x04\
Auto\x07\x00\x00\x00\x03app\x01\x03\x00\x00\
\x00\x1e0\xb20\xfc0\xe00\xa60\xa30\xf30\xc9\
0\xa60n\x81\xeaR\xd50\xea0\xb50\xa40\xba\
\x08\x00\x00\x00\x00\x06\x00\x00\x00\x17Auto R\
esize Game Windo\
w\x07\x00\x00\x00\x03app\x01\x03\x00\x00\x00\x100\
\xb20\xfc0\xe00\x92\x81\xeaR\xd5\x8dwR\xd5\x08\
\x00\x00\x00\x00\x06\x00\x00\x00\x0fAuto St\
art Game\x07\x00\x00\x00\x03app\
\x01\x03\x00\x00\x00\x1e0\xa20\xd70\xea\x8dwR\xd5\
fB0k0\xb20\xfc0\xe00\x92\x81\xeaR\xd5\
\x8dwR\xd5\x08\x00\x00\x00\x00\x06\x00\x00\x00\x1fAu\
to Start Game Wh\
en App Starts\x07\x00\x00\
\x00\x03app\x01\x03\x00\x00\x00 \x00{\x00a\x00\
p\x00p\x00_\x00n\x00a\x00m\x00e\x00}\x00\
 0\x92\x81\xeaR\xd5\x8dwR\xd5\x08\x00\x00\x00\x00\
\x06\x00\x00\x00\x15Auto Start \
{app_name}\x07\x00\x00\x00\x03a\
pp\x01\x03\x00\x00\x00\x08\x81\xeaR\xd5f\xf4e\xb0\
\x08\x00\x00\x00\x00\x06\x00\x00\x00\x0bAuto U\
pdate\x07\x00\x00\x00\x03app\x01\x03\x00\
\x00\x00\x220\xb20\xfc0\xe00L}BN\x860\
W0_0_0\x81\x81\xeaR\xd5}BN\x860\
W0~0Y\x08\x00\x00\x00\x00\x06\x00\x00\x00\x1dA\
uto exit because\
 game exited\x07\x00\x00\x00\
\x03app\x01\x03\x00\x00\x00\x18\x81\xeaR\xd5f\xf4\
e\xb0\xff\x080\xd70\xec0\xea0\xea0\xfc0\xb9\
\xff\x09\x08\x00\x00\x00\x00\x06\x00\x00\x00\x1eAuto\
matic Update (Pr\
e-release)\x07\x00\x00\x00\x03a\
pp\x01\x03\x00\x00\x00\x1c\x81\xeaR\xd5f\xf4e\xb0\
\xff\x08kc_\x0f0\xea0\xea0\xfc0\xb90n\
0\x7f\xff\x09\x08\x00\x00\x00\x00\x06\x00\x00\x00\x1eAu\
tomatic Update(R\
elease Only)\x07\x00\x00\x00\
\x03app\x01\x03\x00\x00\x00\x0eW\xfag,0\xaa\
0\xd70\xb70\xe70\xf3\x08\x00\x00\x00\x00\x06\x00\x00\
\x00\x0dBasic Options\x07\
\x00\x00\x00\x03app\x01\x03\x00\x00\x00\x080\xd90\
\xfc0\xbfrH\x08\x00\x00\x00\x00\x06\x00\x00\x00\x0cB\
eta Version\x07\x00\x00\x00\x03\
app\x01\x03\x00\x00\x00\x060|0K0W\x08\
\x00\x00\x00\x00\x06\x00\x00\x00\x04Blur\x07\x00\x00\
\x00\x03app\x01\x03\x00\x00\x00\x0e0\xde0\xb90\
\xafQ\xe6t\x06e\xb9_\x0f\x08\x00\x00\x00\x00\x06\x00\
\x00\x00\x0eBlur Algorith\
m\x07\x00\x00\x00\x03app\x01\x03\x00\x00\x00<0\
\xb20\xfc0\xe0\x00 \x00U\x00I\x00D\x00 0\
j0i0\x920|0K0W0f\x00 \x00\
O\x00L\x00E\x00D\x00 0n[\xffT}0\
\x92^\xf60p0W0~0Y\x08\x00\x00\x00\x00\
\x06\x00\x00\x00&Blur Game U\
ID etc to enhanc\
e OLED life\x07\x00\x00\x00\x03\
app\x01\x03\x00\x00\x00\x10\x90n\x85=0\xc10\
\xa70\xc30\xaf\x95\x93\x96\x94\x08\x00\x00\x00\x00\x06\x00\
\x00\x00\x0dBlur Interval\
\x07\x00\x00\x00\x03app\x01\x03\x00\x00\x00&\x00p\
\x00y\x00t\x00h\x00o\x00n\x00 \x00v\x00e\
\x00n\x00v0L\x89\x8b0d0K0\x8a0~\
0[0\x93\x08\x00\x00\x00\x00\x06\x00\x00\x00\x16Ca\
n't find python \
venv\x07\x00\x00\x00\x03app\x01\x03\x00\x00\
\x00\x0a0\xad0\xe30\xf30\xbb0\xeb\x08\x00\x00\x00\
\x00\x06\x00\x00\x00\x06Cancel\x07\x00\x00\x00\
\x03app\x01\x03\x00\x00\x00\x180\xad0\xe30\xd7\
0\xc10\xe30\xd50\xec0\xfc0\xe00\xec0\xfc\
0\xc8\x08\x00\x00\x00\x00\x06\x00\x00\x00\x12Capt\
ure Frame Rate\x07\x00\
\x00\x00\x03app\x01\x03\x00\x00\x00\x0e0\xad0\xe3\
0\xd70\xc10\xe3\x90E^\xf6\x08\x00\x00\x00\x00\x06\
\x00\x00\x00\x0fCapture Late\
ncy\x07\x00\x00\x00\x03app\x01\x03\x00\x00\x00\
\x04N-V\xfd\x08\x00\x00\x00\x00\x06\x00\x00\x00\x05C\
hina\x07\x00\x00\x00\x03app\x01\x03\x00\x00\
\x0020\xe90\xf30\xc10\xe30\xfc0Lf\xf4\
e\xb00\x920\xa40\xf30\xb90\xc80\xfc0\xeb\
0Y0\x8be\xb9l\xd50\x92\x90xb\x9e0W\
0~0Y\x08\x00\x00\x00\x00\x06\x00\x00\x00(Ch\
oose how the lau\
ncher installs u\
pdates\x07\x00\x00\x00\x03app\x01\x03\
\x00\x00\x00\x160\xa20\xd70\xea0\xe90\xf30\xc1\
0\xe30\xfc0\x92\x8a-[\x9a\x08\x00\x00\x00\x00\x06\
\x00\x00\x00\x1aConfigure th\
e app launcher\x07\x00\
\x00\x00\x03app\x01\x03\x00\x00\x00\x04x\xba\x8a\x8d\
\x08\x00\x00\x00\x00\x06\x00\x00\x00\x07Confir\
m\x07\x00\x00\x00\x03app\x01\x03\x00\x00\x00\x1e\x00\
v\x00e\x00n\x00v0nO\x5cb\x100kY\
1eW0W0~0W0_0\x02\x08\x00\x00\
\x00\x00\x06\x00\x00\x00\x13Create ve\
nv failed.\x07\x00\x00\x00\x03a\
pp\x01\x03\x00\x00\x00\x1eO\x9d[X\x95\xa2O\xc2\
0nRJ\x96d0kb\x10R\x9f0W0~\
0W0_\xff\x01\x08\x00\x00\x00\x00\x06\x00\x00\x00\x1c\
Delete dependenc\
ies success!\x07\x00\x00\x00\
\x03app\x01\x03\x00\x00\x00\x04\x8a:e\xad\x08\x00\
\x00\x00\x00\x06\x00\x00\x00\x09Diagnosi\
s\x07\x00\x00\x00\x03app\x01\x03\x00\x00\x00\x0e0\
|0K0W0\x92g\x09R\xb9S\x16\x08\x00\x00\
\x00\x00\x06\x00\x00\x00\x0bEnable Bl\
ur\x07\x00\x00\x00\x03app\x01\x03\x00\x00\x00\x06\
0\xa80\xe90\xfc\x08\x00\x00\x00\x00\x06\x00\x00\x00\x05\
Error\x07\x00\x00\x00\x03app\x01\x03\x00\
\x00\x00\x0e0\xbf0\xb90\xaf_\x8c0k}BN\
\x86\x08\x00\x00\x00\x00\x06\x00\x00\x00\x0fExit \
After Task\x07\x00\x00\x00\x03a\
pp\x01\x03\x00\x00\x00\x1e0\xb20\xfc0\xe0}B\
N\x86fB0k0\xa20\xd70\xea0\x82}B\
N\x860Y0\x8b\x08\x00\x00\x00\x00\x06\x00\x00\x00\x18\
Exit App when Ga\
me Exits\x07\x00\x00\x00\x03app\
\x01\x03\x00\x00\x00 0\xb20\xfc0\xe00L}B\
N\x860W0_0_0\x81}BN\x860W\
0~0W0_\x08\x00\x00\x00\x00\x06\x00\x00\x00\x18\
Exit because gam\
e exited\x07\x00\x00\x00\x03app\
\x01\x03\x00\x00\x0040\xbf0\xb90\xaf0Lkc\
^80k[\x9f\x88L0U0\x8c0__\x8c\
0\x010\xb20\xfc0\xe00h0\xa20\xd70\xea\
0\x92}BN\x860Y0\x8b\x08\x00\x00\x00\x00\x06\
\x00\x00\x00?Exit the Gam\
e and the App af\
ter Successfully\
 Executing the T\
ask\x07\x00\x00\x00\x03app\x01\x03\x00\x00\x00\
\x0c[\x9f\x88L_\x8c0k}BN\x86\x08\x00\x00\
\x00\x00\x06\x00\x00\x00\x14Exit_Afte\
r_Execution\x07\x00\x00\x00\x03\
app\x01\x03\x00\x00\x00&0\xea0\xe20\xfc0\
\xc80\xd00\xfc0\xb80\xe70\xf30\xea0\xb90\
\xc80nS\xd6_\x970\xa80\xe90\xfc\xff\x01\x08\
\x00\x00\x00\x00\x06\x00\x00\x00 Fetch r\
emote version li\
st error!\x07\x00\x00\x00\x03ap\
p\x01\x03\x00\x00\x00\x0c}\xcf0\xd50\xec0\xfc0\
\xe0ep\x08\x00\x00\x00\x00\x06\x00\x00\x00\x0bFra\
me Count\x07\x00\x00\x00\x03app\
\x01\x03\x00\x00\x00\x0c0\xb20\xfc0\xe0\x89\xe3P\xcf\
^\xa6\x08\x00\x00\x00\x00\x06\x00\x00\x00\x0fGame\
 Resolution\x07\x00\x00\x00\x03\
app\x01\x03\x00\x00\x00\x0e0\xb20\xfc0\xe00\
\xb50\xa60\xf30\xc9\x08\x00\x00\x00\x00\x06\x00\x00\x00\
\x0aGame Sound\x07\x00\x00\x00\x03\
app\x01\x03\x00\x00\x00\x0a0\xb00\xed0\xfc0\
\xd00\xeb\x08\x00\x00\x00\x00\x06\x00\x00\x00\x06Glo\
bal\x07\x00\x00\x00\x03app\x01\x03\x00\x00\x00\
\x0a0\xdb0\xc30\xc80\xad0\xfc\x08\x00\x00\x00\x00\
\x06\x00\x00\x00\x06HotKey\x07\x00\x00\x00\x03\
app\x01\x03\x00\x00\x00D0\xc80\xea0\xac0\
\xfc0\xbf0\xb90\xaf\x95\x930n\x90E^\xf60\
\x92X\x970\x840W0f\x00C\x00P\x00U\x00\
/\x00G\x00P\x00UO\x7fu(s\x870\x92R\
Jn\x1b\x00(0\xdf0\xeay\xd2\x00)\x08\x00\x00\
\x00\x00\x06\x00\x00\x00JIncrease \
Delay between Tr\
igger Tasks to R\
educe CPU/GPU Us\
age(Milliseconds\
)\x07\x00\x00\x00\x03app\x01\x03\x00\x00\x00\x04`\
\xc5X1\x08\x00\x00\x00\x00\x06\x00\x00\x00\x04Inf\
o\x07\x00\x00\x00\x03app\x01\x03\x00\x00\x00\x0c0\
\xa40\xf30\xda0\xa40\xf30\xc8\x08\x00\x00\x00\x00\
\x06\x00\x00\x00\x07Inpaint\x07\x00\x00\x00\
\x03app\x01\x03\x00\x00\x00bO\x9d[X\x95\xa2\
O\xc20n0\xa40\xf30\xb90\xc80\xfc0\xeb\
0kY1eW0W0~0W0_0\x02\
f\xf4e\xb00\xbd0\xfc0\xb90\x92Y\x09f\xf4\
0Y0\x8b0K0\x01[\x8cQhrH0\x92\
Q\x8d0\xc00\xa60\xf30\xed0\xfc0\xc90W\
0f0O0`0U0D\xff\x01\x08\x00\x00\x00\
\x00\x06\x00\x00\x00]Install de\
pendencies faile\
d, try changing \
the update sourc\
e, or re-downloa\
d the full versi\
on!\x07\x00\x00\x00\x03app\x01\x03\x00\x00\x00\
`0\xa40\xf30\xb90\xc80\xfc0\xeb0\xc70\
\xa30\xec0\xaf0\xc80\xea\x00{\x00p\x00a\x00\
t\x00h\x00}0o\x82\xf1[W0\xd10\xb90\
g0B0\x8b_\xc5\x89\x810L0B0\x8a0\
~0Y0\x02R%0n0\xd10\xb90ky\
\xfbR\xd50W0f0O0`0U0D0\
\x02\x08\x00\x00\x00\x00\x06\x00\x00\x00AInsta\
ll dir {path} mu\
st be an English\
 path, move to a\
nother path.\x07\x00\x00\x00\
\x03app\x01\x03\x00\x00\x00\x1c\x8dwR\xd5_\x8c\
0k0\xe90\xf30\xc10\xe30\xfc0\x92}B\
N\x860Y0\x8b\x08\x00\x00\x00\x00\x06\x00\x00\x00\x19\
Kill Launcher Af\
ter Start\x07\x00\x00\x00\x03ap\
p\x01\x03\x00\x00\x00\x0e\x00D\x00X\x001\x0010\
g\x8dwR\xd5\x08\x00\x00\x00\x00\x06\x00\x00\x00\x10L\
aunch with DX11\x07\
\x00\x00\x00\x03app\x01\x03\x00\x00\x00\x0a0\xe90\
\xf30\xc10\xe30\xfc\x08\x00\x00\x00\x00\x06\x00\x00\x00\
\x08Launcher\x07\x00\x00\x00\x03ap\
p\x01\x03\x00\x00\x00\x08bKR\xd5f\xf4e\xb0\x08\
\x00\x00\x00\x00\x06\x00\x00\x00\x0dManual \
Update\x07\x00\x00\x00\x03app\x01\x03\
\x00\x00\x00\x060\xe10\xe20\xea\x08\x00\x00\x00\x00\x06\
\x00\x00\x00\x06Memory\x07\x00\x00\x00\x03a\
pp\x01\x03\x00\x00\x00\x1c\x8a-[\x9a\x98\x18W\xdf\
0\x92\x96\xa00Y0_0\x810nQ\xe6t\x06\
e\xb9_\x0f\x08\x00\x00\x00\x00\x06\x00\x00\x00'Me\
thod used to obs\
cure configured \
areas\x07\x00\x00\x00\x03app\x01\x03\x00\
\x00\x00,\x95\x890X0\x8bfB0k0\xa60\
\xa30\xf30\xc90\xa60\x920\xb70\xb90\xc60\
\xe00\xc80\xec0\xa40kg\x00\x5c\x0fS\x16\x08\
\x00\x00\x00\x00\x06\x00\x00\x00+Minimiz\
e Window to Syst\
em Tray when Clo\
sing\x07\x00\x00\x00\x03app\x01\x03\x00\x00\
\x00$0\xd00\xc30\xaf0\xb00\xe90\xa60\xf3\
0\xc9fB0k0\xb20\xfc0\xe00\x920\xdf\
0\xe50\xfc0\xc8\x08\x00\x00\x00\x00\x06\x00\x00\x00\x1d\
Mute Game while \
in Background\x07\x00\x00\
\x00\x03app\x01\x03\x00\x00\x00&e\xb00W0\
D0\xd00\xfc0\xb80\xe70\xf3\x00 \x00{\x00\
}\x00 0LR)u(S\xef\x80\xfd0g0\
Y\x08\x00\x00\x00\x00\x06\x00\x00\x00\x18New V\
ersion {} Availa\
ble\x07\x00\x00\x00\x03app\x01\x03\x00\x00\x00\
\x060D0D0H\x08\x00\x00\x00\x00\x06\x00\x00\x00\
\x02No\x07\x00\x00\x00\x03app\x01\x03\x00\x00\x00\
\x040j0W\x08\x00\x00\x00\x00\x06\x00\x00\x00\x04N\
one\x07\x00\x00\x00\x03app\x01\x03\x00\x00\x00\
\x100\xc60\xad0\xb90\xc8\x8a\x8d\x8bX\x90E^\
\xf6\x08\x00\x00\x00\x00\x06\x00\x00\x00\x0bOCR L\
atency\x07\x00\x00\x00\x03app\x01\x03\
\x00\x00\x00\x100\xe90\xf30\xc10\xe30\xfc0\x92\
\x95\x8b0O\x08\x00\x00\x00\x00\x06\x00\x00\x00\x0dOp\
en Launcher\x07\x00\x00\x00\x03\
app\x01\x03\x00\x00\x00(0\xa20\xd70\xea0\
\xe90\xf30\xc10\xe30\xfc0\x92\x95\x8b0D0\
ff\xf4e\xb00\x92{\xa1t\x060W0~0\
Y\x08\x00\x00\x00\x00\x06\x00\x00\x00'Open \
the app launcher\
 to manage updat\
es\x07\x00\x00\x00\x03app\x01\x03\x00\x00\x00\x04\
d\xcdO\x5c\x08\x00\x00\x00\x00\x06\x00\x00\x00\x09Op\
eration\x07\x00\x00\x00\x03app\x01\
\x03\x00\x00\x00$0\xb20\xfc0\xe00L}BN\
\x860W0_0_0\x81N\x00fBP\x5ck\
b0W0~0W0_\x08\x00\x00\x00\x00\x06\x00\
\x00\x00\x1aPaused becaus\
e game exited\x07\x00\x00\
\x00\x03app\x01\x03\x00\x00\x00<0\xb20\xfc0\
\xe00\xa60\xa30\xf30\xc90\xa60Lg\x00\x5c\
\x0fS\x160~0_0ou;\x97bY\x160\
n0_0\x81N\x00fBP\x5ckb0W0\
~0W0_\xff\x01\x08\x00\x00\x00\x00\x06\x00\x00\x00\
9Paused because \
game window is m\
inimized or out \
of screen!\x07\x00\x00\x00\x03a\
pp\x01\x03\x00\x00\x00\x160\xd10\xd50\xa90\xfc\
0\xde0\xf30\xb9\x00 0\xc60\xb90\xc8\x08\x00\
\x00\x00\x00\x06\x00\x00\x00\x10Performa\
nce Test\x07\x00\x00\x00\x03app\
\x01\x03\x00\x00\x00L\x00M\x00u\x00M\x00u\x00P\
\x00l\x00a\x00y\x00e\x00r0n\x8a-[\x9a\
0g0\xd00\xc30\xaf0\xb00\xe90\xa60\xf3\
0\xc90g0nR\xd5O\x5c}\xadc\x010\x92\
0\xaa0\xd50k0W0f0O0`0U\
0D\x08\x00\x00\x00\x00\x06\x00\x00\x00CPlea\
se turn off enab\
le background ke\
ep alive in MuMu\
Player settings\x07\
\x00\x00\x00\x03app\x01\x03\x00\x00\x00\x12Q\xe6t\
\x060\xd50\xec0\xfc0\xe00\xec0\xfc0\xc8\x08\
\x00\x00\x00\x00\x06\x00\x00\x00\x12Process\
 Frame Rate\x07\x00\x00\x00\x03\
app\x01\x03\x00\x00\x00$Q\xe6t\x06n\x080\
\x7f0\xaa0\xfc0\xd00\xfc0\xec0\xa40nf\
\xf4e\xb0\x95\x93\x96\x94\xff\x08y\xd2\xff\x09\x08\x00\x00\
\x00\x00\x06\x00\x00\x00)Seconds b\
etween processed\
 overlay updates\
\x07\x00\x00\x00\x03app\x01\x03\x00\x00\x00\x06[\x89\
[\x9arH\x08\x00\x00\x00\x00\x06\x00\x00\x00\x0eSt\
able Version\x07\x00\x00\x00\
\x03app\x01\x03\x00\x00\x00\x100\xa20\xd70\xea\
\x8dwR\xd5O\x8bY\x16\x00:\x08\x00\x00\x00\x00\x06\
\x00\x00\x00\x14Start App Ex\
ception:\x07\x00\x00\x00\x03app\
\x01\x03\x00\x00\x00\x100\xc00\xa60\xf30\xed0\xfc\
0\xc9\x95\x8bY\xcb\x08\x00\x00\x00\x00\x06\x00\x00\x00\x11\
Start downloadin\
g\x07\x00\x00\x00\x03app\x01\x03\x00\x00\x0000\
\xed0\xb00\xa40\xf3fB0k0\xa20\xd70\
\xea0\xe90\xf30\xc10\xe30\xfc0\x92\x81\xeaR\
\xd5v\x840k\x8dwR\xd50W0~0Y\x08\
\x00\x00\x00\x00\x06\x00\x00\x001Start t\
he launcher auto\
matically when y\
ou sign in\x07\x00\x00\x00\x03a\
pp\x01\x03\x00\x00\x00\x0a\x95\x8bY\xcb\x00/P\x5c\
kb\x08\x00\x00\x00\x00\x06\x00\x00\x00\x0aStar\
t/Stop\x07\x00\x00\x00\x03app\x01\x03\
\x00\x00\x00\x04P\x5ckb\x08\x00\x00\x00\x00\x06\x00\x00\
\x00\x07Stopped\x07\x00\x00\x00\x03ap\
p\x01\x03\x00\x00\x00:0\xbf0\xb90\xaf0Lk\
c^80k[\x9f\x88L0U0\x8c0~0\
W0_0\x020\xb20\xfc0\xe00h0\xa20\
\xd70\xea0\x92}BN\x860W0~0Y\xff\
\x01\x08\x00\x00\x00\x00\x06\x00\x00\x001Succe\
ssfully Executed\
 Task, Exiting G\
ame and App!\x07\x00\x00\x00\
\x03app\x01\x03\x00\x00\x002up0j0\x8b\
\x00 \x00W\x00i\x00n\x00d\x00o\x00w\x00s\
\x00 0\xad0\xe30\xd70\xc10\xe3e\xb9_\x0f\
0\x92R\x070\x8af\xff0H0\x8b\x08\x00\x00\x00\
\x00\x06\x00\x00\x000Switch bet\
ween different W\
indows capture m\
ethods\x07\x00\x00\x00\x03app\x01\x03\
\x00\x00\x000[\xfe\x8ca0\xa60\xa30\xf30\xc9\
0\xa60g0\xa20\xaf0\xc60\xa30\xd6\x00:\
\x00 \x932u;0\x92Q\x8d\x95\x8b0W0~\
0W0_\x08\x00\x00\x00\x00\x06\x00\x00\x00'Ta\
rget window acti\
ve: Recording re\
sumed\x07\x00\x00\x00\x03app\x01\x03\x00\
\x00\x006[\xfe\x8ca0\xa60\xa30\xf30\xc90\
\xa60g\x97^0\xa20\xaf0\xc60\xa30\xd6\x00\
:\x00 \x932u;0\x92N\x00fBP\x5ck\
b0W0~0W0_\x08\x00\x00\x00\x00\x06\x00\
\x00\x00(Target window\
 inactive: Recor\
ding paused\x07\x00\x00\x00\x03\
app\x01\x03\x00\x00\x00\x100\xc60\xad0\xb90\
\xc8\x8a\x8d\x8bX}Pg\x9c\x08\x00\x00\x00\x00\x06\x00\
\x00\x00\x05Texts\x07\x00\x00\x00\x03app\
\x01\x03\x00\x00\x00,s\xfeW(0n0\xd00\xfc\
0\xb80\xe70\xf3\x00{\x00}0of\xf4e\xb0\
0Y0\x8b_\xc5\x89\x810L0B0\x8a0~\
0Y\x08\x00\x00\x00\x00\x06\x00\x00\x00&The \
current version \
{} must be updat\
ed\x07\x00\x00\x00\x03app\x01\x03\x00\x00\x00\x0c\
0\xc80\xea0\xac0\xfc\x95\x93\x96\x94\x08\x00\x00\x00\
\x00\x06\x00\x00\x00\x10Trigger In\
terval\x07\x00\x00\x00\x03app\x01\x03\
\x00\x00\x00\x0af\xf4e\xb0Q\x85[\xb9\x00:\x08\x00\
\x00\x00\x00\x06\x00\x00\x00\x08Updates:\
\x07\x00\x00\x00\x03app\x01\x03\x00\x00\x00\x16\x00D\
\x00i\x00r\x00e\x00c\x00t\x00M\x00L0\x92\
O\x7fu(\x08\x00\x00\x00\x00\x06\x00\x00\x00\x0cUs\
e DirectML\x07\x00\x00\x00\x03a\
pp\x01\x03\x00\x00\x00*0\xd10\xd50\xa90\xfc\
0\xde0\xf30\xb9T\x11N\x0a0n0_0\x81\
0k\x00G\x00P\x00U0\x92O\x7fu(0Y\
0\x8b\x08\x00\x00\x00\x00\x06\x00\x00\x00\x1eUse \
GPU to Improve P\
erformance\x07\x00\x00\x00\x03a\
pp\x01\x03\x00\x00\x00\x0e0\xa60\xa30\xf30\xc9\
0\xa6\x8a-[\x9a\x08\x00\x00\x00\x00\x06\x00\x00\x00\x0d\
Window Config\x07\x00\x00\
\x00\x03app\x01\x03\x00\x00\x00\x1e\x00W\x00i\x00\
n\x00d\x00o\x00w\x00s\x00 0\xad0\xe30\
\xd70\xc10\xe3e\xb9_\x0f\x08\x00\x00\x00\x00\x06\x00\
\x00\x00\x0fWindows Captu\
re\x07\x00\x00\x00\x03app\x01\x03\x00\x00\x00\x04\
0o0D\x08\x00\x00\x00\x00\x06\x00\x00\x00\x03Ye\
s\x07\x00\x00\x00\x03app\x01\x03\x00\x00\x00\x10\x00\
{\x00}\x00 0\xe90\xf30\xc10\xe30\xfc\x08\
\x00\x00\x00\x00\x06\x00\x00\x00\x0b{} Laun\
cher\x07\x00\x00\x00\x03app\x01\
\x00\x00\x00\x99\
\x00\
\x00\x02\xb0x\xda\xf3\xcd\xcc\xcb\xcc\xcd\xacJu*-\
)\xc9\xcfS\xa8\xe6\xe5R\x00\x82\xc2\x82\xa2\xfc\x82\xd4\
\xa2\x92J\xdd\xbc\xfc\xa2\xdc\xc4\x1c\xe7\xfc\x9c\xfc\x22+\
\x85\xa4\x9c\xc4\xe4lk\xecJ\x9c\x80R\xe9E\xf9\xa5\
y)P\xc5%E\x89y\xc5\x05\x89E\xa9y%\x18\
Z2\xf2\xcbR\x8b\xf0\x1a\x0aV\x81afQzR\
\xa2\x86\x81\x8e\x02\x04\x19\x99ib\xe8+(J-.\
NM\xc1k6T\x0d\x01\xd3M\x0d5y\xb9jy\
\xb9@\xd07\xb1b4\x94\x08\x84\x92sN~1\xcd\
\x03\xa8\x16\x00Q\x5c\xe4~\
\x00\x00\x07\xda\
<\
?xml version=\x221.\
0\x22 encoding=\x22UTF\
-8\x22?>\x0d\x0a<!-- Uplo\
aded to: SVG Rep\
o, www.svgrepo.c\
om, Generator: S\
VG Repo Mixer To\
ols -->\x0d\x0a<svg wi\
dth=\x22800px\x22 heig\
ht=\x22800px\x22 viewB\
ox=\x220 -28.5 256 \
256\x22 version=\x221.\
1\x22 xmlns=\x22http:/\
/www.w3.org/2000\
/svg\x22\x0d\x0a     pres\
erveAspectRatio=\
\x22xMidYMid\x22>\x0d\x0a   \
 <g>\x0d\x0a        <p\
ath d=\x22M216.8563\
39,16.5966031 C2\
00.285002,8.8432\
8665 182.566144,\
3.2084988 164.04\
1564,0 C161.7665\
23,4.11318106 15\
9.108624,9.64549\
908 157.276099,1\
4.0464379 C137.5\
83995,11.0849896\
 118.072967,11.0\
849896 98.743016\
3,14.0464379 C96\
.9108417,9.64549\
908 94.1925838,4\
.11318106 91.897\
1895,0 C73.35260\
68,3.2084988 55.\
6133949,8.863991\
17 39.0420583,16\
.6376612 C5.6175\
2293,67.146514 -\
3.4433191,116.40\
0813 1.08711069,\
164.955721 C23.2\
560196,181.51091\
5 44.7403634,191\
.567697 65.86213\
25,198.148576 C7\
1.0772151,190.97\
1126 75.7283628,\
183.341335 79.73\
52139,175.300261\
 C72.104019,172.\
400575 64.794972\
4,168.822202 57.\
8887866,164.6679\
63 C59.7209612,1\
63.310589 61.513\
1304,161.891452 \
63.2445898,160.4\
31257 C105.36741\
,180.133187 151.\
134928,180.13318\
7 192.754523,160\
.431257 C194.506\
336,161.891452 1\
96.298154,163.31\
0589 198.110326,\
164.667963 C191.\
183787,168.84255\
6 183.854737,172\
.420929 176.2235\
42,175.320965 C1\
80.230393,183.34\
1335 184.861538,\
190.991831 190.0\
96624,198.16893 \
C211.238746,191.\
588051 232.74302\
3,181.531619 254\
.911949,164.9557\
21 C260.227747,1\
08.668201 245.83\
1087,59.8662432 \
216.856339,16.59\
66031 Z M85.4738\
752,135.09489 C7\
2.8290281,135.09\
489 62.4592217,1\
23.290155 62.459\
2217,108.914901 \
C62.4592217,94.5\
396472 72.607595\
,82.7145587 85.4\
738752,82.714558\
7 C98.3405064,82\
.7145587 108.709\
962,94.5189427 1\
08.488529,108.91\
4901 C108.508531\
,123.290155 98.3\
405064,135.09489\
 85.4738752,135.\
09489 Z M170.525\
237,135.09489 C1\
57.88039,135.094\
89 147.510584,12\
3.290155 147.510\
584,108.914901 C\
147.510584,94.53\
96472 157.658606\
,82.7145587 170.\
525237,82.714558\
7 C183.391518,82\
.7145587 193.761\
324,94.5189427 1\
93.539891,108.91\
4901 C193.539891\
,123.290155 183.\
391518,135.09489\
 170.525237,135.\
09489 Z\x22 fill=\x22#\
5865F2\x22 fill-rul\
e=\x22nonzero\x22>\x0d\x0a\x0d\x0a\
</path>\x0d\x0a    </g\
>\x0d\x0a</svg>\
\x00\x00\x01m\
S\
tatusBar {\x0d\x0a    \
background-color\
: white;\x0d\x0a    bo\
rder: 1px solid \
rgba(0, 0, 0, 0.\
06);\x0d\x0a    border\
-radius: 7px;\x0d\x0a}\
\x0d\x0a\x0d\x0aQLabel {\x0d\x0a  \
  color: black;\x0d\
\x0a    background-\
color: transpare\
nt;\x0d\x0a    font-fa\
mily: 'Segoe UI'\
, 'Microsoft YaH\
ei', 'PingFang S\
C';\x0d\x0a    border:\
 none;\x0d\x0a}\x0d\x0a\x0d\x0aQLa\
bel#titleLabel {\
\x0d\x0a    font-size:\
 14px;\x0d\x0a}\x0d\x0a\x0d\x0aQLa\
bel#contentLabel\
 {\x0d\x0a    font-siz\
e: 13px ;\x0d\x0a}\
\x00\x00\x01\x5c\
#\
titleLabel {\x0d\x0a  \
  color: black;\x0d\
\x0a    font: 14px \
'Segoe UI', 'Mic\
rosoft YaHei', '\
PingFang SC';\x0d\x0a \
   font-weight: \
bold;\x0d\x0a}\x0d\x0a\x0d\x0a#con\
tentLabel {\x0d\x0a   \
 color: rgb(96, \
96, 96);\x0d\x0a    fo\
nt: 12px 'Segoe \
UI', 'Microsoft \
YaHei', 'PingFan\
g SC';\x0d\x0a}\x0d\x0a\x0d\x0a#vi\
ewTitleLabel {\x0d\x0a\
    color: black\
;\x0d\x0a    font: 20p\
x \x22Segoe UI Semi\
Bold\x22, \x22Microsof\
t YaHei\x22, 'PingF\
ang SC';\x0d\x0a}\
\x00\x00\x02\x02\
<\
?xml version=\x221.\
0\x22 encoding=\x22UTF\
-8\x22 standalone=\x22\
no\x22?>\x0d\x0a<!-- Uplo\
aded to: SVG Rep\
o, www.svgrepo.c\
om, Generator: S\
VG Repo Mixer To\
ols -->\x0d\x0a<svg wi\
dth=\x22800px\x22 heig\
ht=\x22800px\x22 viewB\
ox=\x220 0 24 24\x22 x\
mlns=\x22http://www\
.w3.org/2000/svg\
\x22 version=\x221.1\x22>\
\x0d\x0a <g transform=\
\x22translate(0 -10\
28.4)\x22>\x0d\x0a  <path\
 d=\x22m7 1031.4c-1\
.5355 0-3.0784 0\
.5-4.25 1.7-2.34\
31 2.4-2.2788 6.\
1 0 8.5l9.25 9.8\
 9.25-9.8c2.279-\
2.4 2.343-6.1 0-\
8.5-2.343-2.3-6.\
157-2.3-8.5 0l-0\
.75 0.8-0.75-0.8\
c-1.172-1.2-2.71\
45-1.7-4.25-1.7z\
\x22 fill=\x22#e74c3c\x22\
/>\x0d\x0a </g>\x0d\x0a</svg\
>\
\x00\x00\x03\x14\
<\
svg width=\x2264px\x22\
 height=\x2264px\x22 v\
iewBox=\x220 0 24 2\
4\x22 fill=\x22none\x22 x\
mlns=\x22http://www\
.w3.org/2000/svg\
\x22>\x0d\x0a    <g id=\x22S\
VGRepo_bgCarrier\
\x22 stroke-width=\x22\
0\x22></g>\x0d\x0a    <g \
id=\x22SVGRepo_trac\
erCarrier\x22 strok\
e-linecap=\x22round\
\x22 stroke-linejoi\
n=\x22round\x22></g>\x0d\x0a\
    <g id=\x22SVGRe\
po_iconCarrier\x22>\
\x0d\x0a        <path \
fill-rule=\x22eveno\
dd\x22 clip-rule=\x22e\
venodd\x22\x0d\x0a       \
       d=\x22M12 22\
C17.5228 22 22 1\
7.5228 22 12C22 \
6.47715 17.5228 \
2 12 2C6.47715 2\
 2 6.47715 2 12C\
2 17.5228 6.4771\
5 22 12 22ZM8.58\
579 8.58579C8 9.\
17157 8 10.1144 \
8 12C8 13.8856 8\
 14.8284 8.58579\
 15.4142C9.17157\
 16 10.1144 16 1\
2 16C13.8856 16 \
14.8284 16 15.41\
42 15.4142C16 14\
.8284 16 13.8856\
 16 12C16 10.114\
4 16 9.17157 15.\
4142 8.58579C14.\
8284 8 13.8856 8\
 12 8C10.1144 8 \
9.17157 8 8.5857\
9 8.58579Z\x22\x0d\x0a   \
           fill=\
\x22#000000\x22></path\
>\x0d\x0a    </g>\x0d\x0a</s\
vg>\
\x00\x00\x06C\
T\
ab,\x0aToolBar,\x0aRou\
ndCornerContaine\
r,\x0a#view {\x0d\x0a    \
background-color\
: transparent;\x0d\x0a\
}\x0d\x0a\x0d\x0aQScrollArea\
 {\x0d\x0a    border: \
none;\x0d\x0a}\x0d\x0a\x0d\x0aTool\
Bar > StrongBody\
Label {\x0d\x0a    col\
or: black;\x0d\x0a}\x0d\x0a\x0d\
\x0aToolBar > Capti\
onLabel {\x0d\x0a    c\
olor: rgb(95, 95\
, 95);\x0d\x0a}\x0d\x0a\x0d\x0aCar\
d {\x0d\x0a    backgro\
und-color: trans\
parent;\x0d\x0a}\x0d\x0a\x0d\x0aTi\
tleLabel,\x0d\x0aStron\
gBodyLabel {\x0d\x0a  \
  color: black;\x0d\
\x0a}\x0d\x0a\x0d\x0aCard > #ca\
rd {\x0a    border:\
 1px solid rgba(\
0, 0, 0, 0.08);\x0a\
    border-radiu\
s: 12px;\x0a    bac\
kground-color: r\
gba(255, 255, 25\
5, 0.62);\x0a}\x0a\x0d\x0aCa\
rd > #card:hover\
 {\x0d\x0a    backgrou\
nd-color: rgba(2\
55, 255, 255, 0.\
76);\x0a    border:\
 1px solid rgba(\
0, 0, 0, 0.12);\x0d\
\x0a}\x0d\x0a\x0d\x0aCard > #ca\
rd QLabel {\x0d\x0a   \
 font: 14px 'Seg\
oe UI', 'Microso\
ft YaHei', 'Ping\
Fang SC';\x0d\x0a    c\
olor: black;\x0d\x0a}\x0d\
\x0a\x0d\x0aCard> #card I\
nfoBadge {\x0d\x0a    \
font-size: 11px;\
\x0d\x0a}\x0d\x0a\x0d\x0a#sourceWi\
dget {\x0d\x0a    back\
ground-color: rg\
ba(255, 255, 255\
, 0.667);\x0d\x0a    b\
order-top: 1px s\
olid rgba(0, 0, \
0, 0.05);\x0d\x0a    b\
order-bottom-lef\
t-radius: 10px;\x0d\
\x0a    border-bott\
om-right-radius:\
 10px;\x0d\x0a}\x0d\x0a\x0d\x0a#ti\
tleLabel {\x0d\x0a    \
color: black;\x0d\x0a \
   font: 14px 'S\
egoe UI', 'Micro\
soft YaHei', 'Pi\
ngFang SC';\x0d\x0a   \
 font-weight: bo\
ld;\x0d\x0a}\x0d\x0a\x0d\x0a#conte\
ntLabel {\x0d\x0a    c\
olor: rgb(118, 1\
18, 118);\x0d\x0a    f\
ont: 12px 'Segoe\
 UI', 'Microsoft\
 YaHei', 'PingFa\
ng SC';\x0d\x0a}\x0d\x0a\x0d\x0a#v\
iewTitleLabel {\x0a\
    color: black\
;\x0a    font: 24px\
 \x22Segoe UI SemiB\
old\x22, \x22Microsoft\
 YaHei\x22, 'PingFa\
ng SC';\x0a}\x0a\x0a#conf\
igContentFrame {\
\x0a    border: 1px\
 solid rgba(0, 0\
, 0, 0.08);\x0a    \
border-radius: 1\
2px;\x0a    backgro\
und-color: rgba(\
255, 255, 255, 0\
.62);\x0a}\x0a\x0a#config\
Row {\x0a    backgr\
ound-color: tran\
sparent;\x0a    bor\
der-bottom: 1px \
solid rgba(0, 0,\
 0, 0.055);\x0a}\x0a\x0a#\
configRow:last-c\
hild {\x0a    borde\
r-bottom: none;\x0a\
}\x0a\
\x00\x00\x00\xba\
\x00\
\x00\x02\xfdx\xda\xed\x90=\x0b\xc20\x10\x86\xf7B\xff\
CF\x0b:(\xd4A\xc1\xa1]\xed \xfa\x07\xae\xcd\
\xd1\x06\xd3$^R?\xe9\x7fWK\x05\xa5Rtp\
\xf3\x0enz\xde{\xe0M\x84\x12\xa58cT9\xa7\
\x15\xbb\xf8\x1e\xbb\xcd\xce\x906H\xee4R\x9aJ\x90\
\xb1\x96\x9af\xecP\x08\x87\xf3\xf7H\x04\xd96']\
)\xde\xc2\x8e@Y\x03\x84\xcau\x22\x85\xde#\xf5>\
m\x88\xceO\xcaS\x18L\xc2p\xc8\x9e\xce4\xe8\xa4\
\x0d\xa1\xb5\xc8{\x0d-\xf3\x91#\x1c\x07\xbeW\xfb\xde\
}\x138\xfe\x1b\xfb\xa2\xb1Xj\xfb\xf3\xb2\x1a\xd3\xda\
\x81\xe2@|#\x9c\xc4\x08\x88-\xd8j\x09)\xca\x87\
7{\xf5\xd4WF\xef\xfaJ\
\x00\x00\x07\xda\
<\
?xml version=\x221.\
0\x22 encoding=\x22UTF\
-8\x22?>\x0d\x0a<!-- Uplo\
aded to: SVG Rep\
o, www.svgrepo.c\
om, Generator: S\
VG Repo Mixer To\
ols -->\x0d\x0a<svg wi\
dth=\x22800px\x22 heig\
ht=\x22800px\x22 viewB\
ox=\x220 -28.5 256 \
256\x22 version=\x221.\
1\x22 xmlns=\x22http:/\
/www.w3.org/2000\
/svg\x22\x0d\x0a     pres\
erveAspectRatio=\
\x22xMidYMid\x22>\x0d\x0a   \
 <g>\x0d\x0a        <p\
ath d=\x22M216.8563\
39,16.5966031 C2\
00.285002,8.8432\
8665 182.566144,\
3.2084988 164.04\
1564,0 C161.7665\
23,4.11318106 15\
9.108624,9.64549\
908 157.276099,1\
4.0464379 C137.5\
83995,11.0849896\
 118.072967,11.0\
849896 98.743016\
3,14.0464379 C96\
.9108417,9.64549\
908 94.1925838,4\
.11318106 91.897\
1895,0 C73.35260\
68,3.2084988 55.\
6133949,8.863991\
17 39.0420583,16\
.6376612 C5.6175\
2293,67.146514 -\
3.4433191,116.40\
0813 1.08711069,\
164.955721 C23.2\
560196,181.51091\
5 44.7403634,191\
.567697 65.86213\
25,198.148576 C7\
1.0772151,190.97\
1126 75.7283628,\
183.341335 79.73\
52139,175.300261\
 C72.104019,172.\
400575 64.794972\
4,168.822202 57.\
8887866,164.6679\
63 C59.7209612,1\
63.310589 61.513\
1304,161.891452 \
63.2445898,160.4\
31257 C105.36741\
,180.133187 151.\
134928,180.13318\
7 192.754523,160\
.431257 C194.506\
336,161.891452 1\
96.298154,163.31\
0589 198.110326,\
164.667963 C191.\
183787,168.84255\
6 183.854737,172\
.420929 176.2235\
42,175.320965 C1\
80.230393,183.34\
1335 184.861538,\
190.991831 190.0\
96624,198.16893 \
C211.238746,191.\
588051 232.74302\
3,181.531619 254\
.911949,164.9557\
21 C260.227747,1\
08.668201 245.83\
1087,59.8662432 \
216.856339,16.59\
66031 Z M85.4738\
752,135.09489 C7\
2.8290281,135.09\
489 62.4592217,1\
23.290155 62.459\
2217,108.914901 \
C62.4592217,94.5\
396472 72.607595\
,82.7145587 85.4\
738752,82.714558\
7 C98.3405064,82\
.7145587 108.709\
962,94.5189427 1\
08.488529,108.91\
4901 C108.508531\
,123.290155 98.3\
405064,135.09489\
 85.4738752,135.\
09489 Z M170.525\
237,135.09489 C1\
57.88039,135.094\
89 147.510584,12\
3.290155 147.510\
584,108.914901 C\
147.510584,94.53\
96472 157.658606\
,82.7145587 170.\
525237,82.714558\
7 C183.391518,82\
.7145587 193.761\
324,94.5189427 1\
93.539891,108.91\
4901 C193.539891\
,123.290155 183.\
391518,135.09489\
 170.525237,135.\
09489 Z\x22 fill=\x22#\
5865F2\x22 fill-rul\
e=\x22nonzero\x22>\x0d\x0a\x0d\x0a\
</path>\x0d\x0a    </g\
>\x0d\x0a</svg>\
\x00\x00\x01\xfa\
S\
tatusBar {\x0d\x0a    \
background-color\
: --ThemeColorDa\
rk1;\x0d\x0a    border\
: none;\x0d\x0a    bor\
der-radius: 7px;\
\x0d\x0a}\x0d\x0a\x0d\x0aQLabel {\x0d\
\x0a    color: blac\
k;\x0d\x0a    backgrou\
nd-color: transp\
arent;\x0d\x0a    font\
-family: 'Segoe \
UI', 'Microsoft \
YaHei', 'PingFan\
g SC';\x0d\x0a    bord\
er: none;\x0d\x0a}\x0d\x0a\x0d\x0a\
QLabel#titleLabe\
l {\x0d\x0a    color: \
white;\x0d\x0a    font\
: 14px 'Segoe UI\
', 'Microsoft Ya\
Hei', 'PingFang \
SC';\x0d\x0a    font-w\
eight: bold;\x0d\x0a}\x0d\
\x0a\x0d\x0aQLabel#conten\
tLabel {\x0d\x0a    co\
lor: rgb(208, 20\
8, 208);\x0d\x0a    fo\
nt: 12px 'Segoe \
UI', 'Microsoft \
YaHei', 'PingFan\
g SC';\x0d\x0a}\
\x00\x00\x01c\
#\
titleLabel {\x0d\x0a  \
  color: white;\x0d\
\x0a    font: 14px \
'Segoe UI', 'Mic\
rosoft YaHei', '\
PingFang SC';\x0d\x0a \
   font-weight: \
bold;\x0d\x0a}\x0d\x0a\x0d\x0a#con\
tentLabel {\x0d\x0a   \
 color: rgb(208,\
 208, 208);\x0d\x0a   \
 font: 12px 'Seg\
oe UI', 'Microso\
ft YaHei', 'Ping\
Fang SC';\x0d\x0a}\x0d\x0a\x0d\x0a\
#viewTitleLabel \
{\x0d\x0a    color: wh\
ite;\x0d\x0a    font: \
20px \x22Segoe UI S\
emiBold\x22, \x22Micro\
soft YaHei\x22, 'Pi\
ngFang SC';\x0d\x0a}\x0d\x0a\
\x0d\x0a\
\x00\x00\x03\x14\
<\
svg width=\x2264px\x22\
 height=\x2264px\x22 v\
iewBox=\x220 0 24 2\
4\x22 fill=\x22none\x22 x\
mlns=\x22http://www\
.w3.org/2000/svg\
\x22>\x0d\x0a    <g id=\x22S\
VGRepo_bgCarrier\
\x22 stroke-width=\x22\
0\x22></g>\x0d\x0a    <g \
id=\x22SVGRepo_trac\
erCarrier\x22 strok\
e-linecap=\x22round\
\x22 stroke-linejoi\
n=\x22round\x22></g>\x0d\x0a\
    <g id=\x22SVGRe\
po_iconCarrier\x22>\
\x0d\x0a        <path \
fill-rule=\x22eveno\
dd\x22 clip-rule=\x22e\
venodd\x22\x0d\x0a       \
       d=\x22M12 22\
C17.5228 22 22 1\
7.5228 22 12C22 \
6.47715 17.5228 \
2 12 2C6.47715 2\
 2 6.47715 2 12C\
2 17.5228 6.4771\
5 22 12 22ZM8.58\
579 8.58579C8 9.\
17157 8 10.1144 \
8 12C8 13.8856 8\
 14.8284 8.58579\
 15.4142C9.17157\
 16 10.1144 16 1\
2 16C13.8856 16 \
14.8284 16 15.41\
42 15.4142C16 14\
.8284 16 13.8856\
 16 12C16 10.114\
4 16 9.17157 15.\
4142 8.58579C14.\
8284 8 13.8856 8\
 12 8C10.1144 8 \
9.17157 8 8.5857\
9 8.58579Z\x22\x0d\x0a   \
           fill=\
\x22#ffffff\x22></path\
>\x0d\x0a    </g>\x0d\x0a</s\
vg>\
\x00\x00\x02\x02\
<\
?xml version=\x221.\
0\x22 encoding=\x22UTF\
-8\x22 standalone=\x22\
no\x22?>\x0d\x0a<!-- Uplo\
aded to: SVG Rep\
o, www.svgrepo.c\
om, Generator: S\
VG Repo Mixer To\
ols -->\x0d\x0a<svg wi\
dth=\x22800px\x22 heig\
ht=\x22800px\x22 viewB\
ox=\x220 0 24 24\x22 x\
mlns=\x22http://www\
.w3.org/2000/svg\
\x22 version=\x221.1\x22>\
\x0d\x0a <g transform=\
\x22translate(0 -10\
28.4)\x22>\x0d\x0a  <path\
 d=\x22m7 1031.4c-1\
.5355 0-3.0784 0\
.5-4.25 1.7-2.34\
31 2.4-2.2788 6.\
1 0 8.5l9.25 9.8\
 9.25-9.8c2.279-\
2.4 2.343-6.1 0-\
8.5-2.343-2.3-6.\
157-2.3-8.5 0l-0\
.75 0.8-0.75-0.8\
c-1.172-1.2-2.71\
45-1.7-4.25-1.7z\
\x22 fill=\x22#e74c3c\x22\
/>\x0d\x0a </g>\x0d\x0a</svg\
>\
\x00\x00\x06\xaf\
T\
ab,\x0aToolBar,\x0aRou\
ndCornerContaine\
r,\x0a#view {\x0d\x0a    \
background-color\
: transparent;\x0d\x0a\
}\x0d\x0a\x0d\x0aQScrollArea\
 {\x0d\x0a    border: \
none;\x0d\x0a}\x0d\x0a\x0d\x0a\x0d\x0aTo\
olBar>CaptionLab\
el {\x0d\x0a    color:\
 white;\x0d\x0a}\x0d\x0a\x0d\x0aCa\
rd {\x0d\x0a    backgr\
ound-color: tran\
sparent;\x0d\x0a    co\
lor: white;\x0d\x0a}\x0d\x0a\
\x0d\x0aTitleLabel,\x0d\x0aS\
trongBodyLabel {\
\x0d\x0a    color: whi\
te;\x0d\x0a}\x0d\x0a\x0d\x0aCard>#\
card {\x0a    borde\
r: 1px solid rgb\
a(255, 255, 255,\
 0.09);\x0a    bord\
er-radius: 12px;\
\x0a    background-\
color: rgba(255,\
 255, 255, 0.045\
);\x0a}\x0a\x0aCard>#card\
:hover {\x0a    bac\
kground-color: r\
gba(255, 255, 25\
5, 0.055);\x0a    b\
order: 1px solid\
 rgba(255, 255, \
255, 0.11);\x0a}\x0d\x0a\x0d\
\x0aCard>#card QLab\
el {\x0d\x0a    font: \
14px 'Segoe UI',\
 'Microsoft YaHe\
i', 'PingFang SC\
';\x0d\x0a    color: w\
hite;\x0d\x0a}\x0d\x0a\x0d\x0aCard\
>#card InfoBadge\
 {\x0d\x0a    font-siz\
e: 11px;\x0d\x0a}\x0d\x0a\x0d\x0aE\
mptyCard>#card {\
\x0d\x0a    border: 1p\
x solid rgb(36, \
36, 36);\x0d\x0a    bo\
rder-radius: 10p\
x;\x0d\x0a    backgrou\
nd-color: rgba(0\
, 0, 0, 0.1795);\
\x0d\x0a}\x0d\x0a\x0d\x0a\x0d\x0a\x0d\x0a#sour\
ceWidget {\x0d\x0a    \
background-color\
: rgba(255, 255,\
 255, 0.09);\x0d\x0a  \
  border-top: 1p\
x solid rgb(36, \
36, 36);\x0d\x0a    bo\
rder-bottom-left\
-radius: 10px;\x0d\x0a\
    border-botto\
m-right-radius: \
10px;\x0d\x0a}\x0d\x0a\x0d\x0a#tit\
leLabel {\x0d\x0a    c\
olor: white;\x0d\x0a  \
  font: 14px 'Se\
goe UI', 'Micros\
oft YaHei', 'Pin\
gFang SC';\x0d\x0a    \
font-weight: bol\
d;\x0d\x0a}\x0d\x0a\x0d\x0a#conten\
tLabel {\x0d\x0a    co\
lor: rgb(208, 20\
8, 208);\x0d\x0a    fo\
nt: 12px 'Segoe \
UI', 'Microsoft \
YaHei', 'PingFan\
g SC';\x0d\x0a}\x0d\x0a\x0d\x0a#vi\
ewTitleLabel {\x0a \
   color: white;\
\x0a    font: 24px \
\x22Segoe UI SemiBo\
ld\x22, \x22Microsoft \
YaHei\x22, 'PingFan\
g SC';\x0a}\x0a\x0a#confi\
gContentFrame {\x0a\
    border: 1px \
solid rgba(255, \
255, 255, 0.09);\
\x0a    border-radi\
us: 12px;\x0a    ba\
ckground-color: \
rgba(255, 255, 2\
55, 0.045);\x0a}\x0a\x0a#\
configRow {\x0a    \
background-color\
: transparent;\x0a \
   border-bottom\
: 1px solid rgba\
(255, 255, 255, \
0.055);\x0a}\x0a\x0a#conf\
igRow:last-child\
 {\x0a    border-bo\
ttom: none;\x0a}\x0a\
"

qt_resource_name = b"\
\x00\x03\
\x00\x00x\xa3\
\x00q\
\x00s\x00s\
\x00\x04\
\x00\x06\xc4\xee\
\x00i\
\x001\x008\x00n\
\x00\x08\
\x09:h\xfd\
\x00e\
\x00s\x00_\x00E\x00S\x00.\x00q\x00m\
\x00\x08\
\x0eI\xb5}\
\x00z\
\x00h\x00_\x00T\x00W\x00.\x00q\x00m\
\x00\x08\
\x05@[=\
\x00k\
\x00o\x00_\x00K\x00R\x00.\x00q\x00m\
\x00\x08\
\x0e8\x05}\
\x00z\
\x00h\x00_\x00C\x00N\x00.\x00q\x00m\
\x00\x08\
\x07?;}\
\x00j\
\x00a\x00_\x00J\x00P\x00.\x00q\x00m\
\x00\x04\
\x00\x06\xa8\x8b\
\x00d\
\x00a\x00r\x00k\
\x00\x05\
\x00r\xfd\xf4\
\x00l\
\x00i\x00g\x00h\x00t\
\x00\x12\
\x0c\xf9E\xe3\
\x00m\
\x00e\x00s\x00s\x00a\x00g\x00e\x00_\x00w\x00i\x00n\x00d\x00o\x00w\x00.\x00q\x00s\
\x00s\
\x00\x0b\
\x06QI\x87\
\x00d\
\x00i\x00s\x00c\x00o\x00r\x00d\x00.\x00s\x00v\x00g\
\x00\x0e\
\x0d\x92\xd4\xa3\
\x00s\
\x00t\x00a\x00t\x00u\x00s\x00_\x00b\x00a\x00r\x00.\x00q\x00s\x00s\
\x00\x08\
\x08\x87U\x83\
\x00c\
\x00a\x00r\x00d\x00.\x00q\x00s\x00s\
\x00\x09\
\x08\x97\x87\xa7\
\x00h\
\x00e\x00a\x00r\x00t\x00.\x00s\x00v\x00g\
\x00\x08\
\x0bcU\x87\
\x00s\
\x00t\x00o\x00p\x00.\x00s\x00v\x00g\
\x00\x07\
\x0auXC\
\x00t\
\x00a\x00b\x00.\x00q\x00s\x00s\
"

qt_resource_struct = b"\
\x00\x00\x00\x00\x00\x02\x00\x00\x00\x02\x00\x00\x00\x01\
\x00\x00\x00\x00\x00\x00\x00\x00\
\x00\x00\x00\x00\x00\x02\x00\x00\x00\x02\x00\x00\x00\x08\
\x00\x00\x00\x00\x00\x00\x00\x00\
\x00\x00\x00\x0c\x00\x02\x00\x00\x00\x05\x00\x00\x00\x03\
\x00\x00\x00\x00\x00\x00\x00\x00\
\x00\x00\x00F\x00\x00\x00\x00\x00\x01\x00\x01\x01B\
\x00\x00\x01\x9f\xc8\x12V:\
\x00\x00\x00r\x00\x00\x00\x00\x00\x01\x00\x02z\xce\
\x00\x00\x01\x9f\xc8\x12UQ\
\x00\x00\x00\x1a\x00\x01\x00\x00\x00\x01\x00\x00\x00\x00\
\x00\x00\x01\x9f\xc8\x12W(\
\x00\x00\x00\x5c\x00\x00\x00\x00\x00\x01\x00\x01\xc6\xcc\
\x00\x00\x01\x9f\xc8\x12S\xc5\
\x00\x00\x000\x00\x00\x00\x00\x00\x01\x00\x00L\x9e\
\x00\x00\x01\x9f\xc8\x12T\x89\
\x00\x00\x00\x88\x00\x02\x00\x00\x00\x07\x00\x00\x00\x11\
\x00\x00\x00\x00\x00\x00\x00\x00\
\x00\x00\x00\x96\x00\x02\x00\x00\x00\x07\x00\x00\x00\x0a\
\x00\x00\x00\x00\x00\x00\x00\x00\
\x00\x00\x00\xd0\x00\x00\x00\x00\x00\x01\x00\x03C\x9d\
\x00\x00\x01\x9d\x973\xc5r\
\x00\x00\x01\x0e\x00\x00\x00\x00\x00\x01\x00\x03L\xec\
\x00\x00\x01\x9c\x95\xa5\x05\x90\
\x00\x00\x01$\x00\x00\x00\x00\x00\x01\x00\x03NL\
\x00\x00\x01\x9d\x973\xc5s\
\x00\x00\x01R\x00\x00\x00\x00\x00\x01\x00\x03Sj\
\x00\x00\x01\x9f\x88Q\xa8\xbe\
\x00\x00\x01<\x00\x00\x00\x00\x00\x01\x00\x03PR\
\x00\x00\x01\x8f\x05B\xff\xa0\
\x00\x00\x00\xa6\x00\x01\x00\x00\x00\x01\x00\x03C\x00\
\x00\x00\x01\x8f\xc2y\xee\xd0\
\x00\x00\x00\xec\x00\x00\x00\x00\x00\x01\x00\x03K{\
\x00\x00\x01\x9c\x95\xa5\x05\x90\
\x00\x00\x00\xd0\x00\x00\x00\x00\x00\x01\x00\x03Zo\
\x00\x00\x01\x9d\x973\xc5o\
\x00\x00\x01\x0e\x00\x00\x00\x00\x00\x01\x00\x03dK\
\x00\x00\x01\x8e\xf7\x00\xd2P\
\x00\x00\x01$\x00\x00\x00\x00\x00\x01\x00\x03h\xca\
\x00\x00\x01\x9d\x973\xc5r\
\x00\x00\x01R\x00\x00\x00\x00\x00\x01\x00\x03j\xd0\
\x00\x00\x01\x9f\x88Q\xa8\xbd\
\x00\x00\x01<\x00\x00\x00\x00\x00\x01\x00\x03e\xb2\
\x00\x00\x01\x8f\x05B\x8ap\
\x00\x00\x00\xa6\x00\x01\x00\x00\x00\x01\x00\x03Y\xb1\
\x00\x00\x01\x8f\xc2y\xc7\xc0\
\x00\x00\x00\xec\x00\x00\x00\x00\x00\x01\x00\x03bM\
\x00\x00\x01\x95\x95\xe22\x00\
"

def qInitResources():
    QtCore.qRegisterResourceData(0x03, qt_resource_struct, qt_resource_name, qt_resource_data)

def qCleanupResources():
    QtCore.qUnregisterResourceData(0x03, qt_resource_struct, qt_resource_name, qt_resource_data)

qInitResources()
